"../../../Engine/Plugins/2D/Paper2D/Content/PlaceholderTextures/DummySpriteTexture.ubulk" 0
"../../../Engine/Plugins/2D/Paper2D/Content/PlaceholderTextures/DummySpriteTexture.uasset" 1
"../../../Engine/Plugins/2D/Paper2D/Content/PlaceholderTextures/DummySpriteTexture.uexp" 2
"../../../Engine/Plugins/2D/Paper2D/Content/DummySprite.uasset" 3
"../../../Engine/Plugins/2D/Paper2D/Content/DummySprite.uexp" 4
"../../../Engine/Plugins/2D/Paper2D/Content/DefaultPaperTerrainMaterial.uasset" 5
"../../../Engine/Plugins/2D/Paper2D/Content/DefaultPaperTerrainMaterial.uexp" 6
"../../../Engine/Plugins/Animation/ACLPlugin/Content/ACLAnimCurveCompressionSettings.uasset" 7
"../../../Engine/Plugins/Animation/ACLPlugin/Content/ACLAnimCurveCompressionSettings.uexp" 8
"../../../Engine/Plugins/Animation/ACLPlugin/Content/ACLAnimBoneCompressionSettings.uasset" 9
"../../../Engine/Plugins/Animation/ACLPlugin/Content/ACLAnimBoneCompressionSettings.uexp" 10
"../../../Engine/Content/Animation/DefaultVariableFrameStrippingSettings.uasset" 11
"../../../Engine/Content/Animation/DefaultVariableFrameStrippingSettings.uexp" 12
"../../../Engine/Content/Animation/DefaultRecorderBoneCompression.uasset" 13
"../../../Engine/Content/Animation/DefaultRecorderBoneCompression.uexp" 14
"../../../Engine/Content/EngineFonts/Faces/DroidSansFallback.uexp" 15
"../../../Engine/Content/EngineFonts/Faces/DroidSansFallback.uasset" 16
"../../../Engine/Content/EngineFonts/Faces/DroidSansFallback.ufont" 17
"../../../Engine/Content/EngineFonts/Faces/RobotoBold.uexp" 18
"../../../Engine/Content/EngineFonts/Faces/RobotoBold.uasset" 19
"../../../Engine/Content/EngineFonts/Faces/RobotoBold.ufont" 20
"../../../Engine/Content/EngineFonts/Faces/RobotoBoldItalic.uexp" 21
"../../../Engine/Content/EngineFonts/Faces/RobotoBoldItalic.uasset" 22
"../../../Engine/Content/EngineFonts/Faces/RobotoBoldItalic.ufont" 23
"../../../Engine/Content/EngineFonts/Faces/RobotoItalic.uexp" 24
"../../../Engine/Content/EngineFonts/Faces/RobotoItalic.uasset" 25
"../../../Engine/Content/EngineFonts/Faces/RobotoItalic.ufont" 26
"../../../Engine/Content/EngineFonts/Faces/RobotoLight.uexp" 27
"../../../Engine/Content/EngineFonts/Faces/RobotoLight.uasset" 28
"../../../Engine/Content/EngineFonts/Faces/RobotoLight.ufont" 29
"../../../Engine/Content/EngineFonts/Faces/RobotoRegular.uexp" 30
"../../../Engine/Content/EngineFonts/Faces/RobotoRegular.uasset" 31
"../../../Engine/Content/EngineFonts/Faces/RobotoRegular.ufont" 32
"../../../Engine/Content/EngineFonts/Roboto.uasset" 33
"../../../Engine/Content/EngineFonts/Roboto.uexp" 34
"../../../Engine/Content/EngineFonts/Faces/DroidSansMono.uexp" 35
"../../../Engine/Content/EngineFonts/Faces/DroidSansMono.uasset" 36
"../../../Engine/Content/EngineFonts/Faces/DroidSansMono.ufont" 37
"../../../Engine/Content/EngineFonts/DroidSansMono.uasset" 38
"../../../Engine/Content/EngineFonts/DroidSansMono.uexp" 39
"../../../Engine/Plugins/Animation/ControlRig/Content/Controls/DefaultGizmoLibraryNormalized.uasset" 40
"../../../Engine/Plugins/Animation/ControlRig/Content/Controls/DefaultGizmoLibraryNormalized.uexp" 41
"../../../Engine/Content/EngineSounds/Master.uasset" 42
"../../../Engine/Content/EngineSounds/Master.uexp" 43
"../../../Engine/Content/EngineMaterials/DefaultPhysicalMaterial.uasset" 44
"../../../Engine/Content/EngineMaterials/DefaultPhysicalMaterial.uexp" 45
"../../../Engine/Content/EngineMaterials/DefaultDestructiblePhysicalMaterial.uasset" 46
"../../../Engine/Content/EngineMaterials/DefaultDestructiblePhysicalMaterial.uexp" 47
"../../../Engine/Plugins/Interchange/Runtime/Content/Pipelines/DefaultTexturePipeline.uasset" 48
"../../../Engine/Plugins/Interchange/Runtime/Content/Pipelines/DefaultTexturePipeline.uexp" 49
"../../../Engine/Plugins/Interchange/Runtime/Content/Pipelines/DefaultSceneLevelPipeline.uasset" 50
"../../../Engine/Plugins/Interchange/Runtime/Content/Pipelines/DefaultSceneLevelPipeline.uexp" 51
"../../../Engine/Plugins/Interchange/Runtime/Content/Pipelines/DefaultSceneAssetsPipeline.uasset" 52
"../../../Engine/Plugins/Interchange/Runtime/Content/Pipelines/DefaultSceneAssetsPipeline.uexp" 53
"../../../Engine/Plugins/Interchange/Runtime/Content/Pipelines/DefaultMaterialXPipeline.uasset" 54
"../../../Engine/Plugins/Interchange/Runtime/Content/Pipelines/DefaultMaterialXPipeline.uexp" 55
"../../../Engine/Plugins/Interchange/Runtime/Content/Pipelines/DefaultMaterialPipeline.uasset" 56
"../../../Engine/Plugins/Interchange/Runtime/Content/Pipelines/DefaultMaterialPipeline.uexp" 57
"../../../Engine/Plugins/Interchange/Runtime/Content/Pipelines/DefaultGLTFSceneAssetsPipeline.uasset" 58
"../../../Engine/Plugins/Interchange/Runtime/Content/Pipelines/DefaultGLTFSceneAssetsPipeline.uexp" 59
"../../../Engine/Plugins/Interchange/Runtime/Content/Pipelines/DefaultGLTFPipeline.uasset" 60
"../../../Engine/Plugins/Interchange/Runtime/Content/Pipelines/DefaultGLTFPipeline.uexp" 61
"../../../Engine/Plugins/Interchange/Runtime/Content/Pipelines/DefaultGLTFAssetsPipeline.uasset" 62
"../../../Engine/Plugins/Interchange/Runtime/Content/Pipelines/DefaultGLTFAssetsPipeline.uexp" 63
"../../../Engine/Plugins/Interchange/Runtime/Content/Pipelines/DefaultAssetsPipeline.uasset" 64
"../../../Engine/Plugins/Interchange/Runtime/Content/Pipelines/DefaultAssetsPipeline.uexp" 65
"../../../Engine/Content/MobileResources/HUD/VirtualJoystick_Thumb.uasset" 66
"../../../Engine/Content/MobileResources/HUD/VirtualJoystick_Thumb.uexp" 67
"../../../Engine/Content/MobileResources/HUD/VirtualJoystick_Background.uasset" 68
"../../../Engine/Content/MobileResources/HUD/VirtualJoystick_Background.uexp" 69
"../../../Engine/Content/MobileResources/HUD/DefaultVirtualJoysticks.uasset" 70
"../../../Engine/Content/MobileResources/HUD/DefaultVirtualJoysticks.uexp" 71
"../../../Engine/Content/EngineResources/GradientTexture0.uasset" 72
"../../../Engine/Content/EngineResources/GradientTexture0.uexp" 73
"../../../Engine/Content/EngineResources/Black.uasset" 74
"../../../Engine/Content/EngineResources/Black.uexp" 75
"../../../Engine/Content/EditorResources/S_Actor.ubulk" 76
"../../../Engine/Content/EditorResources/S_Actor.uasset" 77
"../../../Engine/Content/EditorResources/S_Actor.uexp" 78
"../../../Engine/Plugins/NNE/NNEDenoiser/Content/NNEDTOM_Output_Default.uasset" 79
"../../../Engine/Plugins/NNE/NNEDenoiser/Content/NNEDTOM_Output_Default.uexp" 80
"../../../Engine/Plugins/NNE/NNEDenoiser/Content/NNEDTOM_Output_Alpha.uasset" 81
"../../../Engine/Plugins/NNE/NNEDenoiser/Content/NNEDTOM_Output_Alpha.uexp" 82
"../../../Engine/Plugins/NNE/NNEDenoiser/Content/NNEDTIM_ColorAlbedoNormal_Default.uasset" 83
"../../../Engine/Plugins/NNE/NNEDenoiser/Content/NNEDTIM_ColorAlbedoNormal_Default.uexp" 84
"../../../Engine/Plugins/NNE/NNEDenoiser/Content/NNEDTIM_ColorAlbedoNormal_Alpha.uasset" 85
"../../../Engine/Plugins/NNE/NNEDenoiser/Content/NNEDTIM_ColorAlbedoNormal_Alpha.uexp" 86
"../../../Engine/Plugins/NNE/NNEDenoiser/Content/NNEDOM_Output_Default.uasset" 87
"../../../Engine/Plugins/NNE/NNEDenoiser/Content/NNEDOM_Output_Default.uexp" 88
"../../../Engine/Plugins/NNE/NNEDenoiser/Content/NNEDOM_Output_Alpha.uasset" 89
"../../../Engine/Plugins/NNE/NNEDenoiser/Content/NNEDOM_Output_Alpha.uexp" 90
"../../../Engine/Plugins/NNE/NNEDenoiser/Content/NNEDIM_HighQuality_Default.uasset" 91
"../../../Engine/Plugins/NNE/NNEDenoiser/Content/NNEDIM_HighQuality_Default.uexp" 92
"../../../Engine/Plugins/NNE/NNEDenoiser/Content/NNEDIM_HighQuality_Alpha.uasset" 93
"../../../Engine/Plugins/NNE/NNEDenoiser/Content/NNEDIM_HighQuality_Alpha.uexp" 94
"../../../Engine/Plugins/NNE/NNEDenoiser/Content/NNEDIM_ColorAlbedoNormal_Default.uasset" 95
"../../../Engine/Plugins/NNE/NNEDenoiser/Content/NNEDIM_ColorAlbedoNormal_Default.uexp" 96
"../../../Engine/Plugins/NNE/NNEDenoiser/Content/NNEDIM_ColorAlbedoNormal_Alpha.uasset" 97
"../../../Engine/Plugins/NNE/NNEDenoiser/Content/NNEDIM_ColorAlbedoNormal_Alpha.uexp" 98
"../../../Engine/Content/Functions/Engine_MaterialFunctions02/WorldPositionOffset/CameraOffset.uasset" 99
"../../../Engine/Content/Functions/Engine_MaterialFunctions02/WorldPositionOffset/CameraOffset.uexp" 100
"../../../Engine/Plugins/Animation/ControlRig/Content/M_Manip.uasset" 101
"../../../Engine/Plugins/Animation/ControlRig/Content/M_Manip.uexp" 102
"../../../Engine/Content/Functions/Engine_MaterialFunctions02/Utility/CameraDirectionVector.uasset" 103
"../../../Engine/Content/Functions/Engine_MaterialFunctions02/Utility/CameraDirectionVector.uexp" 104
"../../../Engine/Content/EngineDebugMaterials/VolumeToRender.uasset" 105
"../../../Engine/Content/EngineDebugMaterials/VolumeToRender.uexp" 106
"../../../Engine/Content/EngineDebugMaterials/M_VolumeRenderSphereTracePP.uasset" 107
"../../../Engine/Content/EngineDebugMaterials/M_VolumeRenderSphereTracePP.uexp" 108
"../../../Engine/Content/EngineDebugMaterials/M_SimpleUnlitTranslucent.uasset" 109
"../../../Engine/Content/EngineDebugMaterials/M_SimpleUnlitTranslucent.uexp" 110
"../../../Engine/Content/EngineDebugMaterials/DebugMeshMaterial.uasset" 111
"../../../Engine/Content/EngineDebugMaterials/DebugMeshMaterial.uexp" 112
"../../../Engine/Content/EngineDebugMaterials/DebugEditorMaterial.uasset" 113
"../../../Engine/Content/EngineDebugMaterials/DebugEditorMaterial.uexp" 114
"../../../Engine/Content/EngineDamageTypes/DmgTypeBP_Environmental.uasset" 115
"../../../Engine/Content/EngineDamageTypes/DmgTypeBP_Environmental.uexp" 116
"../../../Engine/Content/EditorResources/S_TriggerSphere.uasset" 117
"../../../Engine/Content/EditorResources/S_TriggerSphere.uexp" 118
"../../../Engine/Content/EditorResources/S_TriggerCapsule.uasset" 119
"../../../Engine/Content/EditorResources/S_TriggerCapsule.uexp" 120
"../../../Engine/Content/EditorResources/S_TriggerBox.uasset" 121
"../../../Engine/Content/EditorResources/S_TriggerBox.uexp" 122
"../../../Engine/Content/EditorResources/S_Trigger.ubulk" 123
"../../../Engine/Content/EditorResources/S_Trigger.uasset" 124
"../../../Engine/Content/EditorResources/S_Trigger.uexp" 125
"../../../Engine/Content/EditorResources/S_Terrain.ubulk" 126
"../../../Engine/Content/EditorResources/S_Terrain.uasset" 127
"../../../Engine/Content/EditorResources/S_Terrain.uexp" 128
"../../../Engine/Content/EditorResources/S_Solver.ubulk" 129
"../../../Engine/Content/EditorResources/S_Solver.uasset" 130
"../../../Engine/Content/EditorResources/S_Solver.uexp" 131
"../../../Engine/Content/EditorResources/S_BoxReflectionCapture.uasset" 132
"../../../Engine/Content/EditorResources/S_BoxReflectionCapture.uexp" 133
"../../../Engine/Content/EditorResources/BSPVertex.uasset" 134
"../../../Engine/Content/EditorResources/BSPVertex.uexp" 135
"../../../Engine/Content/EditorMaterials/PreviewShadowIndicator.ubulk" 136
"../../../Engine/Content/EditorMaterials/PreviewShadowIndicator.uasset" 137
"../../../Engine/Content/EditorMaterials/PreviewShadowIndicator.uexp" 138
"../../../Engine/Content/EditorMaterials/PreviewShadowIndicatorMaterial.uasset" 139
"../../../Engine/Content/EditorMaterials/PreviewShadowIndicatorMaterial.uexp" 140
"../../../Engine/Content/EditorMaterials/PhAT_UnselectedMaterial.uasset" 141
"../../../Engine/Content/EditorMaterials/PhAT_UnselectedMaterial.uexp" 142
"../../../Engine/Content/EditorMaterials/PhAT_NoCollisionMaterial.uasset" 143
"../../../Engine/Content/EditorMaterials/PhAT_NoCollisionMaterial.uexp" 144
"../../../Engine/Content/EditorLandscapeResources/WhiteSquareTexture.uasset" 145
"../../../Engine/Content/EditorLandscapeResources/WhiteSquareTexture.uexp" 146
"../../../Engine/Content/EditorLandscapeResources/LayerVisMaterial.uasset" 147
"../../../Engine/Content/EditorLandscapeResources/LayerVisMaterial.uexp" 148
"../../../Engine/Content/Functions/Engine_MaterialFunctions02/Utility/BreakOutFloat2Components.uasset" 149
"../../../Engine/Content/Functions/Engine_MaterialFunctions02/Utility/BreakOutFloat2Components.uexp" 150
"../../../Engine/Content/Functions/Engine_MaterialFunctions01/Texturing/ScaleUVsByCenter.uasset" 151
"../../../Engine/Content/Functions/Engine_MaterialFunctions01/Texturing/ScaleUVsByCenter.uexp" 152
"../../../Engine/Content/Functions/Engine_MaterialFunctions02/WorldPositionOffset/LocalPosition.uasset" 153
"../../../Engine/Content/Functions/Engine_MaterialFunctions02/WorldPositionOffset/LocalPosition.uexp" 154
"../../../Engine/Content/EngineMaterials/DefaultDiffuse.ubulk" 155
"../../../Engine/Content/EngineMaterials/DefaultDiffuse.uasset" 156
"../../../Engine/Content/EngineMaterials/DefaultDiffuse.uexp" 157
"../../../Engine/Content/Functions/Engine_MaterialFunctions01/Texturing/TextureCropping.uasset" 158
"../../../Engine/Content/Functions/Engine_MaterialFunctions01/Texturing/TextureCropping.uexp" 159
"../../../Engine/Content/Functions/Engine_MaterialFunctions02/ExampleContent/DebugNumberStrip.uasset" 160
"../../../Engine/Content/Functions/Engine_MaterialFunctions02/ExampleContent/DebugNumberStrip.uexp" 161
"../../../Engine/Content/Functions/Engine_MaterialFunctions01/Debug/DebugIntValues.uasset" 162
"../../../Engine/Content/Functions/Engine_MaterialFunctions01/Debug/DebugIntValues.uexp" 163
"../../../Engine/Content/EditorLandscapeResources/LandscapeLayerUsageMaterial.uasset" 164
"../../../Engine/Content/EditorLandscapeResources/LandscapeLayerUsageMaterial.uexp" 165
"../../../Engine/Content/EditorLandscapeResources/DefaultAlphaTexture.uasset" 166
"../../../Engine/Content/EditorLandscapeResources/DefaultAlphaTexture.uexp" 167
"../../../Engine/Content/EditorLandscapeResources/LandscapeDirtyMaterial.uasset" 168
"../../../Engine/Content/EditorLandscapeResources/LandscapeDirtyMaterial.uexp" 169
"../../../Engine/Plugins/Interchange/Assets/Content/Functions/MX_UsdPreviewSurface.uasset" 170
"../../../Engine/Plugins/Interchange/Assets/Content/Functions/MX_UsdPreviewSurface.uexp" 171
"../../../Engine/Plugins/Interchange/Assets/Content/Functions/MX_UniformEDF.uasset" 172
"../../../Engine/Plugins/Interchange/Assets/Content/Functions/MX_UniformEDF.uexp" 173
"../../../Engine/Plugins/Interchange/Assets/Content/Functions/MX_TranslucentBSDF.uasset" 174
"../../../Engine/Plugins/Interchange/Assets/Content/Functions/MX_TranslucentBSDF.uexp" 175
"../../../Engine/Plugins/Interchange/Assets/Content/Functions/MX_ThinFilmBSDF.uasset" 176
"../../../Engine/Plugins/Interchange/Assets/Content/Functions/MX_ThinFilmBSDF.uexp" 177
"../../../Engine/Plugins/Interchange/Assets/Content/Functions/MX_SurfaceUnlit.uasset" 178
"../../../Engine/Plugins/Interchange/Assets/Content/Functions/MX_SurfaceUnlit.uexp" 179
"../../../Engine/Plugins/Interchange/Assets/Content/Functions/MX_Surface.uasset" 180
"../../../Engine/Plugins/Interchange/Assets/Content/Functions/MX_Surface.uexp" 181
"../../../Engine/Plugins/Interchange/Assets/Content/Functions/MX_SubsurfaceBSDF.uasset" 182
"../../../Engine/Plugins/Interchange/Assets/Content/Functions/MX_SubsurfaceBSDF.uexp" 183
"../../../Engine/Plugins/Interchange/Assets/Content/Functions/MX_SheenBSDF.uasset" 184
"../../../Engine/Plugins/Interchange/Assets/Content/Functions/MX_SheenBSDF.uexp" 185
"../../../Engine/Plugins/Interchange/Assets/Content/Functions/MX_OrenNayarBSDF.uasset" 186
"../../../Engine/Plugins/Interchange/Assets/Content/Functions/MX_OrenNayarBSDF.uexp" 187
"../../../Engine/Plugins/Interchange/Assets/Content/Functions/MF_IridescenceNoLUT.uasset" 188
"../../../Engine/Plugins/Interchange/Assets/Content/Functions/MF_IridescenceNoLUT.uexp" 189
"../../../Engine/Plugins/Interchange/Assets/Content/Functions/MX_StandardSurface.uasset" 190
"../../../Engine/Plugins/Interchange/Assets/Content/Functions/MX_StandardSurface.uexp" 191
"../../../Engine/Plugins/Interchange/Assets/Content/Functions/MX_TransmissionSurface.uasset" 192
"../../../Engine/Plugins/Interchange/Assets/Content/Functions/MX_TransmissionSurface.uexp" 193
"../../../Engine/Plugins/Interchange/Assets/Content/Functions/MX_OpenPBR_Translucent.uasset" 194
"../../../Engine/Plugins/Interchange/Assets/Content/Functions/MX_OpenPBR_Translucent.uexp" 195
"../../../Engine/Plugins/Interchange/Assets/Content/Functions/MX_OpenPBR_Opaque.uasset" 196
"../../../Engine/Plugins/Interchange/Assets/Content/Functions/MX_OpenPBR_Opaque.uexp" 197
"../../../Engine/Plugins/Interchange/Assets/Content/Functions/MX_MeasuredEDF.uasset" 198
"../../../Engine/Plugins/Interchange/Assets/Content/Functions/MX_MeasuredEDF.uexp" 199
"../../../Engine/Plugins/Interchange/Assets/Content/Functions/MX_GeneralizedSchlickBSDF.uasset" 200
"../../../Engine/Plugins/Interchange/Assets/Content/Functions/MX_GeneralizedSchlickBSDF.uexp" 201
"../../../Engine/Plugins/Interchange/Assets/Content/Functions/MX_Displacement.uasset" 202
"../../../Engine/Plugins/Interchange/Assets/Content/Functions/MX_Displacement.uexp" 203
"../../../Engine/Plugins/Interchange/Assets/Content/Functions/MX_DielectricBSDF.uasset" 204
"../../../Engine/Plugins/Interchange/Assets/Content/Functions/MX_DielectricBSDF.uexp" 205
"../../../Engine/Plugins/Interchange/Assets/Content/Functions/MX_ConicalEDF.uasset" 206
"../../../Engine/Plugins/Interchange/Assets/Content/Functions/MX_ConicalEDF.uexp" 207
"../../../Engine/Plugins/Interchange/Assets/Content/Functions/MX_ConductorBSDF.uasset" 208
"../../../Engine/Plugins/Interchange/Assets/Content/Functions/MX_ConductorBSDF.uexp" 209
"../../../Engine/Plugins/Interchange/Assets/Content/Functions/MX_BurleyDiffuseBSDF.uasset" 210
"../../../Engine/Plugins/Interchange/Assets/Content/Functions/MX_BurleyDiffuseBSDF.uexp" 211
"../../../Engine/Plugins/Interchange/Assets/Content/Functions/MX_AnisotropicVDF.uasset" 212
"../../../Engine/Plugins/Interchange/Assets/Content/Functions/MX_AnisotropicVDF.uexp" 213
"../../../Engine/Plugins/Interchange/Assets/Content/Functions/MX_AbsorptionVDF.uasset" 214
"../../../Engine/Plugins/Interchange/Assets/Content/Functions/MX_AbsorptionVDF.uexp" 215
"../../../Engine/Content/Functions/Engine_MaterialFunctions02/Utility/VectorLength.uasset" 216
"../../../Engine/Content/Functions/Engine_MaterialFunctions02/Utility/VectorLength.uexp" 217
"../../../Engine/Content/Functions/Engine_MaterialFunctions02/WorldPositionOffset/ObjectScale.uasset" 218
"../../../Engine/Content/Functions/Engine_MaterialFunctions02/WorldPositionOffset/ObjectScale.uexp" 219
"../../../Engine/Content/Functions/Engine_MaterialFunctions02/Utility/BreakOutFloat3Components.uasset" 220
"../../../Engine/Content/Functions/Engine_MaterialFunctions02/Utility/BreakOutFloat3Components.uexp" 221
"../../../Engine/Content/Functions/Engine_MaterialFunctions02/SafeNormalize.uasset" 222
"../../../Engine/Content/Functions/Engine_MaterialFunctions02/SafeNormalize.uexp" 223
"../../../Engine/Plugins/Editor/SpeedTreeImporter/Content/SpeedTree9/UnpackInteger3.uasset" 224
"../../../Engine/Plugins/Editor/SpeedTreeImporter/Content/SpeedTree9/UnpackInteger3.uexp" 225
"../../../Engine/Plugins/Editor/SpeedTreeImporter/Content/SpeedTree9/UnpackDirection.uasset" 226
"../../../Engine/Plugins/Editor/SpeedTreeImporter/Content/SpeedTree9/UnpackDirection.uexp" 227
"../../../Engine/Plugins/Editor/SpeedTreeImporter/Content/SpeedTree9/game_wind_noise.ubulk" 228
"../../../Engine/Plugins/Editor/SpeedTreeImporter/Content/SpeedTree9/game_wind_noise.uasset" 229
"../../../Engine/Plugins/Editor/SpeedTreeImporter/Content/SpeedTree9/game_wind_noise.uexp" 230
"../../../Engine/Plugins/Editor/SpeedTreeImporter/Content/SpeedTree9/SpeedTreeWindMotion.uasset" 231
"../../../Engine/Plugins/Editor/SpeedTreeImporter/Content/SpeedTree9/SpeedTreeWindMotion.uexp" 232
"../../../Engine/Plugins/Editor/SpeedTreeImporter/Content/SpeedTree9/SpeedTreeBranchMotion.uasset" 233
"../../../Engine/Plugins/Editor/SpeedTreeImporter/Content/SpeedTree9/SpeedTreeBranchMotion.uexp" 234
"../../../Engine/Content/Functions/Engine_MaterialFunctions02/ObjectLocalBounds.uasset" 235
"../../../Engine/Content/Functions/Engine_MaterialFunctions02/ObjectLocalBounds.uexp" 236
"../../../Engine/Content/Functions/Engine_MaterialFunctions02/UVs/BoundingBoxBased_0-1_UVW.uasset" 237
"../../../Engine/Content/Functions/Engine_MaterialFunctions02/UVs/BoundingBoxBased_0-1_UVW.uexp" 238
"../../../Engine/Plugins/Editor/SpeedTreeImporter/Content/SpeedTree9/SpeedTreeWind.uasset" 239
"../../../Engine/Plugins/Editor/SpeedTreeImporter/Content/SpeedTree9/SpeedTreeWind.uexp" 240
"../../../Engine/Plugins/Editor/SpeedTreeImporter/Content/SpeedTree9/SpeedTreeCameraFacing.uasset" 241
"../../../Engine/Plugins/Editor/SpeedTreeImporter/Content/SpeedTree9/SpeedTreeCameraFacing.uexp" 242
"../../../Engine/Plugins/Editor/SpeedTreeImporter/Content/SpeedTree9/EmptyNormal.uasset" 243
"../../../Engine/Plugins/Editor/SpeedTreeImporter/Content/SpeedTree9/EmptyNormal.uexp" 244
"../../../Engine/Plugins/Editor/SpeedTreeImporter/Content/SpeedTree9/Empty.uasset" 245
"../../../Engine/Plugins/Editor/SpeedTreeImporter/Content/SpeedTree9/Empty.uexp" 246
"../../../Engine/Plugins/Editor/SpeedTreeImporter/Content/SpeedTree9/SpeedTreeMaster.uasset" 247
"../../../Engine/Plugins/Editor/SpeedTreeImporter/Content/SpeedTree9/SpeedTreeMaster.uexp" 248
"../../../Engine/Plugins/Editor/SpeedTreeImporter/Content/SpeedTree9/SpeedTreeBillboard.uasset" 249
"../../../Engine/Plugins/Editor/SpeedTreeImporter/Content/SpeedTree9/SpeedTreeBillboard.uexp" 250
"../../../Engine/Plugins/Editor/SpeedTreeImporter/Content/SpeedTree9/SpeedTreeBillboardMaster.uasset" 251
"../../../Engine/Plugins/Editor/SpeedTreeImporter/Content/SpeedTree9/SpeedTreeBillboardMaster.uexp" 252
"../../../Engine/Plugins/Animation/ControlRig/Content/Controls/ControlRigXRayMaterial.uasset" 253
"../../../Engine/Plugins/Animation/ControlRig/Content/Controls/ControlRigXRayMaterial.uexp" 254
"../../../Engine/Plugins/Animation/ControlRig/Content/Controls/ControlRigGizmoMaterial.uasset" 255
"../../../Engine/Plugins/Animation/ControlRig/Content/Controls/ControlRigGizmoMaterial.uexp" 256
"../../../Engine/Content/EngineMaterials/RemoveSurfaceMaterial.uasset" 257
"../../../Engine/Content/EngineMaterials/RemoveSurfaceMaterial.uexp" 258
"../../../Engine/Content/EngineMaterials/PreintegratedSkinBRDF.uasset" 259
"../../../Engine/Content/EngineMaterials/PreintegratedSkinBRDF.uexp" 260
"../../../Engine/Content/EngineMaterials/DefaultCalibrationGrayscale.uasset" 261
"../../../Engine/Content/EngineMaterials/DefaultCalibrationGrayscale.uexp" 262
"../../../Engine/Content/EngineMaterials/PPM_DefaultCalibrationGrayscale.uasset" 263
"../../../Engine/Content/EngineMaterials/PPM_DefaultCalibrationGrayscale.uexp" 264
"../../../Engine/Content/EngineMaterials/DefaultCalibrationColor.uasset" 265
"../../../Engine/Content/EngineMaterials/DefaultCalibrationColor.uexp" 266
"../../../Engine/Content/EngineMaterials/PPM_DefaultCalibrationColor.uasset" 267
"../../../Engine/Content/EngineMaterials/PPM_DefaultCalibrationColor.uexp" 268
"../../../Engine/Content/EngineMaterials/PhAT_JointLimitMaterial.uasset" 269
"../../../Engine/Content/EngineMaterials/PhAT_JointLimitMaterial.uexp" 270
"../../../Engine/Content/EngineMaterials/NaniteHiddenSectionMaterial.uasset" 271
"../../../Engine/Content/EngineMaterials/NaniteHiddenSectionMaterial.uexp" 272
"../../../Engine/Content/EngineMaterials/InvalidLightmapSettings.ubulk" 273
"../../../Engine/Content/EngineMaterials/InvalidLightmapSettings.uasset" 274
"../../../Engine/Content/EngineMaterials/InvalidLightmapSettings.uexp" 275
"../../../Engine/Content/EngineMaterials/M_InvalidLightmapSettings.uasset" 276
"../../../Engine/Content/EngineMaterials/M_InvalidLightmapSettings.uexp" 277
"../../../Engine/Content/EngineMaterials/MiniFont.uasset" 278
"../../../Engine/Content/EngineMaterials/MiniFont.uexp" 279
"../../../Engine/Content/EngineMaterials/GizmoMaterial.uasset" 280
"../../../Engine/Content/EngineMaterials/GizmoMaterial.uexp" 281
"../../../Engine/Content/EngineMaterials/BaseFlattenNormalMap_VT.ubulk" 282
"../../../Engine/Content/EngineMaterials/BaseFlattenNormalMap_VT.uasset" 283
"../../../Engine/Content/EngineMaterials/BaseFlattenNormalMap_VT.uexp" 284
"../../../Engine/Content/EngineMaterials/BaseFlattenDiffuseMap_VT.ubulk" 285
"../../../Engine/Content/EngineMaterials/BaseFlattenDiffuseMap_VT.uasset" 286
"../../../Engine/Content/EngineMaterials/BaseFlattenDiffuseMap_VT.uexp" 287
"../../../Engine/Content/EngineMaterials/BaseFlattenEmissiveMap_VT.ubulk" 288
"../../../Engine/Content/EngineMaterials/BaseFlattenEmissiveMap_VT.uasset" 289
"../../../Engine/Content/EngineMaterials/BaseFlattenEmissiveMap_VT.uexp" 290
"../../../Engine/Content/EngineMaterials/BaseFlattenLinearColor_VT.ubulk" 291
"../../../Engine/Content/EngineMaterials/BaseFlattenLinearColor_VT.uasset" 292
"../../../Engine/Content/EngineMaterials/BaseFlattenLinearColor_VT.uexp" 293
"../../../Engine/Content/EngineMaterials/BaseFlattenGrayscaleMap_VT.ubulk" 294
"../../../Engine/Content/EngineMaterials/BaseFlattenGrayscaleMap_VT.uasset" 295
"../../../Engine/Content/EngineMaterials/BaseFlattenGrayscaleMap_VT.uexp" 296
"../../../Engine/Content/EngineMaterials/Black_1x1_EXR_Texture_VT.ubulk" 297
"../../../Engine/Content/EngineMaterials/Black_1x1_EXR_Texture_VT.uasset" 298
"../../../Engine/Content/EngineMaterials/Black_1x1_EXR_Texture_VT.uexp" 299
"../../../Engine/Content/EngineMaterials/FlattenMaterial_WS_Normal_VT.uasset" 300
"../../../Engine/Content/EngineMaterials/FlattenMaterial_WS_Normal_VT.uexp" 301
"../../../Engine/Content/EngineMaterials/FlattenMaterial_VT.uasset" 302
"../../../Engine/Content/EngineMaterials/FlattenMaterial_VT.uexp" 303
"../../../Engine/Content/EngineMaterials/BaseFlattenNormalMap.uasset" 304
"../../../Engine/Content/EngineMaterials/BaseFlattenNormalMap.uexp" 305
"../../../Engine/Content/EngineMaterials/BaseFlattenDiffuseMap.uasset" 306
"../../../Engine/Content/EngineMaterials/BaseFlattenDiffuseMap.uexp" 307
"../../../Engine/Content/EngineMaterials/BaseFlattenEmissiveMap.uasset" 308
"../../../Engine/Content/EngineMaterials/BaseFlattenEmissiveMap.uexp" 309
"../../../Engine/Content/EngineMaterials/BaseFlattenGrayscaleMap.uasset" 310
"../../../Engine/Content/EngineMaterials/BaseFlattenGrayscaleMap.uexp" 311
"../../../Engine/Content/EngineMaterials/BaseFlattenLinearColor.uasset" 312
"../../../Engine/Content/EngineMaterials/BaseFlattenLinearColor.uexp" 313
"../../../Engine/Content/Functions/Engine_MaterialFunctions02/PivotPainter2/Black_1x1_EXR_Texture.uasset" 314
"../../../Engine/Content/Functions/Engine_MaterialFunctions02/PivotPainter2/Black_1x1_EXR_Texture.uexp" 315
"../../../Engine/Content/EngineMaterials/FlattenMaterial.uasset" 316
"../../../Engine/Content/EngineMaterials/FlattenMaterial.uexp" 317
"../../../Engine/Content/EngineMaterials/FastBlueNoise_vec2_128x128x64.uasset" 318
"../../../Engine/Content/EngineMaterials/FastBlueNoise_vec2_128x128x64.uexp" 319
"../../../Engine/Content/EngineMaterials/FastBlueNoise_scalar_128x128x8.uasset" 320
"../../../Engine/Content/EngineMaterials/FastBlueNoise_scalar_128x128x8.uexp" 321
"../../../Engine/Content/EngineMaterials/FastBlueNoise_scalar_128x128x64.uasset" 322
"../../../Engine/Content/EngineMaterials/FastBlueNoise_scalar_128x128x64.uexp" 323
"../../../Engine/Content/EngineMaterials/DefaultWhiteGrid_Low.uasset" 324
"../../../Engine/Content/EngineMaterials/DefaultWhiteGrid_Low.uexp" 325
"../../../Engine/Content/EngineMaterials/EmissiveMeshMaterial.uasset" 326
"../../../Engine/Content/EngineMaterials/EmissiveMeshMaterial.uexp" 327
"../../../Engine/Content/EngineMaterials/DefaultWhiteGrid.ubulk" 328
"../../../Engine/Content/EngineMaterials/DefaultWhiteGrid.uasset" 329
"../../../Engine/Content/EngineMaterials/DefaultWhiteGrid.uexp" 330
"../../../Engine/Content/EngineFonts/RobotoDistanceField.uasset" 331
"../../../Engine/Content/EngineFonts/RobotoDistanceField.uexp" 332
"../../../Engine/Content/EngineMaterials/DefaultTextMaterialOpaque.uasset" 333
"../../../Engine/Content/EngineMaterials/DefaultTextMaterialOpaque.uexp" 334
"../../../Engine/Content/EngineMaterials/DefaultPostProcessMaterial.uasset" 335
"../../../Engine/Content/EngineMaterials/DefaultPostProcessMaterial.uexp" 336
"../../../Engine/Content/EngineMaterials/DefaultLightFunctionMaterial.uasset" 337
"../../../Engine/Content/EngineMaterials/DefaultLightFunctionMaterial.uexp" 338
"../../../Engine/Content/EngineMaterials/DefaultDeferredDecalMaterial.uasset" 339
"../../../Engine/Content/EngineMaterials/DefaultDeferredDecalMaterial.uexp" 340
"../../../Engine/Content/EngineMaterials/DefaultBokeh.uasset" 341
"../../../Engine/Content/EngineMaterials/DefaultBokeh.uexp" 342
"../../../Engine/Content/EngineMaterials/DefaultBloomKernel.uasset" 343
"../../../Engine/Content/EngineMaterials/DefaultBloomKernel.uexp" 344
"../../../Engine/Plugins/VirtualProduction/CameraCalibrationCore/Content/Materials/M_DefaultOddSquare.uasset" 345
"../../../Engine/Plugins/VirtualProduction/CameraCalibrationCore/Content/Materials/M_DefaultOddSquare.uexp" 346
"../../../Engine/Plugins/VirtualProduction/CameraCalibrationCore/Content/Materials/M_DefaultEvenSquare.uasset" 347
"../../../Engine/Plugins/VirtualProduction/CameraCalibrationCore/Content/Materials/M_DefaultEvenSquare.uexp" 348
"C:/Users/Chris/Desktop/Sem 2 Github/Games-Prototyping/Games Prototyping2/Content/Splash/Splash.uasset" 349
"C:/Users/Chris/Desktop/Sem 2 Github/Games-Prototyping/Games Prototyping2/Content/Splash/Splash.uexp" 350
"../../../Engine/Plugins/Runtime/HairStrands/Content/Materials/HairMeshesDefaultMaterial.uasset" 351
"../../../Engine/Plugins/Runtime/HairStrands/Content/Materials/HairMeshesDefaultMaterial.uexp" 352
"../../../Engine/Plugins/Runtime/HairStrands/Content/Materials/HairDefaultMaterial.uasset" 353
"../../../Engine/Plugins/Runtime/HairStrands/Content/Materials/HairDefaultMaterial.uexp" 354
"../../../Engine/Content/Functions/Engine_MaterialFunctions02/Utility/MakeFloat2.uasset" 355
"../../../Engine/Content/Functions/Engine_MaterialFunctions02/Utility/MakeFloat2.uexp" 356
"../../../Engine/Content/Functions/Engine_MaterialFunctions02/Utility/MakeFloat3.uasset" 357
"../../../Engine/Content/Functions/Engine_MaterialFunctions02/Utility/MakeFloat3.uexp" 358
"../../../Engine/Content/EngineMaterials/HairDebugColor.uasset" 359
"../../../Engine/Content/EngineMaterials/HairDebugColor.uexp" 360
"../../../Engine/Content/EngineMaterials/HairColorMap.uasset" 361
"../../../Engine/Content/EngineMaterials/HairColorMap.uexp" 362
"../../../Engine/Plugins/Runtime/HairStrands/Content/Materials/HairGroupColors.uasset" 363
"../../../Engine/Plugins/Runtime/HairStrands/Content/Materials/HairGroupColors.uexp" 364
"../../../Engine/Plugins/Runtime/HairStrands/Content/Materials/HairDebugMaterial.uasset" 365
"../../../Engine/Plugins/Runtime/HairStrands/Content/Materials/HairDebugMaterial.uexp" 366
"../../../Engine/Plugins/Runtime/HairStrands/Content/Materials/HairCardsDefaultMaterial.uasset" 367
"../../../Engine/Plugins/Runtime/HairStrands/Content/Materials/HairCardsDefaultMaterial.uexp" 368
"../../../Engine/Plugins/Runtime/AudioWidgets/Content/Resources/ScrubHandleDown_Clamped.uasset" 369
"../../../Engine/Plugins/Runtime/AudioWidgets/Content/Resources/ScrubHandleDown_Clamped.uexp" 370
"../../../Engine/Content/EditorMaterials/ParticleSystems/PSysThumbnail_OOD.ubulk" 371
"../../../Engine/Content/EditorMaterials/ParticleSystems/PSysThumbnail_OOD.uasset" 372
"../../../Engine/Content/EditorMaterials/ParticleSystems/PSysThumbnail_OOD.uexp" 373
"../../../Engine/Content/EditorMaterials/ParticleSystems/PSysThumbnail_NoImage.ubulk" 374
"../../../Engine/Content/EditorMaterials/ParticleSystems/PSysThumbnail_NoImage.uasset" 375
"../../../Engine/Content/EditorMaterials/ParticleSystems/PSysThumbnail_NoImage.uexp" 376
"../../../Engine/Content/EditorMaterials/Dataflow/DataflowVertexMaterial.uasset" 377
"../../../Engine/Content/EditorMaterials/Dataflow/DataflowVertexMaterial.uexp" 378
"../../../Engine/Content/EditorMaterials/Dataflow/DataflowTwoSidedVertexMaterial.uasset" 379
"../../../Engine/Content/EditorMaterials/Dataflow/DataflowTwoSidedVertexMaterial.uexp" 380
"../../../Engine/Content/EngineResources/FilmGrains/Marcie_Grain_v3_128_M2_000.uasset" 381
"../../../Engine/Content/EngineResources/FilmGrains/Marcie_Grain_v3_128_M2_000.uexp" 382
"../../../Engine/Content/EngineResources/Development/ZenLogo_64.uasset" 383
"../../../Engine/Content/EngineResources/Development/ZenLogo_64.uexp" 384
"../../../Engine/Content/EngineMaterials/LTC/Sheen_LTC.uasset" 385
"../../../Engine/Content/EngineMaterials/LTC/Sheen_LTC.uexp" 386
"../../../Engine/Content/EngineMaterials/LTC/GGX_LTCMat.uasset" 387
"../../../Engine/Content/EngineMaterials/LTC/GGX_LTCMat.uexp" 388
"../../../Engine/Content/EngineMaterials/LTC/GGX_LTCAmp.uasset" 389
"../../../Engine/Content/EngineMaterials/LTC/GGX_LTCAmp.uexp" 390
"../../../Engine/Content/EngineMaterials/EnergyConservation/Sheen_Energy.uasset" 391
"../../../Engine/Content/EngineMaterials/EnergyConservation/Sheen_Energy.uexp" 392
"../../../Engine/Content/EngineMaterials/EnergyConservation/SheenLegacy_Energy.uasset" 393
"../../../Engine/Content/EngineMaterials/EnergyConservation/SheenLegacy_Energy.uexp" 394
"../../../Engine/Content/EngineMaterials/EnergyConservation/GGX_TransmissionEnergyArray.uasset" 395
"../../../Engine/Content/EngineMaterials/EnergyConservation/GGX_TransmissionEnergyArray.uexp" 396
"../../../Engine/Content/EngineMaterials/EnergyConservation/GGX_ReflectionEnergy.uasset" 397
"../../../Engine/Content/EngineMaterials/EnergyConservation/GGX_ReflectionEnergy.uexp" 398
"../../../Engine/Content/EngineMaterials/EnergyConservation/Diffuse_Energy.uasset" 399
"../../../Engine/Content/EngineMaterials/EnergyConservation/Diffuse_Energy.uexp" 400
"../../../Engine/Content/EditorResources/SequenceRecorder/RecordingIndicator.uasset" 401
"../../../Engine/Content/EditorResources/SequenceRecorder/RecordingIndicator.uexp" 402
"../../../Engine/Content/EditorResources/SequenceRecorder/Countdown.uasset" 403
"../../../Engine/Content/EditorResources/SequenceRecorder/Countdown.uexp" 404
"C:/Users/Chris/Desktop/Sem 2 Github/Games-Prototyping/Games Prototyping2/Content/_Practical_Sessions/Practical_Sessions_Blueprints/Inputs/IA_Move.uasset" 405
"C:/Users/Chris/Desktop/Sem 2 Github/Games-Prototyping/Games Prototyping2/Content/_Practical_Sessions/Practical_Sessions_Blueprints/Inputs/IA_Move.uexp" 406
"C:/Users/Chris/Desktop/Sem 2 Github/Games-Prototyping/Games Prototyping2/Content/_Practical_Sessions/Practical_Sessions_Blueprints/Inputs/IA_Look.uasset" 407
"C:/Users/Chris/Desktop/Sem 2 Github/Games-Prototyping/Games Prototyping2/Content/_Practical_Sessions/Practical_Sessions_Blueprints/Inputs/IA_Look.uexp" 408
"C:/Users/Chris/Desktop/Sem 2 Github/Games-Prototyping/Games Prototyping2/Content/_Practical_Sessions/Practical_Sessions_Blueprints/Inputs/IA_Sprint.uasset" 409
"C:/Users/Chris/Desktop/Sem 2 Github/Games-Prototyping/Games Prototyping2/Content/_Practical_Sessions/Practical_Sessions_Blueprints/Inputs/IA_Sprint.uexp" 410
"C:/Users/Chris/Desktop/Sem 2 Github/Games-Prototyping/Games Prototyping2/Content/_Practical_Sessions/Practical_Sessions_Blueprints/Inputs/IA_Jump.uasset" 411
"C:/Users/Chris/Desktop/Sem 2 Github/Games-Prototyping/Games Prototyping2/Content/_Practical_Sessions/Practical_Sessions_Blueprints/Inputs/IA_Jump.uexp" 412
"C:/Users/Chris/Desktop/Sem 2 Github/Games-Prototyping/Games Prototyping2/Content/_Practical_Sessions/Practical_Sessions_Blueprints/Inputs/SessionMC.uasset" 413
"C:/Users/Chris/Desktop/Sem 2 Github/Games-Prototyping/Games Prototyping2/Content/_Practical_Sessions/Practical_Sessions_Blueprints/Inputs/SessionMC.uexp" 414
"C:/Users/Chris/Desktop/Sem 2 Github/Games-Prototyping/Games Prototyping2/Content/_Practical_Sessions/Practical_Sessions_Blueprints/Character_BP.uasset" 415
"C:/Users/Chris/Desktop/Sem 2 Github/Games-Prototyping/Games Prototyping2/Content/_Practical_Sessions/Practical_Sessions_Blueprints/Character_BP.uexp" 416
"C:/Users/Chris/Desktop/Sem 2 Github/Games-Prototyping/Games Prototyping2/Content/_Practical_Sessions/Practical_Sessions_Blueprints/Sessions_GameMode.uasset" 417
"C:/Users/Chris/Desktop/Sem 2 Github/Games-Prototyping/Games Prototyping2/Content/_Practical_Sessions/Practical_Sessions_Blueprints/Sessions_GameMode.uexp" 418
"../../../Engine/Content/Functions/Engine_MaterialFunctions01/WorldPositionOffset/SimpleGrassWind.uasset" 419
"../../../Engine/Content/Functions/Engine_MaterialFunctions01/WorldPositionOffset/SimpleGrassWind.uexp" 420
"C:/Users/Chris/Desktop/Sem 2 Github/Games-Prototyping/Games Prototyping2/Content/Shared_Resources/Materials_Textures/Textures/WaterNoise.ubulk" 421
"C:/Users/Chris/Desktop/Sem 2 Github/Games-Prototyping/Games Prototyping2/Content/Shared_Resources/Materials_Textures/Textures/WaterNoise.uasset" 422
"C:/Users/Chris/Desktop/Sem 2 Github/Games-Prototyping/Games Prototyping2/Content/Shared_Resources/Materials_Textures/Textures/WaterNoise.uexp" 423
"C:/Users/Chris/Desktop/Sem 2 Github/Games-Prototyping/Games Prototyping2/Content/Shared_Resources/Materials_Textures/Grid_Water_Mat.uasset" 424
"C:/Users/Chris/Desktop/Sem 2 Github/Games-Prototyping/Games Prototyping2/Content/Shared_Resources/Materials_Textures/Grid_Water_Mat.uexp" 425
"C:/Users/Chris/Desktop/Sem 2 Github/Games-Prototyping/Games Prototyping2/Content/Shared_Resources/Materials_Textures/Grid_Water_Mat_Inst.uasset" 426
"C:/Users/Chris/Desktop/Sem 2 Github/Games-Prototyping/Games Prototyping2/Content/Shared_Resources/Materials_Textures/Grid_Water_Mat_Inst.uexp" 427
"C:/Users/Chris/Desktop/Sem 2 Github/Games-Prototyping/Games Prototyping2/Content/Shared_Resources/Shapes/Static_Meshes/Plane_Water.ubulk" 428
"C:/Users/Chris/Desktop/Sem 2 Github/Games-Prototyping/Games Prototyping2/Content/Shared_Resources/Shapes/Static_Meshes/Plane_Water.uasset" 429
"C:/Users/Chris/Desktop/Sem 2 Github/Games-Prototyping/Games Prototyping2/Content/Shared_Resources/Shapes/Static_Meshes/Plane_Water.uexp" 430
"C:/Users/Chris/Desktop/Sem 2 Github/Games-Prototyping/Games Prototyping2/Content/Shared_Resources/Shapes/Volumes/Water.uasset" 431
"C:/Users/Chris/Desktop/Sem 2 Github/Games-Prototyping/Games Prototyping2/Content/Shared_Resources/Shapes/Volumes/Water.uexp" 432
"C:/Users/Chris/Desktop/Sem 2 Github/Games-Prototyping/Games Prototyping2/Content/Shared_Resources/Shapes/Static_Meshes/cube_Water.ubulk" 433
"C:/Users/Chris/Desktop/Sem 2 Github/Games-Prototyping/Games Prototyping2/Content/Shared_Resources/Shapes/Static_Meshes/cube_Water.uasset" 434
"C:/Users/Chris/Desktop/Sem 2 Github/Games-Prototyping/Games Prototyping2/Content/Shared_Resources/Shapes/Static_Meshes/cube_Water.uexp" 435
"C:/Users/Chris/Desktop/Sem 2 Github/Games-Prototyping/Games Prototyping2/Content/Shared_Resources/Materials_Textures/Grid_Water_Lava.uasset" 436
"C:/Users/Chris/Desktop/Sem 2 Github/Games-Prototyping/Games Prototyping2/Content/Shared_Resources/Materials_Textures/Grid_Water_Lava.uexp" 437
"C:/Users/Chris/Desktop/Sem 2 Github/Games-Prototyping/Games Prototyping2/Content/Shared_Resources/Materials_Textures/Grid_Water_Lava_Inst.uasset" 438
"C:/Users/Chris/Desktop/Sem 2 Github/Games-Prototyping/Games Prototyping2/Content/Shared_Resources/Materials_Textures/Grid_Water_Lava_Inst.uexp" 439
"C:/Users/Chris/Desktop/Sem 2 Github/Games-Prototyping/Games Prototyping2/Content/Shared_Resources/Shapes/Volumes/Lava.uasset" 440
"C:/Users/Chris/Desktop/Sem 2 Github/Games-Prototyping/Games Prototyping2/Content/Shared_Resources/Shapes/Volumes/Lava.uexp" 441
"../../../Engine/Content/Functions/Engine_MaterialFunctions01/Gradient/LinearGradient.uasset" 442
"../../../Engine/Content/Functions/Engine_MaterialFunctions01/Gradient/LinearGradient.uexp" 443
"../../../Engine/Content/Functions/Engine_MaterialFunctions01/ImageAdjustment/CheapContrast.uasset" 444
"../../../Engine/Content/Functions/Engine_MaterialFunctions01/ImageAdjustment/CheapContrast.uexp" 445
"../../../Engine/Content/Functions/Engine_MaterialFunctions01/Texturing/WorldAlignedTexture.uasset" 446
"../../../Engine/Content/Functions/Engine_MaterialFunctions01/Texturing/WorldAlignedTexture.uexp" 447
"C:/Users/Chris/Desktop/Sem 2 Github/Games-Prototyping/Games Prototyping2/Content/Shared_Resources/Materials_Textures/Textures/Fine_Grid.ubulk" 448
"C:/Users/Chris/Desktop/Sem 2 Github/Games-Prototyping/Games Prototyping2/Content/Shared_Resources/Materials_Textures/Textures/Fine_Grid.uasset" 449
"C:/Users/Chris/Desktop/Sem 2 Github/Games-Prototyping/Games Prototyping2/Content/Shared_Resources/Materials_Textures/Textures/Fine_Grid.uexp" 450
"C:/Users/Chris/Desktop/Sem 2 Github/Games-Prototyping/Games Prototyping2/Content/Shared_Resources/Materials_Textures/Grid_Materials/Master_Materials/Grid_Mat.uasset" 451
"C:/Users/Chris/Desktop/Sem 2 Github/Games-Prototyping/Games Prototyping2/Content/Shared_Resources/Materials_Textures/Grid_Materials/Master_Materials/Grid_Mat.uexp" 452
"C:/Users/Chris/Desktop/Sem 2 Github/Games-Prototyping/Games Prototyping2/Content/Shared_Resources/Materials_Textures/Grid_Materials/Grid_Mat_Simple.uasset" 453
"C:/Users/Chris/Desktop/Sem 2 Github/Games-Prototyping/Games Prototyping2/Content/Shared_Resources/Materials_Textures/Grid_Materials/Grid_Mat_Simple.uexp" 454
"C:/Users/Chris/Desktop/Sem 2 Github/Games-Prototyping/Games Prototyping2/Content/Shared_Resources/Materials_Textures/Plain_Materials/White_Mat.uasset" 455
"C:/Users/Chris/Desktop/Sem 2 Github/Games-Prototyping/Games Prototyping2/Content/Shared_Resources/Materials_Textures/Plain_Materials/White_Mat.uexp" 456
"C:/Users/Chris/Desktop/Sem 2 Github/Games-Prototyping/Games Prototyping2/Content/Shared_Resources/Shapes/Static_Meshes/wedge.ubulk" 457
"C:/Users/Chris/Desktop/Sem 2 Github/Games-Prototyping/Games Prototyping2/Content/Shared_Resources/Shapes/Static_Meshes/wedge.uasset" 458
"C:/Users/Chris/Desktop/Sem 2 Github/Games-Prototyping/Games Prototyping2/Content/Shared_Resources/Shapes/Static_Meshes/wedge.uexp" 459
"C:/Users/Chris/Desktop/Sem 2 Github/Games-Prototyping/Games Prototyping2/Content/Shared_Resources/Shapes/Stairs_Ramps_Ladders/Wedge_Bp.uasset" 460
"C:/Users/Chris/Desktop/Sem 2 Github/Games-Prototyping/Games Prototyping2/Content/Shared_Resources/Shapes/Stairs_Ramps_Ladders/Wedge_Bp.uexp" 461
"../../../Engine/Content/EngineMaterials/T_Default_Material_Grid_M.ubulk" 462
"../../../Engine/Content/EngineMaterials/T_Default_Material_Grid_M.uasset" 463
"../../../Engine/Content/EngineMaterials/T_Default_Material_Grid_M.uexp" 464
"../../../Engine/Content/Functions/Engine_MaterialFunctions01/Opacity/CameraDepthFade.uasset" 465
"../../../Engine/Content/Functions/Engine_MaterialFunctions01/Opacity/CameraDepthFade.uexp" 466
"../../../Engine/Content/EngineMaterials/T_Default_Material_Grid_N.ubulk" 467
"../../../Engine/Content/EngineMaterials/T_Default_Material_Grid_N.uasset" 468
"../../../Engine/Content/EngineMaterials/T_Default_Material_Grid_N.uexp" 469
"../../../Engine/Content/EngineMaterials/WorldGridMaterial.uasset" 470
"../../../Engine/Content/EngineMaterials/WorldGridMaterial.uexp" 471
"C:/Users/Chris/Desktop/Sem 2 Github/Games-Prototyping/Games Prototyping2/Content/Shared_Resources/Shapes/Static_Meshes/stairs_Sloped.ubulk" 472
"C:/Users/Chris/Desktop/Sem 2 Github/Games-Prototyping/Games Prototyping2/Content/Shared_Resources/Shapes/Static_Meshes/stairs_Sloped.uasset" 473
"C:/Users/Chris/Desktop/Sem 2 Github/Games-Prototyping/Games Prototyping2/Content/Shared_Resources/Shapes/Static_Meshes/stairs_Sloped.uexp" 474
"C:/Users/Chris/Desktop/Sem 2 Github/Games-Prototyping/Games Prototyping2/Content/Shared_Resources/Shapes/Stairs_Ramps_Ladders/Stairs_Sloped_BP.uasset" 475
"C:/Users/Chris/Desktop/Sem 2 Github/Games-Prototyping/Games Prototyping2/Content/Shared_Resources/Shapes/Stairs_Ramps_Ladders/Stairs_Sloped_BP.uexp" 476
"C:/Users/Chris/Desktop/Sem 2 Github/Games-Prototyping/Games Prototyping2/Content/Shared_Resources/Shapes/Static_Meshes/Stairs.ubulk" 477
"C:/Users/Chris/Desktop/Sem 2 Github/Games-Prototyping/Games Prototyping2/Content/Shared_Resources/Shapes/Static_Meshes/Stairs.uasset" 478
"C:/Users/Chris/Desktop/Sem 2 Github/Games-Prototyping/Games Prototyping2/Content/Shared_Resources/Shapes/Static_Meshes/Stairs.uexp" 479
"C:/Users/Chris/Desktop/Sem 2 Github/Games-Prototyping/Games Prototyping2/Content/Shared_Resources/Shapes/Stairs_Ramps_Ladders/Stairs_BP.uasset" 480
"C:/Users/Chris/Desktop/Sem 2 Github/Games-Prototyping/Games Prototyping2/Content/Shared_Resources/Shapes/Stairs_Ramps_Ladders/Stairs_BP.uexp" 481
"../../../Engine/Content/EngineMaterials/DefaultMaterial.uasset" 482
"../../../Engine/Content/EngineMaterials/DefaultMaterial.uexp" 483
"../../../Engine/Content/BasicShapes/Cylinder.ubulk" 484
"../../../Engine/Content/BasicShapes/Cylinder.uasset" 485
"../../../Engine/Content/BasicShapes/Cylinder.uexp" 486
"C:/Users/Chris/Desktop/Sem 2 Github/Games-Prototyping/Games Prototyping2/Content/Shared_Resources/Materials_Textures/Plain_Materials/Plain_Mat.uasset" 487
"C:/Users/Chris/Desktop/Sem 2 Github/Games-Prototyping/Games Prototyping2/Content/Shared_Resources/Materials_Textures/Plain_Materials/Plain_Mat.uexp" 488
"C:/Users/Chris/Desktop/Sem 2 Github/Games-Prototyping/Games Prototyping2/Content/Shared_Resources/Materials_Textures/Plain_Materials/Plain_Mat_Inst.uasset" 489
"C:/Users/Chris/Desktop/Sem 2 Github/Games-Prototyping/Games Prototyping2/Content/Shared_Resources/Materials_Textures/Plain_Materials/Plain_Mat_Inst.uexp" 490
"../../../Engine/Content/Functions/Engine_MaterialFunctions01/Density/ExponentialDensity.uasset" 491
"../../../Engine/Content/Functions/Engine_MaterialFunctions01/Density/ExponentialDensity.uexp" 492
"../../../Engine/Content/Functions/Engine_MaterialFunctions01/Gradient/RadialGradientExponential.uasset" 493
"../../../Engine/Content/Functions/Engine_MaterialFunctions01/Gradient/RadialGradientExponential.uexp" 494
"C:/Users/Chris/Desktop/Sem 2 Github/Games-Prototyping/Games Prototyping2/Content/Shared_Resources/PArticles/Particle.uasset" 495
"C:/Users/Chris/Desktop/Sem 2 Github/Games-Prototyping/Games Prototyping2/Content/Shared_Resources/PArticles/Particle.uexp" 496
"C:/Users/Chris/Desktop/Sem 2 Github/Games-Prototyping/Games Prototyping2/Content/Shared_Resources/PArticles/Launch_Pad.uasset" 497
"C:/Users/Chris/Desktop/Sem 2 Github/Games-Prototyping/Games Prototyping2/Content/Shared_Resources/PArticles/Launch_Pad.uexp" 498
"C:/Users/Chris/Desktop/Sem 2 Github/Games-Prototyping/Games Prototyping2/Content/Shared_Resources/Shapes/Stairs_Ramps_Ladders/LaunchPad.uasset" 499
"C:/Users/Chris/Desktop/Sem 2 Github/Games-Prototyping/Games Prototyping2/Content/Shared_Resources/Shapes/Stairs_Ramps_Ladders/LaunchPad.uexp" 500
"C:/Users/Chris/Desktop/Sem 2 Github/Games-Prototyping/Games Prototyping2/Content/Shared_Resources/Shapes/Stairs_Ramps_Ladders/Ladder.uasset" 501
"C:/Users/Chris/Desktop/Sem 2 Github/Games-Prototyping/Games Prototyping2/Content/Shared_Resources/Shapes/Stairs_Ramps_Ladders/Ladder.uexp" 502
"../../../Engine/Content/BasicShapes/Cube.ubulk" 503
"../../../Engine/Content/BasicShapes/Cube.uasset" 504
"../../../Engine/Content/BasicShapes/Cube.uexp" 505
"C:/Users/Chris/Desktop/Sem 2 Github/Games-Prototyping/Games Prototyping2/Content/Shared_Resources/Materials_Textures/Plain_Materials/Tube_Mat.uasset" 506
"C:/Users/Chris/Desktop/Sem 2 Github/Games-Prototyping/Games Prototyping2/Content/Shared_Resources/Materials_Textures/Plain_Materials/Tube_Mat.uexp" 507
"C:/Users/Chris/Desktop/Sem 2 Github/Games-Prototyping/Games Prototyping2/Content/Shared_Resources/Shapes/Static_Meshes/Cylinder.ubulk" 508
"C:/Users/Chris/Desktop/Sem 2 Github/Games-Prototyping/Games Prototyping2/Content/Shared_Resources/Shapes/Static_Meshes/Cylinder.uasset" 509
"C:/Users/Chris/Desktop/Sem 2 Github/Games-Prototyping/Games Prototyping2/Content/Shared_Resources/Shapes/Static_Meshes/Cylinder.uexp" 510
"C:/Users/Chris/Desktop/Sem 2 Github/Games-Prototyping/Games Prototyping2/Content/Shared_Resources/Shapes/Stairs_Ramps_Ladders/Elevator.uasset" 511
"C:/Users/Chris/Desktop/Sem 2 Github/Games-Prototyping/Games Prototyping2/Content/Shared_Resources/Shapes/Stairs_Ramps_Ladders/Elevator.uexp" 512
"C:/Users/Chris/Desktop/Sem 2 Github/Games-Prototyping/Games Prototyping2/Content/Shared_Resources/Shapes/Static_Meshes/cube.ubulk" 513
"C:/Users/Chris/Desktop/Sem 2 Github/Games-Prototyping/Games Prototyping2/Content/Shared_Resources/Shapes/Static_Meshes/cube.uasset" 514
"C:/Users/Chris/Desktop/Sem 2 Github/Games-Prototyping/Games Prototyping2/Content/Shared_Resources/Shapes/Static_Meshes/cube.uexp" 515
"C:/Users/Chris/Desktop/Sem 2 Github/Games-Prototyping/Games Prototyping2/Content/Shared_Resources/Shapes/Basic_Shapes/Cube_Scale.uasset" 516
"C:/Users/Chris/Desktop/Sem 2 Github/Games-Prototyping/Games Prototyping2/Content/Shared_Resources/Shapes/Basic_Shapes/Cube_Scale.uexp" 517
"C:/Users/Chris/Desktop/Sem 2 Github/Games-Prototyping/Games Prototyping2/Content/Shared_Resources/Materials_Textures/Grass.uasset" 518
"C:/Users/Chris/Desktop/Sem 2 Github/Games-Prototyping/Games Prototyping2/Content/Shared_Resources/Materials_Textures/Grass.uexp" 519
"C:/Users/Chris/Desktop/Sem 2 Github/Games-Prototyping/Games Prototyping2/Content/Shared_Resources/Materials_Textures/Grass_Inst.uasset" 520
"C:/Users/Chris/Desktop/Sem 2 Github/Games-Prototyping/Games Prototyping2/Content/Shared_Resources/Materials_Textures/Grass_Inst.uexp" 521
"C:/Users/Chris/Desktop/Sem 2 Github/Games-Prototyping/Games Prototyping2/Content/Shared_Resources/Shapes/Static_Meshes/Grass.ubulk" 522
"C:/Users/Chris/Desktop/Sem 2 Github/Games-Prototyping/Games Prototyping2/Content/Shared_Resources/Shapes/Static_Meshes/Grass.uasset" 523
"C:/Users/Chris/Desktop/Sem 2 Github/Games-Prototyping/Games Prototyping2/Content/Shared_Resources/Shapes/Static_Meshes/Grass.uexp" 524
"C:/Users/Chris/Desktop/Sem 2 Github/Games-Prototyping/Games Prototyping2/Content/Shared_Resources/Shapes/Static_Meshes/Tree.ubulk" 525
"C:/Users/Chris/Desktop/Sem 2 Github/Games-Prototyping/Games Prototyping2/Content/Shared_Resources/Shapes/Static_Meshes/Tree.uasset" 526
"C:/Users/Chris/Desktop/Sem 2 Github/Games-Prototyping/Games Prototyping2/Content/Shared_Resources/Shapes/Static_Meshes/Tree.uexp" 527
"C:/Users/Chris/Desktop/Sem 2 Github/Games-Prototyping/Games Prototyping2/Content/Shared_Resources/Shapes/Natural/Tree.uasset" 528
"C:/Users/Chris/Desktop/Sem 2 Github/Games-Prototyping/Games Prototyping2/Content/Shared_Resources/Shapes/Natural/Tree.uexp" 529
"C:/Users/Chris/Desktop/Sem 2 Github/Games-Prototyping/Games Prototyping2/Content/Shared_Resources/Shapes/Natural/GrassBP.uasset" 530
"C:/Users/Chris/Desktop/Sem 2 Github/Games-Prototyping/Games Prototyping2/Content/Shared_Resources/Shapes/Natural/GrassBP.uexp" 531
"C:/Users/Chris/Desktop/Sem 2 Github/Games-Prototyping/Games Prototyping2/Content/Shared_Resources/Shapes/Static_Meshes/Walls/200X180X20.ubulk" 532
"C:/Users/Chris/Desktop/Sem 2 Github/Games-Prototyping/Games Prototyping2/Content/Shared_Resources/Shapes/Static_Meshes/Walls/200X180X20.uasset" 533
"C:/Users/Chris/Desktop/Sem 2 Github/Games-Prototyping/Games Prototyping2/Content/Shared_Resources/Shapes/Static_Meshes/Walls/200X180X20.uexp" 534
"C:/Users/Chris/Desktop/Sem 2 Github/Games-Prototyping/Games Prototyping2/Content/Shared_Resources/Shapes/Static_Meshes/Cylinder/Column.ubulk" 535
"C:/Users/Chris/Desktop/Sem 2 Github/Games-Prototyping/Games Prototyping2/Content/Shared_Resources/Shapes/Static_Meshes/Cylinder/Column.uasset" 536
"C:/Users/Chris/Desktop/Sem 2 Github/Games-Prototyping/Games Prototyping2/Content/Shared_Resources/Shapes/Static_Meshes/Cylinder/Column.uexp" 537
"C:/Users/Chris/Desktop/Sem 2 Github/Games-Prototyping/Games Prototyping2/Content/Shared_Resources/Shapes/Items/Wall_Spline.uasset" 538
"C:/Users/Chris/Desktop/Sem 2 Github/Games-Prototyping/Games Prototyping2/Content/Shared_Resources/Shapes/Items/Wall_Spline.uexp" 539
"C:/Users/Chris/Desktop/Sem 2 Github/Games-Prototyping/Games Prototyping2/Content/Shared_Resources/Shapes/Static_Meshes/Drum.ubulk" 540
"C:/Users/Chris/Desktop/Sem 2 Github/Games-Prototyping/Games Prototyping2/Content/Shared_Resources/Shapes/Static_Meshes/Drum.uasset" 541
"C:/Users/Chris/Desktop/Sem 2 Github/Games-Prototyping/Games Prototyping2/Content/Shared_Resources/Shapes/Static_Meshes/Drum.uexp" 542
"C:/Users/Chris/Desktop/Sem 2 Github/Games-Prototyping/Games Prototyping2/Content/Shared_Resources/Shapes/Items/Drum.uasset" 543
"C:/Users/Chris/Desktop/Sem 2 Github/Games-Prototyping/Games Prototyping2/Content/Shared_Resources/Shapes/Items/Drum.uexp" 544
"C:/Users/Chris/Desktop/Sem 2 Github/Games-Prototyping/Games Prototyping2/Content/Shared_Resources/Shapes/Static_Meshes/Crate.ubulk" 545
"C:/Users/Chris/Desktop/Sem 2 Github/Games-Prototyping/Games Prototyping2/Content/Shared_Resources/Shapes/Static_Meshes/Crate.uasset" 546
"C:/Users/Chris/Desktop/Sem 2 Github/Games-Prototyping/Games Prototyping2/Content/Shared_Resources/Shapes/Static_Meshes/Crate.uexp" 547
"C:/Users/Chris/Desktop/Sem 2 Github/Games-Prototyping/Games Prototyping2/Content/Shared_Resources/Shapes/Items/Crate.uasset" 548
"C:/Users/Chris/Desktop/Sem 2 Github/Games-Prototyping/Games Prototyping2/Content/Shared_Resources/Shapes/Items/Crate.uexp" 549
"C:/Users/Chris/Desktop/Sem 2 Github/Games-Prototyping/Games Prototyping2/Content/Shared_Resources/Shapes/Static_Meshes/Ring/Ring_07.ubulk" 550
"C:/Users/Chris/Desktop/Sem 2 Github/Games-Prototyping/Games Prototyping2/Content/Shared_Resources/Shapes/Static_Meshes/Ring/Ring_07.uasset" 551
"C:/Users/Chris/Desktop/Sem 2 Github/Games-Prototyping/Games Prototyping2/Content/Shared_Resources/Shapes/Static_Meshes/Ring/Ring_07.uexp" 552
"C:/Users/Chris/Desktop/Sem 2 Github/Games-Prototyping/Games Prototyping2/Content/Shared_Resources/Shapes/Static_Meshes/Ring/Ring_06.ubulk" 553
"C:/Users/Chris/Desktop/Sem 2 Github/Games-Prototyping/Games Prototyping2/Content/Shared_Resources/Shapes/Static_Meshes/Ring/Ring_06.uasset" 554
"C:/Users/Chris/Desktop/Sem 2 Github/Games-Prototyping/Games Prototyping2/Content/Shared_Resources/Shapes/Static_Meshes/Ring/Ring_06.uexp" 555
"C:/Users/Chris/Desktop/Sem 2 Github/Games-Prototyping/Games Prototyping2/Content/Shared_Resources/Shapes/Static_Meshes/Ring/Ring_05.ubulk" 556
"C:/Users/Chris/Desktop/Sem 2 Github/Games-Prototyping/Games Prototyping2/Content/Shared_Resources/Shapes/Static_Meshes/Ring/Ring_05.uasset" 557
"C:/Users/Chris/Desktop/Sem 2 Github/Games-Prototyping/Games Prototyping2/Content/Shared_Resources/Shapes/Static_Meshes/Ring/Ring_05.uexp" 558
"C:/Users/Chris/Desktop/Sem 2 Github/Games-Prototyping/Games Prototyping2/Content/Shared_Resources/Shapes/Static_Meshes/Ring/Ring_04.ubulk" 559
"C:/Users/Chris/Desktop/Sem 2 Github/Games-Prototyping/Games Prototyping2/Content/Shared_Resources/Shapes/Static_Meshes/Ring/Ring_04.uasset" 560
"C:/Users/Chris/Desktop/Sem 2 Github/Games-Prototyping/Games Prototyping2/Content/Shared_Resources/Shapes/Static_Meshes/Ring/Ring_04.uexp" 561
"C:/Users/Chris/Desktop/Sem 2 Github/Games-Prototyping/Games Prototyping2/Content/Shared_Resources/Shapes/Static_Meshes/Ring/Ring_03.ubulk" 562
"C:/Users/Chris/Desktop/Sem 2 Github/Games-Prototyping/Games Prototyping2/Content/Shared_Resources/Shapes/Static_Meshes/Ring/Ring_03.uasset" 563
"C:/Users/Chris/Desktop/Sem 2 Github/Games-Prototyping/Games Prototyping2/Content/Shared_Resources/Shapes/Static_Meshes/Ring/Ring_03.uexp" 564
"C:/Users/Chris/Desktop/Sem 2 Github/Games-Prototyping/Games Prototyping2/Content/Shared_Resources/Shapes/Static_Meshes/Ring/Ring_02.ubulk" 565
"C:/Users/Chris/Desktop/Sem 2 Github/Games-Prototyping/Games Prototyping2/Content/Shared_Resources/Shapes/Static_Meshes/Ring/Ring_02.uasset" 566
"C:/Users/Chris/Desktop/Sem 2 Github/Games-Prototyping/Games Prototyping2/Content/Shared_Resources/Shapes/Static_Meshes/Ring/Ring_02.uexp" 567
"C:/Users/Chris/Desktop/Sem 2 Github/Games-Prototyping/Games Prototyping2/Content/Shared_Resources/Shapes/Static_Meshes/Ring/Ring_01.ubulk" 568
"C:/Users/Chris/Desktop/Sem 2 Github/Games-Prototyping/Games Prototyping2/Content/Shared_Resources/Shapes/Static_Meshes/Ring/Ring_01.uasset" 569
"C:/Users/Chris/Desktop/Sem 2 Github/Games-Prototyping/Games Prototyping2/Content/Shared_Resources/Shapes/Static_Meshes/Ring/Ring_01.uexp" 570
"C:/Users/Chris/Desktop/Sem 2 Github/Games-Prototyping/Games Prototyping2/Content/Shared_Resources/Shapes/Basic_Shapes/Ring.uasset" 571
"C:/Users/Chris/Desktop/Sem 2 Github/Games-Prototyping/Games Prototyping2/Content/Shared_Resources/Shapes/Basic_Shapes/Ring.uexp" 572
"C:/Users/Chris/Desktop/Sem 2 Github/Games-Prototyping/Games Prototyping2/Content/Shared_Resources/Shapes/Static_Meshes/Pyramid_03.ubulk" 573
"C:/Users/Chris/Desktop/Sem 2 Github/Games-Prototyping/Games Prototyping2/Content/Shared_Resources/Shapes/Static_Meshes/Pyramid_03.uasset" 574
"C:/Users/Chris/Desktop/Sem 2 Github/Games-Prototyping/Games Prototyping2/Content/Shared_Resources/Shapes/Static_Meshes/Pyramid_03.uexp" 575
"C:/Users/Chris/Desktop/Sem 2 Github/Games-Prototyping/Games Prototyping2/Content/Shared_Resources/Shapes/Basic_Shapes/Pyramid_Scale.uasset" 576
"C:/Users/Chris/Desktop/Sem 2 Github/Games-Prototyping/Games Prototyping2/Content/Shared_Resources/Shapes/Basic_Shapes/Pyramid_Scale.uexp" 577
"C:/Users/Chris/Desktop/Sem 2 Github/Games-Prototyping/Games Prototyping2/Content/Shared_Resources/Shapes/Static_Meshes/Pyramid_04.ubulk" 578
"C:/Users/Chris/Desktop/Sem 2 Github/Games-Prototyping/Games Prototyping2/Content/Shared_Resources/Shapes/Static_Meshes/Pyramid_04.uasset" 579
"C:/Users/Chris/Desktop/Sem 2 Github/Games-Prototyping/Games Prototyping2/Content/Shared_Resources/Shapes/Static_Meshes/Pyramid_04.uexp" 580
"C:/Users/Chris/Desktop/Sem 2 Github/Games-Prototyping/Games Prototyping2/Content/Shared_Resources/Shapes/Basic_Shapes/Pyramid_04.uasset" 581
"C:/Users/Chris/Desktop/Sem 2 Github/Games-Prototyping/Games Prototyping2/Content/Shared_Resources/Shapes/Basic_Shapes/Pyramid_04.uexp" 582
"C:/Users/Chris/Desktop/Sem 2 Github/Games-Prototyping/Games Prototyping2/Content/Shared_Resources/Shapes/Static_Meshes/Pyramid_02.ubulk" 583
"C:/Users/Chris/Desktop/Sem 2 Github/Games-Prototyping/Games Prototyping2/Content/Shared_Resources/Shapes/Static_Meshes/Pyramid_02.uasset" 584
"C:/Users/Chris/Desktop/Sem 2 Github/Games-Prototyping/Games Prototyping2/Content/Shared_Resources/Shapes/Static_Meshes/Pyramid_02.uexp" 585
"C:/Users/Chris/Desktop/Sem 2 Github/Games-Prototyping/Games Prototyping2/Content/Shared_Resources/Shapes/Basic_Shapes/Pyramid_03_Scale.uasset" 586
"C:/Users/Chris/Desktop/Sem 2 Github/Games-Prototyping/Games Prototyping2/Content/Shared_Resources/Shapes/Basic_Shapes/Pyramid_03_Scale.uexp" 587
"C:/Users/Chris/Desktop/Sem 2 Github/Games-Prototyping/Games Prototyping2/Content/Shared_Resources/Shapes/Static_Meshes/Pyramid_01.ubulk" 588
"C:/Users/Chris/Desktop/Sem 2 Github/Games-Prototyping/Games Prototyping2/Content/Shared_Resources/Shapes/Static_Meshes/Pyramid_01.uasset" 589
"C:/Users/Chris/Desktop/Sem 2 Github/Games-Prototyping/Games Prototyping2/Content/Shared_Resources/Shapes/Static_Meshes/Pyramid_01.uexp" 590
"C:/Users/Chris/Desktop/Sem 2 Github/Games-Prototyping/Games Prototyping2/Content/Shared_Resources/Shapes/Basic_Shapes/Pyramid_02_Scale.uasset" 591
"C:/Users/Chris/Desktop/Sem 2 Github/Games-Prototyping/Games Prototyping2/Content/Shared_Resources/Shapes/Basic_Shapes/Pyramid_02_Scale.uexp" 592
"C:/Users/Chris/Desktop/Sem 2 Github/Games-Prototyping/Games Prototyping2/Content/Shared_Resources/Shapes/Static_Meshes/Floor/Floor_200X200.ubulk" 593
"C:/Users/Chris/Desktop/Sem 2 Github/Games-Prototyping/Games Prototyping2/Content/Shared_Resources/Shapes/Static_Meshes/Floor/Floor_200X200.uasset" 594
"C:/Users/Chris/Desktop/Sem 2 Github/Games-Prototyping/Games Prototyping2/Content/Shared_Resources/Shapes/Static_Meshes/Floor/Floor_200X200.uexp" 595
"C:/Users/Chris/Desktop/Sem 2 Github/Games-Prototyping/Games Prototyping2/Content/Shared_Resources/Shapes/Basic_Shapes/Floor.uasset" 596
"C:/Users/Chris/Desktop/Sem 2 Github/Games-Prototyping/Games Prototyping2/Content/Shared_Resources/Shapes/Basic_Shapes/Floor.uexp" 597
"C:/Users/Chris/Desktop/Sem 2 Github/Games-Prototyping/Games Prototyping2/Content/Shared_Resources/Shapes/Static_Meshes/Cylinder/cy9.ubulk" 598
"C:/Users/Chris/Desktop/Sem 2 Github/Games-Prototyping/Games Prototyping2/Content/Shared_Resources/Shapes/Static_Meshes/Cylinder/cy9.uasset" 599
"C:/Users/Chris/Desktop/Sem 2 Github/Games-Prototyping/Games Prototyping2/Content/Shared_Resources/Shapes/Static_Meshes/Cylinder/cy9.uexp" 600
"C:/Users/Chris/Desktop/Sem 2 Github/Games-Prototyping/Games Prototyping2/Content/Shared_Resources/Shapes/Static_Meshes/Cylinder/cy8.ubulk" 601
"C:/Users/Chris/Desktop/Sem 2 Github/Games-Prototyping/Games Prototyping2/Content/Shared_Resources/Shapes/Static_Meshes/Cylinder/cy8.uasset" 602
"C:/Users/Chris/Desktop/Sem 2 Github/Games-Prototyping/Games Prototyping2/Content/Shared_Resources/Shapes/Static_Meshes/Cylinder/cy8.uexp" 603
"C:/Users/Chris/Desktop/Sem 2 Github/Games-Prototyping/Games Prototyping2/Content/Shared_Resources/Shapes/Static_Meshes/Cylinder/cy7.ubulk" 604
"C:/Users/Chris/Desktop/Sem 2 Github/Games-Prototyping/Games Prototyping2/Content/Shared_Resources/Shapes/Static_Meshes/Cylinder/cy7.uasset" 605
"C:/Users/Chris/Desktop/Sem 2 Github/Games-Prototyping/Games Prototyping2/Content/Shared_Resources/Shapes/Static_Meshes/Cylinder/cy7.uexp" 606
"C:/Users/Chris/Desktop/Sem 2 Github/Games-Prototyping/Games Prototyping2/Content/Shared_Resources/Shapes/Static_Meshes/Cylinder/cy6.ubulk" 607
"C:/Users/Chris/Desktop/Sem 2 Github/Games-Prototyping/Games Prototyping2/Content/Shared_Resources/Shapes/Static_Meshes/Cylinder/cy6.uasset" 608
"C:/Users/Chris/Desktop/Sem 2 Github/Games-Prototyping/Games Prototyping2/Content/Shared_Resources/Shapes/Static_Meshes/Cylinder/cy6.uexp" 609
"C:/Users/Chris/Desktop/Sem 2 Github/Games-Prototyping/Games Prototyping2/Content/Shared_Resources/Shapes/Static_Meshes/Cylinder/cy5.ubulk" 610
"C:/Users/Chris/Desktop/Sem 2 Github/Games-Prototyping/Games Prototyping2/Content/Shared_Resources/Shapes/Static_Meshes/Cylinder/cy5.uasset" 611
"C:/Users/Chris/Desktop/Sem 2 Github/Games-Prototyping/Games Prototyping2/Content/Shared_Resources/Shapes/Static_Meshes/Cylinder/cy5.uexp" 612
"C:/Users/Chris/Desktop/Sem 2 Github/Games-Prototyping/Games Prototyping2/Content/Shared_Resources/Shapes/Static_Meshes/Cylinder/cy4.ubulk" 613
"C:/Users/Chris/Desktop/Sem 2 Github/Games-Prototyping/Games Prototyping2/Content/Shared_Resources/Shapes/Static_Meshes/Cylinder/cy4.uasset" 614
"C:/Users/Chris/Desktop/Sem 2 Github/Games-Prototyping/Games Prototyping2/Content/Shared_Resources/Shapes/Static_Meshes/Cylinder/cy4.uexp" 615
"C:/Users/Chris/Desktop/Sem 2 Github/Games-Prototyping/Games Prototyping2/Content/Shared_Resources/Shapes/Static_Meshes/Cylinder/cy3.ubulk" 616
"C:/Users/Chris/Desktop/Sem 2 Github/Games-Prototyping/Games Prototyping2/Content/Shared_Resources/Shapes/Static_Meshes/Cylinder/cy3.uasset" 617
"C:/Users/Chris/Desktop/Sem 2 Github/Games-Prototyping/Games Prototyping2/Content/Shared_Resources/Shapes/Static_Meshes/Cylinder/cy3.uexp" 618
"C:/Users/Chris/Desktop/Sem 2 Github/Games-Prototyping/Games Prototyping2/Content/Shared_Resources/Shapes/Static_Meshes/Cylinder/cy2.ubulk" 619
"C:/Users/Chris/Desktop/Sem 2 Github/Games-Prototyping/Games Prototyping2/Content/Shared_Resources/Shapes/Static_Meshes/Cylinder/cy2.uasset" 620
"C:/Users/Chris/Desktop/Sem 2 Github/Games-Prototyping/Games Prototyping2/Content/Shared_Resources/Shapes/Static_Meshes/Cylinder/cy2.uexp" 621
"C:/Users/Chris/Desktop/Sem 2 Github/Games-Prototyping/Games Prototyping2/Content/Shared_Resources/Shapes/Static_Meshes/Cylinder/cy10.ubulk" 622
"C:/Users/Chris/Desktop/Sem 2 Github/Games-Prototyping/Games Prototyping2/Content/Shared_Resources/Shapes/Static_Meshes/Cylinder/cy10.uasset" 623
"C:/Users/Chris/Desktop/Sem 2 Github/Games-Prototyping/Games Prototyping2/Content/Shared_Resources/Shapes/Static_Meshes/Cylinder/cy10.uexp" 624
"C:/Users/Chris/Desktop/Sem 2 Github/Games-Prototyping/Games Prototyping2/Content/Shared_Resources/Shapes/Static_Meshes/Cylinder/cy.ubulk" 625
"C:/Users/Chris/Desktop/Sem 2 Github/Games-Prototyping/Games Prototyping2/Content/Shared_Resources/Shapes/Static_Meshes/Cylinder/cy.uasset" 626
"C:/Users/Chris/Desktop/Sem 2 Github/Games-Prototyping/Games Prototyping2/Content/Shared_Resources/Shapes/Static_Meshes/Cylinder/cy.uexp" 627
"C:/Users/Chris/Desktop/Sem 2 Github/Games-Prototyping/Games Prototyping2/Content/Shared_Resources/Shapes/Basic_Shapes/Cylinder.uasset" 628
"C:/Users/Chris/Desktop/Sem 2 Github/Games-Prototyping/Games Prototyping2/Content/Shared_Resources/Shapes/Basic_Shapes/Cylinder.uexp" 629
"C:/Users/Chris/Desktop/Sem 2 Github/Games-Prototyping/Games Prototyping2/Content/Shared_Resources/Shapes/Basic_Shapes/Cube_Widget.uasset" 630
"C:/Users/Chris/Desktop/Sem 2 Github/Games-Prototyping/Games Prototyping2/Content/Shared_Resources/Shapes/Basic_Shapes/Cube_Widget.uexp" 631
"C:/Users/Chris/Desktop/Sem 2 Github/Games-Prototyping/Games Prototyping2/Content/Shared_Resources/Shapes/Static_Meshes/cube_Curved.ubulk" 632
"C:/Users/Chris/Desktop/Sem 2 Github/Games-Prototyping/Games Prototyping2/Content/Shared_Resources/Shapes/Static_Meshes/cube_Curved.uasset" 633
"C:/Users/Chris/Desktop/Sem 2 Github/Games-Prototyping/Games Prototyping2/Content/Shared_Resources/Shapes/Static_Meshes/cube_Curved.uexp" 634
"C:/Users/Chris/Desktop/Sem 2 Github/Games-Prototyping/Games Prototyping2/Content/Shared_Resources/Shapes/Basic_Shapes/Cube_Curved.uasset" 635
"C:/Users/Chris/Desktop/Sem 2 Github/Games-Prototyping/Games Prototyping2/Content/Shared_Resources/Shapes/Basic_Shapes/Cube_Curved.uexp" 636
"C:/Users/Chris/Desktop/Sem 2 Github/Games-Prototyping/Games Prototyping2/Content/Shared_Resources/Shapes/Static_Meshes/cube_Concave.ubulk" 637
"C:/Users/Chris/Desktop/Sem 2 Github/Games-Prototyping/Games Prototyping2/Content/Shared_Resources/Shapes/Static_Meshes/cube_Concave.uasset" 638
"C:/Users/Chris/Desktop/Sem 2 Github/Games-Prototyping/Games Prototyping2/Content/Shared_Resources/Shapes/Static_Meshes/cube_Concave.uexp" 639
"C:/Users/Chris/Desktop/Sem 2 Github/Games-Prototyping/Games Prototyping2/Content/Shared_Resources/Shapes/Basic_Shapes/Cube_Concave.uasset" 640
"C:/Users/Chris/Desktop/Sem 2 Github/Games-Prototyping/Games Prototyping2/Content/Shared_Resources/Shapes/Basic_Shapes/Cube_Concave.uexp" 641
"C:/Users/Chris/Desktop/Sem 2 Github/Games-Prototyping/Games Prototyping2/Content/Shared_Resources/Shapes/Static_Meshes/Cylinder/Column_3.ubulk" 642
"C:/Users/Chris/Desktop/Sem 2 Github/Games-Prototyping/Games Prototyping2/Content/Shared_Resources/Shapes/Static_Meshes/Cylinder/Column_3.uasset" 643
"C:/Users/Chris/Desktop/Sem 2 Github/Games-Prototyping/Games Prototyping2/Content/Shared_Resources/Shapes/Static_Meshes/Cylinder/Column_3.uexp" 644
"C:/Users/Chris/Desktop/Sem 2 Github/Games-Prototyping/Games Prototyping2/Content/Shared_Resources/Shapes/Basic_Shapes/Column_03.uasset" 645
"C:/Users/Chris/Desktop/Sem 2 Github/Games-Prototyping/Games Prototyping2/Content/Shared_Resources/Shapes/Basic_Shapes/Column_03.uexp" 646
"C:/Users/Chris/Desktop/Sem 2 Github/Games-Prototyping/Games Prototyping2/Content/Shared_Resources/Shapes/Basic_Shapes/Column.uasset" 647
"C:/Users/Chris/Desktop/Sem 2 Github/Games-Prototyping/Games Prototyping2/Content/Shared_Resources/Shapes/Basic_Shapes/Column.uexp" 648
"C:/Users/Chris/Desktop/Sem 2 Github/Games-Prototyping/Games Prototyping2/Content/Shared_Resources/Shapes/Static_Meshes/Arch.ubulk" 649
"C:/Users/Chris/Desktop/Sem 2 Github/Games-Prototyping/Games Prototyping2/Content/Shared_Resources/Shapes/Static_Meshes/Arch.uasset" 650
"C:/Users/Chris/Desktop/Sem 2 Github/Games-Prototyping/Games Prototyping2/Content/Shared_Resources/Shapes/Static_Meshes/Arch.uexp" 651
"C:/Users/Chris/Desktop/Sem 2 Github/Games-Prototyping/Games Prototyping2/Content/Shared_Resources/Shapes/Basic_Shapes/Arch_Scale.uasset" 652
"C:/Users/Chris/Desktop/Sem 2 Github/Games-Prototyping/Games Prototyping2/Content/Shared_Resources/Shapes/Basic_Shapes/Arch_Scale.uexp" 653
"C:/Users/Chris/Desktop/Sem 2 Github/Games-Prototyping/Games Prototyping2/Content/Shared_Resources/Audio/UISounds/click1.ubulk" 654
"C:/Users/Chris/Desktop/Sem 2 Github/Games-Prototyping/Games Prototyping2/Content/Shared_Resources/Audio/UISounds/click1.uasset" 655
"C:/Users/Chris/Desktop/Sem 2 Github/Games-Prototyping/Games Prototyping2/Content/Shared_Resources/Audio/UISounds/click1.uexp" 656
"C:/Users/Chris/Desktop/Sem 2 Github/Games-Prototyping/Games Prototyping2/Content/Shared_Resources/Audio/Music/exploration.ubulk" 657
"C:/Users/Chris/Desktop/Sem 2 Github/Games-Prototyping/Games Prototyping2/Content/Shared_Resources/Audio/Music/exploration.uasset" 658
"C:/Users/Chris/Desktop/Sem 2 Github/Games-Prototyping/Games Prototyping2/Content/Shared_Resources/Audio/Music/exploration.uexp" 659
"C:/Users/Chris/Desktop/Sem 2 Github/Games-Prototyping/Games Prototyping2/Content/Shared_Resources/Audio/Music/dark-happy-world.ubulk" 660
"C:/Users/Chris/Desktop/Sem 2 Github/Games-Prototyping/Games Prototyping2/Content/Shared_Resources/Audio/Music/dark-happy-world.uasset" 661
"C:/Users/Chris/Desktop/Sem 2 Github/Games-Prototyping/Games Prototyping2/Content/Shared_Resources/Audio/Music/dark-happy-world.uexp" 662
"C:/Users/Chris/Desktop/Sem 2 Github/Games-Prototyping/Games Prototyping2/Content/Shared_Resources/Audio/Music/chibi-robot-b.ubulk" 663
"C:/Users/Chris/Desktop/Sem 2 Github/Games-Prototyping/Games Prototyping2/Content/Shared_Resources/Audio/Music/chibi-robot-b.uasset" 664
"C:/Users/Chris/Desktop/Sem 2 Github/Games-Prototyping/Games Prototyping2/Content/Shared_Resources/Audio/Music/chibi-robot-b.uexp" 665
"C:/Users/Chris/Desktop/Sem 2 Github/Games-Prototyping/Games Prototyping2/Content/Shared_Resources/Audio/Music/arcade.ubulk" 666
"C:/Users/Chris/Desktop/Sem 2 Github/Games-Prototyping/Games Prototyping2/Content/Shared_Resources/Audio/Music/arcade.uasset" 667
"C:/Users/Chris/Desktop/Sem 2 Github/Games-Prototyping/Games Prototyping2/Content/Shared_Resources/Audio/Music/arcade.uexp" 668
"C:/Users/Chris/Desktop/Sem 2 Github/Games-Prototyping/Games Prototyping2/Content/Shared_Resources/Audio/Impact/impactPlate_heavy_004.ubulk" 669
"C:/Users/Chris/Desktop/Sem 2 Github/Games-Prototyping/Games Prototyping2/Content/Shared_Resources/Audio/Impact/impactPlate_heavy_004.uasset" 670
"C:/Users/Chris/Desktop/Sem 2 Github/Games-Prototyping/Games Prototyping2/Content/Shared_Resources/Audio/Impact/impactPlate_heavy_004.uexp" 671
"C:/Users/Chris/Desktop/Sem 2 Github/Games-Prototyping/Games Prototyping2/Content/Shared_Resources/Audio/Impact/impactPlate_heavy_003.ubulk" 672
"C:/Users/Chris/Desktop/Sem 2 Github/Games-Prototyping/Games Prototyping2/Content/Shared_Resources/Audio/Impact/impactPlate_heavy_003.uasset" 673
"C:/Users/Chris/Desktop/Sem 2 Github/Games-Prototyping/Games Prototyping2/Content/Shared_Resources/Audio/Impact/impactPlate_heavy_003.uexp" 674
"C:/Users/Chris/Desktop/Sem 2 Github/Games-Prototyping/Games Prototyping2/Content/Shared_Resources/Audio/Impact/impactPlate_heavy_002.ubulk" 675
"C:/Users/Chris/Desktop/Sem 2 Github/Games-Prototyping/Games Prototyping2/Content/Shared_Resources/Audio/Impact/impactPlate_heavy_002.uasset" 676
"C:/Users/Chris/Desktop/Sem 2 Github/Games-Prototyping/Games Prototyping2/Content/Shared_Resources/Audio/Impact/impactPlate_heavy_002.uexp" 677
"C:/Users/Chris/Desktop/Sem 2 Github/Games-Prototyping/Games Prototyping2/Content/Shared_Resources/Audio/Impact/impactPlate_heavy_001.ubulk" 678
"C:/Users/Chris/Desktop/Sem 2 Github/Games-Prototyping/Games Prototyping2/Content/Shared_Resources/Audio/Impact/impactPlate_heavy_001.uasset" 679
"C:/Users/Chris/Desktop/Sem 2 Github/Games-Prototyping/Games Prototyping2/Content/Shared_Resources/Audio/Impact/impactPlate_heavy_001.uexp" 680
"C:/Users/Chris/Desktop/Sem 2 Github/Games-Prototyping/Games Prototyping2/Content/Shared_Resources/Audio/Impact/impactPlate_heavy_000.ubulk" 681
"C:/Users/Chris/Desktop/Sem 2 Github/Games-Prototyping/Games Prototyping2/Content/Shared_Resources/Audio/Impact/impactPlate_heavy_000.uasset" 682
"C:/Users/Chris/Desktop/Sem 2 Github/Games-Prototyping/Games Prototyping2/Content/Shared_Resources/Audio/Impact/impactPlate_heavy_000.uexp" 683
"C:/Users/Chris/Desktop/Sem 2 Github/Games-Prototyping/Games Prototyping2/Content/Shared_Resources/Audio/Impact/impactPlank_medium_004.ubulk" 684
"C:/Users/Chris/Desktop/Sem 2 Github/Games-Prototyping/Games Prototyping2/Content/Shared_Resources/Audio/Impact/impactPlank_medium_004.uasset" 685
"C:/Users/Chris/Desktop/Sem 2 Github/Games-Prototyping/Games Prototyping2/Content/Shared_Resources/Audio/Impact/impactPlank_medium_004.uexp" 686
"C:/Users/Chris/Desktop/Sem 2 Github/Games-Prototyping/Games Prototyping2/Content/Shared_Resources/Audio/Impact/impactPlank_medium_003.ubulk" 687
"C:/Users/Chris/Desktop/Sem 2 Github/Games-Prototyping/Games Prototyping2/Content/Shared_Resources/Audio/Impact/impactPlank_medium_003.uasset" 688
"C:/Users/Chris/Desktop/Sem 2 Github/Games-Prototyping/Games Prototyping2/Content/Shared_Resources/Audio/Impact/impactPlank_medium_003.uexp" 689
"C:/Users/Chris/Desktop/Sem 2 Github/Games-Prototyping/Games Prototyping2/Content/Shared_Resources/Audio/Impact/impactPlank_medium_002.ubulk" 690
"C:/Users/Chris/Desktop/Sem 2 Github/Games-Prototyping/Games Prototyping2/Content/Shared_Resources/Audio/Impact/impactPlank_medium_002.uasset" 691
"C:/Users/Chris/Desktop/Sem 2 Github/Games-Prototyping/Games Prototyping2/Content/Shared_Resources/Audio/Impact/impactPlank_medium_002.uexp" 692
"C:/Users/Chris/Desktop/Sem 2 Github/Games-Prototyping/Games Prototyping2/Content/Shared_Resources/Audio/Impact/impactPlank_medium_001.ubulk" 693
"C:/Users/Chris/Desktop/Sem 2 Github/Games-Prototyping/Games Prototyping2/Content/Shared_Resources/Audio/Impact/impactPlank_medium_001.uasset" 694
"C:/Users/Chris/Desktop/Sem 2 Github/Games-Prototyping/Games Prototyping2/Content/Shared_Resources/Audio/Impact/impactPlank_medium_001.uexp" 695
"C:/Users/Chris/Desktop/Sem 2 Github/Games-Prototyping/Games Prototyping2/Content/Shared_Resources/Audio/Impact/impactPlank_medium_000.ubulk" 696
"C:/Users/Chris/Desktop/Sem 2 Github/Games-Prototyping/Games Prototyping2/Content/Shared_Resources/Audio/Impact/impactPlank_medium_000.uasset" 697
"C:/Users/Chris/Desktop/Sem 2 Github/Games-Prototyping/Games Prototyping2/Content/Shared_Resources/Audio/Impact/impactPlank_medium_000.uexp" 698
"C:/Users/Chris/Desktop/Sem 2 Github/Games-Prototyping/Games Prototyping2/Content/Shared_Resources/Audio/Footsteps/footstep_grass_004.ubulk" 699
"C:/Users/Chris/Desktop/Sem 2 Github/Games-Prototyping/Games Prototyping2/Content/Shared_Resources/Audio/Footsteps/footstep_grass_004.uasset" 700
"C:/Users/Chris/Desktop/Sem 2 Github/Games-Prototyping/Games Prototyping2/Content/Shared_Resources/Audio/Footsteps/footstep_grass_004.uexp" 701
"C:/Users/Chris/Desktop/Sem 2 Github/Games-Prototyping/Games Prototyping2/Content/Shared_Resources/Audio/Footsteps/footstep_grass_003.ubulk" 702
"C:/Users/Chris/Desktop/Sem 2 Github/Games-Prototyping/Games Prototyping2/Content/Shared_Resources/Audio/Footsteps/footstep_grass_003.uasset" 703
"C:/Users/Chris/Desktop/Sem 2 Github/Games-Prototyping/Games Prototyping2/Content/Shared_Resources/Audio/Footsteps/footstep_grass_003.uexp" 704
"C:/Users/Chris/Desktop/Sem 2 Github/Games-Prototyping/Games Prototyping2/Content/Shared_Resources/Audio/Footsteps/footstep_grass_002.ubulk" 705
"C:/Users/Chris/Desktop/Sem 2 Github/Games-Prototyping/Games Prototyping2/Content/Shared_Resources/Audio/Footsteps/footstep_grass_002.uasset" 706
"C:/Users/Chris/Desktop/Sem 2 Github/Games-Prototyping/Games Prototyping2/Content/Shared_Resources/Audio/Footsteps/footstep_grass_002.uexp" 707
"C:/Users/Chris/Desktop/Sem 2 Github/Games-Prototyping/Games Prototyping2/Content/Shared_Resources/Audio/Footsteps/footstep_grass_001.ubulk" 708
"C:/Users/Chris/Desktop/Sem 2 Github/Games-Prototyping/Games Prototyping2/Content/Shared_Resources/Audio/Footsteps/footstep_grass_001.uasset" 709
"C:/Users/Chris/Desktop/Sem 2 Github/Games-Prototyping/Games Prototyping2/Content/Shared_Resources/Audio/Footsteps/footstep_grass_001.uexp" 710
"C:/Users/Chris/Desktop/Sem 2 Github/Games-Prototyping/Games Prototyping2/Content/Shared_Resources/Audio/Footsteps/footstep_grass_000.ubulk" 711
"C:/Users/Chris/Desktop/Sem 2 Github/Games-Prototyping/Games Prototyping2/Content/Shared_Resources/Audio/Footsteps/footstep_grass_000.uasset" 712
"C:/Users/Chris/Desktop/Sem 2 Github/Games-Prototyping/Games Prototyping2/Content/Shared_Resources/Audio/Footsteps/footstep_grass_000.uexp" 713
"C:/Users/Chris/Desktop/Sem 2 Github/Games-Prototyping/Games Prototyping2/Content/Shared_Resources/Audio/Footsteps/footstep_concrete_004.ubulk" 714
"C:/Users/Chris/Desktop/Sem 2 Github/Games-Prototyping/Games Prototyping2/Content/Shared_Resources/Audio/Footsteps/footstep_concrete_004.uasset" 715
"C:/Users/Chris/Desktop/Sem 2 Github/Games-Prototyping/Games Prototyping2/Content/Shared_Resources/Audio/Footsteps/footstep_concrete_004.uexp" 716
"C:/Users/Chris/Desktop/Sem 2 Github/Games-Prototyping/Games Prototyping2/Content/Shared_Resources/Audio/Footsteps/footstep_concrete_003.ubulk" 717
"C:/Users/Chris/Desktop/Sem 2 Github/Games-Prototyping/Games Prototyping2/Content/Shared_Resources/Audio/Footsteps/footstep_concrete_003.uasset" 718
"C:/Users/Chris/Desktop/Sem 2 Github/Games-Prototyping/Games Prototyping2/Content/Shared_Resources/Audio/Footsteps/footstep_concrete_003.uexp" 719
"C:/Users/Chris/Desktop/Sem 2 Github/Games-Prototyping/Games Prototyping2/Content/Shared_Resources/Audio/Footsteps/footstep_concrete_002.ubulk" 720
"C:/Users/Chris/Desktop/Sem 2 Github/Games-Prototyping/Games Prototyping2/Content/Shared_Resources/Audio/Footsteps/footstep_concrete_002.uasset" 721
"C:/Users/Chris/Desktop/Sem 2 Github/Games-Prototyping/Games Prototyping2/Content/Shared_Resources/Audio/Footsteps/footstep_concrete_002.uexp" 722
"C:/Users/Chris/Desktop/Sem 2 Github/Games-Prototyping/Games Prototyping2/Content/Shared_Resources/Audio/Footsteps/footstep_concrete_001.ubulk" 723
"C:/Users/Chris/Desktop/Sem 2 Github/Games-Prototyping/Games Prototyping2/Content/Shared_Resources/Audio/Footsteps/footstep_concrete_001.uasset" 724
"C:/Users/Chris/Desktop/Sem 2 Github/Games-Prototyping/Games Prototyping2/Content/Shared_Resources/Audio/Footsteps/footstep_concrete_001.uexp" 725
"C:/Users/Chris/Desktop/Sem 2 Github/Games-Prototyping/Games Prototyping2/Content/Shared_Resources/Audio/Footsteps/footstep_concrete_000.ubulk" 726
"C:/Users/Chris/Desktop/Sem 2 Github/Games-Prototyping/Games Prototyping2/Content/Shared_Resources/Audio/Footsteps/footstep_concrete_000.uasset" 727
"C:/Users/Chris/Desktop/Sem 2 Github/Games-Prototyping/Games Prototyping2/Content/Shared_Resources/Audio/Footsteps/footstep_concrete_000.uexp" 728
"C:/Users/Chris/Desktop/Sem 2 Github/Games-Prototyping/Games Prototyping2/Content/Shared_Resources/Audio/Character/PickUp.ubulk" 729
"C:/Users/Chris/Desktop/Sem 2 Github/Games-Prototyping/Games Prototyping2/Content/Shared_Resources/Audio/Character/PickUp.uasset" 730
"C:/Users/Chris/Desktop/Sem 2 Github/Games-Prototyping/Games Prototyping2/Content/Shared_Resources/Audio/Character/PickUp.uexp" 731
"C:/Users/Chris/Desktop/Sem 2 Github/Games-Prototyping/Games Prototyping2/Content/Shared_Resources/Audio/Character/phaseJump1.ubulk" 732
"C:/Users/Chris/Desktop/Sem 2 Github/Games-Prototyping/Games Prototyping2/Content/Shared_Resources/Audio/Character/phaseJump1.uasset" 733
"C:/Users/Chris/Desktop/Sem 2 Github/Games-Prototyping/Games Prototyping2/Content/Shared_Resources/Audio/Character/phaseJump1.uexp" 734
"C:/Users/Chris/Desktop/Sem 2 Github/Games-Prototyping/Games Prototyping2/Content/Shared_Resources/Audio/Character/Hurt.ubulk" 735
"C:/Users/Chris/Desktop/Sem 2 Github/Games-Prototyping/Games Prototyping2/Content/Shared_Resources/Audio/Character/Hurt.uasset" 736
"C:/Users/Chris/Desktop/Sem 2 Github/Games-Prototyping/Games Prototyping2/Content/Shared_Resources/Audio/Character/Hurt.uexp" 737
"C:/Users/Chris/Desktop/Sem 2 Github/Games-Prototyping/Games Prototyping2/Content/Shared_Resources/Audio/Character/Dead.ubulk" 738
"C:/Users/Chris/Desktop/Sem 2 Github/Games-Prototyping/Games Prototyping2/Content/Shared_Resources/Audio/Character/Dead.uasset" 739
"C:/Users/Chris/Desktop/Sem 2 Github/Games-Prototyping/Games Prototyping2/Content/Shared_Resources/Audio/Character/Dead.uexp" 740
"../../../Engine/Content/Functions/Engine_MaterialFunctions01/Shading/PowerToRoughness.uasset" 741
"../../../Engine/Content/Functions/Engine_MaterialFunctions01/Shading/PowerToRoughness.uexp" 742
"../../../Engine/Content/Functions/Engine_MaterialFunctions01/Shading/ConvertFromDiffSpec.uasset" 743
"../../../Engine/Content/Functions/Engine_MaterialFunctions01/Shading/ConvertFromDiffSpec.uexp" 744
"C:/Users/Chris/Desktop/Sem 2 Github/Games-Prototyping/Games Prototyping2/Content/ExpressFarmin_Project/GS_MazeProject/Resources/FX/MAT_ParticleSphere.uasset" 745
"C:/Users/Chris/Desktop/Sem 2 Github/Games-Prototyping/Games Prototyping2/Content/ExpressFarmin_Project/GS_MazeProject/Resources/FX/MAT_ParticleSphere.uexp" 746
"C:/Users/Chris/Desktop/Sem 2 Github/Games-Prototyping/Games Prototyping2/Content/ExpressFarmin_Project/GS_MazeProject/Resources/Audio/Animals/RandomCues/Moo/Moo5.ubulk" 747
"C:/Users/Chris/Desktop/Sem 2 Github/Games-Prototyping/Games Prototyping2/Content/ExpressFarmin_Project/GS_MazeProject/Resources/Audio/Animals/RandomCues/Moo/Moo5.uasset" 748
"C:/Users/Chris/Desktop/Sem 2 Github/Games-Prototyping/Games Prototyping2/Content/ExpressFarmin_Project/GS_MazeProject/Resources/Audio/Animals/RandomCues/Moo/Moo5.uexp" 749
"C:/Users/Chris/Desktop/Sem 2 Github/Games-Prototyping/Games Prototyping2/Content/ExpressFarmin_Project/GS_MazeProject/Resources/Audio/Animals/RandomCues/Moo/Moo4.ubulk" 750
"C:/Users/Chris/Desktop/Sem 2 Github/Games-Prototyping/Games Prototyping2/Content/ExpressFarmin_Project/GS_MazeProject/Resources/Audio/Animals/RandomCues/Moo/Moo4.uasset" 751
"C:/Users/Chris/Desktop/Sem 2 Github/Games-Prototyping/Games Prototyping2/Content/ExpressFarmin_Project/GS_MazeProject/Resources/Audio/Animals/RandomCues/Moo/Moo4.uexp" 752
"C:/Users/Chris/Desktop/Sem 2 Github/Games-Prototyping/Games Prototyping2/Content/ExpressFarmin_Project/GS_MazeProject/Resources/Audio/Animals/RandomCues/Moo/Moo3.ubulk" 753
"C:/Users/Chris/Desktop/Sem 2 Github/Games-Prototyping/Games Prototyping2/Content/ExpressFarmin_Project/GS_MazeProject/Resources/Audio/Animals/RandomCues/Moo/Moo3.uasset" 754
"C:/Users/Chris/Desktop/Sem 2 Github/Games-Prototyping/Games Prototyping2/Content/ExpressFarmin_Project/GS_MazeProject/Resources/Audio/Animals/RandomCues/Moo/Moo3.uexp" 755
"C:/Users/Chris/Desktop/Sem 2 Github/Games-Prototyping/Games Prototyping2/Content/ExpressFarmin_Project/GS_MazeProject/Resources/Audio/Animals/RandomCues/Moo/Moo2.ubulk" 756
"C:/Users/Chris/Desktop/Sem 2 Github/Games-Prototyping/Games Prototyping2/Content/ExpressFarmin_Project/GS_MazeProject/Resources/Audio/Animals/RandomCues/Moo/Moo2.uasset" 757
"C:/Users/Chris/Desktop/Sem 2 Github/Games-Prototyping/Games Prototyping2/Content/ExpressFarmin_Project/GS_MazeProject/Resources/Audio/Animals/RandomCues/Moo/Moo2.uexp" 758
"C:/Users/Chris/Desktop/Sem 2 Github/Games-Prototyping/Games Prototyping2/Content/ExpressFarmin_Project/GS_MazeProject/Resources/Audio/Animals/RandomCues/Moo/Moo1.ubulk" 759
"C:/Users/Chris/Desktop/Sem 2 Github/Games-Prototyping/Games Prototyping2/Content/ExpressFarmin_Project/GS_MazeProject/Resources/Audio/Animals/RandomCues/Moo/Moo1.uasset" 760
"C:/Users/Chris/Desktop/Sem 2 Github/Games-Prototyping/Games Prototyping2/Content/ExpressFarmin_Project/GS_MazeProject/Resources/Audio/Animals/RandomCues/Moo/Moo1.uexp" 761
"C:/Users/Chris/Desktop/Sem 2 Github/Games-Prototyping/Games Prototyping2/Content/ExpressFarmin_Project/GS_MazeProject/Resources/Audio/Animals/RandomCues/Moo/Moo0.ubulk" 762
"C:/Users/Chris/Desktop/Sem 2 Github/Games-Prototyping/Games Prototyping2/Content/ExpressFarmin_Project/GS_MazeProject/Resources/Audio/Animals/RandomCues/Moo/Moo0.uasset" 763
"C:/Users/Chris/Desktop/Sem 2 Github/Games-Prototyping/Games Prototyping2/Content/ExpressFarmin_Project/GS_MazeProject/Resources/Audio/Animals/RandomCues/Moo/Moo0.uexp" 764
"C:/Users/Chris/Desktop/Sem 2 Github/Games-Prototyping/Games Prototyping2/Content/ExpressFarmin_Project/GS_MazeProject/Resources/Audio/Animals/RandomCues/Moo/CowMoo.uasset" 765
"C:/Users/Chris/Desktop/Sem 2 Github/Games-Prototyping/Games Prototyping2/Content/ExpressFarmin_Project/GS_MazeProject/Resources/Audio/Animals/RandomCues/Moo/CowMoo.uexp" 766
"C:/Users/Chris/Desktop/Sem 2 Github/Games-Prototyping/Games Prototyping2/Content/ExpressFarmin_Project/GS_MazeProject/Resources/AnimalBlueprints/T_RandomSoundCue.uasset" 767
"C:/Users/Chris/Desktop/Sem 2 Github/Games-Prototyping/Games Prototyping2/Content/ExpressFarmin_Project/GS_MazeProject/Resources/AnimalBlueprints/T_RandomSoundCue.uexp" 768
"C:/Users/Chris/Desktop/Sem 2 Github/Games-Prototyping/Games Prototyping2/Content/Shared_Resources/Shapes/Static_Meshes/Walls/Window_Frame_400X320X20_Small_Tall.ubulk" 769
"C:/Users/Chris/Desktop/Sem 2 Github/Games-Prototyping/Games Prototyping2/Content/Shared_Resources/Shapes/Static_Meshes/Walls/Window_Frame_400X320X20_Small_Tall.uasset" 770
"C:/Users/Chris/Desktop/Sem 2 Github/Games-Prototyping/Games Prototyping2/Content/Shared_Resources/Shapes/Static_Meshes/Walls/Window_Frame_400X320X20_Small_Tall.uexp" 771
"../../../Engine/Content/Functions/Engine_MaterialFunctions02/Texturing/CustomRotator.uasset" 772
"../../../Engine/Content/Functions/Engine_MaterialFunctions02/Texturing/CustomRotator.uexp" 773
"C:/Users/Chris/Desktop/Sem 2 Github/Games-Prototyping/Games Prototyping2/Content/Shared_Resources/Materials_Textures/Textures/Small_Grid.ubulk" 774
"C:/Users/Chris/Desktop/Sem 2 Github/Games-Prototyping/Games Prototyping2/Content/Shared_Resources/Materials_Textures/Textures/Small_Grid.uasset" 775
"C:/Users/Chris/Desktop/Sem 2 Github/Games-Prototyping/Games Prototyping2/Content/Shared_Resources/Materials_Textures/Textures/Small_Grid.uexp" 776
"C:/Users/Chris/Desktop/Sem 2 Github/Games-Prototyping/Games Prototyping2/Content/Shared_Resources/Materials_Textures/Textures/Panel_02.uasset" 777
"C:/Users/Chris/Desktop/Sem 2 Github/Games-Prototyping/Games Prototyping2/Content/Shared_Resources/Materials_Textures/Textures/Panel_02.uexp" 778
"C:/Users/Chris/Desktop/Sem 2 Github/Games-Prototyping/Games Prototyping2/Content/Shared_Resources/Materials_Textures/Textures/Panel_01.uasset" 779
"C:/Users/Chris/Desktop/Sem 2 Github/Games-Prototyping/Games Prototyping2/Content/Shared_Resources/Materials_Textures/Textures/Panel_01.uexp" 780
"C:/Users/Chris/Desktop/Sem 2 Github/Games-Prototyping/Games Prototyping2/Content/Shared_Resources/Materials_Textures/Luos_MatFunctions/Luos_WorldAlignedTextureAndRotation.uasset" 781
"C:/Users/Chris/Desktop/Sem 2 Github/Games-Prototyping/Games Prototyping2/Content/Shared_Resources/Materials_Textures/Luos_MatFunctions/Luos_WorldAlignedTextureAndRotation.uexp" 782
"C:/Users/Chris/Desktop/Sem 2 Github/Games-Prototyping/Games Prototyping2/Content/Shared_Resources/Materials_Textures/Grid_Materials/Master_Materials/Master_Material.uasset" 783
"C:/Users/Chris/Desktop/Sem 2 Github/Games-Prototyping/Games Prototyping2/Content/Shared_Resources/Materials_Textures/Grid_Materials/Master_Materials/Master_Material.uexp" 784
"C:/Users/Chris/Desktop/Sem 2 Github/Games-Prototyping/Games Prototyping2/Content/Shared_Resources/Materials_Textures/Grid_Materials/Green_Gold_1Meter1.uasset" 785
"C:/Users/Chris/Desktop/Sem 2 Github/Games-Prototyping/Games Prototyping2/Content/Shared_Resources/Materials_Textures/Grid_Materials/Green_Gold_1Meter1.uexp" 786
"C:/Users/Chris/Desktop/Sem 2 Github/Games-Prototyping/Games Prototyping2/Content/Shared_Resources/Shapes/Walls_Floors/Walls/Wall_200X180X20.uasset" 787
"C:/Users/Chris/Desktop/Sem 2 Github/Games-Prototyping/Games Prototyping2/Content/Shared_Resources/Shapes/Walls_Floors/Walls/Wall_200X180X20.uexp" 788
"../../../Engine/Content/Engine_MI_Shaders/T_Base_Tile_DetailNormal.ubulk" 789
"../../../Engine/Content/Engine_MI_Shaders/T_Base_Tile_DetailNormal.uasset" 790
"../../../Engine/Content/Engine_MI_Shaders/T_Base_Tile_DetailNormal.uexp" 791
"C:/Users/Chris/Desktop/Sem 2 Github/Games-Prototyping/Games Prototyping2/Content/Shared_Resources/Materials_Textures/Grid_Materials/Master_Materials/Glass_Mat.uasset" 792
"C:/Users/Chris/Desktop/Sem 2 Github/Games-Prototyping/Games Prototyping2/Content/Shared_Resources/Materials_Textures/Grid_Materials/Master_Materials/Glass_Mat.uexp" 793
"C:/Users/Chris/Desktop/Sem 2 Github/Games-Prototyping/Games Prototyping2/Content/Shared_Resources/Materials_Textures/Grid_Materials/Glass_Mat_Inst.uasset" 794
"C:/Users/Chris/Desktop/Sem 2 Github/Games-Prototyping/Games Prototyping2/Content/Shared_Resources/Materials_Textures/Grid_Materials/Glass_Mat_Inst.uexp" 795
"C:/Users/Chris/Desktop/Sem 2 Github/Games-Prototyping/Games Prototyping2/Content/Shared_Resources/Shapes/Static_Meshes/Walls/Window_Frame_400X320X20.ubulk" 796
"C:/Users/Chris/Desktop/Sem 2 Github/Games-Prototyping/Games Prototyping2/Content/Shared_Resources/Shapes/Static_Meshes/Walls/Window_Frame_400X320X20.uasset" 797
"C:/Users/Chris/Desktop/Sem 2 Github/Games-Prototyping/Games Prototyping2/Content/Shared_Resources/Shapes/Static_Meshes/Walls/Window_Frame_400X320X20.uexp" 798
"C:/Users/Chris/Desktop/Sem 2 Github/Games-Prototyping/Games Prototyping2/Content/Shared_Resources/Shapes/Walls_Floors/Walls/Window_Frame_400X320X20.uasset" 799
"C:/Users/Chris/Desktop/Sem 2 Github/Games-Prototyping/Games Prototyping2/Content/Shared_Resources/Shapes/Walls_Floors/Walls/Window_Frame_400X320X20.uexp" 800
"C:/Users/Chris/Desktop/Sem 2 Github/Games-Prototyping/Games Prototyping2/Content/Shared_Resources/Shapes/Walls_Floors/Walls/Window_Frame_400X320X20_Tall.uasset" 801
"C:/Users/Chris/Desktop/Sem 2 Github/Games-Prototyping/Games Prototyping2/Content/Shared_Resources/Shapes/Walls_Floors/Walls/Window_Frame_400X320X20_Tall.uexp" 802
"C:/Users/Chris/Desktop/Sem 2 Github/Games-Prototyping/Games Prototyping2/Content/Shared_Resources/Shapes/Static_Meshes/Walls/Window_Frame_400X320X20_Port_Small.ubulk" 803
"C:/Users/Chris/Desktop/Sem 2 Github/Games-Prototyping/Games Prototyping2/Content/Shared_Resources/Shapes/Static_Meshes/Walls/Window_Frame_400X320X20_Port_Small.uasset" 804
"C:/Users/Chris/Desktop/Sem 2 Github/Games-Prototyping/Games Prototyping2/Content/Shared_Resources/Shapes/Static_Meshes/Walls/Window_Frame_400X320X20_Port_Small.uexp" 805
"C:/Users/Chris/Desktop/Sem 2 Github/Games-Prototyping/Games Prototyping2/Content/Shared_Resources/Shapes/Walls_Floors/Walls/Window_Frame_400X320X20_Port_Small.uasset" 806
"C:/Users/Chris/Desktop/Sem 2 Github/Games-Prototyping/Games Prototyping2/Content/Shared_Resources/Shapes/Walls_Floors/Walls/Window_Frame_400X320X20_Port_Small.uexp" 807
"C:/Users/Chris/Desktop/Sem 2 Github/Games-Prototyping/Games Prototyping2/Content/Shared_Resources/Shapes/Static_Meshes/Walls/Window_Frame_400X320X20_Port.ubulk" 808
"C:/Users/Chris/Desktop/Sem 2 Github/Games-Prototyping/Games Prototyping2/Content/Shared_Resources/Shapes/Static_Meshes/Walls/Window_Frame_400X320X20_Port.uasset" 809
"C:/Users/Chris/Desktop/Sem 2 Github/Games-Prototyping/Games Prototyping2/Content/Shared_Resources/Shapes/Static_Meshes/Walls/Window_Frame_400X320X20_Port.uexp" 810
"C:/Users/Chris/Desktop/Sem 2 Github/Games-Prototyping/Games Prototyping2/Content/Shared_Resources/Shapes/Walls_Floors/Walls/Window_Frame_400X320X20_Portrait.uasset" 811
"C:/Users/Chris/Desktop/Sem 2 Github/Games-Prototyping/Games Prototyping2/Content/Shared_Resources/Shapes/Walls_Floors/Walls/Window_Frame_400X320X20_Portrait.uexp" 812
"C:/Users/Chris/Desktop/Sem 2 Github/Games-Prototyping/Games Prototyping2/Content/Shared_Resources/Shapes/Static_Meshes/Walls/Window_Frame_400X320X20_Large_Tall.ubulk" 813
"C:/Users/Chris/Desktop/Sem 2 Github/Games-Prototyping/Games Prototyping2/Content/Shared_Resources/Shapes/Static_Meshes/Walls/Window_Frame_400X320X20_Large_Tall.uasset" 814
"C:/Users/Chris/Desktop/Sem 2 Github/Games-Prototyping/Games Prototyping2/Content/Shared_Resources/Shapes/Static_Meshes/Walls/Window_Frame_400X320X20_Large_Tall.uexp" 815
"C:/Users/Chris/Desktop/Sem 2 Github/Games-Prototyping/Games Prototyping2/Content/Shared_Resources/Shapes/Walls_Floors/Walls/Window_Frame_400X320X20_Large_Tall.uasset" 816
"C:/Users/Chris/Desktop/Sem 2 Github/Games-Prototyping/Games Prototyping2/Content/Shared_Resources/Shapes/Walls_Floors/Walls/Window_Frame_400X320X20_Large_Tall.uexp" 817
"C:/Users/Chris/Desktop/Sem 2 Github/Games-Prototyping/Games Prototyping2/Content/Shared_Resources/Shapes/Static_Meshes/Walls/Window_Frame_400X320X20_Large.ubulk" 818
"C:/Users/Chris/Desktop/Sem 2 Github/Games-Prototyping/Games Prototyping2/Content/Shared_Resources/Shapes/Static_Meshes/Walls/Window_Frame_400X320X20_Large.uasset" 819
"C:/Users/Chris/Desktop/Sem 2 Github/Games-Prototyping/Games Prototyping2/Content/Shared_Resources/Shapes/Static_Meshes/Walls/Window_Frame_400X320X20_Large.uexp" 820
"C:/Users/Chris/Desktop/Sem 2 Github/Games-Prototyping/Games Prototyping2/Content/Shared_Resources/Shapes/Walls_Floors/Walls/Window_Frame_400X320X20_Large.uasset" 821
"C:/Users/Chris/Desktop/Sem 2 Github/Games-Prototyping/Games Prototyping2/Content/Shared_Resources/Shapes/Walls_Floors/Walls/Window_Frame_400X320X20_Large.uexp" 822
"C:/Users/Chris/Desktop/Sem 2 Github/Games-Prototyping/Games Prototyping2/Content/Shared_Resources/Shapes/Walls_Floors/Walls/Window.uasset" 823
"C:/Users/Chris/Desktop/Sem 2 Github/Games-Prototyping/Games Prototyping2/Content/Shared_Resources/Shapes/Walls_Floors/Walls/Window.uexp" 824
"C:/Users/Chris/Desktop/Sem 2 Github/Games-Prototyping/Games Prototyping2/Content/Shared_Resources/Shapes/Static_Meshes/Walls/Wall_Corner_Bulgefbx.ubulk" 825
"C:/Users/Chris/Desktop/Sem 2 Github/Games-Prototyping/Games Prototyping2/Content/Shared_Resources/Shapes/Static_Meshes/Walls/Wall_Corner_Bulgefbx.uasset" 826
"C:/Users/Chris/Desktop/Sem 2 Github/Games-Prototyping/Games Prototyping2/Content/Shared_Resources/Shapes/Static_Meshes/Walls/Wall_Corner_Bulgefbx.uexp" 827
"C:/Users/Chris/Desktop/Sem 2 Github/Games-Prototyping/Games Prototyping2/Content/Shared_Resources/Shapes/Walls_Floors/Walls/Wall_Corner_Buldge.uasset" 828
"C:/Users/Chris/Desktop/Sem 2 Github/Games-Prototyping/Games Prototyping2/Content/Shared_Resources/Shapes/Walls_Floors/Walls/Wall_Corner_Buldge.uexp" 829
"C:/Users/Chris/Desktop/Sem 2 Github/Games-Prototyping/Games Prototyping2/Content/Shared_Resources/Shapes/Static_Meshes/Walls/Wall_Corner_Beveled.ubulk" 830
"C:/Users/Chris/Desktop/Sem 2 Github/Games-Prototyping/Games Prototyping2/Content/Shared_Resources/Shapes/Static_Meshes/Walls/Wall_Corner_Beveled.uasset" 831
"C:/Users/Chris/Desktop/Sem 2 Github/Games-Prototyping/Games Prototyping2/Content/Shared_Resources/Shapes/Static_Meshes/Walls/Wall_Corner_Beveled.uexp" 832
"C:/Users/Chris/Desktop/Sem 2 Github/Games-Prototyping/Games Prototyping2/Content/Shared_Resources/Shapes/Walls_Floors/Walls/Wall_Corner_Beveled.uasset" 833
"C:/Users/Chris/Desktop/Sem 2 Github/Games-Prototyping/Games Prototyping2/Content/Shared_Resources/Shapes/Walls_Floors/Walls/Wall_Corner_Beveled.uexp" 834
"C:/Users/Chris/Desktop/Sem 2 Github/Games-Prototyping/Games Prototyping2/Content/Shared_Resources/Shapes/Static_Meshes/Walls/Wall_Corner.ubulk" 835
"C:/Users/Chris/Desktop/Sem 2 Github/Games-Prototyping/Games Prototyping2/Content/Shared_Resources/Shapes/Static_Meshes/Walls/Wall_Corner.uasset" 836
"C:/Users/Chris/Desktop/Sem 2 Github/Games-Prototyping/Games Prototyping2/Content/Shared_Resources/Shapes/Static_Meshes/Walls/Wall_Corner.uexp" 837
"C:/Users/Chris/Desktop/Sem 2 Github/Games-Prototyping/Games Prototyping2/Content/Shared_Resources/Shapes/Walls_Floors/Walls/Wall_Corner.uasset" 838
"C:/Users/Chris/Desktop/Sem 2 Github/Games-Prototyping/Games Prototyping2/Content/Shared_Resources/Shapes/Walls_Floors/Walls/Wall_Corner.uexp" 839
"C:/Users/Chris/Desktop/Sem 2 Github/Games-Prototyping/Games Prototyping2/Content/Shared_Resources/Shapes/Static_Meshes/Walls/Floor_Bend_Half.ubulk" 840
"C:/Users/Chris/Desktop/Sem 2 Github/Games-Prototyping/Games Prototyping2/Content/Shared_Resources/Shapes/Static_Meshes/Walls/Floor_Bend_Half.uasset" 841
"C:/Users/Chris/Desktop/Sem 2 Github/Games-Prototyping/Games Prototyping2/Content/Shared_Resources/Shapes/Static_Meshes/Walls/Floor_Bend_Half.uexp" 842
"C:/Users/Chris/Desktop/Sem 2 Github/Games-Prototyping/Games Prototyping2/Content/Shared_Resources/Shapes/Walls_Floors/Walls/Wall_Blend_Half.uasset" 843
"C:/Users/Chris/Desktop/Sem 2 Github/Games-Prototyping/Games Prototyping2/Content/Shared_Resources/Shapes/Walls_Floors/Walls/Wall_Blend_Half.uexp" 844
"C:/Users/Chris/Desktop/Sem 2 Github/Games-Prototyping/Games Prototyping2/Content/Shared_Resources/Shapes/Static_Meshes/Walls/Floor_Bend_Full.ubulk" 845
"C:/Users/Chris/Desktop/Sem 2 Github/Games-Prototyping/Games Prototyping2/Content/Shared_Resources/Shapes/Static_Meshes/Walls/Floor_Bend_Full.uasset" 846
"C:/Users/Chris/Desktop/Sem 2 Github/Games-Prototyping/Games Prototyping2/Content/Shared_Resources/Shapes/Static_Meshes/Walls/Floor_Bend_Full.uexp" 847
"C:/Users/Chris/Desktop/Sem 2 Github/Games-Prototyping/Games Prototyping2/Content/Shared_Resources/Shapes/Walls_Floors/Walls/Wall_Blend_Full.uasset" 848
"C:/Users/Chris/Desktop/Sem 2 Github/Games-Prototyping/Games Prototyping2/Content/Shared_Resources/Shapes/Walls_Floors/Walls/Wall_Blend_Full.uexp" 849
"C:/Users/Chris/Desktop/Sem 2 Github/Games-Prototyping/Games Prototyping2/Content/Shared_Resources/Shapes/Static_Meshes/Cylinder/Wall_Beveled_Small.ubulk" 850
"C:/Users/Chris/Desktop/Sem 2 Github/Games-Prototyping/Games Prototyping2/Content/Shared_Resources/Shapes/Static_Meshes/Cylinder/Wall_Beveled_Small.uasset" 851
"C:/Users/Chris/Desktop/Sem 2 Github/Games-Prototyping/Games Prototyping2/Content/Shared_Resources/Shapes/Static_Meshes/Cylinder/Wall_Beveled_Small.uexp" 852
"C:/Users/Chris/Desktop/Sem 2 Github/Games-Prototyping/Games Prototyping2/Content/Shared_Resources/Shapes/Walls_Floors/Walls/Wall_Beveled3.uasset" 853
"C:/Users/Chris/Desktop/Sem 2 Github/Games-Prototyping/Games Prototyping2/Content/Shared_Resources/Shapes/Walls_Floors/Walls/Wall_Beveled3.uexp" 854
"C:/Users/Chris/Desktop/Sem 2 Github/Games-Prototyping/Games Prototyping2/Content/Shared_Resources/Shapes/Static_Meshes/Cylinder/Wall_Beveled_XSmall.ubulk" 855
"C:/Users/Chris/Desktop/Sem 2 Github/Games-Prototyping/Games Prototyping2/Content/Shared_Resources/Shapes/Static_Meshes/Cylinder/Wall_Beveled_XSmall.uasset" 856
"C:/Users/Chris/Desktop/Sem 2 Github/Games-Prototyping/Games Prototyping2/Content/Shared_Resources/Shapes/Static_Meshes/Cylinder/Wall_Beveled_XSmall.uexp" 857
"C:/Users/Chris/Desktop/Sem 2 Github/Games-Prototyping/Games Prototyping2/Content/Shared_Resources/Shapes/Walls_Floors/Walls/Wall_Beveled2.uasset" 858
"C:/Users/Chris/Desktop/Sem 2 Github/Games-Prototyping/Games Prototyping2/Content/Shared_Resources/Shapes/Walls_Floors/Walls/Wall_Beveled2.uexp" 859
"C:/Users/Chris/Desktop/Sem 2 Github/Games-Prototyping/Games Prototyping2/Content/Shared_Resources/Shapes/Static_Meshes/Cylinder/Wall_Beveled.ubulk" 860
"C:/Users/Chris/Desktop/Sem 2 Github/Games-Prototyping/Games Prototyping2/Content/Shared_Resources/Shapes/Static_Meshes/Cylinder/Wall_Beveled.uasset" 861
"C:/Users/Chris/Desktop/Sem 2 Github/Games-Prototyping/Games Prototyping2/Content/Shared_Resources/Shapes/Static_Meshes/Cylinder/Wall_Beveled.uexp" 862
"C:/Users/Chris/Desktop/Sem 2 Github/Games-Prototyping/Games Prototyping2/Content/Shared_Resources/Shapes/Walls_Floors/Walls/Wall_Beveled.uasset" 863
"C:/Users/Chris/Desktop/Sem 2 Github/Games-Prototyping/Games Prototyping2/Content/Shared_Resources/Shapes/Walls_Floors/Walls/Wall_Beveled.uexp" 864
"C:/Users/Chris/Desktop/Sem 2 Github/Games-Prototyping/Games Prototyping2/Content/Shared_Resources/Shapes/Static_Meshes/Walls/Floor_Bend_out.ubulk" 865
"C:/Users/Chris/Desktop/Sem 2 Github/Games-Prototyping/Games Prototyping2/Content/Shared_Resources/Shapes/Static_Meshes/Walls/Floor_Bend_out.uasset" 866
"C:/Users/Chris/Desktop/Sem 2 Github/Games-Prototyping/Games Prototyping2/Content/Shared_Resources/Shapes/Static_Meshes/Walls/Floor_Bend_out.uexp" 867
"C:/Users/Chris/Desktop/Sem 2 Github/Games-Prototyping/Games Prototyping2/Content/Shared_Resources/Shapes/Walls_Floors/Walls/Wall_Bend_Out.uasset" 868
"C:/Users/Chris/Desktop/Sem 2 Github/Games-Prototyping/Games Prototyping2/Content/Shared_Resources/Shapes/Walls_Floors/Walls/Wall_Bend_Out.uexp" 869
"C:/Users/Chris/Desktop/Sem 2 Github/Games-Prototyping/Games Prototyping2/Content/Shared_Resources/Shapes/Static_Meshes/Walls/600X320X20.ubulk" 870
"C:/Users/Chris/Desktop/Sem 2 Github/Games-Prototyping/Games Prototyping2/Content/Shared_Resources/Shapes/Static_Meshes/Walls/600X320X20.uasset" 871
"C:/Users/Chris/Desktop/Sem 2 Github/Games-Prototyping/Games Prototyping2/Content/Shared_Resources/Shapes/Static_Meshes/Walls/600X320X20.uexp" 872
"C:/Users/Chris/Desktop/Sem 2 Github/Games-Prototyping/Games Prototyping2/Content/Shared_Resources/Shapes/Walls_Floors/Walls/Wall_600X320X20.uasset" 873
"C:/Users/Chris/Desktop/Sem 2 Github/Games-Prototyping/Games Prototyping2/Content/Shared_Resources/Shapes/Walls_Floors/Walls/Wall_600X320X20.uexp" 874
"C:/Users/Chris/Desktop/Sem 2 Github/Games-Prototyping/Games Prototyping2/Content/Shared_Resources/Shapes/Static_Meshes/Walls/400X320X20.ubulk" 875
"C:/Users/Chris/Desktop/Sem 2 Github/Games-Prototyping/Games Prototyping2/Content/Shared_Resources/Shapes/Static_Meshes/Walls/400X320X20.uasset" 876
"C:/Users/Chris/Desktop/Sem 2 Github/Games-Prototyping/Games Prototyping2/Content/Shared_Resources/Shapes/Static_Meshes/Walls/400X320X20.uexp" 877
"C:/Users/Chris/Desktop/Sem 2 Github/Games-Prototyping/Games Prototyping2/Content/Shared_Resources/Shapes/Walls_Floors/Walls/Wall_400X320X20.uasset" 878
"C:/Users/Chris/Desktop/Sem 2 Github/Games-Prototyping/Games Prototyping2/Content/Shared_Resources/Shapes/Walls_Floors/Walls/Wall_400X320X20.uexp" 879
"C:/Users/Chris/Desktop/Sem 2 Github/Games-Prototyping/Games Prototyping2/Content/Shared_Resources/Shapes/Static_Meshes/Walls/400X320X20_Destroyed.ubulk" 880
"C:/Users/Chris/Desktop/Sem 2 Github/Games-Prototyping/Games Prototyping2/Content/Shared_Resources/Shapes/Static_Meshes/Walls/400X320X20_Destroyed.uasset" 881
"C:/Users/Chris/Desktop/Sem 2 Github/Games-Prototyping/Games Prototyping2/Content/Shared_Resources/Shapes/Static_Meshes/Walls/400X320X20_Destroyed.uexp" 882
"C:/Users/Chris/Desktop/Sem 2 Github/Games-Prototyping/Games Prototyping2/Content/Shared_Resources/Shapes/Walls_Floors/Walls/Wall_400X320X20_Destroyed.uasset" 883
"C:/Users/Chris/Desktop/Sem 2 Github/Games-Prototyping/Games Prototyping2/Content/Shared_Resources/Shapes/Walls_Floors/Walls/Wall_400X320X20_Destroyed.uexp" 884
"C:/Users/Chris/Desktop/Sem 2 Github/Games-Prototyping/Games Prototyping2/Content/Shared_Resources/Shapes/Static_Meshes/Walls/400X320X20_Half_Destroyed.ubulk" 885
"C:/Users/Chris/Desktop/Sem 2 Github/Games-Prototyping/Games Prototyping2/Content/Shared_Resources/Shapes/Static_Meshes/Walls/400X320X20_Half_Destroyed.uasset" 886
"C:/Users/Chris/Desktop/Sem 2 Github/Games-Prototyping/Games Prototyping2/Content/Shared_Resources/Shapes/Static_Meshes/Walls/400X320X20_Half_Destroyed.uexp" 887
"C:/Users/Chris/Desktop/Sem 2 Github/Games-Prototyping/Games Prototyping2/Content/Shared_Resources/Shapes/Walls_Floors/Walls/Wall_400X320X20_Destroyed_HALF.uasset" 888
"C:/Users/Chris/Desktop/Sem 2 Github/Games-Prototyping/Games Prototyping2/Content/Shared_Resources/Shapes/Walls_Floors/Walls/Wall_400X320X20_Destroyed_HALF.uexp" 889
"C:/Users/Chris/Desktop/Sem 2 Github/Games-Prototyping/Games Prototyping2/Content/Shared_Resources/Shapes/Static_Meshes/Walls/400X240X20.ubulk" 890
"C:/Users/Chris/Desktop/Sem 2 Github/Games-Prototyping/Games Prototyping2/Content/Shared_Resources/Shapes/Static_Meshes/Walls/400X240X20.uasset" 891
"C:/Users/Chris/Desktop/Sem 2 Github/Games-Prototyping/Games Prototyping2/Content/Shared_Resources/Shapes/Static_Meshes/Walls/400X240X20.uexp" 892
"C:/Users/Chris/Desktop/Sem 2 Github/Games-Prototyping/Games Prototyping2/Content/Shared_Resources/Shapes/Walls_Floors/Walls/Wall_400X240X20.uasset" 893
"C:/Users/Chris/Desktop/Sem 2 Github/Games-Prototyping/Games Prototyping2/Content/Shared_Resources/Shapes/Walls_Floors/Walls/Wall_400X240X20.uexp" 894
"C:/Users/Chris/Desktop/Sem 2 Github/Games-Prototyping/Games Prototyping2/Content/Shared_Resources/Shapes/Static_Meshes/Walls/400X180X20.ubulk" 895
"C:/Users/Chris/Desktop/Sem 2 Github/Games-Prototyping/Games Prototyping2/Content/Shared_Resources/Shapes/Static_Meshes/Walls/400X180X20.uasset" 896
"C:/Users/Chris/Desktop/Sem 2 Github/Games-Prototyping/Games Prototyping2/Content/Shared_Resources/Shapes/Static_Meshes/Walls/400X180X20.uexp" 897
"C:/Users/Chris/Desktop/Sem 2 Github/Games-Prototyping/Games Prototyping2/Content/Shared_Resources/Shapes/Walls_Floors/Walls/Wall_400X180X20.uasset" 898
"C:/Users/Chris/Desktop/Sem 2 Github/Games-Prototyping/Games Prototyping2/Content/Shared_Resources/Shapes/Walls_Floors/Walls/Wall_400X180X20.uexp" 899
"C:/Users/Chris/Desktop/Sem 2 Github/Games-Prototyping/Games Prototyping2/Content/Shared_Resources/Shapes/Static_Meshes/Walls/200X320X20.ubulk" 900
"C:/Users/Chris/Desktop/Sem 2 Github/Games-Prototyping/Games Prototyping2/Content/Shared_Resources/Shapes/Static_Meshes/Walls/200X320X20.uasset" 901
"C:/Users/Chris/Desktop/Sem 2 Github/Games-Prototyping/Games Prototyping2/Content/Shared_Resources/Shapes/Static_Meshes/Walls/200X320X20.uexp" 902
"C:/Users/Chris/Desktop/Sem 2 Github/Games-Prototyping/Games Prototyping2/Content/Shared_Resources/Shapes/Walls_Floors/Walls/Wall_200X320X20.uasset" 903
"C:/Users/Chris/Desktop/Sem 2 Github/Games-Prototyping/Games Prototyping2/Content/Shared_Resources/Shapes/Walls_Floors/Walls/Wall_200X320X20.uexp" 904
"C:/Users/Chris/Desktop/Sem 2 Github/Games-Prototyping/Games Prototyping2/Content/Shared_Resources/Shapes/Static_Meshes/Walls/200X240X20.ubulk" 905
"C:/Users/Chris/Desktop/Sem 2 Github/Games-Prototyping/Games Prototyping2/Content/Shared_Resources/Shapes/Static_Meshes/Walls/200X240X20.uasset" 906
"C:/Users/Chris/Desktop/Sem 2 Github/Games-Prototyping/Games Prototyping2/Content/Shared_Resources/Shapes/Static_Meshes/Walls/200X240X20.uexp" 907
"C:/Users/Chris/Desktop/Sem 2 Github/Games-Prototyping/Games Prototyping2/Content/Shared_Resources/Shapes/Walls_Floors/Walls/Wall_200X240X20.uasset" 908
"C:/Users/Chris/Desktop/Sem 2 Github/Games-Prototyping/Games Prototyping2/Content/Shared_Resources/Shapes/Walls_Floors/Walls/Wall_200X240X20.uexp" 909
"C:/Users/Chris/Desktop/Sem 2 Github/Games-Prototyping/Games Prototyping2/Content/Shared_Resources/Shapes/Walls_Floors/Walls/Wall.uasset" 910
"C:/Users/Chris/Desktop/Sem 2 Github/Games-Prototyping/Games Prototyping2/Content/Shared_Resources/Shapes/Walls_Floors/Walls/Wall.uexp" 911
"C:/Users/Chris/Desktop/Sem 2 Github/Games-Prototyping/Games Prototyping2/Content/Shared_Resources/Shapes/Static_Meshes/Arch_Part_4.ubulk" 912
"C:/Users/Chris/Desktop/Sem 2 Github/Games-Prototyping/Games Prototyping2/Content/Shared_Resources/Shapes/Static_Meshes/Arch_Part_4.uasset" 913
"C:/Users/Chris/Desktop/Sem 2 Github/Games-Prototyping/Games Prototyping2/Content/Shared_Resources/Shapes/Static_Meshes/Arch_Part_4.uexp" 914
"C:/Users/Chris/Desktop/Sem 2 Github/Games-Prototyping/Games Prototyping2/Content/Shared_Resources/Shapes/Walls_Floors/Walls/Arch_04.uasset" 915
"C:/Users/Chris/Desktop/Sem 2 Github/Games-Prototyping/Games Prototyping2/Content/Shared_Resources/Shapes/Walls_Floors/Walls/Arch_04.uexp" 916
"C:/Users/Chris/Desktop/Sem 2 Github/Games-Prototyping/Games Prototyping2/Content/Shared_Resources/Shapes/Static_Meshes/Arch_Part_3.ubulk" 917
"C:/Users/Chris/Desktop/Sem 2 Github/Games-Prototyping/Games Prototyping2/Content/Shared_Resources/Shapes/Static_Meshes/Arch_Part_3.uasset" 918
"C:/Users/Chris/Desktop/Sem 2 Github/Games-Prototyping/Games Prototyping2/Content/Shared_Resources/Shapes/Static_Meshes/Arch_Part_3.uexp" 919
"C:/Users/Chris/Desktop/Sem 2 Github/Games-Prototyping/Games Prototyping2/Content/Shared_Resources/Shapes/Walls_Floors/Walls/Arch_03.uasset" 920
"C:/Users/Chris/Desktop/Sem 2 Github/Games-Prototyping/Games Prototyping2/Content/Shared_Resources/Shapes/Walls_Floors/Walls/Arch_03.uexp" 921
"C:/Users/Chris/Desktop/Sem 2 Github/Games-Prototyping/Games Prototyping2/Content/Shared_Resources/Shapes/Static_Meshes/Arch_Part_2.ubulk" 922
"C:/Users/Chris/Desktop/Sem 2 Github/Games-Prototyping/Games Prototyping2/Content/Shared_Resources/Shapes/Static_Meshes/Arch_Part_2.uasset" 923
"C:/Users/Chris/Desktop/Sem 2 Github/Games-Prototyping/Games Prototyping2/Content/Shared_Resources/Shapes/Static_Meshes/Arch_Part_2.uexp" 924
"C:/Users/Chris/Desktop/Sem 2 Github/Games-Prototyping/Games Prototyping2/Content/Shared_Resources/Shapes/Walls_Floors/Walls/Arch_02.uasset" 925
"C:/Users/Chris/Desktop/Sem 2 Github/Games-Prototyping/Games Prototyping2/Content/Shared_Resources/Shapes/Walls_Floors/Walls/Arch_02.uexp" 926
"C:/Users/Chris/Desktop/Sem 2 Github/Games-Prototyping/Games Prototyping2/Content/Shared_Resources/Shapes/Static_Meshes/Arch_Part.ubulk" 927
"C:/Users/Chris/Desktop/Sem 2 Github/Games-Prototyping/Games Prototyping2/Content/Shared_Resources/Shapes/Static_Meshes/Arch_Part.uasset" 928
"C:/Users/Chris/Desktop/Sem 2 Github/Games-Prototyping/Games Prototyping2/Content/Shared_Resources/Shapes/Static_Meshes/Arch_Part.uexp" 929
"C:/Users/Chris/Desktop/Sem 2 Github/Games-Prototyping/Games Prototyping2/Content/Shared_Resources/Shapes/Walls_Floors/Walls/Arch.uasset" 930
"C:/Users/Chris/Desktop/Sem 2 Github/Games-Prototyping/Games Prototyping2/Content/Shared_Resources/Shapes/Walls_Floors/Walls/Arch.uexp" 931
"C:/Users/Chris/Desktop/Sem 2 Github/Games-Prototyping/Games Prototyping2/Content/Shared_Resources/Shapes/Static_Meshes/Floor/Floor_Broken_01.ubulk" 932
"C:/Users/Chris/Desktop/Sem 2 Github/Games-Prototyping/Games Prototyping2/Content/Shared_Resources/Shapes/Static_Meshes/Floor/Floor_Broken_01.uasset" 933
"C:/Users/Chris/Desktop/Sem 2 Github/Games-Prototyping/Games Prototyping2/Content/Shared_Resources/Shapes/Static_Meshes/Floor/Floor_Broken_01.uexp" 934
"C:/Users/Chris/Desktop/Sem 2 Github/Games-Prototyping/Games Prototyping2/Content/Shared_Resources/Shapes/Static_Meshes/Floor/Floor_Angled5.ubulk" 935
"C:/Users/Chris/Desktop/Sem 2 Github/Games-Prototyping/Games Prototyping2/Content/Shared_Resources/Shapes/Static_Meshes/Floor/Floor_Angled5.uasset" 936
"C:/Users/Chris/Desktop/Sem 2 Github/Games-Prototyping/Games Prototyping2/Content/Shared_Resources/Shapes/Static_Meshes/Floor/Floor_Angled5.uexp" 937
"C:/Users/Chris/Desktop/Sem 2 Github/Games-Prototyping/Games Prototyping2/Content/Shared_Resources/Shapes/Walls_Floors/Floors/Floor_Angle5.uasset" 938
"C:/Users/Chris/Desktop/Sem 2 Github/Games-Prototyping/Games Prototyping2/Content/Shared_Resources/Shapes/Walls_Floors/Floors/Floor_Angle5.uexp" 939
"C:/Users/Chris/Desktop/Sem 2 Github/Games-Prototyping/Games Prototyping2/Content/Shared_Resources/Shapes/Walls_Floors/Floors/Floor_Broken_01.uasset" 940
"C:/Users/Chris/Desktop/Sem 2 Github/Games-Prototyping/Games Prototyping2/Content/Shared_Resources/Shapes/Walls_Floors/Floors/Floor_Broken_01.uexp" 941
"C:/Users/Chris/Desktop/Sem 2 Github/Games-Prototyping/Games Prototyping2/Content/Shared_Resources/Shapes/Static_Meshes/Floor/Floor_Broken_02.ubulk" 942
"C:/Users/Chris/Desktop/Sem 2 Github/Games-Prototyping/Games Prototyping2/Content/Shared_Resources/Shapes/Static_Meshes/Floor/Floor_Broken_02.uasset" 943
"C:/Users/Chris/Desktop/Sem 2 Github/Games-Prototyping/Games Prototyping2/Content/Shared_Resources/Shapes/Static_Meshes/Floor/Floor_Broken_02.uexp" 944
"C:/Users/Chris/Desktop/Sem 2 Github/Games-Prototyping/Games Prototyping2/Content/Shared_Resources/Shapes/Walls_Floors/Floors/Floor_Broken_02.uasset" 945
"C:/Users/Chris/Desktop/Sem 2 Github/Games-Prototyping/Games Prototyping2/Content/Shared_Resources/Shapes/Walls_Floors/Floors/Floor_Broken_02.uexp" 946
"C:/Users/Chris/Desktop/Sem 2 Github/Games-Prototyping/Games Prototyping2/Content/Shared_Resources/Shapes/Static_Meshes/Floor/Floor_Broken_03.ubulk" 947
"C:/Users/Chris/Desktop/Sem 2 Github/Games-Prototyping/Games Prototyping2/Content/Shared_Resources/Shapes/Static_Meshes/Floor/Floor_Broken_03.uasset" 948
"C:/Users/Chris/Desktop/Sem 2 Github/Games-Prototyping/Games Prototyping2/Content/Shared_Resources/Shapes/Static_Meshes/Floor/Floor_Broken_03.uexp" 949
"C:/Users/Chris/Desktop/Sem 2 Github/Games-Prototyping/Games Prototyping2/Content/Shared_Resources/Shapes/Walls_Floors/Floors/Floor_Broken_03.uasset" 950
"C:/Users/Chris/Desktop/Sem 2 Github/Games-Prototyping/Games Prototyping2/Content/Shared_Resources/Shapes/Walls_Floors/Floors/Floor_Broken_03.uexp" 951
"C:/Users/Chris/Desktop/Sem 2 Github/Games-Prototyping/Games Prototyping2/Content/Shared_Resources/Shapes/Static_Meshes/Floor/Floor_Angled4.ubulk" 952
"C:/Users/Chris/Desktop/Sem 2 Github/Games-Prototyping/Games Prototyping2/Content/Shared_Resources/Shapes/Static_Meshes/Floor/Floor_Angled4.uasset" 953
"C:/Users/Chris/Desktop/Sem 2 Github/Games-Prototyping/Games Prototyping2/Content/Shared_Resources/Shapes/Static_Meshes/Floor/Floor_Angled4.uexp" 954
"C:/Users/Chris/Desktop/Sem 2 Github/Games-Prototyping/Games Prototyping2/Content/Shared_Resources/Shapes/Walls_Floors/Floors/Floor_Angle4.uasset" 955
"C:/Users/Chris/Desktop/Sem 2 Github/Games-Prototyping/Games Prototyping2/Content/Shared_Resources/Shapes/Walls_Floors/Floors/Floor_Angle4.uexp" 956
"C:/Users/Chris/Desktop/Sem 2 Github/Games-Prototyping/Games Prototyping2/Content/Shared_Resources/Shapes/Static_Meshes/Floor/Floor_Angled3.ubulk" 957
"C:/Users/Chris/Desktop/Sem 2 Github/Games-Prototyping/Games Prototyping2/Content/Shared_Resources/Shapes/Static_Meshes/Floor/Floor_Angled3.uasset" 958
"C:/Users/Chris/Desktop/Sem 2 Github/Games-Prototyping/Games Prototyping2/Content/Shared_Resources/Shapes/Static_Meshes/Floor/Floor_Angled3.uexp" 959
"C:/Users/Chris/Desktop/Sem 2 Github/Games-Prototyping/Games Prototyping2/Content/Shared_Resources/Shapes/Walls_Floors/Floors/Floor_Angle3.uasset" 960
"C:/Users/Chris/Desktop/Sem 2 Github/Games-Prototyping/Games Prototyping2/Content/Shared_Resources/Shapes/Walls_Floors/Floors/Floor_Angle3.uexp" 961
"C:/Users/Chris/Desktop/Sem 2 Github/Games-Prototyping/Games Prototyping2/Content/Shared_Resources/Shapes/Static_Meshes/Floor/Floor_Angled2.ubulk" 962
"C:/Users/Chris/Desktop/Sem 2 Github/Games-Prototyping/Games Prototyping2/Content/Shared_Resources/Shapes/Static_Meshes/Floor/Floor_Angled2.uasset" 963
"C:/Users/Chris/Desktop/Sem 2 Github/Games-Prototyping/Games Prototyping2/Content/Shared_Resources/Shapes/Static_Meshes/Floor/Floor_Angled2.uexp" 964
"C:/Users/Chris/Desktop/Sem 2 Github/Games-Prototyping/Games Prototyping2/Content/Shared_Resources/Shapes/Walls_Floors/Floors/Floor_Angle2.uasset" 965
"C:/Users/Chris/Desktop/Sem 2 Github/Games-Prototyping/Games Prototyping2/Content/Shared_Resources/Shapes/Walls_Floors/Floors/Floor_Angle2.uexp" 966
"C:/Users/Chris/Desktop/Sem 2 Github/Games-Prototyping/Games Prototyping2/Content/Shared_Resources/Shapes/Static_Meshes/Floor/Floor_Angle9.ubulk" 967
"C:/Users/Chris/Desktop/Sem 2 Github/Games-Prototyping/Games Prototyping2/Content/Shared_Resources/Shapes/Static_Meshes/Floor/Floor_Angle9.uasset" 968
"C:/Users/Chris/Desktop/Sem 2 Github/Games-Prototyping/Games Prototyping2/Content/Shared_Resources/Shapes/Static_Meshes/Floor/Floor_Angle9.uexp" 969
"C:/Users/Chris/Desktop/Sem 2 Github/Games-Prototyping/Games Prototyping2/Content/Shared_Resources/Shapes/Static_Meshes/Floor/Floor_Angle6.ubulk" 970
"C:/Users/Chris/Desktop/Sem 2 Github/Games-Prototyping/Games Prototyping2/Content/Shared_Resources/Shapes/Static_Meshes/Floor/Floor_Angle6.uasset" 971
"C:/Users/Chris/Desktop/Sem 2 Github/Games-Prototyping/Games Prototyping2/Content/Shared_Resources/Shapes/Static_Meshes/Floor/Floor_Angle6.uexp" 972
"C:/Users/Chris/Desktop/Sem 2 Github/Games-Prototyping/Games Prototyping2/Content/Shared_Resources/Shapes/Walls_Floors/Floors/Floor_Angle6.uasset" 973
"C:/Users/Chris/Desktop/Sem 2 Github/Games-Prototyping/Games Prototyping2/Content/Shared_Resources/Shapes/Walls_Floors/Floors/Floor_Angle6.uexp" 974
"C:/Users/Chris/Desktop/Sem 2 Github/Games-Prototyping/Games Prototyping2/Content/Shared_Resources/Shapes/Static_Meshes/Floor/Floor_Angle7.ubulk" 975
"C:/Users/Chris/Desktop/Sem 2 Github/Games-Prototyping/Games Prototyping2/Content/Shared_Resources/Shapes/Static_Meshes/Floor/Floor_Angle7.uasset" 976
"C:/Users/Chris/Desktop/Sem 2 Github/Games-Prototyping/Games Prototyping2/Content/Shared_Resources/Shapes/Static_Meshes/Floor/Floor_Angle7.uexp" 977
"C:/Users/Chris/Desktop/Sem 2 Github/Games-Prototyping/Games Prototyping2/Content/Shared_Resources/Shapes/Walls_Floors/Floors/Floor_Angle7.uasset" 978
"C:/Users/Chris/Desktop/Sem 2 Github/Games-Prototyping/Games Prototyping2/Content/Shared_Resources/Shapes/Walls_Floors/Floors/Floor_Angle7.uexp" 979
"C:/Users/Chris/Desktop/Sem 2 Github/Games-Prototyping/Games Prototyping2/Content/Shared_Resources/Shapes/Static_Meshes/Floor/Floor_Angle8.ubulk" 980
"C:/Users/Chris/Desktop/Sem 2 Github/Games-Prototyping/Games Prototyping2/Content/Shared_Resources/Shapes/Static_Meshes/Floor/Floor_Angle8.uasset" 981
"C:/Users/Chris/Desktop/Sem 2 Github/Games-Prototyping/Games Prototyping2/Content/Shared_Resources/Shapes/Static_Meshes/Floor/Floor_Angle8.uexp" 982
"C:/Users/Chris/Desktop/Sem 2 Github/Games-Prototyping/Games Prototyping2/Content/Shared_Resources/Shapes/Walls_Floors/Floors/Floor_Angle8.uasset" 983
"C:/Users/Chris/Desktop/Sem 2 Github/Games-Prototyping/Games Prototyping2/Content/Shared_Resources/Shapes/Walls_Floors/Floors/Floor_Angle8.uexp" 984
"C:/Users/Chris/Desktop/Sem 2 Github/Games-Prototyping/Games Prototyping2/Content/Shared_Resources/Shapes/Walls_Floors/Floors/Floor_Angle9.uasset" 985
"C:/Users/Chris/Desktop/Sem 2 Github/Games-Prototyping/Games Prototyping2/Content/Shared_Resources/Shapes/Walls_Floors/Floors/Floor_Angle9.uexp" 986
"C:/Users/Chris/Desktop/Sem 2 Github/Games-Prototyping/Games Prototyping2/Content/Shared_Resources/Shapes/Static_Meshes/Floor/Floor_Angle10.ubulk" 987
"C:/Users/Chris/Desktop/Sem 2 Github/Games-Prototyping/Games Prototyping2/Content/Shared_Resources/Shapes/Static_Meshes/Floor/Floor_Angle10.uasset" 988
"C:/Users/Chris/Desktop/Sem 2 Github/Games-Prototyping/Games Prototyping2/Content/Shared_Resources/Shapes/Static_Meshes/Floor/Floor_Angle10.uexp" 989
"C:/Users/Chris/Desktop/Sem 2 Github/Games-Prototyping/Games Prototyping2/Content/Shared_Resources/Shapes/Walls_Floors/Floors/Floor_Angle10.uasset" 990
"C:/Users/Chris/Desktop/Sem 2 Github/Games-Prototyping/Games Prototyping2/Content/Shared_Resources/Shapes/Walls_Floors/Floors/Floor_Angle10.uexp" 991
"C:/Users/Chris/Desktop/Sem 2 Github/Games-Prototyping/Games Prototyping2/Content/Shared_Resources/Shapes/Static_Meshes/Floor/Floor_Angle11.ubulk" 992
"C:/Users/Chris/Desktop/Sem 2 Github/Games-Prototyping/Games Prototyping2/Content/Shared_Resources/Shapes/Static_Meshes/Floor/Floor_Angle11.uasset" 993
"C:/Users/Chris/Desktop/Sem 2 Github/Games-Prototyping/Games Prototyping2/Content/Shared_Resources/Shapes/Static_Meshes/Floor/Floor_Angle11.uexp" 994
"C:/Users/Chris/Desktop/Sem 2 Github/Games-Prototyping/Games Prototyping2/Content/Shared_Resources/Shapes/Walls_Floors/Floors/Floor_Angle11.uasset" 995
"C:/Users/Chris/Desktop/Sem 2 Github/Games-Prototyping/Games Prototyping2/Content/Shared_Resources/Shapes/Walls_Floors/Floors/Floor_Angle11.uexp" 996
"C:/Users/Chris/Desktop/Sem 2 Github/Games-Prototyping/Games Prototyping2/Content/Shared_Resources/Shapes/Static_Meshes/Floor/Floor_Angled.ubulk" 997
"C:/Users/Chris/Desktop/Sem 2 Github/Games-Prototyping/Games Prototyping2/Content/Shared_Resources/Shapes/Static_Meshes/Floor/Floor_Angled.uasset" 998
"C:/Users/Chris/Desktop/Sem 2 Github/Games-Prototyping/Games Prototyping2/Content/Shared_Resources/Shapes/Static_Meshes/Floor/Floor_Angled.uexp" 999
"C:/Users/Chris/Desktop/Sem 2 Github/Games-Prototyping/Games Prototyping2/Content/Shared_Resources/Shapes/Walls_Floors/Floors/Floor_Angle.uasset" 1000
"C:/Users/Chris/Desktop/Sem 2 Github/Games-Prototyping/Games Prototyping2/Content/Shared_Resources/Shapes/Walls_Floors/Floors/Floor_Angle.uexp" 1001
"C:/Users/Chris/Desktop/Sem 2 Github/Games-Prototyping/Games Prototyping2/Content/Shared_Resources/Shapes/Static_Meshes/Floor/Floor_400X200.ubulk" 1002
"C:/Users/Chris/Desktop/Sem 2 Github/Games-Prototyping/Games Prototyping2/Content/Shared_Resources/Shapes/Static_Meshes/Floor/Floor_400X200.uasset" 1003
"C:/Users/Chris/Desktop/Sem 2 Github/Games-Prototyping/Games Prototyping2/Content/Shared_Resources/Shapes/Static_Meshes/Floor/Floor_400X200.uexp" 1004
"C:/Users/Chris/Desktop/Sem 2 Github/Games-Prototyping/Games Prototyping2/Content/Shared_Resources/Shapes/Walls_Floors/Floors/Floor_200X400.uasset" 1005
"C:/Users/Chris/Desktop/Sem 2 Github/Games-Prototyping/Games Prototyping2/Content/Shared_Resources/Shapes/Walls_Floors/Floors/Floor_200X400.uexp" 1006
"C:/Users/Chris/Desktop/Sem 2 Github/Games-Prototyping/Games Prototyping2/Content/Shared_Resources/Shapes/Walls_Floors/Floors/Floor_200X200.uasset" 1007
"C:/Users/Chris/Desktop/Sem 2 Github/Games-Prototyping/Games Prototyping2/Content/Shared_Resources/Shapes/Walls_Floors/Floors/Floor_200X200.uexp" 1008
"C:/Users/Chris/Desktop/Sem 2 Github/Games-Prototyping/Games Prototyping2/Content/ExpressFarmin_Project/GS_MazeProject/Resources/Audio/Character/PlayerSells.ubulk" 1009
"C:/Users/Chris/Desktop/Sem 2 Github/Games-Prototyping/Games Prototyping2/Content/ExpressFarmin_Project/GS_MazeProject/Resources/Audio/Character/PlayerSells.uasset" 1010
"C:/Users/Chris/Desktop/Sem 2 Github/Games-Prototyping/Games Prototyping2/Content/ExpressFarmin_Project/GS_MazeProject/Resources/Audio/Character/PlayerSells.uexp" 1011
"C:/Users/Chris/Desktop/Sem 2 Github/Games-Prototyping/Games Prototyping2/Content/ExpressFarmin_Project/GS_MazeProject/Resources/Assets/Downloaded_Assets/texture_rope.ubulk" 1012
"C:/Users/Chris/Desktop/Sem 2 Github/Games-Prototyping/Games Prototyping2/Content/ExpressFarmin_Project/GS_MazeProject/Resources/Assets/Downloaded_Assets/texture_rope.uasset" 1013
"C:/Users/Chris/Desktop/Sem 2 Github/Games-Prototyping/Games Prototyping2/Content/ExpressFarmin_Project/GS_MazeProject/Resources/Assets/Downloaded_Assets/texture_rope.uexp" 1014
"C:/Users/Chris/Desktop/Sem 2 Github/Games-Prototyping/Games Prototyping2/Content/ExpressFarmin_Project/GS_MazeProject/Resources/Assets/Downloaded_Assets/texture_rope_Mat.uasset" 1015
"C:/Users/Chris/Desktop/Sem 2 Github/Games-Prototyping/Games Prototyping2/Content/ExpressFarmin_Project/GS_MazeProject/Resources/Assets/Downloaded_Assets/texture_rope_Mat.uexp" 1016
"C:/Users/Chris/Desktop/Sem 2 Github/Games-Prototyping/Games Prototyping2/Content/ExpressFarmin_Project/GS_MazeProject/Resources/Assets/Downloaded_Assets/nest_texture.ubulk" 1017
"C:/Users/Chris/Desktop/Sem 2 Github/Games-Prototyping/Games Prototyping2/Content/ExpressFarmin_Project/GS_MazeProject/Resources/Assets/Downloaded_Assets/nest_texture.uasset" 1018
"C:/Users/Chris/Desktop/Sem 2 Github/Games-Prototyping/Games Prototyping2/Content/ExpressFarmin_Project/GS_MazeProject/Resources/Assets/Downloaded_Assets/nest_texture.uexp" 1019
"C:/Users/Chris/Desktop/Sem 2 Github/Games-Prototyping/Games Prototyping2/Content/ExpressFarmin_Project/GS_MazeProject/Resources/Assets/Downloaded_Assets/grass_texture.ubulk" 1020
"C:/Users/Chris/Desktop/Sem 2 Github/Games-Prototyping/Games Prototyping2/Content/ExpressFarmin_Project/GS_MazeProject/Resources/Assets/Downloaded_Assets/grass_texture.uasset" 1021
"C:/Users/Chris/Desktop/Sem 2 Github/Games-Prototyping/Games Prototyping2/Content/ExpressFarmin_Project/GS_MazeProject/Resources/Assets/Downloaded_Assets/grass_texture.uexp" 1022
"C:/Users/Chris/Desktop/Sem 2 Github/Games-Prototyping/Games Prototyping2/Content/ExpressFarmin_Project/GS_MazeProject/Resources/Assets/Downloaded_Assets/grass_texture_Mat.uasset" 1023
"C:/Users/Chris/Desktop/Sem 2 Github/Games-Prototyping/Games Prototyping2/Content/ExpressFarmin_Project/GS_MazeProject/Resources/Assets/Downloaded_Assets/grass_texture_Mat.uexp" 1024
"C:/Users/Chris/Desktop/Sem 2 Github/Games-Prototyping/Games Prototyping2/Content/ExpressFarmin_Project/GS_MazeProject/Resources/Assets/Downloaded_Assets/cow_texture.ubulk" 1025
"C:/Users/Chris/Desktop/Sem 2 Github/Games-Prototyping/Games Prototyping2/Content/ExpressFarmin_Project/GS_MazeProject/Resources/Assets/Downloaded_Assets/cow_texture.uasset" 1026
"C:/Users/Chris/Desktop/Sem 2 Github/Games-Prototyping/Games Prototyping2/Content/ExpressFarmin_Project/GS_MazeProject/Resources/Assets/Downloaded_Assets/cow_texture.uexp" 1027
"../../../Engine/Content/EngineResources/DefaultTexture.ubulk" 1028
"../../../Engine/Content/EngineResources/DefaultTexture.uasset" 1029
"../../../Engine/Content/EngineResources/DefaultTexture.uexp" 1030
"../../../Engine/Plugins/Interchange/Assets/Content/Functions/MF_PhongToMetalRoughness.uasset" 1031
"../../../Engine/Plugins/Interchange/Assets/Content/Functions/MF_PhongToMetalRoughness.uexp" 1032
"C:/Users/Chris/Desktop/Sem 2 Github/Games-Prototyping/Games Prototyping2/Content/ExpressFarmin_Project/GS_MazeProject/Resources/Assets/Downloaded_Assets/cow2_material.uasset" 1033
"C:/Users/Chris/Desktop/Sem 2 Github/Games-Prototyping/Games Prototyping2/Content/ExpressFarmin_Project/GS_MazeProject/Resources/Assets/Downloaded_Assets/cow2_material.uexp" 1034
"C:/Users/Chris/Desktop/Sem 2 Github/Games-Prototyping/Games Prototyping2/Content/ExpressFarmin_Project/GS_MazeProject/Resources/Assets/Downloaded_Assets/colours.ubulk" 1035
"C:/Users/Chris/Desktop/Sem 2 Github/Games-Prototyping/Games Prototyping2/Content/ExpressFarmin_Project/GS_MazeProject/Resources/Assets/Downloaded_Assets/colours.uasset" 1036
"C:/Users/Chris/Desktop/Sem 2 Github/Games-Prototyping/Games Prototyping2/Content/ExpressFarmin_Project/GS_MazeProject/Resources/Assets/Downloaded_Assets/colours.uexp" 1037
"C:/Users/Chris/Desktop/Sem 2 Github/Games-Prototyping/Games Prototyping2/Content/ExpressFarmin_Project/GS_MazeProject/Resources/UI/Images_General/Wallet2__1_.uasset" 1038
"C:/Users/Chris/Desktop/Sem 2 Github/Games-Prototyping/Games Prototyping2/Content/ExpressFarmin_Project/GS_MazeProject/Resources/UI/Images_General/Wallet2__1_.uexp" 1039
"C:/Users/Chris/Desktop/Sem 2 Github/Games-Prototyping/Games Prototyping2/Content/ExpressFarmin_Project/GS_MazeProject/Resources/UI/Images_General/Sc_For_now.uasset" 1040
"C:/Users/Chris/Desktop/Sem 2 Github/Games-Prototyping/Games Prototyping2/Content/ExpressFarmin_Project/GS_MazeProject/Resources/UI/Images_General/Sc_For_now.uexp" 1041
"C:/Users/Chris/Desktop/Sem 2 Github/Games-Prototyping/Games Prototyping2/Content/ExpressFarmin_Project/GS_MazeProject/Resources/UI/Images_General/Sc_2_for_now.uasset" 1042
"C:/Users/Chris/Desktop/Sem 2 Github/Games-Prototyping/Games Prototyping2/Content/ExpressFarmin_Project/GS_MazeProject/Resources/UI/Images_General/Sc_2_for_now.uexp" 1043
"C:/Users/Chris/Desktop/Sem 2 Github/Games-Prototyping/Games Prototyping2/Content/ExpressFarmin_Project/GS_MazeProject/Resources/UI/Images_General/Screenshot_2026-03-26_203918.uasset" 1044
"C:/Users/Chris/Desktop/Sem 2 Github/Games-Prototyping/Games Prototyping2/Content/ExpressFarmin_Project/GS_MazeProject/Resources/UI/Images_General/Screenshot_2026-03-26_203918.uexp" 1045
"C:/Users/Chris/Desktop/Sem 2 Github/Games-Prototyping/Games Prototyping2/Content/ExpressFarmin_Project/GS_MazeProject/Resources/UI/Images_General/Screenshot_2026-03-26_201814.uasset" 1046
"C:/Users/Chris/Desktop/Sem 2 Github/Games-Prototyping/Games Prototyping2/Content/ExpressFarmin_Project/GS_MazeProject/Resources/UI/Images_General/Screenshot_2026-03-26_201814.uexp" 1047
"C:/Users/Chris/Desktop/Sem 2 Github/Games-Prototyping/Games Prototyping2/Content/ExpressFarmin_Project/GS_MazeProject/Resources/UI/Images_General/Group_12.uasset" 1048
"C:/Users/Chris/Desktop/Sem 2 Github/Games-Prototyping/Games Prototyping2/Content/ExpressFarmin_Project/GS_MazeProject/Resources/UI/Images_General/Group_12.uexp" 1049
"C:/Users/Chris/Desktop/Sem 2 Github/Games-Prototyping/Games Prototyping2/Content/ExpressFarmin_Project/GS_MazeProject/Resources/UI/Images_General/CursorHand.uasset" 1050
"C:/Users/Chris/Desktop/Sem 2 Github/Games-Prototyping/Games Prototyping2/Content/ExpressFarmin_Project/GS_MazeProject/Resources/UI/Images_General/CursorHand.uexp" 1051
"C:/Users/Chris/Desktop/Sem 2 Github/Games-Prototyping/Games Prototyping2/Content/ExpressFarmin_Project/GS_MazeProject/Resources/FX/Meshes/MunchieStar_MAT1.uasset" 1052
"C:/Users/Chris/Desktop/Sem 2 Github/Games-Prototyping/Games Prototyping2/Content/ExpressFarmin_Project/GS_MazeProject/Resources/FX/Meshes/MunchieStar_MAT1.uexp" 1053
"C:/Users/Chris/Desktop/Sem 2 Github/Games-Prototyping/Games Prototyping2/Content/ExpressFarmin_Project/GS_MazeProject/Resources/Assets/Downloaded_Assets/Bedroom_Set/Texture.uasset" 1054
"C:/Users/Chris/Desktop/Sem 2 Github/Games-Prototyping/Games Prototyping2/Content/ExpressFarmin_Project/GS_MazeProject/Resources/Assets/Downloaded_Assets/Bedroom_Set/Texture.uexp" 1055
"C:/Users/Chris/Desktop/Sem 2 Github/Games-Prototyping/Games Prototyping2/Content/ExpressFarmin_Project/GS_MazeProject/Resources/Assets/Downloaded_Assets/Bedroom_Set/Texture_Mat.uasset" 1056
"C:/Users/Chris/Desktop/Sem 2 Github/Games-Prototyping/Games Prototyping2/Content/ExpressFarmin_Project/GS_MazeProject/Resources/Assets/Downloaded_Assets/Bedroom_Set/Texture_Mat.uexp" 1057
"C:/Users/Chris/Desktop/Sem 2 Github/Games-Prototyping/Games Prototyping2/Content/ExpressFarmin_Project/GS_MazeProject/Resources/Assets/Downloaded_Assets/Bedroom_Set/Material.uasset" 1058
"C:/Users/Chris/Desktop/Sem 2 Github/Games-Prototyping/Games Prototyping2/Content/ExpressFarmin_Project/GS_MazeProject/Resources/Assets/Downloaded_Assets/Bedroom_Set/Material.uexp" 1059
"C:/Users/Chris/Desktop/Sem 2 Github/Games-Prototyping/Games Prototyping2/Content/ExpressFarmin_Project/GS_MazeProject/Resources/Assets/Downloaded_Assets/Bedroom_Set/Lamp.ubulk" 1060
"C:/Users/Chris/Desktop/Sem 2 Github/Games-Prototyping/Games Prototyping2/Content/ExpressFarmin_Project/GS_MazeProject/Resources/Assets/Downloaded_Assets/Bedroom_Set/Lamp.uasset" 1061
"C:/Users/Chris/Desktop/Sem 2 Github/Games-Prototyping/Games Prototyping2/Content/ExpressFarmin_Project/GS_MazeProject/Resources/Assets/Downloaded_Assets/Bedroom_Set/Lamp.uexp" 1062
"C:/Users/Chris/Desktop/Sem 2 Github/Games-Prototyping/Games Prototyping2/Content/ExpressFarmin_Project/GS_MazeProject/Resources/Blueprints/Interactables/BP_Lamp.uasset" 1063
"C:/Users/Chris/Desktop/Sem 2 Github/Games-Prototyping/Games Prototyping2/Content/ExpressFarmin_Project/GS_MazeProject/Resources/Blueprints/Interactables/BP_Lamp.uexp" 1064
"C:/Users/Chris/Desktop/Sem 2 Github/Games-Prototyping/Games Prototyping2/Content/ExpressFarmin_Project/GS_MazeProject/Resources/Blueprints/Gamemode/GM_MazeGamemode.uasset" 1065
"C:/Users/Chris/Desktop/Sem 2 Github/Games-Prototyping/Games Prototyping2/Content/ExpressFarmin_Project/GS_MazeProject/Resources/Blueprints/Gamemode/GM_MazeGamemode.uexp" 1066
"C:/Users/Chris/Desktop/Sem 2 Github/Games-Prototyping/Games Prototyping2/Content/ExpressFarmin_Project/GS_MazeProject/Resources/UI/Fonts/LuckiestGuy-Regular.uexp" 1067
"C:/Users/Chris/Desktop/Sem 2 Github/Games-Prototyping/Games Prototyping2/Content/ExpressFarmin_Project/GS_MazeProject/Resources/UI/Fonts/LuckiestGuy-Regular.uasset" 1068
"C:/Users/Chris/Desktop/Sem 2 Github/Games-Prototyping/Games Prototyping2/Content/ExpressFarmin_Project/GS_MazeProject/Resources/UI/Fonts/LuckiestGuy-Regular.ufont" 1069
"C:/Users/Chris/Desktop/Sem 2 Github/Games-Prototyping/Games Prototyping2/Content/ExpressFarmin_Project/GS_MazeProject/Resources/UI/Fonts/LuckiestGuy-Regular_Font.uasset" 1070
"C:/Users/Chris/Desktop/Sem 2 Github/Games-Prototyping/Games Prototyping2/Content/ExpressFarmin_Project/GS_MazeProject/Resources/UI/Fonts/LuckiestGuy-Regular_Font.uexp" 1071
"C:/Users/Chris/Desktop/Sem 2 Github/Games-Prototyping/Games Prototyping2/Content/ExpressFarmin_Project/GS_MazeProject/Resources/UI/Widgets/ActorWidgets/WB_Seeds.uasset" 1072
"C:/Users/Chris/Desktop/Sem 2 Github/Games-Prototyping/Games Prototyping2/Content/ExpressFarmin_Project/GS_MazeProject/Resources/UI/Widgets/ActorWidgets/WB_Seeds.uexp" 1073
"C:/Users/Chris/Desktop/Sem 2 Github/Games-Prototyping/Games Prototyping2/Content/ExpressFarmin_Project/GS_MazeProject/Resources/Assets/Downloaded_Assets/mat_seed.uasset" 1074
"C:/Users/Chris/Desktop/Sem 2 Github/Games-Prototyping/Games Prototyping2/Content/ExpressFarmin_Project/GS_MazeProject/Resources/Assets/Downloaded_Assets/mat_seed.uexp" 1075
"C:/Users/Chris/Desktop/Sem 2 Github/Games-Prototyping/Games Prototyping2/Content/ExpressFarmin_Project/GS_MazeProject/Resources/Assets/Downloaded_Assets/seeds.ubulk" 1076
"C:/Users/Chris/Desktop/Sem 2 Github/Games-Prototyping/Games Prototyping2/Content/ExpressFarmin_Project/GS_MazeProject/Resources/Assets/Downloaded_Assets/seeds.uasset" 1077
"C:/Users/Chris/Desktop/Sem 2 Github/Games-Prototyping/Games Prototyping2/Content/ExpressFarmin_Project/GS_MazeProject/Resources/Assets/Downloaded_Assets/seeds.uexp" 1078
"C:/Users/Chris/Desktop/Sem 2 Github/Games-Prototyping/Games Prototyping2/Content/ExpressFarmin_Project/GS_MazeProject/Resources/Blueprints/Interactables/BP_ChickenFeed.uasset" 1079
"C:/Users/Chris/Desktop/Sem 2 Github/Games-Prototyping/Games Prototyping2/Content/ExpressFarmin_Project/GS_MazeProject/Resources/Blueprints/Interactables/BP_ChickenFeed.uexp" 1080
"C:/Users/Chris/Desktop/Sem 2 Github/Games-Prototyping/Games Prototyping2/Content/ExpressFarmin_Project/GS_MazeProject/Resources/UI/Widgets/ActorWidgets/WB_Nametag.uasset" 1081
"C:/Users/Chris/Desktop/Sem 2 Github/Games-Prototyping/Games Prototyping2/Content/ExpressFarmin_Project/GS_MazeProject/Resources/UI/Widgets/ActorWidgets/WB_Nametag.uexp" 1082
"C:/Users/Chris/Desktop/Sem 2 Github/Games-Prototyping/Games Prototyping2/Content/ExpressFarmin_Project/GS_MazeProject/Resources/FX/Meshes/MunchieStar_MAT.uasset" 1083
"C:/Users/Chris/Desktop/Sem 2 Github/Games-Prototyping/Games Prototyping2/Content/ExpressFarmin_Project/GS_MazeProject/Resources/FX/Meshes/MunchieStar_MAT.uexp" 1084
"C:/Users/Chris/Desktop/Sem 2 Github/Games-Prototyping/Games Prototyping2/Content/ExpressFarmin_Project/GS_MazeProject/Resources/FX/Meshes/MunchieStarBigger.ubulk" 1085
"C:/Users/Chris/Desktop/Sem 2 Github/Games-Prototyping/Games Prototyping2/Content/ExpressFarmin_Project/GS_MazeProject/Resources/FX/Meshes/MunchieStarBigger.uasset" 1086
"C:/Users/Chris/Desktop/Sem 2 Github/Games-Prototyping/Games Prototyping2/Content/ExpressFarmin_Project/GS_MazeProject/Resources/FX/Meshes/MunchieStarBigger.uexp" 1087
"C:/Users/Chris/Desktop/Sem 2 Github/Games-Prototyping/Games Prototyping2/Content/ExpressFarmin_Project/GS_MazeProject/Resources/FX/EM_Munchies2_System.uasset" 1088
"C:/Users/Chris/Desktop/Sem 2 Github/Games-Prototyping/Games Prototyping2/Content/ExpressFarmin_Project/GS_MazeProject/Resources/FX/EM_Munchies2_System.uexp" 1089
"C:/Users/Chris/Desktop/Sem 2 Github/Games-Prototyping/Games Prototyping2/Content/ExpressFarmin_Project/GS_MazeProject/Resources/Blueprints/Interactables/AC_IngredientType.uasset" 1090
"C:/Users/Chris/Desktop/Sem 2 Github/Games-Prototyping/Games Prototyping2/Content/ExpressFarmin_Project/GS_MazeProject/Resources/Blueprints/Interactables/AC_IngredientType.uexp" 1091
"C:/Users/Chris/Desktop/Sem 2 Github/Games-Prototyping/Games Prototyping2/Content/ExpressFarmin_Project/GS_MazeProject/Resources/Blueprints/Interactables/AC_MonetaryValue.uasset" 1092
"C:/Users/Chris/Desktop/Sem 2 Github/Games-Prototyping/Games Prototyping2/Content/ExpressFarmin_Project/GS_MazeProject/Resources/Blueprints/Interactables/AC_MonetaryValue.uexp" 1093
"C:/Users/Chris/Desktop/Sem 2 Github/Games-Prototyping/Games Prototyping2/Content/ExpressFarmin_Project/GS_MazeProject/Resources/Assets/Downloaded_Assets/egg_material.uasset" 1094
"C:/Users/Chris/Desktop/Sem 2 Github/Games-Prototyping/Games Prototyping2/Content/ExpressFarmin_Project/GS_MazeProject/Resources/Assets/Downloaded_Assets/egg_material.uexp" 1095
"C:/Users/Chris/Desktop/Sem 2 Github/Games-Prototyping/Games Prototyping2/Content/ExpressFarmin_Project/GS_MazeProject/Resources/Assets/Downloaded_Assets/egg.ubulk" 1096
"C:/Users/Chris/Desktop/Sem 2 Github/Games-Prototyping/Games Prototyping2/Content/ExpressFarmin_Project/GS_MazeProject/Resources/Assets/Downloaded_Assets/egg.uasset" 1097
"C:/Users/Chris/Desktop/Sem 2 Github/Games-Prototyping/Games Prototyping2/Content/ExpressFarmin_Project/GS_MazeProject/Resources/Assets/Downloaded_Assets/egg.uexp" 1098
"C:/Users/Chris/Desktop/Sem 2 Github/Games-Prototyping/Games Prototyping2/Content/ExpressFarmin_Project/GS_MazeProject/Resources/Blueprints/Interactables/BP_Egg.uasset" 1099
"C:/Users/Chris/Desktop/Sem 2 Github/Games-Prototyping/Games Prototyping2/Content/ExpressFarmin_Project/GS_MazeProject/Resources/Blueprints/Interactables/BP_Egg.uexp" 1100
"C:/Users/Chris/Desktop/Sem 2 Github/Games-Prototyping/Games Prototyping2/Content/ExpressFarmin_Project/GS_MazeProject/Resources/Audio/Animals/Eating/SofterCrunch.ubulk" 1101
"C:/Users/Chris/Desktop/Sem 2 Github/Games-Prototyping/Games Prototyping2/Content/ExpressFarmin_Project/GS_MazeProject/Resources/Audio/Animals/Eating/SofterCrunch.uasset" 1102
"C:/Users/Chris/Desktop/Sem 2 Github/Games-Prototyping/Games Prototyping2/Content/ExpressFarmin_Project/GS_MazeProject/Resources/Audio/Animals/Eating/SofterCrunch.uexp" 1103
"C:/Users/Chris/Desktop/Sem 2 Github/Games-Prototyping/Games Prototyping2/Content/ExpressFarmin_Project/GS_MazeProject/Resources/Audio/Animals/Eating/Pop.ubulk" 1104
"C:/Users/Chris/Desktop/Sem 2 Github/Games-Prototyping/Games Prototyping2/Content/ExpressFarmin_Project/GS_MazeProject/Resources/Audio/Animals/Eating/Pop.uasset" 1105
"C:/Users/Chris/Desktop/Sem 2 Github/Games-Prototyping/Games Prototyping2/Content/ExpressFarmin_Project/GS_MazeProject/Resources/Audio/Animals/Eating/Pop.uexp" 1106
"C:/Users/Chris/Desktop/Sem 2 Github/Games-Prototyping/Games Prototyping2/Content/ExpressFarmin_Project/GS_MazeProject/Resources/Assets/Downloaded_Assets/chicken_texture.ubulk" 1107
"C:/Users/Chris/Desktop/Sem 2 Github/Games-Prototyping/Games Prototyping2/Content/ExpressFarmin_Project/GS_MazeProject/Resources/Assets/Downloaded_Assets/chicken_texture.uasset" 1108
"C:/Users/Chris/Desktop/Sem 2 Github/Games-Prototyping/Games Prototyping2/Content/ExpressFarmin_Project/GS_MazeProject/Resources/Assets/Downloaded_Assets/chicken_texture.uexp" 1109
"C:/Users/Chris/Desktop/Sem 2 Github/Games-Prototyping/Games Prototyping2/Content/ExpressFarmin_Project/GS_MazeProject/Resources/Assets/Downloaded_Assets/chicken_texture_Mat.uasset" 1110
"C:/Users/Chris/Desktop/Sem 2 Github/Games-Prototyping/Games Prototyping2/Content/ExpressFarmin_Project/GS_MazeProject/Resources/Assets/Downloaded_Assets/chicken_texture_Mat.uexp" 1111
"C:/Users/Chris/Desktop/Sem 2 Github/Games-Prototyping/Games Prototyping2/Content/ExpressFarmin_Project/GS_MazeProject/Resources/Assets/Downloaded_Assets/chicken_Skeleton.uasset" 1112
"C:/Users/Chris/Desktop/Sem 2 Github/Games-Prototyping/Games Prototyping2/Content/ExpressFarmin_Project/GS_MazeProject/Resources/Assets/Downloaded_Assets/chicken_Skeleton.uexp" 1113
"C:/Users/Chris/Desktop/Sem 2 Github/Games-Prototyping/Games Prototyping2/Content/ExpressFarmin_Project/GS_MazeProject/Resources/Assets/Downloaded_Assets/chicken_PhysicsAsset.uasset" 1114
"C:/Users/Chris/Desktop/Sem 2 Github/Games-Prototyping/Games Prototyping2/Content/ExpressFarmin_Project/GS_MazeProject/Resources/Assets/Downloaded_Assets/chicken_PhysicsAsset.uexp" 1115
"C:/Users/Chris/Desktop/Sem 2 Github/Games-Prototyping/Games Prototyping2/Content/ExpressFarmin_Project/GS_MazeProject/Resources/Assets/Downloaded_Assets/chicken_material.uasset" 1116
"C:/Users/Chris/Desktop/Sem 2 Github/Games-Prototyping/Games Prototyping2/Content/ExpressFarmin_Project/GS_MazeProject/Resources/Assets/Downloaded_Assets/chicken_material.uexp" 1117
"C:/Users/Chris/Desktop/Sem 2 Github/Games-Prototyping/Games Prototyping2/Content/ExpressFarmin_Project/GS_MazeProject/Resources/Assets/Downloaded_Assets/chicken.uasset" 1118
"C:/Users/Chris/Desktop/Sem 2 Github/Games-Prototyping/Games Prototyping2/Content/ExpressFarmin_Project/GS_MazeProject/Resources/Assets/Downloaded_Assets/chicken.uexp" 1119
"C:/Users/Chris/Desktop/Sem 2 Github/Games-Prototyping/Games Prototyping2/Content/ExpressFarmin_Project/GS_MazeProject/Resources/AnimalUI/WB_CowUI.uasset" 1120
"C:/Users/Chris/Desktop/Sem 2 Github/Games-Prototyping/Games Prototyping2/Content/ExpressFarmin_Project/GS_MazeProject/Resources/AnimalUI/WB_CowUI.uexp" 1121
"C:/Users/Chris/Desktop/Sem 2 Github/Games-Prototyping/Games Prototyping2/Content/ExpressFarmin_Project/GS_MazeProject/Resources/AnimalBlueprints/T_RandomLocation.uasset" 1122
"C:/Users/Chris/Desktop/Sem 2 Github/Games-Prototyping/Games Prototyping2/Content/ExpressFarmin_Project/GS_MazeProject/Resources/AnimalBlueprints/T_RandomLocation.uexp" 1123
"C:/Users/Chris/Desktop/Sem 2 Github/Games-Prototyping/Games Prototyping2/Content/ExpressFarmin_Project/GS_MazeProject/Resources/AnimalBlueprints/BB_AnimalCharacter.uasset" 1124
"C:/Users/Chris/Desktop/Sem 2 Github/Games-Prototyping/Games Prototyping2/Content/ExpressFarmin_Project/GS_MazeProject/Resources/AnimalBlueprints/BB_AnimalCharacter.uexp" 1125
"C:/Users/Chris/Desktop/Sem 2 Github/Games-Prototyping/Games Prototyping2/Content/ExpressFarmin_Project/GS_MazeProject/Resources/Audio/Animals/RandomCues/Cluck/TalkativeBawks.ubulk" 1126
"C:/Users/Chris/Desktop/Sem 2 Github/Games-Prototyping/Games Prototyping2/Content/ExpressFarmin_Project/GS_MazeProject/Resources/Audio/Animals/RandomCues/Cluck/TalkativeBawks.uasset" 1127
"C:/Users/Chris/Desktop/Sem 2 Github/Games-Prototyping/Games Prototyping2/Content/ExpressFarmin_Project/GS_MazeProject/Resources/Audio/Animals/RandomCues/Cluck/TalkativeBawks.uexp" 1128
"C:/Users/Chris/Desktop/Sem 2 Github/Games-Prototyping/Games Prototyping2/Content/ExpressFarmin_Project/GS_MazeProject/Resources/Audio/Animals/RandomCues/Cluck/SingleBawk.ubulk" 1129
"C:/Users/Chris/Desktop/Sem 2 Github/Games-Prototyping/Games Prototyping2/Content/ExpressFarmin_Project/GS_MazeProject/Resources/Audio/Animals/RandomCues/Cluck/SingleBawk.uasset" 1130
"C:/Users/Chris/Desktop/Sem 2 Github/Games-Prototyping/Games Prototyping2/Content/ExpressFarmin_Project/GS_MazeProject/Resources/Audio/Animals/RandomCues/Cluck/SingleBawk.uexp" 1131
"C:/Users/Chris/Desktop/Sem 2 Github/Games-Prototyping/Games Prototyping2/Content/ExpressFarmin_Project/GS_MazeProject/Resources/Audio/Animals/RandomCues/Cluck/SingBawk.ubulk" 1132
"C:/Users/Chris/Desktop/Sem 2 Github/Games-Prototyping/Games Prototyping2/Content/ExpressFarmin_Project/GS_MazeProject/Resources/Audio/Animals/RandomCues/Cluck/SingBawk.uasset" 1133
"C:/Users/Chris/Desktop/Sem 2 Github/Games-Prototyping/Games Prototyping2/Content/ExpressFarmin_Project/GS_MazeProject/Resources/Audio/Animals/RandomCues/Cluck/SingBawk.uexp" 1134
"C:/Users/Chris/Desktop/Sem 2 Github/Games-Prototyping/Games Prototyping2/Content/ExpressFarmin_Project/GS_MazeProject/Resources/Audio/Animals/RandomCues/Cluck/QuieterBawking_Long.ubulk" 1135
"C:/Users/Chris/Desktop/Sem 2 Github/Games-Prototyping/Games Prototyping2/Content/ExpressFarmin_Project/GS_MazeProject/Resources/Audio/Animals/RandomCues/Cluck/QuieterBawking_Long.uasset" 1136
"C:/Users/Chris/Desktop/Sem 2 Github/Games-Prototyping/Games Prototyping2/Content/ExpressFarmin_Project/GS_MazeProject/Resources/Audio/Animals/RandomCues/Cluck/QuieterBawking_Long.uexp" 1137
"C:/Users/Chris/Desktop/Sem 2 Github/Games-Prototyping/Games Prototyping2/Content/ExpressFarmin_Project/GS_MazeProject/Resources/Audio/Animals/RandomCues/Cluck/CloserCuriousBawks.ubulk" 1138
"C:/Users/Chris/Desktop/Sem 2 Github/Games-Prototyping/Games Prototyping2/Content/ExpressFarmin_Project/GS_MazeProject/Resources/Audio/Animals/RandomCues/Cluck/CloserCuriousBawks.uasset" 1139
"C:/Users/Chris/Desktop/Sem 2 Github/Games-Prototyping/Games Prototyping2/Content/ExpressFarmin_Project/GS_MazeProject/Resources/Audio/Animals/RandomCues/Cluck/CloserCuriousBawks.uexp" 1140
"C:/Users/Chris/Desktop/Sem 2 Github/Games-Prototyping/Games Prototyping2/Content/ExpressFarmin_Project/GS_MazeProject/Resources/Audio/Animals/RandomCues/Cluck/RandomBawk.uasset" 1141
"C:/Users/Chris/Desktop/Sem 2 Github/Games-Prototyping/Games Prototyping2/Content/ExpressFarmin_Project/GS_MazeProject/Resources/Audio/Animals/RandomCues/Cluck/RandomBawk.uexp" 1142
"C:/Users/Chris/Desktop/Sem 2 Github/Games-Prototyping/Games Prototyping2/Content/ExpressFarmin_Project/GS_MazeProject/Resources/AnimalBlueprints/BT_Chickens.uasset" 1143
"C:/Users/Chris/Desktop/Sem 2 Github/Games-Prototyping/Games Prototyping2/Content/ExpressFarmin_Project/GS_MazeProject/Resources/AnimalBlueprints/BT_Chickens.uexp" 1144
"C:/Users/Chris/Desktop/Sem 2 Github/Games-Prototyping/Games Prototyping2/Content/ExpressFarmin_Project/GS_MazeProject/Resources/AnimalBlueprints/BP_ChickenController.uasset" 1145
"C:/Users/Chris/Desktop/Sem 2 Github/Games-Prototyping/Games Prototyping2/Content/ExpressFarmin_Project/GS_MazeProject/Resources/AnimalBlueprints/BP_ChickenController.uexp" 1146
"C:/Users/Chris/Desktop/Sem 2 Github/Games-Prototyping/Games Prototyping2/Content/ExpressFarmin_Project/GS_MazeProject/Resources/AnimalBlueprints/BP_ChickenCharacter.uasset" 1147
"C:/Users/Chris/Desktop/Sem 2 Github/Games-Prototyping/Games Prototyping2/Content/ExpressFarmin_Project/GS_MazeProject/Resources/AnimalBlueprints/BP_ChickenCharacter.uexp" 1148
"C:/Users/Chris/Desktop/Sem 2 Github/Games-Prototyping/Games Prototyping2/Content/ExpressFarmin_Project/GS_MazeProject/Resources/SaveGame/BP_SaveGame.uasset" 1149
"C:/Users/Chris/Desktop/Sem 2 Github/Games-Prototyping/Games Prototyping2/Content/ExpressFarmin_Project/GS_MazeProject/Resources/SaveGame/BP_SaveGame.uexp" 1150
"C:/Users/Chris/Desktop/Sem 2 Github/Games-Prototyping/Games Prototyping2/Content/ExpressFarmin_Project/GS_MazeProject/Resources/GameInstance/BP_EF_GameInstance.uasset" 1151
"C:/Users/Chris/Desktop/Sem 2 Github/Games-Prototyping/Games Prototyping2/Content/ExpressFarmin_Project/GS_MazeProject/Resources/GameInstance/BP_EF_GameInstance.uexp" 1152
"C:/Users/Chris/Desktop/Sem 2 Github/Games-Prototyping/Games Prototyping2/Content/ExpressFarmin_Project/GS_MazeProject/Resources/UI/Images_General/Wallet2.uasset" 1153
"C:/Users/Chris/Desktop/Sem 2 Github/Games-Prototyping/Games Prototyping2/Content/ExpressFarmin_Project/GS_MazeProject/Resources/UI/Images_General/Wallet2.uexp" 1154
"C:/Users/Chris/Desktop/Sem 2 Github/Games-Prototyping/Games Prototyping2/Content/ExpressFarmin_Project/GS_MazeProject/Resources/UI/Images_General/Wallet2__2_.uasset" 1155
"C:/Users/Chris/Desktop/Sem 2 Github/Games-Prototyping/Games Prototyping2/Content/ExpressFarmin_Project/GS_MazeProject/Resources/UI/Images_General/Wallet2__2_.uexp" 1156
"C:/Users/Chris/Desktop/Sem 2 Github/Games-Prototyping/Games Prototyping2/Content/ExpressFarmin_Project/GS_MazeProject/Resources/UI/Images_General/UserMadeWB/Group_7.uasset" 1157
"C:/Users/Chris/Desktop/Sem 2 Github/Games-Prototyping/Games Prototyping2/Content/ExpressFarmin_Project/GS_MazeProject/Resources/UI/Images_General/UserMadeWB/Group_7.uexp" 1158
"C:/Users/Chris/Desktop/Sem 2 Github/Games-Prototyping/Games Prototyping2/Content/ExpressFarmin_Project/GS_MazeProject/Resources/UI/WB_PlayerHUD.uasset" 1159
"C:/Users/Chris/Desktop/Sem 2 Github/Games-Prototyping/Games Prototyping2/Content/ExpressFarmin_Project/GS_MazeProject/Resources/UI/WB_PlayerHUD.uexp" 1160
"C:/Users/Chris/Desktop/Sem 2 Github/Games-Prototyping/Games Prototyping2/Content/ExpressFarmin_Project/GS_MazeProject/Resources/Audio/Other/SoundEffects/UI/Click3.ubulk" 1161
"C:/Users/Chris/Desktop/Sem 2 Github/Games-Prototyping/Games Prototyping2/Content/ExpressFarmin_Project/GS_MazeProject/Resources/Audio/Other/SoundEffects/UI/Click3.uasset" 1162
"C:/Users/Chris/Desktop/Sem 2 Github/Games-Prototyping/Games Prototyping2/Content/ExpressFarmin_Project/GS_MazeProject/Resources/Audio/Other/SoundEffects/UI/Click3.uexp" 1163
"C:/Users/Chris/Desktop/Sem 2 Github/Games-Prototyping/Games Prototyping2/Content/ExpressFarmin_Project/GS_MazeProject/Resources/UI/Images_General/UserMadeWB/Group_7__1_.uasset" 1164
"C:/Users/Chris/Desktop/Sem 2 Github/Games-Prototyping/Games Prototyping2/Content/ExpressFarmin_Project/GS_MazeProject/Resources/UI/Images_General/UserMadeWB/Group_7__1_.uexp" 1165
"C:/Users/Chris/Desktop/Sem 2 Github/Games-Prototyping/Games Prototyping2/Content/ExpressFarmin_Project/GS_MazeProject/Resources/Audio/Other/SoundEffects/UI/Click2.ubulk" 1166
"C:/Users/Chris/Desktop/Sem 2 Github/Games-Prototyping/Games Prototyping2/Content/ExpressFarmin_Project/GS_MazeProject/Resources/Audio/Other/SoundEffects/UI/Click2.uasset" 1167
"C:/Users/Chris/Desktop/Sem 2 Github/Games-Prototyping/Games Prototyping2/Content/ExpressFarmin_Project/GS_MazeProject/Resources/Audio/Other/SoundEffects/UI/Click2.uexp" 1168
"C:/Users/Chris/Desktop/Sem 2 Github/Games-Prototyping/Games Prototyping2/Content/ExpressFarmin_Project/GS_MazeProject/Resources/UI/Widgets/UserMadeWBs/WB_BaseButton.uasset" 1169
"C:/Users/Chris/Desktop/Sem 2 Github/Games-Prototyping/Games Prototyping2/Content/ExpressFarmin_Project/GS_MazeProject/Resources/UI/Widgets/UserMadeWBs/WB_BaseButton.uexp" 1170
"C:/Users/Chris/Desktop/Sem 2 Github/Games-Prototyping/Games Prototyping2/Content/ExpressFarmin_Project/GS_MazeProject/Resources/UI/Handbook/Images/Pages/Controls2.uasset" 1171
"C:/Users/Chris/Desktop/Sem 2 Github/Games-Prototyping/Games Prototyping2/Content/ExpressFarmin_Project/GS_MazeProject/Resources/UI/Handbook/Images/Pages/Controls2.uexp" 1172
"C:/Users/Chris/Desktop/Sem 2 Github/Games-Prototyping/Games Prototyping2/Content/ExpressFarmin_Project/GS_MazeProject/Resources/UI/OtherMenus/WB_PauseMenu.uasset" 1173
"C:/Users/Chris/Desktop/Sem 2 Github/Games-Prototyping/Games Prototyping2/Content/ExpressFarmin_Project/GS_MazeProject/Resources/UI/OtherMenus/WB_PauseMenu.uexp" 1174
"C:/Users/Chris/Desktop/Sem 2 Github/Games-Prototyping/Games Prototyping2/Content/ExpressFarmin_Project/GS_MazeProject/Resources/UI/Tutorial/TutorialImages/Screenshot_2026-03-19_130622.uasset" 1175
"C:/Users/Chris/Desktop/Sem 2 Github/Games-Prototyping/Games Prototyping2/Content/ExpressFarmin_Project/GS_MazeProject/Resources/UI/Tutorial/TutorialImages/Screenshot_2026-03-19_130622.uexp" 1176
"C:/Users/Chris/Desktop/Sem 2 Github/Games-Prototyping/Games Prototyping2/Content/ExpressFarmin_Project/GS_MazeProject/Resources/UI/Tutorial/TutorialImages/Screenshot_2026-03-19_130636.uasset" 1177
"C:/Users/Chris/Desktop/Sem 2 Github/Games-Prototyping/Games Prototyping2/Content/ExpressFarmin_Project/GS_MazeProject/Resources/UI/Tutorial/TutorialImages/Screenshot_2026-03-19_130636.uexp" 1178
"C:/Users/Chris/Desktop/Sem 2 Github/Games-Prototyping/Games Prototyping2/Content/ExpressFarmin_Project/GS_MazeProject/Resources/UI/Handbook/Images/Pages/Pg1.uasset" 1179
"C:/Users/Chris/Desktop/Sem 2 Github/Games-Prototyping/Games Prototyping2/Content/ExpressFarmin_Project/GS_MazeProject/Resources/UI/Handbook/Images/Pages/Pg1.uexp" 1180
"C:/Users/Chris/Desktop/Sem 2 Github/Games-Prototyping/Games Prototyping2/Content/ExpressFarmin_Project/GS_MazeProject/Resources/UI/Handbook/WB_HandbookPG1.uasset" 1181
"C:/Users/Chris/Desktop/Sem 2 Github/Games-Prototyping/Games Prototyping2/Content/ExpressFarmin_Project/GS_MazeProject/Resources/UI/Handbook/WB_HandbookPG1.uexp" 1182
"C:/Users/Chris/Desktop/Sem 2 Github/Games-Prototyping/Games Prototyping2/Content/ExpressFarmin_Project/GS_MazeProject/Resources/UI/Tutorial/TutorialImages/Screenshot_2026-03-19_112952.uasset" 1183
"C:/Users/Chris/Desktop/Sem 2 Github/Games-Prototyping/Games Prototyping2/Content/ExpressFarmin_Project/GS_MazeProject/Resources/UI/Tutorial/TutorialImages/Screenshot_2026-03-19_112952.uexp" 1184
"C:/Users/Chris/Desktop/Sem 2 Github/Games-Prototyping/Games Prototyping2/Content/ExpressFarmin_Project/GS_MazeProject/Resources/UI/Tutorial/TutorialImages/Screenshot_2026-03-19_130517.uasset" 1185
"C:/Users/Chris/Desktop/Sem 2 Github/Games-Prototyping/Games Prototyping2/Content/ExpressFarmin_Project/GS_MazeProject/Resources/UI/Tutorial/TutorialImages/Screenshot_2026-03-19_130517.uexp" 1186
"C:/Users/Chris/Desktop/Sem 2 Github/Games-Prototyping/Games Prototyping2/Content/ExpressFarmin_Project/GS_MazeProject/Resources/UI/Tutorial/TutorialImages/Screenshot_2026-03-26_101425.uasset" 1187
"C:/Users/Chris/Desktop/Sem 2 Github/Games-Prototyping/Games Prototyping2/Content/ExpressFarmin_Project/GS_MazeProject/Resources/UI/Tutorial/TutorialImages/Screenshot_2026-03-26_101425.uexp" 1188
"C:/Users/Chris/Desktop/Sem 2 Github/Games-Prototyping/Games Prototyping2/Content/ExpressFarmin_Project/GS_MazeProject/Resources/UI/Tutorial/TutorialImages/Screenshot_2026-03-26_101432.uasset" 1189
"C:/Users/Chris/Desktop/Sem 2 Github/Games-Prototyping/Games Prototyping2/Content/ExpressFarmin_Project/GS_MazeProject/Resources/UI/Tutorial/TutorialImages/Screenshot_2026-03-26_101432.uexp" 1190
"C:/Users/Chris/Desktop/Sem 2 Github/Games-Prototyping/Games Prototyping2/Content/ExpressFarmin_Project/GS_MazeProject/Resources/UI/Tutorial/TutorialImages/Screenshot_2026-04-30_095446.uasset" 1191
"C:/Users/Chris/Desktop/Sem 2 Github/Games-Prototyping/Games Prototyping2/Content/ExpressFarmin_Project/GS_MazeProject/Resources/UI/Tutorial/TutorialImages/Screenshot_2026-04-30_095446.uexp" 1192
"C:/Users/Chris/Desktop/Sem 2 Github/Games-Prototyping/Games Prototyping2/Content/ExpressFarmin_Project/GS_MazeProject/Resources/UI/Tutorial/TutorialImages/Screenshot_2026-04-30_095344.uasset" 1193
"C:/Users/Chris/Desktop/Sem 2 Github/Games-Prototyping/Games Prototyping2/Content/ExpressFarmin_Project/GS_MazeProject/Resources/UI/Tutorial/TutorialImages/Screenshot_2026-04-30_095344.uexp" 1194
"C:/Users/Chris/Desktop/Sem 2 Github/Games-Prototyping/Games Prototyping2/Content/ExpressFarmin_Project/GS_MazeProject/Resources/UI/Tutorial/TutorialImages/Screenshot_2026-04-30_095307.uasset" 1195
"C:/Users/Chris/Desktop/Sem 2 Github/Games-Prototyping/Games Prototyping2/Content/ExpressFarmin_Project/GS_MazeProject/Resources/UI/Tutorial/TutorialImages/Screenshot_2026-04-30_095307.uexp" 1196
"C:/Users/Chris/Desktop/Sem 2 Github/Games-Prototyping/Games Prototyping2/Content/ExpressFarmin_Project/GS_MazeProject/Resources/UI/Tutorial/TutorialImages/Screenshot_2026-04-30_095243.uasset" 1197
"C:/Users/Chris/Desktop/Sem 2 Github/Games-Prototyping/Games Prototyping2/Content/ExpressFarmin_Project/GS_MazeProject/Resources/UI/Tutorial/TutorialImages/Screenshot_2026-04-30_095243.uexp" 1198
"C:/Users/Chris/Desktop/Sem 2 Github/Games-Prototyping/Games Prototyping2/Content/ExpressFarmin_Project/GS_MazeProject/Resources/UI/Tutorial/TutorialImages/Screenshot_2026-05-07_220556.uasset" 1199
"C:/Users/Chris/Desktop/Sem 2 Github/Games-Prototyping/Games Prototyping2/Content/ExpressFarmin_Project/GS_MazeProject/Resources/UI/Tutorial/TutorialImages/Screenshot_2026-05-07_220556.uexp" 1200
"C:/Users/Chris/Desktop/Sem 2 Github/Games-Prototyping/Games Prototyping2/Content/ExpressFarmin_Project/GS_MazeProject/Resources/UI/Tutorial/TutorialImages/Screenshot_2026-05-07_220625.uasset" 1201
"C:/Users/Chris/Desktop/Sem 2 Github/Games-Prototyping/Games Prototyping2/Content/ExpressFarmin_Project/GS_MazeProject/Resources/UI/Tutorial/TutorialImages/Screenshot_2026-05-07_220625.uexp" 1202
"C:/Users/Chris/Desktop/Sem 2 Github/Games-Prototyping/Games Prototyping2/Content/ExpressFarmin_Project/GS_MazeProject/Resources/UI/Tutorial/TutorialImages/Screenshot_2026-05-07_220701.uasset" 1203
"C:/Users/Chris/Desktop/Sem 2 Github/Games-Prototyping/Games Prototyping2/Content/ExpressFarmin_Project/GS_MazeProject/Resources/UI/Tutorial/TutorialImages/Screenshot_2026-05-07_220701.uexp" 1204
"C:/Users/Chris/Desktop/Sem 2 Github/Games-Prototyping/Games Prototyping2/Content/ExpressFarmin_Project/GS_MazeProject/Resources/UI/Tutorial/TutorialImages/Screenshot_2026-05-07_220744.uasset" 1205
"C:/Users/Chris/Desktop/Sem 2 Github/Games-Prototyping/Games Prototyping2/Content/ExpressFarmin_Project/GS_MazeProject/Resources/UI/Tutorial/TutorialImages/Screenshot_2026-05-07_220744.uexp" 1206
"C:/Users/Chris/Desktop/Sem 2 Github/Games-Prototyping/Games Prototyping2/Content/ExpressFarmin_Project/GS_MazeProject/Resources/UI/Handbook/Images/Icons/ChickenDecal.uasset" 1207
"C:/Users/Chris/Desktop/Sem 2 Github/Games-Prototyping/Games Prototyping2/Content/ExpressFarmin_Project/GS_MazeProject/Resources/UI/Handbook/Images/Icons/ChickenDecal.uexp" 1208
"C:/Users/Chris/Desktop/Sem 2 Github/Games-Prototyping/Games Prototyping2/Content/ExpressFarmin_Project/GS_MazeProject/Resources/UI/Handbook/Images/Icons/CowDecal.uasset" 1209
"C:/Users/Chris/Desktop/Sem 2 Github/Games-Prototyping/Games Prototyping2/Content/ExpressFarmin_Project/GS_MazeProject/Resources/UI/Handbook/Images/Icons/CowDecal.uexp" 1210
"C:/Users/Chris/Desktop/Sem 2 Github/Games-Prototyping/Games Prototyping2/Content/ExpressFarmin_Project/GS_MazeProject/Resources/UI/Handbook/Images/Icons/CropsDecal.uasset" 1211
"C:/Users/Chris/Desktop/Sem 2 Github/Games-Prototyping/Games Prototyping2/Content/ExpressFarmin_Project/GS_MazeProject/Resources/UI/Handbook/Images/Icons/CropsDecal.uexp" 1212
"C:/Users/Chris/Desktop/Sem 2 Github/Games-Prototyping/Games Prototyping2/Content/ExpressFarmin_Project/GS_MazeProject/Resources/UI/Handbook/Images/Icons/HayDecal.uasset" 1213
"C:/Users/Chris/Desktop/Sem 2 Github/Games-Prototyping/Games Prototyping2/Content/ExpressFarmin_Project/GS_MazeProject/Resources/UI/Handbook/Images/Icons/HayDecal.uexp" 1214
"C:/Users/Chris/Desktop/Sem 2 Github/Games-Prototyping/Games Prototyping2/Content/ExpressFarmin_Project/GS_MazeProject/Resources/UI/Handbook/Images/Icons/SeedDecal.uasset" 1215
"C:/Users/Chris/Desktop/Sem 2 Github/Games-Prototyping/Games Prototyping2/Content/ExpressFarmin_Project/GS_MazeProject/Resources/UI/Handbook/Images/Icons/SeedDecal.uexp" 1216
"C:/Users/Chris/Desktop/Sem 2 Github/Games-Prototyping/Games Prototyping2/Content/ExpressFarmin_Project/GS_MazeProject/Resources/UI/Handbook/Images/Icons/BoxDecal.uasset" 1217
"C:/Users/Chris/Desktop/Sem 2 Github/Games-Prototyping/Games Prototyping2/Content/ExpressFarmin_Project/GS_MazeProject/Resources/UI/Handbook/Images/Icons/BoxDecal.uexp" 1218
"C:/Users/Chris/Desktop/Sem 2 Github/Games-Prototyping/Games Prototyping2/Content/ExpressFarmin_Project/GS_MazeProject/Resources/UI/Handbook/Images/Icons/DeliveryDecal.uasset" 1219
"C:/Users/Chris/Desktop/Sem 2 Github/Games-Prototyping/Games Prototyping2/Content/ExpressFarmin_Project/GS_MazeProject/Resources/UI/Handbook/Images/Icons/DeliveryDecal.uexp" 1220
"C:/Users/Chris/Desktop/Sem 2 Github/Games-Prototyping/Games Prototyping2/Content/ExpressFarmin_Project/GS_MazeProject/Resources/UI/Handbook/Images/Icons/LaptopDecal.uasset" 1221
"C:/Users/Chris/Desktop/Sem 2 Github/Games-Prototyping/Games Prototyping2/Content/ExpressFarmin_Project/GS_MazeProject/Resources/UI/Handbook/Images/Icons/LaptopDecal.uexp" 1222
"C:/Users/Chris/Desktop/Sem 2 Github/Games-Prototyping/Games Prototyping2/Content/ExpressFarmin_Project/GS_MazeProject/Resources/UI/Handbook/Images/Pages/First_Page__1_.uasset" 1223
"C:/Users/Chris/Desktop/Sem 2 Github/Games-Prototyping/Games Prototyping2/Content/ExpressFarmin_Project/GS_MazeProject/Resources/UI/Handbook/Images/Pages/First_Page__1_.uexp" 1224
"C:/Users/Chris/Desktop/Sem 2 Github/Games-Prototyping/Games Prototyping2/Content/ExpressFarmin_Project/GS_MazeProject/Resources/UI/Tutorial/TutorialImages/Screenshot_2026-05-11_014250.uasset" 1225
"C:/Users/Chris/Desktop/Sem 2 Github/Games-Prototyping/Games Prototyping2/Content/ExpressFarmin_Project/GS_MazeProject/Resources/UI/Tutorial/TutorialImages/Screenshot_2026-05-11_014250.uexp" 1226
"C:/Users/Chris/Desktop/Sem 2 Github/Games-Prototyping/Games Prototyping2/Content/ExpressFarmin_Project/GS_MazeProject/Resources/UI/Tutorial/TutorialImages/Screenshot_2026-05-11_014301.uasset" 1227
"C:/Users/Chris/Desktop/Sem 2 Github/Games-Prototyping/Games Prototyping2/Content/ExpressFarmin_Project/GS_MazeProject/Resources/UI/Tutorial/TutorialImages/Screenshot_2026-05-11_014301.uexp" 1228
"C:/Users/Chris/Desktop/Sem 2 Github/Games-Prototyping/Games Prototyping2/Content/ExpressFarmin_Project/GS_MazeProject/Resources/UI/Handbook/WB_Handbook.uasset" 1229
"C:/Users/Chris/Desktop/Sem 2 Github/Games-Prototyping/Games Prototyping2/Content/ExpressFarmin_Project/GS_MazeProject/Resources/UI/Handbook/WB_Handbook.uexp" 1230
"C:/Users/Chris/Desktop/Sem 2 Github/Games-Prototyping/Games Prototyping2/Content/ExpressFarmin_Project/GS_MazeProject/Resources/Blueprints/BPI_InteractObject.uasset" 1231
"C:/Users/Chris/Desktop/Sem 2 Github/Games-Prototyping/Games Prototyping2/Content/ExpressFarmin_Project/GS_MazeProject/Resources/Blueprints/BPI_InteractObject.uexp" 1232
"C:/Users/Chris/Desktop/Sem 2 Github/Games-Prototyping/Games Prototyping2/Content/ExpressFarmin_Project/GS_MazeProject/Resources/Blueprints/Character/Inputs/IA_Sprinting.uasset" 1233
"C:/Users/Chris/Desktop/Sem 2 Github/Games-Prototyping/Games Prototyping2/Content/ExpressFarmin_Project/GS_MazeProject/Resources/Blueprints/Character/Inputs/IA_Sprinting.uexp" 1234
"C:/Users/Chris/Desktop/Sem 2 Github/Games-Prototyping/Games Prototyping2/Content/ExpressFarmin_Project/GS_MazeProject/Resources/Blueprints/Character/Inputs/IA_Pause.uasset" 1235
"C:/Users/Chris/Desktop/Sem 2 Github/Games-Prototyping/Games Prototyping2/Content/ExpressFarmin_Project/GS_MazeProject/Resources/Blueprints/Character/Inputs/IA_Pause.uexp" 1236
"C:/Users/Chris/Desktop/Sem 2 Github/Games-Prototyping/Games Prototyping2/Content/ExpressFarmin_Project/GS_MazeProject/Resources/Blueprints/Character/Inputs/IA_Move.uasset" 1237
"C:/Users/Chris/Desktop/Sem 2 Github/Games-Prototyping/Games Prototyping2/Content/ExpressFarmin_Project/GS_MazeProject/Resources/Blueprints/Character/Inputs/IA_Move.uexp" 1238
"C:/Users/Chris/Desktop/Sem 2 Github/Games-Prototyping/Games Prototyping2/Content/ExpressFarmin_Project/GS_MazeProject/Resources/Blueprints/Character/Inputs/IA_Look.uasset" 1239
"C:/Users/Chris/Desktop/Sem 2 Github/Games-Prototyping/Games Prototyping2/Content/ExpressFarmin_Project/GS_MazeProject/Resources/Blueprints/Character/Inputs/IA_Look.uexp" 1240
"C:/Users/Chris/Desktop/Sem 2 Github/Games-Prototyping/Games Prototyping2/Content/ExpressFarmin_Project/GS_MazeProject/Resources/Blueprints/Character/Inputs/IA_Jump.uasset" 1241
"C:/Users/Chris/Desktop/Sem 2 Github/Games-Prototyping/Games Prototyping2/Content/ExpressFarmin_Project/GS_MazeProject/Resources/Blueprints/Character/Inputs/IA_Jump.uexp" 1242
"C:/Users/Chris/Desktop/Sem 2 Github/Games-Prototyping/Games Prototyping2/Content/ExpressFarmin_Project/GS_MazeProject/Resources/Blueprints/Character/Inputs/IA_InteractObject.uasset" 1243
"C:/Users/Chris/Desktop/Sem 2 Github/Games-Prototyping/Games Prototyping2/Content/ExpressFarmin_Project/GS_MazeProject/Resources/Blueprints/Character/Inputs/IA_InteractObject.uexp" 1244
"C:/Users/Chris/Desktop/Sem 2 Github/Games-Prototyping/Games Prototyping2/Content/ExpressFarmin_Project/GS_MazeProject/Resources/Blueprints/Character/Inputs/IMC_PlayerCharacter.uasset" 1245
"C:/Users/Chris/Desktop/Sem 2 Github/Games-Prototyping/Games Prototyping2/Content/ExpressFarmin_Project/GS_MazeProject/Resources/Blueprints/Character/Inputs/IMC_PlayerCharacter.uexp" 1246
"C:/Users/Chris/Desktop/Sem 2 Github/Games-Prototyping/Games Prototyping2/Content/ExpressFarmin_Project/GS_MazeProject/Resources/Blueprints/Character/BP_MazeCharacter.uasset" 1247
"C:/Users/Chris/Desktop/Sem 2 Github/Games-Prototyping/Games Prototyping2/Content/ExpressFarmin_Project/GS_MazeProject/Resources/Blueprints/Character/BP_MazeCharacter.uexp" 1248
"C:/Users/Chris/Desktop/Sem 2 Github/Games-Prototyping/Games Prototyping2/Content/ExpressFarmin_Project/GS_MazeProject/Resources/Blueprints/Gamemode/GM_TutorialGameMode.uasset" 1249
"C:/Users/Chris/Desktop/Sem 2 Github/Games-Prototyping/Games Prototyping2/Content/ExpressFarmin_Project/GS_MazeProject/Resources/Blueprints/Gamemode/GM_TutorialGameMode.uexp" 1250
"C:/Users/Chris/Desktop/Sem 2 Github/Games-Prototyping/Games Prototyping2/Content/ExpressFarmin_Project/GS_MazeProject/Resources/Assets/Downloaded_Assets/mat_gray.uasset" 1251
"C:/Users/Chris/Desktop/Sem 2 Github/Games-Prototyping/Games Prototyping2/Content/ExpressFarmin_Project/GS_MazeProject/Resources/Assets/Downloaded_Assets/mat_gray.uexp" 1252
"C:/Users/Chris/Desktop/Sem 2 Github/Games-Prototyping/Games Prototyping2/Content/ExpressFarmin_Project/GS_MazeProject/Resources/Assets/Downloaded_Assets/mat_brown.uasset" 1253
"C:/Users/Chris/Desktop/Sem 2 Github/Games-Prototyping/Games Prototyping2/Content/ExpressFarmin_Project/GS_MazeProject/Resources/Assets/Downloaded_Assets/mat_brown.uexp" 1254
"C:/Users/Chris/Desktop/Sem 2 Github/Games-Prototyping/Games Prototyping2/Content/ExpressFarmin_Project/GS_MazeProject/Resources/Assets/Downloaded_Assets/mat_brown_2.uasset" 1255
"C:/Users/Chris/Desktop/Sem 2 Github/Games-Prototyping/Games Prototyping2/Content/ExpressFarmin_Project/GS_MazeProject/Resources/Assets/Downloaded_Assets/mat_brown_2.uexp" 1256
"C:/Users/Chris/Desktop/Sem 2 Github/Games-Prototyping/Games Prototyping2/Content/ExpressFarmin_Project/GS_MazeProject/Resources/Assets/Downloaded_Assets/mat_black.uasset" 1257
"C:/Users/Chris/Desktop/Sem 2 Github/Games-Prototyping/Games Prototyping2/Content/ExpressFarmin_Project/GS_MazeProject/Resources/Assets/Downloaded_Assets/mat_black.uexp" 1258
"C:/Users/Chris/Desktop/Sem 2 Github/Games-Prototyping/Games Prototyping2/Content/ExpressFarmin_Project/GS_MazeProject/Resources/Assets/Downloaded_Assets/wooden_bucket.ubulk" 1259
"C:/Users/Chris/Desktop/Sem 2 Github/Games-Prototyping/Games Prototyping2/Content/ExpressFarmin_Project/GS_MazeProject/Resources/Assets/Downloaded_Assets/wooden_bucket.uasset" 1260
"C:/Users/Chris/Desktop/Sem 2 Github/Games-Prototyping/Games Prototyping2/Content/ExpressFarmin_Project/GS_MazeProject/Resources/Assets/Downloaded_Assets/wooden_bucket.uexp" 1261
"C:/Users/Chris/Desktop/Sem 2 Github/Games-Prototyping/Games Prototyping2/Content/ExpressFarmin_Project/GS_MazeProject/Resources/Blueprints/Interactables/BP_EMPTY_Water.uasset" 1262
"C:/Users/Chris/Desktop/Sem 2 Github/Games-Prototyping/Games Prototyping2/Content/ExpressFarmin_Project/GS_MazeProject/Resources/Blueprints/Interactables/BP_EMPTY_Water.uexp" 1263
"C:/Users/Chris/Desktop/Sem 2 Github/Games-Prototyping/Games Prototyping2/Content/ExpressFarmin_Project/GS_MazeProject/Resources/Assets/Downloaded_Assets/mat_blue.uasset" 1264
"C:/Users/Chris/Desktop/Sem 2 Github/Games-Prototyping/Games Prototyping2/Content/ExpressFarmin_Project/GS_MazeProject/Resources/Assets/Downloaded_Assets/mat_blue.uexp" 1265
"C:/Users/Chris/Desktop/Sem 2 Github/Games-Prototyping/Games Prototyping2/Content/ExpressFarmin_Project/GS_MazeProject/Resources/Assets/Downloaded_Assets/wooden_bucket_water.ubulk" 1266
"C:/Users/Chris/Desktop/Sem 2 Github/Games-Prototyping/Games Prototyping2/Content/ExpressFarmin_Project/GS_MazeProject/Resources/Assets/Downloaded_Assets/wooden_bucket_water.uasset" 1267
"C:/Users/Chris/Desktop/Sem 2 Github/Games-Prototyping/Games Prototyping2/Content/ExpressFarmin_Project/GS_MazeProject/Resources/Assets/Downloaded_Assets/wooden_bucket_water.uexp" 1268
"C:/Users/Chris/Desktop/Sem 2 Github/Games-Prototyping/Games Prototyping2/Content/ExpressFarmin_Project/GS_MazeProject/Resources/Blueprints/Interactables/BP_WATER_Bucket.uasset" 1269
"C:/Users/Chris/Desktop/Sem 2 Github/Games-Prototyping/Games Prototyping2/Content/ExpressFarmin_Project/GS_MazeProject/Resources/Blueprints/Interactables/BP_WATER_Bucket.uexp" 1270
"C:/Users/Chris/Desktop/Sem 2 Github/Games-Prototyping/Games Prototyping2/Content/ExpressFarmin_Project/GS_MazeProject/Resources/UI/Widgets/ActorWidgets/WB_CropTimer.uasset" 1271
"C:/Users/Chris/Desktop/Sem 2 Github/Games-Prototyping/Games Prototyping2/Content/ExpressFarmin_Project/GS_MazeProject/Resources/UI/Widgets/ActorWidgets/WB_CropTimer.uexp" 1272
"C:/Users/Chris/Desktop/Sem 2 Github/Games-Prototyping/Games Prototyping2/Content/ExpressFarmin_Project/GS_MazeProject/Resources/Audio/Other/SoundEffects/Actors/Highbell.ubulk" 1273
"C:/Users/Chris/Desktop/Sem 2 Github/Games-Prototyping/Games Prototyping2/Content/ExpressFarmin_Project/GS_MazeProject/Resources/Audio/Other/SoundEffects/Actors/Highbell.uasset" 1274
"C:/Users/Chris/Desktop/Sem 2 Github/Games-Prototyping/Games Prototyping2/Content/ExpressFarmin_Project/GS_MazeProject/Resources/Audio/Other/SoundEffects/Actors/Highbell.uexp" 1275
"C:/Users/Chris/Desktop/Sem 2 Github/Games-Prototyping/Games Prototyping2/Content/ExpressFarmin_Project/GS_MazeProject/Resources/Assets/Downloaded_Assets/mat_green.uasset" 1276
"C:/Users/Chris/Desktop/Sem 2 Github/Games-Prototyping/Games Prototyping2/Content/ExpressFarmin_Project/GS_MazeProject/Resources/Assets/Downloaded_Assets/mat_green.uexp" 1277
"C:/Users/Chris/Desktop/Sem 2 Github/Games-Prototyping/Games Prototyping2/Content/ExpressFarmin_Project/GS_MazeProject/Resources/Assets/Downloaded_Assets/sprout.ubulk" 1278
"C:/Users/Chris/Desktop/Sem 2 Github/Games-Prototyping/Games Prototyping2/Content/ExpressFarmin_Project/GS_MazeProject/Resources/Assets/Downloaded_Assets/sprout.uasset" 1279
"C:/Users/Chris/Desktop/Sem 2 Github/Games-Prototyping/Games Prototyping2/Content/ExpressFarmin_Project/GS_MazeProject/Resources/Assets/Downloaded_Assets/sprout.uexp" 1280
"C:/Users/Chris/Desktop/Sem 2 Github/Games-Prototyping/Games Prototyping2/Content/ExpressFarmin_Project/GS_MazeProject/Resources/Assets/Downloaded_Assets/wheat.ubulk" 1281
"C:/Users/Chris/Desktop/Sem 2 Github/Games-Prototyping/Games Prototyping2/Content/ExpressFarmin_Project/GS_MazeProject/Resources/Assets/Downloaded_Assets/wheat.uasset" 1282
"C:/Users/Chris/Desktop/Sem 2 Github/Games-Prototyping/Games Prototyping2/Content/ExpressFarmin_Project/GS_MazeProject/Resources/Assets/Downloaded_Assets/wheat.uexp" 1283
"C:/Users/Chris/Desktop/Sem 2 Github/Games-Prototyping/Games Prototyping2/Content/ExpressFarmin_Project/GS_MazeProject/Resources/Blueprints/Farming/BP_Wheat.uasset" 1284
"C:/Users/Chris/Desktop/Sem 2 Github/Games-Prototyping/Games Prototyping2/Content/ExpressFarmin_Project/GS_MazeProject/Resources/Blueprints/Farming/BP_Wheat.uexp" 1285
"C:/Users/Chris/Desktop/Sem 2 Github/Games-Prototyping/Games Prototyping2/Content/ExpressFarmin_Project/GS_MazeProject/Resources/Assets/Downloaded_Assets/dirt.ubulk" 1286
"C:/Users/Chris/Desktop/Sem 2 Github/Games-Prototyping/Games Prototyping2/Content/ExpressFarmin_Project/GS_MazeProject/Resources/Assets/Downloaded_Assets/dirt.uasset" 1287
"C:/Users/Chris/Desktop/Sem 2 Github/Games-Prototyping/Games Prototyping2/Content/ExpressFarmin_Project/GS_MazeProject/Resources/Assets/Downloaded_Assets/dirt.uexp" 1288
"C:/Users/Chris/Desktop/Sem 2 Github/Games-Prototyping/Games Prototyping2/Content/ExpressFarmin_Project/GS_MazeProject/Resources/Blueprints/Farming/BP_CropLot2.uasset" 1289
"C:/Users/Chris/Desktop/Sem 2 Github/Games-Prototyping/Games Prototyping2/Content/ExpressFarmin_Project/GS_MazeProject/Resources/Blueprints/Farming/BP_CropLot2.uexp" 1290
"C:/Users/Chris/Desktop/Sem 2 Github/Games-Prototyping/Games Prototyping2/Content/ExpressFarmin_Project/GS_MazeProject/Resources/UI/Tutorial/TutorialImages/Screenshot_2026-03-26_112818.uasset" 1291
"C:/Users/Chris/Desktop/Sem 2 Github/Games-Prototyping/Games Prototyping2/Content/ExpressFarmin_Project/GS_MazeProject/Resources/UI/Tutorial/TutorialImages/Screenshot_2026-03-26_112818.uexp" 1292
"C:/Users/Chris/Desktop/Sem 2 Github/Games-Prototyping/Games Prototyping2/Content/ExpressFarmin_Project/GS_MazeProject/Resources/UI/Tutorial/TutorialImages/Screenshot_2026-03-26_111830.uasset" 1293
"C:/Users/Chris/Desktop/Sem 2 Github/Games-Prototyping/Games Prototyping2/Content/ExpressFarmin_Project/GS_MazeProject/Resources/UI/Tutorial/TutorialImages/Screenshot_2026-03-26_111830.uexp" 1294
"C:/Users/Chris/Desktop/Sem 2 Github/Games-Prototyping/Games Prototyping2/Content/ExpressFarmin_Project/GS_MazeProject/Resources/UI/Tutorial/TutorialImages/Screenshot_2026-03-19_130539.uasset" 1295
"C:/Users/Chris/Desktop/Sem 2 Github/Games-Prototyping/Games Prototyping2/Content/ExpressFarmin_Project/GS_MazeProject/Resources/UI/Tutorial/TutorialImages/Screenshot_2026-03-19_130539.uexp" 1296
"C:/Users/Chris/Desktop/Sem 2 Github/Games-Prototyping/Games Prototyping2/Content/ExpressFarmin_Project/GS_MazeProject/Resources/UI/Tutorial/TutorialImages/Screenshot_2026-03-19_130534.uasset" 1297
"C:/Users/Chris/Desktop/Sem 2 Github/Games-Prototyping/Games Prototyping2/Content/ExpressFarmin_Project/GS_MazeProject/Resources/UI/Tutorial/TutorialImages/Screenshot_2026-03-19_130534.uexp" 1298
"C:/Users/Chris/Desktop/Sem 2 Github/Games-Prototyping/Games Prototyping2/Content/ExpressFarmin_Project/GS_MazeProject/Resources/UI/Tutorial/TutorialImages/Screenshot_2026-03-19_112929.uasset" 1299
"C:/Users/Chris/Desktop/Sem 2 Github/Games-Prototyping/Games Prototyping2/Content/ExpressFarmin_Project/GS_MazeProject/Resources/UI/Tutorial/TutorialImages/Screenshot_2026-03-19_112929.uexp" 1300
"C:/Users/Chris/Desktop/Sem 2 Github/Games-Prototyping/Games Prototyping2/Content/ExpressFarmin_Project/GS_MazeProject/Resources/UI/Tutorial/TutorialImages/Screenshot_2026-03-19_110534.uasset" 1301
"C:/Users/Chris/Desktop/Sem 2 Github/Games-Prototyping/Games Prototyping2/Content/ExpressFarmin_Project/GS_MazeProject/Resources/UI/Tutorial/TutorialImages/Screenshot_2026-03-19_110534.uexp" 1302
"C:/Users/Chris/Desktop/Sem 2 Github/Games-Prototyping/Games Prototyping2/Content/ExpressFarmin_Project/GS_MazeProject/Resources/UI/Tutorial/TutorialImages/Screenshot_2026-03-19_110432.uasset" 1303
"C:/Users/Chris/Desktop/Sem 2 Github/Games-Prototyping/Games Prototyping2/Content/ExpressFarmin_Project/GS_MazeProject/Resources/UI/Tutorial/TutorialImages/Screenshot_2026-03-19_110432.uexp" 1304
"C:/Users/Chris/Desktop/Sem 2 Github/Games-Prototyping/Games Prototyping2/Content/ExpressFarmin_Project/GS_MazeProject/Resources/UI/Tutorial/TutorialImages/Screenshot_2026-03-19_110419.uasset" 1305
"C:/Users/Chris/Desktop/Sem 2 Github/Games-Prototyping/Games Prototyping2/Content/ExpressFarmin_Project/GS_MazeProject/Resources/UI/Tutorial/TutorialImages/Screenshot_2026-03-19_110419.uexp" 1306
"C:/Users/Chris/Desktop/Sem 2 Github/Games-Prototyping/Games Prototyping2/Content/ExpressFarmin_Project/GS_MazeProject/Resources/UI/Tutorial/TutorialImages/Screenshot_2026-03-19_110412.uasset" 1307
"C:/Users/Chris/Desktop/Sem 2 Github/Games-Prototyping/Games Prototyping2/Content/ExpressFarmin_Project/GS_MazeProject/Resources/UI/Tutorial/TutorialImages/Screenshot_2026-03-19_110412.uexp" 1308
"C:/Users/Chris/Desktop/Sem 2 Github/Games-Prototyping/Games Prototyping2/Content/ExpressFarmin_Project/GS_MazeProject/Resources/UI/Handbook/Images/Pages/Group_1.uasset" 1309
"C:/Users/Chris/Desktop/Sem 2 Github/Games-Prototyping/Games Prototyping2/Content/ExpressFarmin_Project/GS_MazeProject/Resources/UI/Handbook/Images/Pages/Group_1.uexp" 1310
"C:/Users/Chris/Desktop/Sem 2 Github/Games-Prototyping/Games Prototyping2/Content/ExpressFarmin_Project/GS_MazeProject/Resources/UI/Handbook/Images/Pages/First_PageREVAMP.uasset" 1311
"C:/Users/Chris/Desktop/Sem 2 Github/Games-Prototyping/Games Prototyping2/Content/ExpressFarmin_Project/GS_MazeProject/Resources/UI/Handbook/Images/Pages/First_PageREVAMP.uexp" 1312
"C:/Users/Chris/Desktop/Sem 2 Github/Games-Prototyping/Games Prototyping2/Content/ExpressFarmin_Project/GS_MazeProject/Resources/UI/Handbook/Images/Pages/Controls.uasset" 1313
"C:/Users/Chris/Desktop/Sem 2 Github/Games-Prototyping/Games Prototyping2/Content/ExpressFarmin_Project/GS_MazeProject/Resources/UI/Handbook/Images/Pages/Controls.uexp" 1314
"C:/Users/Chris/Desktop/Sem 2 Github/Games-Prototyping/Games Prototyping2/Content/ExpressFarmin_Project/GS_MazeProject/Resources/UI/Handbook/Images/Icons/Group_4.uasset" 1315
"C:/Users/Chris/Desktop/Sem 2 Github/Games-Prototyping/Games Prototyping2/Content/ExpressFarmin_Project/GS_MazeProject/Resources/UI/Handbook/Images/Icons/Group_4.uexp" 1316
"C:/Users/Chris/Desktop/Sem 2 Github/Games-Prototyping/Games Prototyping2/Content/ExpressFarmin_Project/GS_MazeProject/Resources/UI/Handbook/Images/Icons/Group_3.uasset" 1317
"C:/Users/Chris/Desktop/Sem 2 Github/Games-Prototyping/Games Prototyping2/Content/ExpressFarmin_Project/GS_MazeProject/Resources/UI/Handbook/Images/Icons/Group_3.uexp" 1318
"C:/Users/Chris/Desktop/Sem 2 Github/Games-Prototyping/Games Prototyping2/Content/ExpressFarmin_Project/GS_MazeProject/Resources/UI/Handbook/Images/Icons/Group_2.uasset" 1319
"C:/Users/Chris/Desktop/Sem 2 Github/Games-Prototyping/Games Prototyping2/Content/ExpressFarmin_Project/GS_MazeProject/Resources/UI/Handbook/Images/Icons/Group_2.uexp" 1320
"C:/Users/Chris/Desktop/Sem 2 Github/Games-Prototyping/Games Prototyping2/Content/ExpressFarmin_Project/GS_MazeProject/Resources/UI/Handbook/Images/Icons/Blank_Icon.uasset" 1321
"C:/Users/Chris/Desktop/Sem 2 Github/Games-Prototyping/Games Prototyping2/Content/ExpressFarmin_Project/GS_MazeProject/Resources/UI/Handbook/Images/Icons/Blank_Icon.uexp" 1322
"C:/Users/Chris/Desktop/Sem 2 Github/Games-Prototyping/Games Prototyping2/Content/ExpressFarmin_Project/GS_MazeProject/Resources/Audio/Other/SoundEffects/UI/Click4.ubulk" 1323
"C:/Users/Chris/Desktop/Sem 2 Github/Games-Prototyping/Games Prototyping2/Content/ExpressFarmin_Project/GS_MazeProject/Resources/Audio/Other/SoundEffects/UI/Click4.uasset" 1324
"C:/Users/Chris/Desktop/Sem 2 Github/Games-Prototyping/Games Prototyping2/Content/ExpressFarmin_Project/GS_MazeProject/Resources/Audio/Other/SoundEffects/UI/Click4.uexp" 1325
"C:/Users/Chris/Desktop/Sem 2 Github/Games-Prototyping/Games Prototyping2/Content/ExpressFarmin_Project/GS_MazeProject/Resources/Audio/Other/SoundEffects/UI/Click1.ubulk" 1326
"C:/Users/Chris/Desktop/Sem 2 Github/Games-Prototyping/Games Prototyping2/Content/ExpressFarmin_Project/GS_MazeProject/Resources/Audio/Other/SoundEffects/UI/Click1.uasset" 1327
"C:/Users/Chris/Desktop/Sem 2 Github/Games-Prototyping/Games Prototyping2/Content/ExpressFarmin_Project/GS_MazeProject/Resources/Audio/Other/SoundEffects/UI/Click1.uexp" 1328
"C:/Users/Chris/Desktop/Sem 2 Github/Games-Prototyping/Games Prototyping2/Content/ExpressFarmin_Project/GS_MazeProject/Resources/UI/Handbook/Images/Pages/First_Page.uasset" 1329
"C:/Users/Chris/Desktop/Sem 2 Github/Games-Prototyping/Games Prototyping2/Content/ExpressFarmin_Project/GS_MazeProject/Resources/UI/Handbook/Images/Pages/First_Page.uexp" 1330
"C:/Users/Chris/Desktop/Sem 2 Github/Games-Prototyping/Games Prototyping2/Content/ExpressFarmin_Project/GS_MazeProject/Resources/UI/Handbook/Images/Icons/ProduceDecal.uasset" 1331
"C:/Users/Chris/Desktop/Sem 2 Github/Games-Prototyping/Games Prototyping2/Content/ExpressFarmin_Project/GS_MazeProject/Resources/UI/Handbook/Images/Icons/ProduceDecal.uexp" 1332
"../../../Engine/Plugins/Media/MediaPlate/Content/SM_MediaPlateScreen.ubulk" 1333
"../../../Engine/Plugins/Media/MediaPlate/Content/SM_MediaPlateScreen.uasset" 1334
"../../../Engine/Plugins/Media/MediaPlate/Content/SM_MediaPlateScreen.uexp" 1335
"../../../Engine/Content/EditorLandscapeResources/SplineEditorMeshMat.uasset" 1336
"../../../Engine/Content/EditorLandscapeResources/SplineEditorMeshMat.uexp" 1337
"../../../Engine/Content/EditorLandscapeResources/SplineEditorMesh.ubulk" 1338
"../../../Engine/Content/EditorLandscapeResources/SplineEditorMesh.uasset" 1339
"../../../Engine/Content/EditorLandscapeResources/SplineEditorMesh.uexp" 1340
"../../../Engine/Content/BasicShapes/Sphere.ubulk" 1341
"../../../Engine/Content/BasicShapes/Sphere.uasset" 1342
"../../../Engine/Content/BasicShapes/Sphere.uexp" 1343
"../../../Engine/Content/BasicShapes/Cone.ubulk" 1344
"../../../Engine/Content/BasicShapes/Cone.uasset" 1345
"../../../Engine/Content/BasicShapes/Cone.uexp" 1346
"../../../Engine/Plugins/Animation/ControlRig/Content/Controls/ControlRig_Wedge_solid.ubulk" 1347
"../../../Engine/Plugins/Animation/ControlRig/Content/Controls/ControlRig_Wedge_solid.uasset" 1348
"../../../Engine/Plugins/Animation/ControlRig/Content/Controls/ControlRig_Wedge_solid.uexp" 1349
"../../../Engine/Plugins/Animation/ControlRig/Content/Controls/ControlRig_Wedge_3mm.ubulk" 1350
"../../../Engine/Plugins/Animation/ControlRig/Content/Controls/ControlRig_Wedge_3mm.uasset" 1351
"../../../Engine/Plugins/Animation/ControlRig/Content/Controls/ControlRig_Wedge_3mm.uexp" 1352
"../../../Engine/Plugins/Animation/ControlRig/Content/Controls/ControlRig_Wedge_1mm.ubulk" 1353
"../../../Engine/Plugins/Animation/ControlRig/Content/Controls/ControlRig_Wedge_1mm.uasset" 1354
"../../../Engine/Plugins/Animation/ControlRig/Content/Controls/ControlRig_Wedge_1mm.uexp" 1355
"../../../Engine/Plugins/Animation/ControlRig/Content/Controls/ControlRig_Triangle_solid.ubulk" 1356
"../../../Engine/Plugins/Animation/ControlRig/Content/Controls/ControlRig_Triangle_solid.uasset" 1357
"../../../Engine/Plugins/Animation/ControlRig/Content/Controls/ControlRig_Triangle_solid.uexp" 1358
"../../../Engine/Plugins/Animation/ControlRig/Content/Controls/ControlRig_Triangle_3mm.ubulk" 1359
"../../../Engine/Plugins/Animation/ControlRig/Content/Controls/ControlRig_Triangle_3mm.uasset" 1360
"../../../Engine/Plugins/Animation/ControlRig/Content/Controls/ControlRig_Triangle_3mm.uexp" 1361
"../../../Engine/Plugins/Animation/ControlRig/Content/Controls/ControlRig_Triangle_1mm.ubulk" 1362
"../../../Engine/Plugins/Animation/ControlRig/Content/Controls/ControlRig_Triangle_1mm.uasset" 1363
"../../../Engine/Plugins/Animation/ControlRig/Content/Controls/ControlRig_Triangle_1mm.uexp" 1364
"../../../Engine/Plugins/Animation/ControlRig/Content/Controls/ControlRig_Star4_solid.ubulk" 1365
"../../../Engine/Plugins/Animation/ControlRig/Content/Controls/ControlRig_Star4_solid.uasset" 1366
"../../../Engine/Plugins/Animation/ControlRig/Content/Controls/ControlRig_Star4_solid.uexp" 1367
"../../../Engine/Plugins/Animation/ControlRig/Content/Controls/ControlRig_Star4_3mm.ubulk" 1368
"../../../Engine/Plugins/Animation/ControlRig/Content/Controls/ControlRig_Star4_3mm.uasset" 1369
"../../../Engine/Plugins/Animation/ControlRig/Content/Controls/ControlRig_Star4_3mm.uexp" 1370
"../../../Engine/Plugins/Animation/ControlRig/Content/Controls/ControlRig_Star4_1mm.ubulk" 1371
"../../../Engine/Plugins/Animation/ControlRig/Content/Controls/ControlRig_Star4_1mm.uasset" 1372
"../../../Engine/Plugins/Animation/ControlRig/Content/Controls/ControlRig_Star4_1mm.uexp" 1373
"../../../Engine/Plugins/Animation/ControlRig/Content/Controls/ControlRig_Square_solid.ubulk" 1374
"../../../Engine/Plugins/Animation/ControlRig/Content/Controls/ControlRig_Square_solid.uasset" 1375
"../../../Engine/Plugins/Animation/ControlRig/Content/Controls/ControlRig_Square_solid.uexp" 1376
"../../../Engine/Plugins/Animation/ControlRig/Content/Controls/ControlRig_Square_3mm.ubulk" 1377
"../../../Engine/Plugins/Animation/ControlRig/Content/Controls/ControlRig_Square_3mm.uasset" 1378
"../../../Engine/Plugins/Animation/ControlRig/Content/Controls/ControlRig_Square_3mm.uexp" 1379
"../../../Engine/Plugins/Animation/ControlRig/Content/Controls/ControlRig_Square_1mm.ubulk" 1380
"../../../Engine/Plugins/Animation/ControlRig/Content/Controls/ControlRig_Square_1mm.uasset" 1381
"../../../Engine/Plugins/Animation/ControlRig/Content/Controls/ControlRig_Square_1mm.uexp" 1382
"../../../Engine/Plugins/Animation/ControlRig/Content/Controls/ControlRig_Sphere_solid.ubulk" 1383
"../../../Engine/Plugins/Animation/ControlRig/Content/Controls/ControlRig_Sphere_solid.uasset" 1384
"../../../Engine/Plugins/Animation/ControlRig/Content/Controls/ControlRig_Sphere_solid.uexp" 1385
"../../../Engine/Plugins/Animation/ControlRig/Content/Controls/ControlRig_Sphere_3mm.ubulk" 1386
"../../../Engine/Plugins/Animation/ControlRig/Content/Controls/ControlRig_Sphere_3mm.uasset" 1387
"../../../Engine/Plugins/Animation/ControlRig/Content/Controls/ControlRig_Sphere_3mm.uexp" 1388
"../../../Engine/Plugins/Animation/ControlRig/Content/Controls/ControlRig_Sphere_1mm.ubulk" 1389
"../../../Engine/Plugins/Animation/ControlRig/Content/Controls/ControlRig_Sphere_1mm.uasset" 1390
"../../../Engine/Plugins/Animation/ControlRig/Content/Controls/ControlRig_Sphere_1mm.uexp" 1391
"../../../Engine/Plugins/Animation/ControlRig/Content/Controls/ControlRig_RoundedTriangle_solid.ubulk" 1392
"../../../Engine/Plugins/Animation/ControlRig/Content/Controls/ControlRig_RoundedTriangle_solid.uasset" 1393
"../../../Engine/Plugins/Animation/ControlRig/Content/Controls/ControlRig_RoundedTriangle_solid.uexp" 1394
"../../../Engine/Plugins/Animation/ControlRig/Content/Controls/ControlRig_RoundedTriangle_3mm.ubulk" 1395
"../../../Engine/Plugins/Animation/ControlRig/Content/Controls/ControlRig_RoundedTriangle_3mm.uasset" 1396
"../../../Engine/Plugins/Animation/ControlRig/Content/Controls/ControlRig_RoundedTriangle_3mm.uexp" 1397
"../../../Engine/Plugins/Animation/ControlRig/Content/Controls/ControlRig_RoundedTriangle_1mm.ubulk" 1398
"../../../Engine/Plugins/Animation/ControlRig/Content/Controls/ControlRig_RoundedTriangle_1mm.uasset" 1399
"../../../Engine/Plugins/Animation/ControlRig/Content/Controls/ControlRig_RoundedTriangle_1mm.uexp" 1400
"../../../Engine/Plugins/Animation/ControlRig/Content/Controls/ControlRig_RoundedSquare_solid.ubulk" 1401
"../../../Engine/Plugins/Animation/ControlRig/Content/Controls/ControlRig_RoundedSquare_solid.uasset" 1402
"../../../Engine/Plugins/Animation/ControlRig/Content/Controls/ControlRig_RoundedSquare_solid.uexp" 1403
"../../../Engine/Plugins/Animation/ControlRig/Content/Controls/ControlRig_RoundedSquare_3mm.ubulk" 1404
"../../../Engine/Plugins/Animation/ControlRig/Content/Controls/ControlRig_RoundedSquare_3mm.uasset" 1405
"../../../Engine/Plugins/Animation/ControlRig/Content/Controls/ControlRig_RoundedSquare_3mm.uexp" 1406
"../../../Engine/Plugins/Animation/ControlRig/Content/Controls/ControlRig_RoundedSquare_1mm.ubulk" 1407
"../../../Engine/Plugins/Animation/ControlRig/Content/Controls/ControlRig_RoundedSquare_1mm.uasset" 1408
"../../../Engine/Plugins/Animation/ControlRig/Content/Controls/ControlRig_RoundedSquare_1mm.uexp" 1409
"../../../Engine/Plugins/Animation/ControlRig/Content/Controls/ControlRig_QuarterCircle_solid.ubulk" 1410
"../../../Engine/Plugins/Animation/ControlRig/Content/Controls/ControlRig_QuarterCircle_solid.uasset" 1411
"../../../Engine/Plugins/Animation/ControlRig/Content/Controls/ControlRig_QuarterCircle_solid.uexp" 1412
"../../../Engine/Plugins/Animation/ControlRig/Content/Controls/ControlRig_QuarterCircle_3mm.ubulk" 1413
"../../../Engine/Plugins/Animation/ControlRig/Content/Controls/ControlRig_QuarterCircle_3mm.uasset" 1414
"../../../Engine/Plugins/Animation/ControlRig/Content/Controls/ControlRig_QuarterCircle_3mm.uexp" 1415
"../../../Engine/Plugins/Animation/ControlRig/Content/Controls/ControlRig_QuarterCircle_1mm.ubulk" 1416
"../../../Engine/Plugins/Animation/ControlRig/Content/Controls/ControlRig_QuarterCircle_1mm.uasset" 1417
"../../../Engine/Plugins/Animation/ControlRig/Content/Controls/ControlRig_QuarterCircle_1mm.uexp" 1418
"../../../Engine/Plugins/Animation/ControlRig/Content/Controls/ControlRig_Pyramid_solid.ubulk" 1419
"../../../Engine/Plugins/Animation/ControlRig/Content/Controls/ControlRig_Pyramid_solid.uasset" 1420
"../../../Engine/Plugins/Animation/ControlRig/Content/Controls/ControlRig_Pyramid_solid.uexp" 1421
"../../../Engine/Plugins/Animation/ControlRig/Content/Controls/ControlRig_Pyramid_3mm.ubulk" 1422
"../../../Engine/Plugins/Animation/ControlRig/Content/Controls/ControlRig_Pyramid_3mm.uasset" 1423
"../../../Engine/Plugins/Animation/ControlRig/Content/Controls/ControlRig_Pyramid_3mm.uexp" 1424
"../../../Engine/Plugins/Animation/ControlRig/Content/Controls/ControlRig_Pyramid_1mm.ubulk" 1425
"../../../Engine/Plugins/Animation/ControlRig/Content/Controls/ControlRig_Pyramid_1mm.uasset" 1426
"../../../Engine/Plugins/Animation/ControlRig/Content/Controls/ControlRig_Pyramid_1mm.uexp" 1427
"../../../Engine/Plugins/Animation/ControlRig/Content/Controls/ControlRig_Octagon_solid.ubulk" 1428
"../../../Engine/Plugins/Animation/ControlRig/Content/Controls/ControlRig_Octagon_solid.uasset" 1429
"../../../Engine/Plugins/Animation/ControlRig/Content/Controls/ControlRig_Octagon_solid.uexp" 1430
"../../../Engine/Plugins/Animation/ControlRig/Content/Controls/ControlRig_Octagon_3mm.ubulk" 1431
"../../../Engine/Plugins/Animation/ControlRig/Content/Controls/ControlRig_Octagon_3mm.uasset" 1432
"../../../Engine/Plugins/Animation/ControlRig/Content/Controls/ControlRig_Octagon_3mm.uexp" 1433
"../../../Engine/Plugins/Animation/ControlRig/Content/Controls/ControlRig_Octagon_1mm.ubulk" 1434
"../../../Engine/Plugins/Animation/ControlRig/Content/Controls/ControlRig_Octagon_1mm.uasset" 1435
"../../../Engine/Plugins/Animation/ControlRig/Content/Controls/ControlRig_Octagon_1mm.uexp" 1436
"../../../Engine/Plugins/Animation/ControlRig/Content/Controls/ControlRig_Hexagon_solid.ubulk" 1437
"../../../Engine/Plugins/Animation/ControlRig/Content/Controls/ControlRig_Hexagon_solid.uasset" 1438
"../../../Engine/Plugins/Animation/ControlRig/Content/Controls/ControlRig_Hexagon_solid.uexp" 1439
"../../../Engine/Plugins/Animation/ControlRig/Content/Controls/ControlRig_Hexagon_3mm.ubulk" 1440
"../../../Engine/Plugins/Animation/ControlRig/Content/Controls/ControlRig_Hexagon_3mm.uasset" 1441
"../../../Engine/Plugins/Animation/ControlRig/Content/Controls/ControlRig_Hexagon_3mm.uexp" 1442
"../../../Engine/Plugins/Animation/ControlRig/Content/Controls/ControlRig_Hexagon_1mm.ubulk" 1443
"../../../Engine/Plugins/Animation/ControlRig/Content/Controls/ControlRig_Hexagon_1mm.uasset" 1444
"../../../Engine/Plugins/Animation/ControlRig/Content/Controls/ControlRig_Hexagon_1mm.uexp" 1445
"../../../Engine/Plugins/Animation/ControlRig/Content/Controls/ControlRig_HalfCircle_solid.ubulk" 1446
"../../../Engine/Plugins/Animation/ControlRig/Content/Controls/ControlRig_HalfCircle_solid.uasset" 1447
"../../../Engine/Plugins/Animation/ControlRig/Content/Controls/ControlRig_HalfCircle_solid.uexp" 1448
"../../../Engine/Plugins/Animation/ControlRig/Content/Controls/ControlRig_HalfCircle_3mm.ubulk" 1449
"../../../Engine/Plugins/Animation/ControlRig/Content/Controls/ControlRig_HalfCircle_3mm.uasset" 1450
"../../../Engine/Plugins/Animation/ControlRig/Content/Controls/ControlRig_HalfCircle_3mm.uexp" 1451
"../../../Engine/Plugins/Animation/ControlRig/Content/Controls/ControlRig_HalfCircle_1mm.ubulk" 1452
"../../../Engine/Plugins/Animation/ControlRig/Content/Controls/ControlRig_HalfCircle_1mm.uasset" 1453
"../../../Engine/Plugins/Animation/ControlRig/Content/Controls/ControlRig_HalfCircle_1mm.uexp" 1454
"../../../Engine/Plugins/Animation/ControlRig/Content/Controls/ControlRig_Diamond_solid.ubulk" 1455
"../../../Engine/Plugins/Animation/ControlRig/Content/Controls/ControlRig_Diamond_solid.uasset" 1456
"../../../Engine/Plugins/Animation/ControlRig/Content/Controls/ControlRig_Diamond_solid.uexp" 1457
"../../../Engine/Plugins/Animation/ControlRig/Content/Controls/ControlRig_Diamond_3mm.ubulk" 1458
"../../../Engine/Plugins/Animation/ControlRig/Content/Controls/ControlRig_Diamond_3mm.uasset" 1459
"../../../Engine/Plugins/Animation/ControlRig/Content/Controls/ControlRig_Diamond_3mm.uexp" 1460
"../../../Engine/Plugins/Animation/ControlRig/Content/Controls/ControlRig_Diamond_1mm.ubulk" 1461
"../../../Engine/Plugins/Animation/ControlRig/Content/Controls/ControlRig_Diamond_1mm.uasset" 1462
"../../../Engine/Plugins/Animation/ControlRig/Content/Controls/ControlRig_Diamond_1mm.uexp" 1463
"../../../Engine/Plugins/Animation/ControlRig/Content/Controls/ControlRig_Circle_solid.ubulk" 1464
"../../../Engine/Plugins/Animation/ControlRig/Content/Controls/ControlRig_Circle_solid.uasset" 1465
"../../../Engine/Plugins/Animation/ControlRig/Content/Controls/ControlRig_Circle_solid.uexp" 1466
"../../../Engine/Plugins/Animation/ControlRig/Content/Controls/ControlRig_Circle_3mm.ubulk" 1467
"../../../Engine/Plugins/Animation/ControlRig/Content/Controls/ControlRig_Circle_3mm.uasset" 1468
"../../../Engine/Plugins/Animation/ControlRig/Content/Controls/ControlRig_Circle_3mm.uexp" 1469
"../../../Engine/Plugins/Animation/ControlRig/Content/Controls/ControlRig_Circle_1mm.ubulk" 1470
"../../../Engine/Plugins/Animation/ControlRig/Content/Controls/ControlRig_Circle_1mm.uasset" 1471
"../../../Engine/Plugins/Animation/ControlRig/Content/Controls/ControlRig_Circle_1mm.uexp" 1472
"../../../Engine/Plugins/Animation/ControlRig/Content/Controls/ControlRig_Box_solid.ubulk" 1473
"../../../Engine/Plugins/Animation/ControlRig/Content/Controls/ControlRig_Box_solid.uasset" 1474
"../../../Engine/Plugins/Animation/ControlRig/Content/Controls/ControlRig_Box_solid.uexp" 1475
"../../../Engine/Plugins/Animation/ControlRig/Content/Controls/ControlRig_Box_3mm.ubulk" 1476
"../../../Engine/Plugins/Animation/ControlRig/Content/Controls/ControlRig_Box_3mm.uasset" 1477
"../../../Engine/Plugins/Animation/ControlRig/Content/Controls/ControlRig_Box_3mm.uexp" 1478
"../../../Engine/Plugins/Animation/ControlRig/Content/Controls/ControlRig_Box_1mm.ubulk" 1479
"../../../Engine/Plugins/Animation/ControlRig/Content/Controls/ControlRig_Box_1mm.uasset" 1480
"../../../Engine/Plugins/Animation/ControlRig/Content/Controls/ControlRig_Box_1mm.uexp" 1481
"../../../Engine/Plugins/Animation/ControlRig/Content/Controls/ControlRig_Arrow_solid.ubulk" 1482
"../../../Engine/Plugins/Animation/ControlRig/Content/Controls/ControlRig_Arrow_solid.uasset" 1483
"../../../Engine/Plugins/Animation/ControlRig/Content/Controls/ControlRig_Arrow_solid.uexp" 1484
"../../../Engine/Plugins/Animation/ControlRig/Content/Controls/ControlRig_Arrow_3mm.ubulk" 1485
"../../../Engine/Plugins/Animation/ControlRig/Content/Controls/ControlRig_Arrow_3mm.uasset" 1486
"../../../Engine/Plugins/Animation/ControlRig/Content/Controls/ControlRig_Arrow_3mm.uexp" 1487
"../../../Engine/Plugins/Animation/ControlRig/Content/Controls/ControlRig_Arrow_1mm.ubulk" 1488
"../../../Engine/Plugins/Animation/ControlRig/Content/Controls/ControlRig_Arrow_1mm.uasset" 1489
"../../../Engine/Plugins/Animation/ControlRig/Content/Controls/ControlRig_Arrow_1mm.uexp" 1490
"../../../Engine/Plugins/Animation/ControlRig/Content/Controls/ControlRig_Arrow4_solid.ubulk" 1491
"../../../Engine/Plugins/Animation/ControlRig/Content/Controls/ControlRig_Arrow4_solid.uasset" 1492
"../../../Engine/Plugins/Animation/ControlRig/Content/Controls/ControlRig_Arrow4_solid.uexp" 1493
"../../../Engine/Plugins/Animation/ControlRig/Content/Controls/ControlRig_Arrow4_3mm.ubulk" 1494
"../../../Engine/Plugins/Animation/ControlRig/Content/Controls/ControlRig_Arrow4_3mm.uasset" 1495
"../../../Engine/Plugins/Animation/ControlRig/Content/Controls/ControlRig_Arrow4_3mm.uexp" 1496
"../../../Engine/Plugins/Animation/ControlRig/Content/Controls/ControlRig_Arrow4_1mm.ubulk" 1497
"../../../Engine/Plugins/Animation/ControlRig/Content/Controls/ControlRig_Arrow4_1mm.uasset" 1498
"../../../Engine/Plugins/Animation/ControlRig/Content/Controls/ControlRig_Arrow4_1mm.uexp" 1499
"../../../Engine/Plugins/Animation/ControlRig/Content/Controls/ControlRig_Arrow2_solid.ubulk" 1500
"../../../Engine/Plugins/Animation/ControlRig/Content/Controls/ControlRig_Arrow2_solid.uasset" 1501
"../../../Engine/Plugins/Animation/ControlRig/Content/Controls/ControlRig_Arrow2_solid.uexp" 1502
"../../../Engine/Plugins/Animation/ControlRig/Content/Controls/ControlRig_Arrow2_3mm.ubulk" 1503
"../../../Engine/Plugins/Animation/ControlRig/Content/Controls/ControlRig_Arrow2_3mm.uasset" 1504
"../../../Engine/Plugins/Animation/ControlRig/Content/Controls/ControlRig_Arrow2_3mm.uexp" 1505
"../../../Engine/Plugins/Animation/ControlRig/Content/Controls/ControlRig_Arrow2_1mm.ubulk" 1506
"../../../Engine/Plugins/Animation/ControlRig/Content/Controls/ControlRig_Arrow2_1mm.uasset" 1507
"../../../Engine/Plugins/Animation/ControlRig/Content/Controls/ControlRig_Arrow2_1mm.uexp" 1508
"../../../Engine/Content/EngineResources/WhiteSquareTexture.uasset" 1509
"../../../Engine/Content/EngineResources/WhiteSquareTexture.uexp" 1510
"../../../Engine/Content/EngineMaterials/Widget3DPassThrough.uasset" 1511
"../../../Engine/Content/EngineMaterials/Widget3DPassThrough.uexp" 1512
"../../../Engine/Content/EngineMaterials/Widget3DPassThrough_Translucent.uasset" 1513
"../../../Engine/Content/EngineMaterials/Widget3DPassThrough_Translucent.uexp" 1514
"../../../Engine/Content/EngineMaterials/Widget3DPassThrough_Translucent_OneSided.uasset" 1515
"../../../Engine/Content/EngineMaterials/Widget3DPassThrough_Translucent_OneSided.uexp" 1516
"../../../Engine/Content/EngineMaterials/Widget3DPassThrough_Opaque.uasset" 1517
"../../../Engine/Content/EngineMaterials/Widget3DPassThrough_Opaque.uexp" 1518
"../../../Engine/Content/EngineMaterials/Widget3DPassThrough_Opaque_OneSided.uasset" 1519
"../../../Engine/Content/EngineMaterials/Widget3DPassThrough_Opaque_OneSided.uexp" 1520
"../../../Engine/Content/EngineMaterials/Widget3DPassThrough_Masked_OneSided.uasset" 1521
"../../../Engine/Content/EngineMaterials/Widget3DPassThrough_Masked_OneSided.uexp" 1522
"../../../Engine/Content/EngineMaterials/Widget3DPassThrough_Masked.uasset" 1523
"../../../Engine/Content/EngineMaterials/Widget3DPassThrough_Masked.uexp" 1524
"../../../Engine/Content/EngineMaterials/WeightMapPlaceholderTexture.uasset" 1525
"../../../Engine/Content/EngineMaterials/WeightMapPlaceholderTexture.uexp" 1526
"../../../Engine/Content/EngineMaterials/WeightMapArrayPlaceholderTexture.uasset" 1527
"../../../Engine/Content/EngineMaterials/WeightMapArrayPlaceholderTexture.uexp" 1528
"../../../Engine/Content/EditorMaterials/Camera/CineMat.uasset" 1529
"../../../Engine/Content/EditorMaterials/Camera/CineMat.uexp" 1530
"../../../Engine/Content/EditorMaterials/Camera/MI_CineMat_Rig.uasset" 1531
"../../../Engine/Content/EditorMaterials/Camera/MI_CineMat_Rig.uexp" 1532
"../../../Engine/Content/EditorMeshes/Camera/SM_RailRig_Track.ubulk" 1533
"../../../Engine/Content/EditorMeshes/Camera/SM_RailRig_Track.uasset" 1534
"../../../Engine/Content/EditorMeshes/Camera/SM_RailRig_Track.uexp" 1535
"../../../Engine/Content/EditorMeshes/Camera/SM_RailRig_Mount.ubulk" 1536
"../../../Engine/Content/EditorMeshes/Camera/SM_RailRig_Mount.uasset" 1537
"../../../Engine/Content/EditorMeshes/Camera/SM_RailRig_Mount.uexp" 1538
"../../../Engine/Content/EditorMeshes/Camera/SM_CraneRig_Mount.ubulk" 1539
"../../../Engine/Content/EditorMeshes/Camera/SM_CraneRig_Mount.uasset" 1540
"../../../Engine/Content/EditorMeshes/Camera/SM_CraneRig_Mount.uexp" 1541
"../../../Engine/Content/EditorMeshes/Camera/SM_CraneRig_Body.ubulk" 1542
"../../../Engine/Content/EditorMeshes/Camera/SM_CraneRig_Body.uasset" 1543
"../../../Engine/Content/EditorMeshes/Camera/SM_CraneRig_Body.uexp" 1544
"../../../Engine/Content/EditorMeshes/Camera/SM_CraneRig_Base.ubulk" 1545
"../../../Engine/Content/EditorMeshes/Camera/SM_CraneRig_Base.uasset" 1546
"../../../Engine/Content/EditorMeshes/Camera/SM_CraneRig_Base.uexp" 1547
"../../../Engine/Content/EditorMeshes/Camera/SM_CraneRig_Arm.ubulk" 1548
"../../../Engine/Content/EditorMeshes/Camera/SM_CraneRig_Arm.uasset" 1549
"../../../Engine/Content/EditorMeshes/Camera/SM_CraneRig_Arm.uexp" 1550
"../../../Engine/Content/VREditor/TransformGizmo/Xray.uasset" 1551
"../../../Engine/Content/VREditor/TransformGizmo/Xray.uexp" 1552
"../../../Engine/Content/VREditor/TransformGizmo/Main.uasset" 1553
"../../../Engine/Content/VREditor/TransformGizmo/Main.uexp" 1554
"../../../Engine/Content/VREditor/TransformGizmo/SM_Sequencer_Node.ubulk" 1555
"../../../Engine/Content/VREditor/TransformGizmo/SM_Sequencer_Node.uasset" 1556
"../../../Engine/Content/VREditor/TransformGizmo/SM_Sequencer_Node.uexp" 1557
"../../../Engine/Content/VREditor/LaserPointer/VR_LaserPower_01.ubulk" 1558
"../../../Engine/Content/VREditor/LaserPointer/VR_LaserPower_01.uasset" 1559
"../../../Engine/Content/VREditor/LaserPointer/VR_LaserPower_01.uexp" 1560
"../../../Engine/Content/VREditor/TransformGizmo/TransformGizmoMaterial.uasset" 1561
"../../../Engine/Content/VREditor/TransformGizmo/TransformGizmoMaterial.uexp" 1562
"../../../Engine/Content/VREditor/TransformGizmo/TranslucentTransformGizmoMaterial.uasset" 1563
"../../../Engine/Content/VREditor/TransformGizmo/TranslucentTransformGizmoMaterial.uexp" 1564
"../../../Engine/Content/VREditor/TransformGizmo/BoundingBoxEdge.ubulk" 1565
"../../../Engine/Content/VREditor/TransformGizmo/BoundingBoxEdge.uasset" 1566
"../../../Engine/Content/VREditor/TransformGizmo/BoundingBoxEdge.uexp" 1567
"../../../Engine/Content/VREditor/TransformGizmo/BoundingBoxCorner.ubulk" 1568
"../../../Engine/Content/VREditor/TransformGizmo/BoundingBoxCorner.uasset" 1569
"../../../Engine/Content/VREditor/TransformGizmo/BoundingBoxCorner.uexp" 1570
"C:/Users/Chris/Desktop/Sem 2 Github/Games-Prototyping/Games Prototyping2/Content/SI_Farm_Props/Textures/T_Wool_R.ubulk" 1571
"C:/Users/Chris/Desktop/Sem 2 Github/Games-Prototyping/Games Prototyping2/Content/SI_Farm_Props/Textures/T_Wool_R.uasset" 1572
"C:/Users/Chris/Desktop/Sem 2 Github/Games-Prototyping/Games Prototyping2/Content/SI_Farm_Props/Textures/T_Wool_R.uexp" 1573
"C:/Users/Chris/Desktop/Sem 2 Github/Games-Prototyping/Games Prototyping2/Content/SI_Farm_Props/Textures/T_Wool_N.ubulk" 1574
"C:/Users/Chris/Desktop/Sem 2 Github/Games-Prototyping/Games Prototyping2/Content/SI_Farm_Props/Textures/T_Wool_N.uasset" 1575
"C:/Users/Chris/Desktop/Sem 2 Github/Games-Prototyping/Games Prototyping2/Content/SI_Farm_Props/Textures/T_Wool_N.uexp" 1576
"C:/Users/Chris/Desktop/Sem 2 Github/Games-Prototyping/Games Prototyping2/Content/SI_Farm_Props/Materials/M_Wool.uasset" 1577
"C:/Users/Chris/Desktop/Sem 2 Github/Games-Prototyping/Games Prototyping2/Content/SI_Farm_Props/Materials/M_Wool.uexp" 1578
"C:/Users/Chris/Desktop/Sem 2 Github/Games-Prototyping/Games Prototyping2/Content/SI_Farm_Props/Materials/MI_Wool_White.uasset" 1579
"C:/Users/Chris/Desktop/Sem 2 Github/Games-Prototyping/Games Prototyping2/Content/SI_Farm_Props/Materials/MI_Wool_White.uexp" 1580
"C:/Users/Chris/Desktop/Sem 2 Github/Games-Prototyping/Games Prototyping2/Content/SI_Farm_Props/Meshes/SM_Wool.ubulk" 1581
"C:/Users/Chris/Desktop/Sem 2 Github/Games-Prototyping/Games Prototyping2/Content/SI_Farm_Props/Meshes/SM_Wool.uasset" 1582
"C:/Users/Chris/Desktop/Sem 2 Github/Games-Prototyping/Games Prototyping2/Content/SI_Farm_Props/Meshes/SM_Wool.uexp" 1583
"C:/Users/Chris/Desktop/Sem 2 Github/Games-Prototyping/Games Prototyping2/Content/SI_Farm_Props/Textures/T_Water_R.ubulk" 1584
"C:/Users/Chris/Desktop/Sem 2 Github/Games-Prototyping/Games Prototyping2/Content/SI_Farm_Props/Textures/T_Water_R.uasset" 1585
"C:/Users/Chris/Desktop/Sem 2 Github/Games-Prototyping/Games Prototyping2/Content/SI_Farm_Props/Textures/T_Water_R.uexp" 1586
"C:/Users/Chris/Desktop/Sem 2 Github/Games-Prototyping/Games Prototyping2/Content/SI_Farm_Props/Textures/T_Water_N.ubulk" 1587
"C:/Users/Chris/Desktop/Sem 2 Github/Games-Prototyping/Games Prototyping2/Content/SI_Farm_Props/Textures/T_Water_N.uasset" 1588
"C:/Users/Chris/Desktop/Sem 2 Github/Games-Prototyping/Games Prototyping2/Content/SI_Farm_Props/Textures/T_Water_N.uexp" 1589
"C:/Users/Chris/Desktop/Sem 2 Github/Games-Prototyping/Games Prototyping2/Content/SI_Farm_Props/Textures/T_Water.ubulk" 1590
"C:/Users/Chris/Desktop/Sem 2 Github/Games-Prototyping/Games Prototyping2/Content/SI_Farm_Props/Textures/T_Water.uasset" 1591
"C:/Users/Chris/Desktop/Sem 2 Github/Games-Prototyping/Games Prototyping2/Content/SI_Farm_Props/Textures/T_Water.uexp" 1592
"C:/Users/Chris/Desktop/Sem 2 Github/Games-Prototyping/Games Prototyping2/Content/SI_Farm_Props/Textures/T_Feeder_01_R.ubulk" 1593
"C:/Users/Chris/Desktop/Sem 2 Github/Games-Prototyping/Games Prototyping2/Content/SI_Farm_Props/Textures/T_Feeder_01_R.uasset" 1594
"C:/Users/Chris/Desktop/Sem 2 Github/Games-Prototyping/Games Prototyping2/Content/SI_Farm_Props/Textures/T_Feeder_01_R.uexp" 1595
"C:/Users/Chris/Desktop/Sem 2 Github/Games-Prototyping/Games Prototyping2/Content/SI_Farm_Props/Textures/T_Feeder_01_N.ubulk" 1596
"C:/Users/Chris/Desktop/Sem 2 Github/Games-Prototyping/Games Prototyping2/Content/SI_Farm_Props/Textures/T_Feeder_01_N.uasset" 1597
"C:/Users/Chris/Desktop/Sem 2 Github/Games-Prototyping/Games Prototyping2/Content/SI_Farm_Props/Textures/T_Feeder_01_N.uexp" 1598
"C:/Users/Chris/Desktop/Sem 2 Github/Games-Prototyping/Games Prototyping2/Content/SI_Farm_Props/Textures/T_Feeder_01.ubulk" 1599
"C:/Users/Chris/Desktop/Sem 2 Github/Games-Prototyping/Games Prototyping2/Content/SI_Farm_Props/Textures/T_Feeder_01.uasset" 1600
"C:/Users/Chris/Desktop/Sem 2 Github/Games-Prototyping/Games Prototyping2/Content/SI_Farm_Props/Textures/T_Feeder_01.uexp" 1601
"C:/Users/Chris/Desktop/Sem 2 Github/Games-Prototyping/Games Prototyping2/Content/SI_Farm_Props/Materials/M_Probs.uasset" 1602
"C:/Users/Chris/Desktop/Sem 2 Github/Games-Prototyping/Games Prototyping2/Content/SI_Farm_Props/Materials/M_Probs.uexp" 1603
"C:/Users/Chris/Desktop/Sem 2 Github/Games-Prototyping/Games Prototyping2/Content/SI_Farm_Props/Materials/MI_Water.uasset" 1604
"C:/Users/Chris/Desktop/Sem 2 Github/Games-Prototyping/Games Prototyping2/Content/SI_Farm_Props/Materials/MI_Water.uexp" 1605
"C:/Users/Chris/Desktop/Sem 2 Github/Games-Prototyping/Games Prototyping2/Content/SI_Farm_Props/Textures/T_Watertrough_05_R.ubulk" 1606
"C:/Users/Chris/Desktop/Sem 2 Github/Games-Prototyping/Games Prototyping2/Content/SI_Farm_Props/Textures/T_Watertrough_05_R.uasset" 1607
"C:/Users/Chris/Desktop/Sem 2 Github/Games-Prototyping/Games Prototyping2/Content/SI_Farm_Props/Textures/T_Watertrough_05_R.uexp" 1608
"C:/Users/Chris/Desktop/Sem 2 Github/Games-Prototyping/Games Prototyping2/Content/SI_Farm_Props/Textures/T_Watertrough_05_N.ubulk" 1609
"C:/Users/Chris/Desktop/Sem 2 Github/Games-Prototyping/Games Prototyping2/Content/SI_Farm_Props/Textures/T_Watertrough_05_N.uasset" 1610
"C:/Users/Chris/Desktop/Sem 2 Github/Games-Prototyping/Games Prototyping2/Content/SI_Farm_Props/Textures/T_Watertrough_05_N.uexp" 1611
"C:/Users/Chris/Desktop/Sem 2 Github/Games-Prototyping/Games Prototyping2/Content/SI_Farm_Props/Textures/T_Watertrough_05.ubulk" 1612
"C:/Users/Chris/Desktop/Sem 2 Github/Games-Prototyping/Games Prototyping2/Content/SI_Farm_Props/Textures/T_Watertrough_05.uasset" 1613
"C:/Users/Chris/Desktop/Sem 2 Github/Games-Prototyping/Games Prototyping2/Content/SI_Farm_Props/Textures/T_Watertrough_05.uexp" 1614
"C:/Users/Chris/Desktop/Sem 2 Github/Games-Prototyping/Games Prototyping2/Content/SI_Farm_Props/Materials/MI_Watertrough_05.uasset" 1615
"C:/Users/Chris/Desktop/Sem 2 Github/Games-Prototyping/Games Prototyping2/Content/SI_Farm_Props/Materials/MI_Watertrough_05.uexp" 1616
"C:/Users/Chris/Desktop/Sem 2 Github/Games-Prototyping/Games Prototyping2/Content/SI_Farm_Props/Meshes/SM_Watertrough_05_full.ubulk" 1617
"C:/Users/Chris/Desktop/Sem 2 Github/Games-Prototyping/Games Prototyping2/Content/SI_Farm_Props/Meshes/SM_Watertrough_05_full.uasset" 1618
"C:/Users/Chris/Desktop/Sem 2 Github/Games-Prototyping/Games Prototyping2/Content/SI_Farm_Props/Meshes/SM_Watertrough_05_full.uexp" 1619
"C:/Users/Chris/Desktop/Sem 2 Github/Games-Prototyping/Games Prototyping2/Content/SI_Farm_Props/Meshes/SM_Watertrough_05_empty.ubulk" 1620
"C:/Users/Chris/Desktop/Sem 2 Github/Games-Prototyping/Games Prototyping2/Content/SI_Farm_Props/Meshes/SM_Watertrough_05_empty.uasset" 1621
"C:/Users/Chris/Desktop/Sem 2 Github/Games-Prototyping/Games Prototyping2/Content/SI_Farm_Props/Meshes/SM_Watertrough_05_empty.uexp" 1622
"C:/Users/Chris/Desktop/Sem 2 Github/Games-Prototyping/Games Prototyping2/Content/SI_Farm_Props/Textures/T_Watertrough_04_R.ubulk" 1623
"C:/Users/Chris/Desktop/Sem 2 Github/Games-Prototyping/Games Prototyping2/Content/SI_Farm_Props/Textures/T_Watertrough_04_R.uasset" 1624
"C:/Users/Chris/Desktop/Sem 2 Github/Games-Prototyping/Games Prototyping2/Content/SI_Farm_Props/Textures/T_Watertrough_04_R.uexp" 1625
"C:/Users/Chris/Desktop/Sem 2 Github/Games-Prototyping/Games Prototyping2/Content/SI_Farm_Props/Textures/T_Watertrough_04_N.ubulk" 1626
"C:/Users/Chris/Desktop/Sem 2 Github/Games-Prototyping/Games Prototyping2/Content/SI_Farm_Props/Textures/T_Watertrough_04_N.uasset" 1627
"C:/Users/Chris/Desktop/Sem 2 Github/Games-Prototyping/Games Prototyping2/Content/SI_Farm_Props/Textures/T_Watertrough_04_N.uexp" 1628
"C:/Users/Chris/Desktop/Sem 2 Github/Games-Prototyping/Games Prototyping2/Content/SI_Farm_Props/Textures/T_Watertrough_04.ubulk" 1629
"C:/Users/Chris/Desktop/Sem 2 Github/Games-Prototyping/Games Prototyping2/Content/SI_Farm_Props/Textures/T_Watertrough_04.uasset" 1630
"C:/Users/Chris/Desktop/Sem 2 Github/Games-Prototyping/Games Prototyping2/Content/SI_Farm_Props/Textures/T_Watertrough_04.uexp" 1631
"C:/Users/Chris/Desktop/Sem 2 Github/Games-Prototyping/Games Prototyping2/Content/SI_Farm_Props/Materials/MI_Watertrough_04.uasset" 1632
"C:/Users/Chris/Desktop/Sem 2 Github/Games-Prototyping/Games Prototyping2/Content/SI_Farm_Props/Materials/MI_Watertrough_04.uexp" 1633
"C:/Users/Chris/Desktop/Sem 2 Github/Games-Prototyping/Games Prototyping2/Content/SI_Farm_Props/Meshes/SM_Watertrough_04_full.ubulk" 1634
"C:/Users/Chris/Desktop/Sem 2 Github/Games-Prototyping/Games Prototyping2/Content/SI_Farm_Props/Meshes/SM_Watertrough_04_full.uasset" 1635
"C:/Users/Chris/Desktop/Sem 2 Github/Games-Prototyping/Games Prototyping2/Content/SI_Farm_Props/Meshes/SM_Watertrough_04_full.uexp" 1636
"C:/Users/Chris/Desktop/Sem 2 Github/Games-Prototyping/Games Prototyping2/Content/SI_Farm_Props/Meshes/SM_Watertrough_04_empty.ubulk" 1637
"C:/Users/Chris/Desktop/Sem 2 Github/Games-Prototyping/Games Prototyping2/Content/SI_Farm_Props/Meshes/SM_Watertrough_04_empty.uasset" 1638
"C:/Users/Chris/Desktop/Sem 2 Github/Games-Prototyping/Games Prototyping2/Content/SI_Farm_Props/Meshes/SM_Watertrough_04_empty.uexp" 1639
"C:/Users/Chris/Desktop/Sem 2 Github/Games-Prototyping/Games Prototyping2/Content/SI_Farm_Props/Textures/T_Watertrough_03_R.ubulk" 1640
"C:/Users/Chris/Desktop/Sem 2 Github/Games-Prototyping/Games Prototyping2/Content/SI_Farm_Props/Textures/T_Watertrough_03_R.uasset" 1641
"C:/Users/Chris/Desktop/Sem 2 Github/Games-Prototyping/Games Prototyping2/Content/SI_Farm_Props/Textures/T_Watertrough_03_R.uexp" 1642
"C:/Users/Chris/Desktop/Sem 2 Github/Games-Prototyping/Games Prototyping2/Content/SI_Farm_Props/Textures/T_Watertrough_03_N.ubulk" 1643
"C:/Users/Chris/Desktop/Sem 2 Github/Games-Prototyping/Games Prototyping2/Content/SI_Farm_Props/Textures/T_Watertrough_03_N.uasset" 1644
"C:/Users/Chris/Desktop/Sem 2 Github/Games-Prototyping/Games Prototyping2/Content/SI_Farm_Props/Textures/T_Watertrough_03_N.uexp" 1645
"C:/Users/Chris/Desktop/Sem 2 Github/Games-Prototyping/Games Prototyping2/Content/SI_Farm_Props/Textures/T_Watertrough_03.ubulk" 1646
"C:/Users/Chris/Desktop/Sem 2 Github/Games-Prototyping/Games Prototyping2/Content/SI_Farm_Props/Textures/T_Watertrough_03.uasset" 1647
"C:/Users/Chris/Desktop/Sem 2 Github/Games-Prototyping/Games Prototyping2/Content/SI_Farm_Props/Textures/T_Watertrough_03.uexp" 1648
"C:/Users/Chris/Desktop/Sem 2 Github/Games-Prototyping/Games Prototyping2/Content/SI_Farm_Props/Materials/MI_Watertrough_03.uasset" 1649
"C:/Users/Chris/Desktop/Sem 2 Github/Games-Prototyping/Games Prototyping2/Content/SI_Farm_Props/Materials/MI_Watertrough_03.uexp" 1650
"C:/Users/Chris/Desktop/Sem 2 Github/Games-Prototyping/Games Prototyping2/Content/SI_Farm_Props/Meshes/SM_Watertrough_03_full.ubulk" 1651
"C:/Users/Chris/Desktop/Sem 2 Github/Games-Prototyping/Games Prototyping2/Content/SI_Farm_Props/Meshes/SM_Watertrough_03_full.uasset" 1652
"C:/Users/Chris/Desktop/Sem 2 Github/Games-Prototyping/Games Prototyping2/Content/SI_Farm_Props/Meshes/SM_Watertrough_03_full.uexp" 1653
"C:/Users/Chris/Desktop/Sem 2 Github/Games-Prototyping/Games Prototyping2/Content/SI_Farm_Props/Meshes/SM_Watertrough_03_empty.ubulk" 1654
"C:/Users/Chris/Desktop/Sem 2 Github/Games-Prototyping/Games Prototyping2/Content/SI_Farm_Props/Meshes/SM_Watertrough_03_empty.uasset" 1655
"C:/Users/Chris/Desktop/Sem 2 Github/Games-Prototyping/Games Prototyping2/Content/SI_Farm_Props/Meshes/SM_Watertrough_03_empty.uexp" 1656
"C:/Users/Chris/Desktop/Sem 2 Github/Games-Prototyping/Games Prototyping2/Content/SI_Farm_Props/Textures/T_Waterthrough_02_R.ubulk" 1657
"C:/Users/Chris/Desktop/Sem 2 Github/Games-Prototyping/Games Prototyping2/Content/SI_Farm_Props/Textures/T_Waterthrough_02_R.uasset" 1658
"C:/Users/Chris/Desktop/Sem 2 Github/Games-Prototyping/Games Prototyping2/Content/SI_Farm_Props/Textures/T_Waterthrough_02_R.uexp" 1659
"C:/Users/Chris/Desktop/Sem 2 Github/Games-Prototyping/Games Prototyping2/Content/SI_Farm_Props/Textures/T_Waterthrough_02_N.ubulk" 1660
"C:/Users/Chris/Desktop/Sem 2 Github/Games-Prototyping/Games Prototyping2/Content/SI_Farm_Props/Textures/T_Waterthrough_02_N.uasset" 1661
"C:/Users/Chris/Desktop/Sem 2 Github/Games-Prototyping/Games Prototyping2/Content/SI_Farm_Props/Textures/T_Waterthrough_02_N.uexp" 1662
"C:/Users/Chris/Desktop/Sem 2 Github/Games-Prototyping/Games Prototyping2/Content/SI_Farm_Props/Textures/T_Waterthrough_02.ubulk" 1663
"C:/Users/Chris/Desktop/Sem 2 Github/Games-Prototyping/Games Prototyping2/Content/SI_Farm_Props/Textures/T_Waterthrough_02.uasset" 1664
"C:/Users/Chris/Desktop/Sem 2 Github/Games-Prototyping/Games Prototyping2/Content/SI_Farm_Props/Textures/T_Waterthrough_02.uexp" 1665
"C:/Users/Chris/Desktop/Sem 2 Github/Games-Prototyping/Games Prototyping2/Content/SI_Farm_Props/Materials/MI_Watertrough_02.uasset" 1666
"C:/Users/Chris/Desktop/Sem 2 Github/Games-Prototyping/Games Prototyping2/Content/SI_Farm_Props/Materials/MI_Watertrough_02.uexp" 1667
"C:/Users/Chris/Desktop/Sem 2 Github/Games-Prototyping/Games Prototyping2/Content/SI_Farm_Props/Meshes/SM_Watertrough_02_half.ubulk" 1668
"C:/Users/Chris/Desktop/Sem 2 Github/Games-Prototyping/Games Prototyping2/Content/SI_Farm_Props/Meshes/SM_Watertrough_02_half.uasset" 1669
"C:/Users/Chris/Desktop/Sem 2 Github/Games-Prototyping/Games Prototyping2/Content/SI_Farm_Props/Meshes/SM_Watertrough_02_half.uexp" 1670
"C:/Users/Chris/Desktop/Sem 2 Github/Games-Prototyping/Games Prototyping2/Content/SI_Farm_Props/Meshes/SM_Watertrough_02_full.ubulk" 1671
"C:/Users/Chris/Desktop/Sem 2 Github/Games-Prototyping/Games Prototyping2/Content/SI_Farm_Props/Meshes/SM_Watertrough_02_full.uasset" 1672
"C:/Users/Chris/Desktop/Sem 2 Github/Games-Prototyping/Games Prototyping2/Content/SI_Farm_Props/Meshes/SM_Watertrough_02_full.uexp" 1673
"C:/Users/Chris/Desktop/Sem 2 Github/Games-Prototyping/Games Prototyping2/Content/SI_Farm_Props/Meshes/SM_Watertrough_02_empty.ubulk" 1674
"C:/Users/Chris/Desktop/Sem 2 Github/Games-Prototyping/Games Prototyping2/Content/SI_Farm_Props/Meshes/SM_Watertrough_02_empty.uasset" 1675
"C:/Users/Chris/Desktop/Sem 2 Github/Games-Prototyping/Games Prototyping2/Content/SI_Farm_Props/Meshes/SM_Watertrough_02_empty.uexp" 1676
"C:/Users/Chris/Desktop/Sem 2 Github/Games-Prototyping/Games Prototyping2/Content/SI_Farm_Props/Textures/T_Waterthrough_01_R.ubulk" 1677
"C:/Users/Chris/Desktop/Sem 2 Github/Games-Prototyping/Games Prototyping2/Content/SI_Farm_Props/Textures/T_Waterthrough_01_R.uasset" 1678
"C:/Users/Chris/Desktop/Sem 2 Github/Games-Prototyping/Games Prototyping2/Content/SI_Farm_Props/Textures/T_Waterthrough_01_R.uexp" 1679
"C:/Users/Chris/Desktop/Sem 2 Github/Games-Prototyping/Games Prototyping2/Content/SI_Farm_Props/Textures/T_Waterthrough_01_N.ubulk" 1680
"C:/Users/Chris/Desktop/Sem 2 Github/Games-Prototyping/Games Prototyping2/Content/SI_Farm_Props/Textures/T_Waterthrough_01_N.uasset" 1681
"C:/Users/Chris/Desktop/Sem 2 Github/Games-Prototyping/Games Prototyping2/Content/SI_Farm_Props/Textures/T_Waterthrough_01_N.uexp" 1682
"C:/Users/Chris/Desktop/Sem 2 Github/Games-Prototyping/Games Prototyping2/Content/SI_Farm_Props/Textures/T_Waterthrough_01.ubulk" 1683
"C:/Users/Chris/Desktop/Sem 2 Github/Games-Prototyping/Games Prototyping2/Content/SI_Farm_Props/Textures/T_Waterthrough_01.uasset" 1684
"C:/Users/Chris/Desktop/Sem 2 Github/Games-Prototyping/Games Prototyping2/Content/SI_Farm_Props/Textures/T_Waterthrough_01.uexp" 1685
"C:/Users/Chris/Desktop/Sem 2 Github/Games-Prototyping/Games Prototyping2/Content/SI_Farm_Props/Materials/MI_Watertrough_01.uasset" 1686
"C:/Users/Chris/Desktop/Sem 2 Github/Games-Prototyping/Games Prototyping2/Content/SI_Farm_Props/Materials/MI_Watertrough_01.uexp" 1687
"C:/Users/Chris/Desktop/Sem 2 Github/Games-Prototyping/Games Prototyping2/Content/SI_Farm_Props/Meshes/SM_Watertrough_01_half.ubulk" 1688
"C:/Users/Chris/Desktop/Sem 2 Github/Games-Prototyping/Games Prototyping2/Content/SI_Farm_Props/Meshes/SM_Watertrough_01_half.uasset" 1689
"C:/Users/Chris/Desktop/Sem 2 Github/Games-Prototyping/Games Prototyping2/Content/SI_Farm_Props/Meshes/SM_Watertrough_01_half.uexp" 1690
"C:/Users/Chris/Desktop/Sem 2 Github/Games-Prototyping/Games Prototyping2/Content/SI_Farm_Props/Meshes/SM_Watertrough_01_full.ubulk" 1691
"C:/Users/Chris/Desktop/Sem 2 Github/Games-Prototyping/Games Prototyping2/Content/SI_Farm_Props/Meshes/SM_Watertrough_01_full.uasset" 1692
"C:/Users/Chris/Desktop/Sem 2 Github/Games-Prototyping/Games Prototyping2/Content/SI_Farm_Props/Meshes/SM_Watertrough_01_full.uexp" 1693
"C:/Users/Chris/Desktop/Sem 2 Github/Games-Prototyping/Games Prototyping2/Content/SI_Farm_Props/Meshes/SM_Watertrough_01_empty.ubulk" 1694
"C:/Users/Chris/Desktop/Sem 2 Github/Games-Prototyping/Games Prototyping2/Content/SI_Farm_Props/Meshes/SM_Watertrough_01_empty.uasset" 1695
"C:/Users/Chris/Desktop/Sem 2 Github/Games-Prototyping/Games Prototyping2/Content/SI_Farm_Props/Meshes/SM_Watertrough_01_empty.uexp" 1696
"C:/Users/Chris/Desktop/Sem 2 Github/Games-Prototyping/Games Prototyping2/Content/SI_Farm_Props/Textures/T_Poop_03_R.ubulk" 1697
"C:/Users/Chris/Desktop/Sem 2 Github/Games-Prototyping/Games Prototyping2/Content/SI_Farm_Props/Textures/T_Poop_03_R.uasset" 1698
"C:/Users/Chris/Desktop/Sem 2 Github/Games-Prototyping/Games Prototyping2/Content/SI_Farm_Props/Textures/T_Poop_03_R.uexp" 1699
"C:/Users/Chris/Desktop/Sem 2 Github/Games-Prototyping/Games Prototyping2/Content/SI_Farm_Props/Textures/T_Poop_03_N.ubulk" 1700
"C:/Users/Chris/Desktop/Sem 2 Github/Games-Prototyping/Games Prototyping2/Content/SI_Farm_Props/Textures/T_Poop_03_N.uasset" 1701
"C:/Users/Chris/Desktop/Sem 2 Github/Games-Prototyping/Games Prototyping2/Content/SI_Farm_Props/Textures/T_Poop_03_N.uexp" 1702
"C:/Users/Chris/Desktop/Sem 2 Github/Games-Prototyping/Games Prototyping2/Content/SI_Farm_Props/Textures/T_Poop_03.ubulk" 1703
"C:/Users/Chris/Desktop/Sem 2 Github/Games-Prototyping/Games Prototyping2/Content/SI_Farm_Props/Textures/T_Poop_03.uasset" 1704
"C:/Users/Chris/Desktop/Sem 2 Github/Games-Prototyping/Games Prototyping2/Content/SI_Farm_Props/Textures/T_Poop_03.uexp" 1705
"C:/Users/Chris/Desktop/Sem 2 Github/Games-Prototyping/Games Prototyping2/Content/SI_Farm_Props/Materials/MI_Poop_03.uasset" 1706
"C:/Users/Chris/Desktop/Sem 2 Github/Games-Prototyping/Games Prototyping2/Content/SI_Farm_Props/Materials/MI_Poop_03.uexp" 1707
"C:/Users/Chris/Desktop/Sem 2 Github/Games-Prototyping/Games Prototyping2/Content/SI_Farm_Props/Meshes/SM_Poop_03.ubulk" 1708
"C:/Users/Chris/Desktop/Sem 2 Github/Games-Prototyping/Games Prototyping2/Content/SI_Farm_Props/Meshes/SM_Poop_03.uasset" 1709
"C:/Users/Chris/Desktop/Sem 2 Github/Games-Prototyping/Games Prototyping2/Content/SI_Farm_Props/Meshes/SM_Poop_03.uexp" 1710
"C:/Users/Chris/Desktop/Sem 2 Github/Games-Prototyping/Games Prototyping2/Content/SI_Farm_Props/Textures/T_Poop_02_R.ubulk" 1711
"C:/Users/Chris/Desktop/Sem 2 Github/Games-Prototyping/Games Prototyping2/Content/SI_Farm_Props/Textures/T_Poop_02_R.uasset" 1712
"C:/Users/Chris/Desktop/Sem 2 Github/Games-Prototyping/Games Prototyping2/Content/SI_Farm_Props/Textures/T_Poop_02_R.uexp" 1713
"C:/Users/Chris/Desktop/Sem 2 Github/Games-Prototyping/Games Prototyping2/Content/SI_Farm_Props/Textures/T_Poop_02_N.ubulk" 1714
"C:/Users/Chris/Desktop/Sem 2 Github/Games-Prototyping/Games Prototyping2/Content/SI_Farm_Props/Textures/T_Poop_02_N.uasset" 1715
"C:/Users/Chris/Desktop/Sem 2 Github/Games-Prototyping/Games Prototyping2/Content/SI_Farm_Props/Textures/T_Poop_02_N.uexp" 1716
"C:/Users/Chris/Desktop/Sem 2 Github/Games-Prototyping/Games Prototyping2/Content/SI_Farm_Props/Textures/T_Poop_02.ubulk" 1717
"C:/Users/Chris/Desktop/Sem 2 Github/Games-Prototyping/Games Prototyping2/Content/SI_Farm_Props/Textures/T_Poop_02.uasset" 1718
"C:/Users/Chris/Desktop/Sem 2 Github/Games-Prototyping/Games Prototyping2/Content/SI_Farm_Props/Textures/T_Poop_02.uexp" 1719
"C:/Users/Chris/Desktop/Sem 2 Github/Games-Prototyping/Games Prototyping2/Content/SI_Farm_Props/Materials/MI_Poop_02.uasset" 1720
"C:/Users/Chris/Desktop/Sem 2 Github/Games-Prototyping/Games Prototyping2/Content/SI_Farm_Props/Materials/MI_Poop_02.uexp" 1721
"C:/Users/Chris/Desktop/Sem 2 Github/Games-Prototyping/Games Prototyping2/Content/SI_Farm_Props/Meshes/SM_Poop_02.ubulk" 1722
"C:/Users/Chris/Desktop/Sem 2 Github/Games-Prototyping/Games Prototyping2/Content/SI_Farm_Props/Meshes/SM_Poop_02.uasset" 1723
"C:/Users/Chris/Desktop/Sem 2 Github/Games-Prototyping/Games Prototyping2/Content/SI_Farm_Props/Meshes/SM_Poop_02.uexp" 1724
"C:/Users/Chris/Desktop/Sem 2 Github/Games-Prototyping/Games Prototyping2/Content/SI_Farm_Props/Textures/T_Nest_R.ubulk" 1725
"C:/Users/Chris/Desktop/Sem 2 Github/Games-Prototyping/Games Prototyping2/Content/SI_Farm_Props/Textures/T_Nest_R.uasset" 1726
"C:/Users/Chris/Desktop/Sem 2 Github/Games-Prototyping/Games Prototyping2/Content/SI_Farm_Props/Textures/T_Nest_R.uexp" 1727
"C:/Users/Chris/Desktop/Sem 2 Github/Games-Prototyping/Games Prototyping2/Content/SI_Farm_Props/Textures/T_Nest_N.ubulk" 1728
"C:/Users/Chris/Desktop/Sem 2 Github/Games-Prototyping/Games Prototyping2/Content/SI_Farm_Props/Textures/T_Nest_N.uasset" 1729
"C:/Users/Chris/Desktop/Sem 2 Github/Games-Prototyping/Games Prototyping2/Content/SI_Farm_Props/Textures/T_Nest_N.uexp" 1730
"C:/Users/Chris/Desktop/Sem 2 Github/Games-Prototyping/Games Prototyping2/Content/SI_Farm_Props/Textures/T_Nest.ubulk" 1731
"C:/Users/Chris/Desktop/Sem 2 Github/Games-Prototyping/Games Prototyping2/Content/SI_Farm_Props/Textures/T_Nest.uasset" 1732
"C:/Users/Chris/Desktop/Sem 2 Github/Games-Prototyping/Games Prototyping2/Content/SI_Farm_Props/Textures/T_Nest.uexp" 1733
"C:/Users/Chris/Desktop/Sem 2 Github/Games-Prototyping/Games Prototyping2/Content/SI_Farm_Props/Materials/MI_Nest.uasset" 1734
"C:/Users/Chris/Desktop/Sem 2 Github/Games-Prototyping/Games Prototyping2/Content/SI_Farm_Props/Materials/MI_Nest.uexp" 1735
"C:/Users/Chris/Desktop/Sem 2 Github/Games-Prototyping/Games Prototyping2/Content/SI_Farm_Props/Meshes/SM_Nest.ubulk" 1736
"C:/Users/Chris/Desktop/Sem 2 Github/Games-Prototyping/Games Prototyping2/Content/SI_Farm_Props/Meshes/SM_Nest.uasset" 1737
"C:/Users/Chris/Desktop/Sem 2 Github/Games-Prototyping/Games Prototyping2/Content/SI_Farm_Props/Meshes/SM_Nest.uexp" 1738
"C:/Users/Chris/Desktop/Sem 2 Github/Games-Prototyping/Games Prototyping2/Content/SI_Farm_Props/Textures/T_Meat_Sheep_R.ubulk" 1739
"C:/Users/Chris/Desktop/Sem 2 Github/Games-Prototyping/Games Prototyping2/Content/SI_Farm_Props/Textures/T_Meat_Sheep_R.uasset" 1740
"C:/Users/Chris/Desktop/Sem 2 Github/Games-Prototyping/Games Prototyping2/Content/SI_Farm_Props/Textures/T_Meat_Sheep_R.uexp" 1741
"C:/Users/Chris/Desktop/Sem 2 Github/Games-Prototyping/Games Prototyping2/Content/SI_Farm_Props/Textures/T_Meat_Sheep_N.ubulk" 1742
"C:/Users/Chris/Desktop/Sem 2 Github/Games-Prototyping/Games Prototyping2/Content/SI_Farm_Props/Textures/T_Meat_Sheep_N.uasset" 1743
"C:/Users/Chris/Desktop/Sem 2 Github/Games-Prototyping/Games Prototyping2/Content/SI_Farm_Props/Textures/T_Meat_Sheep_N.uexp" 1744
"C:/Users/Chris/Desktop/Sem 2 Github/Games-Prototyping/Games Prototyping2/Content/SI_Farm_Props/Textures/T_Meat_Sheep.ubulk" 1745
"C:/Users/Chris/Desktop/Sem 2 Github/Games-Prototyping/Games Prototyping2/Content/SI_Farm_Props/Textures/T_Meat_Sheep.uasset" 1746
"C:/Users/Chris/Desktop/Sem 2 Github/Games-Prototyping/Games Prototyping2/Content/SI_Farm_Props/Textures/T_Meat_Sheep.uexp" 1747
"C:/Users/Chris/Desktop/Sem 2 Github/Games-Prototyping/Games Prototyping2/Content/SI_Farm_Props/Materials/MI_Meat_Sheep.uasset" 1748
"C:/Users/Chris/Desktop/Sem 2 Github/Games-Prototyping/Games Prototyping2/Content/SI_Farm_Props/Materials/MI_Meat_Sheep.uexp" 1749
"C:/Users/Chris/Desktop/Sem 2 Github/Games-Prototyping/Games Prototyping2/Content/SI_Farm_Props/Meshes/SM_Meat_Sheep.ubulk" 1750
"C:/Users/Chris/Desktop/Sem 2 Github/Games-Prototyping/Games Prototyping2/Content/SI_Farm_Props/Meshes/SM_Meat_Sheep.uasset" 1751
"C:/Users/Chris/Desktop/Sem 2 Github/Games-Prototyping/Games Prototyping2/Content/SI_Farm_Props/Meshes/SM_Meat_Sheep.uexp" 1752
"C:/Users/Chris/Desktop/Sem 2 Github/Games-Prototyping/Games Prototyping2/Content/SI_Farm_Props/Textures/T_Meat_Pig_R.ubulk" 1753
"C:/Users/Chris/Desktop/Sem 2 Github/Games-Prototyping/Games Prototyping2/Content/SI_Farm_Props/Textures/T_Meat_Pig_R.uasset" 1754
"C:/Users/Chris/Desktop/Sem 2 Github/Games-Prototyping/Games Prototyping2/Content/SI_Farm_Props/Textures/T_Meat_Pig_R.uexp" 1755
"C:/Users/Chris/Desktop/Sem 2 Github/Games-Prototyping/Games Prototyping2/Content/SI_Farm_Props/Textures/T_Meat_Pig_N.ubulk" 1756
"C:/Users/Chris/Desktop/Sem 2 Github/Games-Prototyping/Games Prototyping2/Content/SI_Farm_Props/Textures/T_Meat_Pig_N.uasset" 1757
"C:/Users/Chris/Desktop/Sem 2 Github/Games-Prototyping/Games Prototyping2/Content/SI_Farm_Props/Textures/T_Meat_Pig_N.uexp" 1758
"C:/Users/Chris/Desktop/Sem 2 Github/Games-Prototyping/Games Prototyping2/Content/SI_Farm_Props/Textures/T_Meat_Pig.ubulk" 1759
"C:/Users/Chris/Desktop/Sem 2 Github/Games-Prototyping/Games Prototyping2/Content/SI_Farm_Props/Textures/T_Meat_Pig.uasset" 1760
"C:/Users/Chris/Desktop/Sem 2 Github/Games-Prototyping/Games Prototyping2/Content/SI_Farm_Props/Textures/T_Meat_Pig.uexp" 1761
"C:/Users/Chris/Desktop/Sem 2 Github/Games-Prototyping/Games Prototyping2/Content/SI_Farm_Props/Materials/MI_Meat_Pig.uasset" 1762
"C:/Users/Chris/Desktop/Sem 2 Github/Games-Prototyping/Games Prototyping2/Content/SI_Farm_Props/Materials/MI_Meat_Pig.uexp" 1763
"C:/Users/Chris/Desktop/Sem 2 Github/Games-Prototyping/Games Prototyping2/Content/SI_Farm_Props/Meshes/SM_Meat_Pig.ubulk" 1764
"C:/Users/Chris/Desktop/Sem 2 Github/Games-Prototyping/Games Prototyping2/Content/SI_Farm_Props/Meshes/SM_Meat_Pig.uasset" 1765
"C:/Users/Chris/Desktop/Sem 2 Github/Games-Prototyping/Games Prototyping2/Content/SI_Farm_Props/Meshes/SM_Meat_Pig.uexp" 1766
"C:/Users/Chris/Desktop/Sem 2 Github/Games-Prototyping/Games Prototyping2/Content/SI_Farm_Props/Textures/T_Meat_Horse_R.ubulk" 1767
"C:/Users/Chris/Desktop/Sem 2 Github/Games-Prototyping/Games Prototyping2/Content/SI_Farm_Props/Textures/T_Meat_Horse_R.uasset" 1768
"C:/Users/Chris/Desktop/Sem 2 Github/Games-Prototyping/Games Prototyping2/Content/SI_Farm_Props/Textures/T_Meat_Horse_R.uexp" 1769
"C:/Users/Chris/Desktop/Sem 2 Github/Games-Prototyping/Games Prototyping2/Content/SI_Farm_Props/Textures/T_Meat_Horse_N.ubulk" 1770
"C:/Users/Chris/Desktop/Sem 2 Github/Games-Prototyping/Games Prototyping2/Content/SI_Farm_Props/Textures/T_Meat_Horse_N.uasset" 1771
"C:/Users/Chris/Desktop/Sem 2 Github/Games-Prototyping/Games Prototyping2/Content/SI_Farm_Props/Textures/T_Meat_Horse_N.uexp" 1772
"C:/Users/Chris/Desktop/Sem 2 Github/Games-Prototyping/Games Prototyping2/Content/SI_Farm_Props/Textures/T_Meat_Horse.ubulk" 1773
"C:/Users/Chris/Desktop/Sem 2 Github/Games-Prototyping/Games Prototyping2/Content/SI_Farm_Props/Textures/T_Meat_Horse.uasset" 1774
"C:/Users/Chris/Desktop/Sem 2 Github/Games-Prototyping/Games Prototyping2/Content/SI_Farm_Props/Textures/T_Meat_Horse.uexp" 1775
"C:/Users/Chris/Desktop/Sem 2 Github/Games-Prototyping/Games Prototyping2/Content/SI_Farm_Props/Materials/MI_Meat_Horse.uasset" 1776
"C:/Users/Chris/Desktop/Sem 2 Github/Games-Prototyping/Games Prototyping2/Content/SI_Farm_Props/Materials/MI_Meat_Horse.uexp" 1777
"C:/Users/Chris/Desktop/Sem 2 Github/Games-Prototyping/Games Prototyping2/Content/SI_Farm_Props/Meshes/SM_Meat_Horse.ubulk" 1778
"C:/Users/Chris/Desktop/Sem 2 Github/Games-Prototyping/Games Prototyping2/Content/SI_Farm_Props/Meshes/SM_Meat_Horse.uasset" 1779
"C:/Users/Chris/Desktop/Sem 2 Github/Games-Prototyping/Games Prototyping2/Content/SI_Farm_Props/Meshes/SM_Meat_Horse.uexp" 1780
"C:/Users/Chris/Desktop/Sem 2 Github/Games-Prototyping/Games Prototyping2/Content/SI_Farm_Props/Textures/T_Meat_Goat_R.ubulk" 1781
"C:/Users/Chris/Desktop/Sem 2 Github/Games-Prototyping/Games Prototyping2/Content/SI_Farm_Props/Textures/T_Meat_Goat_R.uasset" 1782
"C:/Users/Chris/Desktop/Sem 2 Github/Games-Prototyping/Games Prototyping2/Content/SI_Farm_Props/Textures/T_Meat_Goat_R.uexp" 1783
"C:/Users/Chris/Desktop/Sem 2 Github/Games-Prototyping/Games Prototyping2/Content/SI_Farm_Props/Textures/T_Meat_Goat_N.ubulk" 1784
"C:/Users/Chris/Desktop/Sem 2 Github/Games-Prototyping/Games Prototyping2/Content/SI_Farm_Props/Textures/T_Meat_Goat_N.uasset" 1785
"C:/Users/Chris/Desktop/Sem 2 Github/Games-Prototyping/Games Prototyping2/Content/SI_Farm_Props/Textures/T_Meat_Goat_N.uexp" 1786
"C:/Users/Chris/Desktop/Sem 2 Github/Games-Prototyping/Games Prototyping2/Content/SI_Farm_Props/Textures/T_Meat_Goat.ubulk" 1787
"C:/Users/Chris/Desktop/Sem 2 Github/Games-Prototyping/Games Prototyping2/Content/SI_Farm_Props/Textures/T_Meat_Goat.uasset" 1788
"C:/Users/Chris/Desktop/Sem 2 Github/Games-Prototyping/Games Prototyping2/Content/SI_Farm_Props/Textures/T_Meat_Goat.uexp" 1789
"C:/Users/Chris/Desktop/Sem 2 Github/Games-Prototyping/Games Prototyping2/Content/SI_Farm_Props/Materials/MI_Meat_Goat.uasset" 1790
"C:/Users/Chris/Desktop/Sem 2 Github/Games-Prototyping/Games Prototyping2/Content/SI_Farm_Props/Materials/MI_Meat_Goat.uexp" 1791
"C:/Users/Chris/Desktop/Sem 2 Github/Games-Prototyping/Games Prototyping2/Content/SI_Farm_Props/Meshes/SM_Meat_Goat.ubulk" 1792
"C:/Users/Chris/Desktop/Sem 2 Github/Games-Prototyping/Games Prototyping2/Content/SI_Farm_Props/Meshes/SM_Meat_Goat.uasset" 1793
"C:/Users/Chris/Desktop/Sem 2 Github/Games-Prototyping/Games Prototyping2/Content/SI_Farm_Props/Meshes/SM_Meat_Goat.uexp" 1794
"C:/Users/Chris/Desktop/Sem 2 Github/Games-Prototyping/Games Prototyping2/Content/SI_Farm_Props/Textures/T_Meat_Duck_R.ubulk" 1795
"C:/Users/Chris/Desktop/Sem 2 Github/Games-Prototyping/Games Prototyping2/Content/SI_Farm_Props/Textures/T_Meat_Duck_R.uasset" 1796
"C:/Users/Chris/Desktop/Sem 2 Github/Games-Prototyping/Games Prototyping2/Content/SI_Farm_Props/Textures/T_Meat_Duck_R.uexp" 1797
"C:/Users/Chris/Desktop/Sem 2 Github/Games-Prototyping/Games Prototyping2/Content/SI_Farm_Props/Textures/T_Meat_Duck_N.ubulk" 1798
"C:/Users/Chris/Desktop/Sem 2 Github/Games-Prototyping/Games Prototyping2/Content/SI_Farm_Props/Textures/T_Meat_Duck_N.uasset" 1799
"C:/Users/Chris/Desktop/Sem 2 Github/Games-Prototyping/Games Prototyping2/Content/SI_Farm_Props/Textures/T_Meat_Duck_N.uexp" 1800
"C:/Users/Chris/Desktop/Sem 2 Github/Games-Prototyping/Games Prototyping2/Content/SI_Farm_Props/Textures/T_Meat_Duck.ubulk" 1801
"C:/Users/Chris/Desktop/Sem 2 Github/Games-Prototyping/Games Prototyping2/Content/SI_Farm_Props/Textures/T_Meat_Duck.uasset" 1802
"C:/Users/Chris/Desktop/Sem 2 Github/Games-Prototyping/Games Prototyping2/Content/SI_Farm_Props/Textures/T_Meat_Duck.uexp" 1803
"C:/Users/Chris/Desktop/Sem 2 Github/Games-Prototyping/Games Prototyping2/Content/SI_Farm_Props/Materials/MI_Meat_Duck.uasset" 1804
"C:/Users/Chris/Desktop/Sem 2 Github/Games-Prototyping/Games Prototyping2/Content/SI_Farm_Props/Materials/MI_Meat_Duck.uexp" 1805
"C:/Users/Chris/Desktop/Sem 2 Github/Games-Prototyping/Games Prototyping2/Content/SI_Farm_Props/Meshes/SM_Meat_Duck.ubulk" 1806
"C:/Users/Chris/Desktop/Sem 2 Github/Games-Prototyping/Games Prototyping2/Content/SI_Farm_Props/Meshes/SM_Meat_Duck.uasset" 1807
"C:/Users/Chris/Desktop/Sem 2 Github/Games-Prototyping/Games Prototyping2/Content/SI_Farm_Props/Meshes/SM_Meat_Duck.uexp" 1808
"C:/Users/Chris/Desktop/Sem 2 Github/Games-Prototyping/Games Prototyping2/Content/SI_Farm_Props/Textures/T_Meat_Cow_R.ubulk" 1809
"C:/Users/Chris/Desktop/Sem 2 Github/Games-Prototyping/Games Prototyping2/Content/SI_Farm_Props/Textures/T_Meat_Cow_R.uasset" 1810
"C:/Users/Chris/Desktop/Sem 2 Github/Games-Prototyping/Games Prototyping2/Content/SI_Farm_Props/Textures/T_Meat_Cow_R.uexp" 1811
"C:/Users/Chris/Desktop/Sem 2 Github/Games-Prototyping/Games Prototyping2/Content/SI_Farm_Props/Textures/T_Meat_Cow_N.ubulk" 1812
"C:/Users/Chris/Desktop/Sem 2 Github/Games-Prototyping/Games Prototyping2/Content/SI_Farm_Props/Textures/T_Meat_Cow_N.uasset" 1813
"C:/Users/Chris/Desktop/Sem 2 Github/Games-Prototyping/Games Prototyping2/Content/SI_Farm_Props/Textures/T_Meat_Cow_N.uexp" 1814
"C:/Users/Chris/Desktop/Sem 2 Github/Games-Prototyping/Games Prototyping2/Content/SI_Farm_Props/Textures/T_Meat_Cow.ubulk" 1815
"C:/Users/Chris/Desktop/Sem 2 Github/Games-Prototyping/Games Prototyping2/Content/SI_Farm_Props/Textures/T_Meat_Cow.uasset" 1816
"C:/Users/Chris/Desktop/Sem 2 Github/Games-Prototyping/Games Prototyping2/Content/SI_Farm_Props/Textures/T_Meat_Cow.uexp" 1817
"C:/Users/Chris/Desktop/Sem 2 Github/Games-Prototyping/Games Prototyping2/Content/SI_Farm_Props/Materials/MI_Meat_Cow.uasset" 1818
"C:/Users/Chris/Desktop/Sem 2 Github/Games-Prototyping/Games Prototyping2/Content/SI_Farm_Props/Materials/MI_Meat_Cow.uexp" 1819
"C:/Users/Chris/Desktop/Sem 2 Github/Games-Prototyping/Games Prototyping2/Content/SI_Farm_Props/Meshes/SM_Meat_Cow.ubulk" 1820
"C:/Users/Chris/Desktop/Sem 2 Github/Games-Prototyping/Games Prototyping2/Content/SI_Farm_Props/Meshes/SM_Meat_Cow.uasset" 1821
"C:/Users/Chris/Desktop/Sem 2 Github/Games-Prototyping/Games Prototyping2/Content/SI_Farm_Props/Meshes/SM_Meat_Cow.uexp" 1822
"C:/Users/Chris/Desktop/Sem 2 Github/Games-Prototyping/Games Prototyping2/Content/SI_Farm_Props/Textures/T_Meat_Chicken_R.ubulk" 1823
"C:/Users/Chris/Desktop/Sem 2 Github/Games-Prototyping/Games Prototyping2/Content/SI_Farm_Props/Textures/T_Meat_Chicken_R.uasset" 1824
"C:/Users/Chris/Desktop/Sem 2 Github/Games-Prototyping/Games Prototyping2/Content/SI_Farm_Props/Textures/T_Meat_Chicken_R.uexp" 1825
"C:/Users/Chris/Desktop/Sem 2 Github/Games-Prototyping/Games Prototyping2/Content/SI_Farm_Props/Textures/T_Meat_Chicken_N.ubulk" 1826
"C:/Users/Chris/Desktop/Sem 2 Github/Games-Prototyping/Games Prototyping2/Content/SI_Farm_Props/Textures/T_Meat_Chicken_N.uasset" 1827
"C:/Users/Chris/Desktop/Sem 2 Github/Games-Prototyping/Games Prototyping2/Content/SI_Farm_Props/Textures/T_Meat_Chicken_N.uexp" 1828
"C:/Users/Chris/Desktop/Sem 2 Github/Games-Prototyping/Games Prototyping2/Content/SI_Farm_Props/Textures/T_Meat_Chicken.ubulk" 1829
"C:/Users/Chris/Desktop/Sem 2 Github/Games-Prototyping/Games Prototyping2/Content/SI_Farm_Props/Textures/T_Meat_Chicken.uasset" 1830
"C:/Users/Chris/Desktop/Sem 2 Github/Games-Prototyping/Games Prototyping2/Content/SI_Farm_Props/Textures/T_Meat_Chicken.uexp" 1831
"C:/Users/Chris/Desktop/Sem 2 Github/Games-Prototyping/Games Prototyping2/Content/SI_Farm_Props/Materials/MI_Meat_Chicken.uasset" 1832
"C:/Users/Chris/Desktop/Sem 2 Github/Games-Prototyping/Games Prototyping2/Content/SI_Farm_Props/Materials/MI_Meat_Chicken.uexp" 1833
"C:/Users/Chris/Desktop/Sem 2 Github/Games-Prototyping/Games Prototyping2/Content/SI_Farm_Props/Meshes/SM_Meat_Chicken.ubulk" 1834
"C:/Users/Chris/Desktop/Sem 2 Github/Games-Prototyping/Games Prototyping2/Content/SI_Farm_Props/Meshes/SM_Meat_Chicken.uasset" 1835
"C:/Users/Chris/Desktop/Sem 2 Github/Games-Prototyping/Games Prototyping2/Content/SI_Farm_Props/Meshes/SM_Meat_Chicken.uexp" 1836
"C:/Users/Chris/Desktop/Sem 2 Github/Games-Prototyping/Games Prototyping2/Content/SI_Farm_Props/Textures/T_Hay_R.ubulk" 1837
"C:/Users/Chris/Desktop/Sem 2 Github/Games-Prototyping/Games Prototyping2/Content/SI_Farm_Props/Textures/T_Hay_R.uasset" 1838
"C:/Users/Chris/Desktop/Sem 2 Github/Games-Prototyping/Games Prototyping2/Content/SI_Farm_Props/Textures/T_Hay_R.uexp" 1839
"C:/Users/Chris/Desktop/Sem 2 Github/Games-Prototyping/Games Prototyping2/Content/SI_Farm_Props/Textures/T_Hay_N.ubulk" 1840
"C:/Users/Chris/Desktop/Sem 2 Github/Games-Prototyping/Games Prototyping2/Content/SI_Farm_Props/Textures/T_Hay_N.uasset" 1841
"C:/Users/Chris/Desktop/Sem 2 Github/Games-Prototyping/Games Prototyping2/Content/SI_Farm_Props/Textures/T_Hay_N.uexp" 1842
"C:/Users/Chris/Desktop/Sem 2 Github/Games-Prototyping/Games Prototyping2/Content/SI_Farm_Props/Textures/T_Hay.ubulk" 1843
"C:/Users/Chris/Desktop/Sem 2 Github/Games-Prototyping/Games Prototyping2/Content/SI_Farm_Props/Textures/T_Hay.uasset" 1844
"C:/Users/Chris/Desktop/Sem 2 Github/Games-Prototyping/Games Prototyping2/Content/SI_Farm_Props/Textures/T_Hay.uexp" 1845
"C:/Users/Chris/Desktop/Sem 2 Github/Games-Prototyping/Games Prototyping2/Content/SI_Farm_Props/Materials/MI_Hay.uasset" 1846
"C:/Users/Chris/Desktop/Sem 2 Github/Games-Prototyping/Games Prototyping2/Content/SI_Farm_Props/Materials/MI_Hay.uexp" 1847
"C:/Users/Chris/Desktop/Sem 2 Github/Games-Prototyping/Games Prototyping2/Content/SI_Farm_Props/Meshes/SM_HayPile_02.ubulk" 1848
"C:/Users/Chris/Desktop/Sem 2 Github/Games-Prototyping/Games Prototyping2/Content/SI_Farm_Props/Meshes/SM_HayPile_02.uasset" 1849
"C:/Users/Chris/Desktop/Sem 2 Github/Games-Prototyping/Games Prototyping2/Content/SI_Farm_Props/Meshes/SM_HayPile_02.uexp" 1850
"C:/Users/Chris/Desktop/Sem 2 Github/Games-Prototyping/Games Prototyping2/Content/SI_Farm_Props/Meshes/SM_HayPile_01.ubulk" 1851
"C:/Users/Chris/Desktop/Sem 2 Github/Games-Prototyping/Games Prototyping2/Content/SI_Farm_Props/Meshes/SM_HayPile_01.uasset" 1852
"C:/Users/Chris/Desktop/Sem 2 Github/Games-Prototyping/Games Prototyping2/Content/SI_Farm_Props/Meshes/SM_HayPile_01.uexp" 1853
"C:/Users/Chris/Desktop/Sem 2 Github/Games-Prototyping/Games Prototyping2/Content/SI_Farm_Props/Textures/T_HayBale_02_R.ubulk" 1854
"C:/Users/Chris/Desktop/Sem 2 Github/Games-Prototyping/Games Prototyping2/Content/SI_Farm_Props/Textures/T_HayBale_02_R.uasset" 1855
"C:/Users/Chris/Desktop/Sem 2 Github/Games-Prototyping/Games Prototyping2/Content/SI_Farm_Props/Textures/T_HayBale_02_R.uexp" 1856
"C:/Users/Chris/Desktop/Sem 2 Github/Games-Prototyping/Games Prototyping2/Content/SI_Farm_Props/Textures/T_HayBale_02_N.ubulk" 1857
"C:/Users/Chris/Desktop/Sem 2 Github/Games-Prototyping/Games Prototyping2/Content/SI_Farm_Props/Textures/T_HayBale_02_N.uasset" 1858
"C:/Users/Chris/Desktop/Sem 2 Github/Games-Prototyping/Games Prototyping2/Content/SI_Farm_Props/Textures/T_HayBale_02_N.uexp" 1859
"C:/Users/Chris/Desktop/Sem 2 Github/Games-Prototyping/Games Prototyping2/Content/SI_Farm_Props/Textures/T_HayBale_02.ubulk" 1860
"C:/Users/Chris/Desktop/Sem 2 Github/Games-Prototyping/Games Prototyping2/Content/SI_Farm_Props/Textures/T_HayBale_02.uasset" 1861
"C:/Users/Chris/Desktop/Sem 2 Github/Games-Prototyping/Games Prototyping2/Content/SI_Farm_Props/Textures/T_HayBale_02.uexp" 1862
"C:/Users/Chris/Desktop/Sem 2 Github/Games-Prototyping/Games Prototyping2/Content/SI_Farm_Props/Materials/MI_HayBale_02.uasset" 1863
"C:/Users/Chris/Desktop/Sem 2 Github/Games-Prototyping/Games Prototyping2/Content/SI_Farm_Props/Materials/MI_HayBale_02.uexp" 1864
"C:/Users/Chris/Desktop/Sem 2 Github/Games-Prototyping/Games Prototyping2/Content/SI_Farm_Props/Meshes/SM_HayBale_02.ubulk" 1865
"C:/Users/Chris/Desktop/Sem 2 Github/Games-Prototyping/Games Prototyping2/Content/SI_Farm_Props/Meshes/SM_HayBale_02.uasset" 1866
"C:/Users/Chris/Desktop/Sem 2 Github/Games-Prototyping/Games Prototyping2/Content/SI_Farm_Props/Meshes/SM_HayBale_02.uexp" 1867
"C:/Users/Chris/Desktop/Sem 2 Github/Games-Prototyping/Games Prototyping2/Content/SI_Farm_Props/Textures/T_Fence_R.ubulk" 1868
"C:/Users/Chris/Desktop/Sem 2 Github/Games-Prototyping/Games Prototyping2/Content/SI_Farm_Props/Textures/T_Fence_R.uasset" 1869
"C:/Users/Chris/Desktop/Sem 2 Github/Games-Prototyping/Games Prototyping2/Content/SI_Farm_Props/Textures/T_Fence_R.uexp" 1870
"C:/Users/Chris/Desktop/Sem 2 Github/Games-Prototyping/Games Prototyping2/Content/SI_Farm_Props/Textures/T_Fence_N.ubulk" 1871
"C:/Users/Chris/Desktop/Sem 2 Github/Games-Prototyping/Games Prototyping2/Content/SI_Farm_Props/Textures/T_Fence_N.uasset" 1872
"C:/Users/Chris/Desktop/Sem 2 Github/Games-Prototyping/Games Prototyping2/Content/SI_Farm_Props/Textures/T_Fence_N.uexp" 1873
"C:/Users/Chris/Desktop/Sem 2 Github/Games-Prototyping/Games Prototyping2/Content/SI_Farm_Props/Textures/T_Fence.ubulk" 1874
"C:/Users/Chris/Desktop/Sem 2 Github/Games-Prototyping/Games Prototyping2/Content/SI_Farm_Props/Textures/T_Fence.uasset" 1875
"C:/Users/Chris/Desktop/Sem 2 Github/Games-Prototyping/Games Prototyping2/Content/SI_Farm_Props/Textures/T_Fence.uexp" 1876
"C:/Users/Chris/Desktop/Sem 2 Github/Games-Prototyping/Games Prototyping2/Content/SI_Farm_Props/Materials/MI_Fence.uasset" 1877
"C:/Users/Chris/Desktop/Sem 2 Github/Games-Prototyping/Games Prototyping2/Content/SI_Farm_Props/Materials/MI_Fence.uexp" 1878
"C:/Users/Chris/Desktop/Sem 2 Github/Games-Prototyping/Games Prototyping2/Content/SI_Farm_Props/Meshes/SM_Fence_02.ubulk" 1879
"C:/Users/Chris/Desktop/Sem 2 Github/Games-Prototyping/Games Prototyping2/Content/SI_Farm_Props/Meshes/SM_Fence_02.uasset" 1880
"C:/Users/Chris/Desktop/Sem 2 Github/Games-Prototyping/Games Prototyping2/Content/SI_Farm_Props/Meshes/SM_Fence_02.uexp" 1881
"C:/Users/Chris/Desktop/Sem 2 Github/Games-Prototyping/Games Prototyping2/Content/SI_Farm_Props/Meshes/SM_Fence_01.ubulk" 1882
"C:/Users/Chris/Desktop/Sem 2 Github/Games-Prototyping/Games Prototyping2/Content/SI_Farm_Props/Meshes/SM_Fence_01.uasset" 1883
"C:/Users/Chris/Desktop/Sem 2 Github/Games-Prototyping/Games Prototyping2/Content/SI_Farm_Props/Meshes/SM_Fence_01.uexp" 1884
"C:/Users/Chris/Desktop/Sem 2 Github/Games-Prototyping/Games Prototyping2/Content/SI_Farm_Props/Textures/T_Feeder_05_R.ubulk" 1885
"C:/Users/Chris/Desktop/Sem 2 Github/Games-Prototyping/Games Prototyping2/Content/SI_Farm_Props/Textures/T_Feeder_05_R.uasset" 1886
"C:/Users/Chris/Desktop/Sem 2 Github/Games-Prototyping/Games Prototyping2/Content/SI_Farm_Props/Textures/T_Feeder_05_R.uexp" 1887
"C:/Users/Chris/Desktop/Sem 2 Github/Games-Prototyping/Games Prototyping2/Content/SI_Farm_Props/Textures/T_Feeder_05_N.ubulk" 1888
"C:/Users/Chris/Desktop/Sem 2 Github/Games-Prototyping/Games Prototyping2/Content/SI_Farm_Props/Textures/T_Feeder_05_N.uasset" 1889
"C:/Users/Chris/Desktop/Sem 2 Github/Games-Prototyping/Games Prototyping2/Content/SI_Farm_Props/Textures/T_Feeder_05_N.uexp" 1890
"C:/Users/Chris/Desktop/Sem 2 Github/Games-Prototyping/Games Prototyping2/Content/SI_Farm_Props/Textures/T_Feeder_05.ubulk" 1891
"C:/Users/Chris/Desktop/Sem 2 Github/Games-Prototyping/Games Prototyping2/Content/SI_Farm_Props/Textures/T_Feeder_05.uasset" 1892
"C:/Users/Chris/Desktop/Sem 2 Github/Games-Prototyping/Games Prototyping2/Content/SI_Farm_Props/Textures/T_Feeder_05.uexp" 1893
"C:/Users/Chris/Desktop/Sem 2 Github/Games-Prototyping/Games Prototyping2/Content/SI_Farm_Props/Materials/MI_Feeder_05.uasset" 1894
"C:/Users/Chris/Desktop/Sem 2 Github/Games-Prototyping/Games Prototyping2/Content/SI_Farm_Props/Materials/MI_Feeder_05.uexp" 1895
"C:/Users/Chris/Desktop/Sem 2 Github/Games-Prototyping/Games Prototyping2/Content/SI_Farm_Props/Textures/T_Food_01_R.ubulk" 1896
"C:/Users/Chris/Desktop/Sem 2 Github/Games-Prototyping/Games Prototyping2/Content/SI_Farm_Props/Textures/T_Food_01_R.uasset" 1897
"C:/Users/Chris/Desktop/Sem 2 Github/Games-Prototyping/Games Prototyping2/Content/SI_Farm_Props/Textures/T_Food_01_R.uexp" 1898
"C:/Users/Chris/Desktop/Sem 2 Github/Games-Prototyping/Games Prototyping2/Content/SI_Farm_Props/Textures/T_Food_01_N.ubulk" 1899
"C:/Users/Chris/Desktop/Sem 2 Github/Games-Prototyping/Games Prototyping2/Content/SI_Farm_Props/Textures/T_Food_01_N.uasset" 1900
"C:/Users/Chris/Desktop/Sem 2 Github/Games-Prototyping/Games Prototyping2/Content/SI_Farm_Props/Textures/T_Food_01_N.uexp" 1901
"C:/Users/Chris/Desktop/Sem 2 Github/Games-Prototyping/Games Prototyping2/Content/SI_Farm_Props/Textures/T_Food_01.ubulk" 1902
"C:/Users/Chris/Desktop/Sem 2 Github/Games-Prototyping/Games Prototyping2/Content/SI_Farm_Props/Textures/T_Food_01.uasset" 1903
"C:/Users/Chris/Desktop/Sem 2 Github/Games-Prototyping/Games Prototyping2/Content/SI_Farm_Props/Textures/T_Food_01.uexp" 1904
"C:/Users/Chris/Desktop/Sem 2 Github/Games-Prototyping/Games Prototyping2/Content/SI_Farm_Props/Materials/MI_Food_01.uasset" 1905
"C:/Users/Chris/Desktop/Sem 2 Github/Games-Prototyping/Games Prototyping2/Content/SI_Farm_Props/Materials/MI_Food_01.uexp" 1906
"C:/Users/Chris/Desktop/Sem 2 Github/Games-Prototyping/Games Prototyping2/Content/SI_Farm_Props/Meshes/SM_Feeder_05_full.ubulk" 1907
"C:/Users/Chris/Desktop/Sem 2 Github/Games-Prototyping/Games Prototyping2/Content/SI_Farm_Props/Meshes/SM_Feeder_05_full.uasset" 1908
"C:/Users/Chris/Desktop/Sem 2 Github/Games-Prototyping/Games Prototyping2/Content/SI_Farm_Props/Meshes/SM_Feeder_05_full.uexp" 1909
"C:/Users/Chris/Desktop/Sem 2 Github/Games-Prototyping/Games Prototyping2/Content/SI_Farm_Props/Meshes/SM_Feeder_05_empty.ubulk" 1910
"C:/Users/Chris/Desktop/Sem 2 Github/Games-Prototyping/Games Prototyping2/Content/SI_Farm_Props/Meshes/SM_Feeder_05_empty.uasset" 1911
"C:/Users/Chris/Desktop/Sem 2 Github/Games-Prototyping/Games Prototyping2/Content/SI_Farm_Props/Meshes/SM_Feeder_05_empty.uexp" 1912
"C:/Users/Chris/Desktop/Sem 2 Github/Games-Prototyping/Games Prototyping2/Content/SI_Farm_Props/Textures/T_Feeder_04_R.ubulk" 1913
"C:/Users/Chris/Desktop/Sem 2 Github/Games-Prototyping/Games Prototyping2/Content/SI_Farm_Props/Textures/T_Feeder_04_R.uasset" 1914
"C:/Users/Chris/Desktop/Sem 2 Github/Games-Prototyping/Games Prototyping2/Content/SI_Farm_Props/Textures/T_Feeder_04_R.uexp" 1915
"C:/Users/Chris/Desktop/Sem 2 Github/Games-Prototyping/Games Prototyping2/Content/SI_Farm_Props/Textures/T_Feeder_04_N.ubulk" 1916
"C:/Users/Chris/Desktop/Sem 2 Github/Games-Prototyping/Games Prototyping2/Content/SI_Farm_Props/Textures/T_Feeder_04_N.uasset" 1917
"C:/Users/Chris/Desktop/Sem 2 Github/Games-Prototyping/Games Prototyping2/Content/SI_Farm_Props/Textures/T_Feeder_04_N.uexp" 1918
"C:/Users/Chris/Desktop/Sem 2 Github/Games-Prototyping/Games Prototyping2/Content/SI_Farm_Props/Textures/T_Feeder_04.ubulk" 1919
"C:/Users/Chris/Desktop/Sem 2 Github/Games-Prototyping/Games Prototyping2/Content/SI_Farm_Props/Textures/T_Feeder_04.uasset" 1920
"C:/Users/Chris/Desktop/Sem 2 Github/Games-Prototyping/Games Prototyping2/Content/SI_Farm_Props/Textures/T_Feeder_04.uexp" 1921
"C:/Users/Chris/Desktop/Sem 2 Github/Games-Prototyping/Games Prototyping2/Content/SI_Farm_Props/Materials/MI_Feeder_04.uasset" 1922
"C:/Users/Chris/Desktop/Sem 2 Github/Games-Prototyping/Games Prototyping2/Content/SI_Farm_Props/Materials/MI_Feeder_04.uexp" 1923
"C:/Users/Chris/Desktop/Sem 2 Github/Games-Prototyping/Games Prototyping2/Content/SI_Farm_Props/Meshes/SM_Feeder_04_half.ubulk" 1924
"C:/Users/Chris/Desktop/Sem 2 Github/Games-Prototyping/Games Prototyping2/Content/SI_Farm_Props/Meshes/SM_Feeder_04_half.uasset" 1925
"C:/Users/Chris/Desktop/Sem 2 Github/Games-Prototyping/Games Prototyping2/Content/SI_Farm_Props/Meshes/SM_Feeder_04_half.uexp" 1926
"C:/Users/Chris/Desktop/Sem 2 Github/Games-Prototyping/Games Prototyping2/Content/SI_Farm_Props/Meshes/SM_Feeder_04_full.ubulk" 1927
"C:/Users/Chris/Desktop/Sem 2 Github/Games-Prototyping/Games Prototyping2/Content/SI_Farm_Props/Meshes/SM_Feeder_04_full.uasset" 1928
"C:/Users/Chris/Desktop/Sem 2 Github/Games-Prototyping/Games Prototyping2/Content/SI_Farm_Props/Meshes/SM_Feeder_04_full.uexp" 1929
"C:/Users/Chris/Desktop/Sem 2 Github/Games-Prototyping/Games Prototyping2/Content/SI_Farm_Props/Meshes/SM_Feeder_04_empty.ubulk" 1930
"C:/Users/Chris/Desktop/Sem 2 Github/Games-Prototyping/Games Prototyping2/Content/SI_Farm_Props/Meshes/SM_Feeder_04_empty.uasset" 1931
"C:/Users/Chris/Desktop/Sem 2 Github/Games-Prototyping/Games Prototyping2/Content/SI_Farm_Props/Meshes/SM_Feeder_04_empty.uexp" 1932
"C:/Users/Chris/Desktop/Sem 2 Github/Games-Prototyping/Games Prototyping2/Content/SI_Farm_Props/Textures/T_Feeder_03_R.ubulk" 1933
"C:/Users/Chris/Desktop/Sem 2 Github/Games-Prototyping/Games Prototyping2/Content/SI_Farm_Props/Textures/T_Feeder_03_R.uasset" 1934
"C:/Users/Chris/Desktop/Sem 2 Github/Games-Prototyping/Games Prototyping2/Content/SI_Farm_Props/Textures/T_Feeder_03_R.uexp" 1935
"C:/Users/Chris/Desktop/Sem 2 Github/Games-Prototyping/Games Prototyping2/Content/SI_Farm_Props/Textures/T_Feeder_03_N.ubulk" 1936
"C:/Users/Chris/Desktop/Sem 2 Github/Games-Prototyping/Games Prototyping2/Content/SI_Farm_Props/Textures/T_Feeder_03_N.uasset" 1937
"C:/Users/Chris/Desktop/Sem 2 Github/Games-Prototyping/Games Prototyping2/Content/SI_Farm_Props/Textures/T_Feeder_03_N.uexp" 1938
"C:/Users/Chris/Desktop/Sem 2 Github/Games-Prototyping/Games Prototyping2/Content/SI_Farm_Props/Textures/T_Feeder_03.ubulk" 1939
"C:/Users/Chris/Desktop/Sem 2 Github/Games-Prototyping/Games Prototyping2/Content/SI_Farm_Props/Textures/T_Feeder_03.uasset" 1940
"C:/Users/Chris/Desktop/Sem 2 Github/Games-Prototyping/Games Prototyping2/Content/SI_Farm_Props/Textures/T_Feeder_03.uexp" 1941
"C:/Users/Chris/Desktop/Sem 2 Github/Games-Prototyping/Games Prototyping2/Content/SI_Farm_Props/Materials/MI_Feeder_03.uasset" 1942
"C:/Users/Chris/Desktop/Sem 2 Github/Games-Prototyping/Games Prototyping2/Content/SI_Farm_Props/Materials/MI_Feeder_03.uexp" 1943
"C:/Users/Chris/Desktop/Sem 2 Github/Games-Prototyping/Games Prototyping2/Content/SI_Farm_Props/Textures/T_Food_02_R.ubulk" 1944
"C:/Users/Chris/Desktop/Sem 2 Github/Games-Prototyping/Games Prototyping2/Content/SI_Farm_Props/Textures/T_Food_02_R.uasset" 1945
"C:/Users/Chris/Desktop/Sem 2 Github/Games-Prototyping/Games Prototyping2/Content/SI_Farm_Props/Textures/T_Food_02_R.uexp" 1946
"C:/Users/Chris/Desktop/Sem 2 Github/Games-Prototyping/Games Prototyping2/Content/SI_Farm_Props/Textures/T_Food_02_N.ubulk" 1947
"C:/Users/Chris/Desktop/Sem 2 Github/Games-Prototyping/Games Prototyping2/Content/SI_Farm_Props/Textures/T_Food_02_N.uasset" 1948
"C:/Users/Chris/Desktop/Sem 2 Github/Games-Prototyping/Games Prototyping2/Content/SI_Farm_Props/Textures/T_Food_02_N.uexp" 1949
"C:/Users/Chris/Desktop/Sem 2 Github/Games-Prototyping/Games Prototyping2/Content/SI_Farm_Props/Textures/T_Food_02.ubulk" 1950
"C:/Users/Chris/Desktop/Sem 2 Github/Games-Prototyping/Games Prototyping2/Content/SI_Farm_Props/Textures/T_Food_02.uasset" 1951
"C:/Users/Chris/Desktop/Sem 2 Github/Games-Prototyping/Games Prototyping2/Content/SI_Farm_Props/Textures/T_Food_02.uexp" 1952
"C:/Users/Chris/Desktop/Sem 2 Github/Games-Prototyping/Games Prototyping2/Content/SI_Farm_Props/Materials/MI_Food_02.uasset" 1953
"C:/Users/Chris/Desktop/Sem 2 Github/Games-Prototyping/Games Prototyping2/Content/SI_Farm_Props/Materials/MI_Food_02.uexp" 1954
"C:/Users/Chris/Desktop/Sem 2 Github/Games-Prototyping/Games Prototyping2/Content/SI_Farm_Props/Meshes/SM_Feeder_03_half.ubulk" 1955
"C:/Users/Chris/Desktop/Sem 2 Github/Games-Prototyping/Games Prototyping2/Content/SI_Farm_Props/Meshes/SM_Feeder_03_half.uasset" 1956
"C:/Users/Chris/Desktop/Sem 2 Github/Games-Prototyping/Games Prototyping2/Content/SI_Farm_Props/Meshes/SM_Feeder_03_half.uexp" 1957
"C:/Users/Chris/Desktop/Sem 2 Github/Games-Prototyping/Games Prototyping2/Content/SI_Farm_Props/Meshes/SM_Feeder_03_full.ubulk" 1958
"C:/Users/Chris/Desktop/Sem 2 Github/Games-Prototyping/Games Prototyping2/Content/SI_Farm_Props/Meshes/SM_Feeder_03_full.uasset" 1959
"C:/Users/Chris/Desktop/Sem 2 Github/Games-Prototyping/Games Prototyping2/Content/SI_Farm_Props/Meshes/SM_Feeder_03_full.uexp" 1960
"C:/Users/Chris/Desktop/Sem 2 Github/Games-Prototyping/Games Prototyping2/Content/SI_Farm_Props/Meshes/SM_Feeder_03_empty.ubulk" 1961
"C:/Users/Chris/Desktop/Sem 2 Github/Games-Prototyping/Games Prototyping2/Content/SI_Farm_Props/Meshes/SM_Feeder_03_empty.uasset" 1962
"C:/Users/Chris/Desktop/Sem 2 Github/Games-Prototyping/Games Prototyping2/Content/SI_Farm_Props/Meshes/SM_Feeder_03_empty.uexp" 1963
"C:/Users/Chris/Desktop/Sem 2 Github/Games-Prototyping/Games Prototyping2/Content/SI_Farm_Props/Textures/T_Feeder_02_R.ubulk" 1964
"C:/Users/Chris/Desktop/Sem 2 Github/Games-Prototyping/Games Prototyping2/Content/SI_Farm_Props/Textures/T_Feeder_02_R.uasset" 1965
"C:/Users/Chris/Desktop/Sem 2 Github/Games-Prototyping/Games Prototyping2/Content/SI_Farm_Props/Textures/T_Feeder_02_R.uexp" 1966
"C:/Users/Chris/Desktop/Sem 2 Github/Games-Prototyping/Games Prototyping2/Content/SI_Farm_Props/Textures/T_Feeder_02_N.ubulk" 1967
"C:/Users/Chris/Desktop/Sem 2 Github/Games-Prototyping/Games Prototyping2/Content/SI_Farm_Props/Textures/T_Feeder_02_N.uasset" 1968
"C:/Users/Chris/Desktop/Sem 2 Github/Games-Prototyping/Games Prototyping2/Content/SI_Farm_Props/Textures/T_Feeder_02_N.uexp" 1969
"C:/Users/Chris/Desktop/Sem 2 Github/Games-Prototyping/Games Prototyping2/Content/SI_Farm_Props/Textures/T_Feeder_02.ubulk" 1970
"C:/Users/Chris/Desktop/Sem 2 Github/Games-Prototyping/Games Prototyping2/Content/SI_Farm_Props/Textures/T_Feeder_02.uasset" 1971
"C:/Users/Chris/Desktop/Sem 2 Github/Games-Prototyping/Games Prototyping2/Content/SI_Farm_Props/Textures/T_Feeder_02.uexp" 1972
"C:/Users/Chris/Desktop/Sem 2 Github/Games-Prototyping/Games Prototyping2/Content/SI_Farm_Props/Materials/MI_Feeder_02.uasset" 1973
"C:/Users/Chris/Desktop/Sem 2 Github/Games-Prototyping/Games Prototyping2/Content/SI_Farm_Props/Materials/MI_Feeder_02.uexp" 1974
"C:/Users/Chris/Desktop/Sem 2 Github/Games-Prototyping/Games Prototyping2/Content/SI_Farm_Props/Meshes/SM_Feeder_02_half.ubulk" 1975
"C:/Users/Chris/Desktop/Sem 2 Github/Games-Prototyping/Games Prototyping2/Content/SI_Farm_Props/Meshes/SM_Feeder_02_half.uasset" 1976
"C:/Users/Chris/Desktop/Sem 2 Github/Games-Prototyping/Games Prototyping2/Content/SI_Farm_Props/Meshes/SM_Feeder_02_half.uexp" 1977
"C:/Users/Chris/Desktop/Sem 2 Github/Games-Prototyping/Games Prototyping2/Content/SI_Farm_Props/Meshes/SM_Feeder_02_full.ubulk" 1978
"C:/Users/Chris/Desktop/Sem 2 Github/Games-Prototyping/Games Prototyping2/Content/SI_Farm_Props/Meshes/SM_Feeder_02_full.uasset" 1979
"C:/Users/Chris/Desktop/Sem 2 Github/Games-Prototyping/Games Prototyping2/Content/SI_Farm_Props/Meshes/SM_Feeder_02_full.uexp" 1980
"C:/Users/Chris/Desktop/Sem 2 Github/Games-Prototyping/Games Prototyping2/Content/SI_Farm_Props/Meshes/SM_Feeder_02_empty.ubulk" 1981
"C:/Users/Chris/Desktop/Sem 2 Github/Games-Prototyping/Games Prototyping2/Content/SI_Farm_Props/Meshes/SM_Feeder_02_empty.uasset" 1982
"C:/Users/Chris/Desktop/Sem 2 Github/Games-Prototyping/Games Prototyping2/Content/SI_Farm_Props/Meshes/SM_Feeder_02_empty.uexp" 1983
"C:/Users/Chris/Desktop/Sem 2 Github/Games-Prototyping/Games Prototyping2/Content/SI_Farm_Props/Materials/MI_Feeder_01.uasset" 1984
"C:/Users/Chris/Desktop/Sem 2 Github/Games-Prototyping/Games Prototyping2/Content/SI_Farm_Props/Materials/MI_Feeder_01.uexp" 1985
"C:/Users/Chris/Desktop/Sem 2 Github/Games-Prototyping/Games Prototyping2/Content/SI_Farm_Props/Meshes/SM_Feeder_01_half.ubulk" 1986
"C:/Users/Chris/Desktop/Sem 2 Github/Games-Prototyping/Games Prototyping2/Content/SI_Farm_Props/Meshes/SM_Feeder_01_half.uasset" 1987
"C:/Users/Chris/Desktop/Sem 2 Github/Games-Prototyping/Games Prototyping2/Content/SI_Farm_Props/Meshes/SM_Feeder_01_half.uexp" 1988
"C:/Users/Chris/Desktop/Sem 2 Github/Games-Prototyping/Games Prototyping2/Content/SI_Farm_Props/Meshes/SM_Feeder_01_full.ubulk" 1989
"C:/Users/Chris/Desktop/Sem 2 Github/Games-Prototyping/Games Prototyping2/Content/SI_Farm_Props/Meshes/SM_Feeder_01_full.uasset" 1990
"C:/Users/Chris/Desktop/Sem 2 Github/Games-Prototyping/Games Prototyping2/Content/SI_Farm_Props/Meshes/SM_Feeder_01_full.uexp" 1991
"C:/Users/Chris/Desktop/Sem 2 Github/Games-Prototyping/Games Prototyping2/Content/SI_Farm_Props/Meshes/SM_Feeder_01_empty.ubulk" 1992
"C:/Users/Chris/Desktop/Sem 2 Github/Games-Prototyping/Games Prototyping2/Content/SI_Farm_Props/Meshes/SM_Feeder_01_empty.uasset" 1993
"C:/Users/Chris/Desktop/Sem 2 Github/Games-Prototyping/Games Prototyping2/Content/SI_Farm_Props/Meshes/SM_Feeder_01_empty.uexp" 1994
"C:/Users/Chris/Desktop/Sem 2 Github/Games-Prototyping/Games Prototyping2/Content/SI_Farm_Props/Textures/T_Feather_White.ubulk" 1995
"C:/Users/Chris/Desktop/Sem 2 Github/Games-Prototyping/Games Prototyping2/Content/SI_Farm_Props/Textures/T_Feather_White.uasset" 1996
"C:/Users/Chris/Desktop/Sem 2 Github/Games-Prototyping/Games Prototyping2/Content/SI_Farm_Props/Textures/T_Feather_White.uexp" 1997
"C:/Users/Chris/Desktop/Sem 2 Github/Games-Prototyping/Games Prototyping2/Content/SI_Farm_Props/Textures/T_Feather_R.ubulk" 1998
"C:/Users/Chris/Desktop/Sem 2 Github/Games-Prototyping/Games Prototyping2/Content/SI_Farm_Props/Textures/T_Feather_R.uasset" 1999
"C:/Users/Chris/Desktop/Sem 2 Github/Games-Prototyping/Games Prototyping2/Content/SI_Farm_Props/Textures/T_Feather_R.uexp" 2000
"C:/Users/Chris/Desktop/Sem 2 Github/Games-Prototyping/Games Prototyping2/Content/SI_Farm_Props/Textures/T_Feather_N.ubulk" 2001
"C:/Users/Chris/Desktop/Sem 2 Github/Games-Prototyping/Games Prototyping2/Content/SI_Farm_Props/Textures/T_Feather_N.uasset" 2002
"C:/Users/Chris/Desktop/Sem 2 Github/Games-Prototyping/Games Prototyping2/Content/SI_Farm_Props/Textures/T_Feather_N.uexp" 2003
"C:/Users/Chris/Desktop/Sem 2 Github/Games-Prototyping/Games Prototyping2/Content/SI_Farm_Props/Materials/MI_Feather_White.uasset" 2004
"C:/Users/Chris/Desktop/Sem 2 Github/Games-Prototyping/Games Prototyping2/Content/SI_Farm_Props/Materials/MI_Feather_White.uexp" 2005
"C:/Users/Chris/Desktop/Sem 2 Github/Games-Prototyping/Games Prototyping2/Content/SI_Farm_Props/Meshes/SM_Feather.ubulk" 2006
"C:/Users/Chris/Desktop/Sem 2 Github/Games-Prototyping/Games Prototyping2/Content/SI_Farm_Props/Meshes/SM_Feather.uasset" 2007
"C:/Users/Chris/Desktop/Sem 2 Github/Games-Prototyping/Games Prototyping2/Content/SI_Farm_Props/Meshes/SM_Feather.uexp" 2008
"C:/Users/Chris/Desktop/Sem 2 Github/Games-Prototyping/Games Prototyping2/Content/SI_Farm_Props/Textures/T_Egg_R.ubulk" 2009
"C:/Users/Chris/Desktop/Sem 2 Github/Games-Prototyping/Games Prototyping2/Content/SI_Farm_Props/Textures/T_Egg_R.uasset" 2010
"C:/Users/Chris/Desktop/Sem 2 Github/Games-Prototyping/Games Prototyping2/Content/SI_Farm_Props/Textures/T_Egg_R.uexp" 2011
"C:/Users/Chris/Desktop/Sem 2 Github/Games-Prototyping/Games Prototyping2/Content/SI_Farm_Props/Textures/T_Egg_N.ubulk" 2012
"C:/Users/Chris/Desktop/Sem 2 Github/Games-Prototyping/Games Prototyping2/Content/SI_Farm_Props/Textures/T_Egg_N.uasset" 2013
"C:/Users/Chris/Desktop/Sem 2 Github/Games-Prototyping/Games Prototyping2/Content/SI_Farm_Props/Textures/T_Egg_N.uexp" 2014
"C:/Users/Chris/Desktop/Sem 2 Github/Games-Prototyping/Games Prototyping2/Content/SI_Farm_Props/Textures/T_Egg_LightBlue.ubulk" 2015
"C:/Users/Chris/Desktop/Sem 2 Github/Games-Prototyping/Games Prototyping2/Content/SI_Farm_Props/Textures/T_Egg_LightBlue.uasset" 2016
"C:/Users/Chris/Desktop/Sem 2 Github/Games-Prototyping/Games Prototyping2/Content/SI_Farm_Props/Textures/T_Egg_LightBlue.uexp" 2017
"C:/Users/Chris/Desktop/Sem 2 Github/Games-Prototyping/Games Prototyping2/Content/SI_Farm_Props/Materials/MI_Egg_LightBlue.uasset" 2018
"C:/Users/Chris/Desktop/Sem 2 Github/Games-Prototyping/Games Prototyping2/Content/SI_Farm_Props/Materials/MI_Egg_LightBlue.uexp" 2019
"C:/Users/Chris/Desktop/Sem 2 Github/Games-Prototyping/Games Prototyping2/Content/SI_Farm_Props/Meshes/SM_Egg_Duck.ubulk" 2020
"C:/Users/Chris/Desktop/Sem 2 Github/Games-Prototyping/Games Prototyping2/Content/SI_Farm_Props/Meshes/SM_Egg_Duck.uasset" 2021
"C:/Users/Chris/Desktop/Sem 2 Github/Games-Prototyping/Games Prototyping2/Content/SI_Farm_Props/Meshes/SM_Egg_Duck.uexp" 2022
"C:/Users/Chris/Desktop/Sem 2 Github/Games-Prototyping/Games Prototyping2/Content/SI_Farm_Props/Textures/T_Egg_White.ubulk" 2023
"C:/Users/Chris/Desktop/Sem 2 Github/Games-Prototyping/Games Prototyping2/Content/SI_Farm_Props/Textures/T_Egg_White.uasset" 2024
"C:/Users/Chris/Desktop/Sem 2 Github/Games-Prototyping/Games Prototyping2/Content/SI_Farm_Props/Textures/T_Egg_White.uexp" 2025
"C:/Users/Chris/Desktop/Sem 2 Github/Games-Prototyping/Games Prototyping2/Content/SI_Farm_Props/Materials/MI_Egg_White.uasset" 2026
"C:/Users/Chris/Desktop/Sem 2 Github/Games-Prototyping/Games Prototyping2/Content/SI_Farm_Props/Materials/MI_Egg_White.uexp" 2027
"C:/Users/Chris/Desktop/Sem 2 Github/Games-Prototyping/Games Prototyping2/Content/SI_Farm_Props/Meshes/SM_Egg_Chicken.ubulk" 2028
"C:/Users/Chris/Desktop/Sem 2 Github/Games-Prototyping/Games Prototyping2/Content/SI_Farm_Props/Meshes/SM_Egg_Chicken.uasset" 2029
"C:/Users/Chris/Desktop/Sem 2 Github/Games-Prototyping/Games Prototyping2/Content/SI_Farm_Props/Meshes/SM_Egg_Chicken.uexp" 2030
"C:/Users/Chris/Desktop/Sem 2 Github/Games-Prototyping/Games Prototyping2/Content/SI_Farm_Props/Textures/T_Coop_01_Gate_R.ubulk" 2031
"C:/Users/Chris/Desktop/Sem 2 Github/Games-Prototyping/Games Prototyping2/Content/SI_Farm_Props/Textures/T_Coop_01_Gate_R.uasset" 2032
"C:/Users/Chris/Desktop/Sem 2 Github/Games-Prototyping/Games Prototyping2/Content/SI_Farm_Props/Textures/T_Coop_01_Gate_R.uexp" 2033
"C:/Users/Chris/Desktop/Sem 2 Github/Games-Prototyping/Games Prototyping2/Content/SI_Farm_Props/Textures/T_Coop_01_Gate_N.ubulk" 2034
"C:/Users/Chris/Desktop/Sem 2 Github/Games-Prototyping/Games Prototyping2/Content/SI_Farm_Props/Textures/T_Coop_01_Gate_N.uasset" 2035
"C:/Users/Chris/Desktop/Sem 2 Github/Games-Prototyping/Games Prototyping2/Content/SI_Farm_Props/Textures/T_Coop_01_Gate_N.uexp" 2036
"C:/Users/Chris/Desktop/Sem 2 Github/Games-Prototyping/Games Prototyping2/Content/SI_Farm_Props/Textures/T_Coop_01_Gate.ubulk" 2037
"C:/Users/Chris/Desktop/Sem 2 Github/Games-Prototyping/Games Prototyping2/Content/SI_Farm_Props/Textures/T_Coop_01_Gate.uasset" 2038
"C:/Users/Chris/Desktop/Sem 2 Github/Games-Prototyping/Games Prototyping2/Content/SI_Farm_Props/Textures/T_Coop_01_Gate.uexp" 2039
"C:/Users/Chris/Desktop/Sem 2 Github/Games-Prototyping/Games Prototyping2/Content/SI_Farm_Props/Materials/MI_Coop_01_Gate.uasset" 2040
"C:/Users/Chris/Desktop/Sem 2 Github/Games-Prototyping/Games Prototyping2/Content/SI_Farm_Props/Materials/MI_Coop_01_Gate.uexp" 2041
"C:/Users/Chris/Desktop/Sem 2 Github/Games-Prototyping/Games Prototyping2/Content/SI_Farm_Props/Meshes/SM_Coop_01_Gate.ubulk" 2042
"C:/Users/Chris/Desktop/Sem 2 Github/Games-Prototyping/Games Prototyping2/Content/SI_Farm_Props/Meshes/SM_Coop_01_Gate.uasset" 2043
"C:/Users/Chris/Desktop/Sem 2 Github/Games-Prototyping/Games Prototyping2/Content/SI_Farm_Props/Meshes/SM_Coop_01_Gate.uexp" 2044
"C:/Users/Chris/Desktop/Sem 2 Github/Games-Prototyping/Games Prototyping2/Content/SI_Farm_Props/Textures/T_Coop_01_R.ubulk" 2045
"C:/Users/Chris/Desktop/Sem 2 Github/Games-Prototyping/Games Prototyping2/Content/SI_Farm_Props/Textures/T_Coop_01_R.uasset" 2046
"C:/Users/Chris/Desktop/Sem 2 Github/Games-Prototyping/Games Prototyping2/Content/SI_Farm_Props/Textures/T_Coop_01_R.uexp" 2047
"C:/Users/Chris/Desktop/Sem 2 Github/Games-Prototyping/Games Prototyping2/Content/SI_Farm_Props/Textures/T_Coop_01_N.ubulk" 2048
"C:/Users/Chris/Desktop/Sem 2 Github/Games-Prototyping/Games Prototyping2/Content/SI_Farm_Props/Textures/T_Coop_01_N.uasset" 2049
"C:/Users/Chris/Desktop/Sem 2 Github/Games-Prototyping/Games Prototyping2/Content/SI_Farm_Props/Textures/T_Coop_01_N.uexp" 2050
"C:/Users/Chris/Desktop/Sem 2 Github/Games-Prototyping/Games Prototyping2/Content/SI_Farm_Props/Textures/T_Coop_01.ubulk" 2051
"C:/Users/Chris/Desktop/Sem 2 Github/Games-Prototyping/Games Prototyping2/Content/SI_Farm_Props/Textures/T_Coop_01.uasset" 2052
"C:/Users/Chris/Desktop/Sem 2 Github/Games-Prototyping/Games Prototyping2/Content/SI_Farm_Props/Textures/T_Coop_01.uexp" 2053
"C:/Users/Chris/Desktop/Sem 2 Github/Games-Prototyping/Games Prototyping2/Content/SI_Farm_Props/Materials/MI_Coop_01.uasset" 2054
"C:/Users/Chris/Desktop/Sem 2 Github/Games-Prototyping/Games Prototyping2/Content/SI_Farm_Props/Materials/MI_Coop_01.uexp" 2055
"C:/Users/Chris/Desktop/Sem 2 Github/Games-Prototyping/Games Prototyping2/Content/SI_Farm_Props/Meshes/SM_Coop_01.ubulk" 2056
"C:/Users/Chris/Desktop/Sem 2 Github/Games-Prototyping/Games Prototyping2/Content/SI_Farm_Props/Meshes/SM_Coop_01.uasset" 2057
"C:/Users/Chris/Desktop/Sem 2 Github/Games-Prototyping/Games Prototyping2/Content/SI_Farm_Props/Meshes/SM_Coop_01.uexp" 2058
"C:/Users/Chris/Desktop/Sem 2 Github/Games-Prototyping/Games Prototyping2/Content/SI_Farm_Props/Materials/MI_Wool_Red.uasset" 2059
"C:/Users/Chris/Desktop/Sem 2 Github/Games-Prototyping/Games Prototyping2/Content/SI_Farm_Props/Materials/MI_Wool_Red.uexp" 2060
"C:/Users/Chris/Desktop/Sem 2 Github/Games-Prototyping/Games Prototyping2/Content/SI_Farm_Props/Materials/MI_Wool_Blue.uasset" 2061
"C:/Users/Chris/Desktop/Sem 2 Github/Games-Prototyping/Games Prototyping2/Content/SI_Farm_Props/Materials/MI_Wool_Blue.uexp" 2062
"C:/Users/Chris/Desktop/Sem 2 Github/Games-Prototyping/Games Prototyping2/Content/SI_Farm_Props/Textures/T_Milk_R.ubulk" 2063
"C:/Users/Chris/Desktop/Sem 2 Github/Games-Prototyping/Games Prototyping2/Content/SI_Farm_Props/Textures/T_Milk_R.uasset" 2064
"C:/Users/Chris/Desktop/Sem 2 Github/Games-Prototyping/Games Prototyping2/Content/SI_Farm_Props/Textures/T_Milk_R.uexp" 2065
"C:/Users/Chris/Desktop/Sem 2 Github/Games-Prototyping/Games Prototyping2/Content/SI_Farm_Props/Textures/T_Milk_N.ubulk" 2066
"C:/Users/Chris/Desktop/Sem 2 Github/Games-Prototyping/Games Prototyping2/Content/SI_Farm_Props/Textures/T_Milk_N.uasset" 2067
"C:/Users/Chris/Desktop/Sem 2 Github/Games-Prototyping/Games Prototyping2/Content/SI_Farm_Props/Textures/T_Milk_N.uexp" 2068
"C:/Users/Chris/Desktop/Sem 2 Github/Games-Prototyping/Games Prototyping2/Content/SI_Farm_Props/Textures/T_Milk.ubulk" 2069
"C:/Users/Chris/Desktop/Sem 2 Github/Games-Prototyping/Games Prototyping2/Content/SI_Farm_Props/Textures/T_Milk.uasset" 2070
"C:/Users/Chris/Desktop/Sem 2 Github/Games-Prototyping/Games Prototyping2/Content/SI_Farm_Props/Textures/T_Milk.uexp" 2071
"C:/Users/Chris/Desktop/Sem 2 Github/Games-Prototyping/Games Prototyping2/Content/SI_Farm_Props/Materials/MI_Milk.uasset" 2072
"C:/Users/Chris/Desktop/Sem 2 Github/Games-Prototyping/Games Prototyping2/Content/SI_Farm_Props/Materials/MI_Milk.uexp" 2073
"C:/Users/Chris/Desktop/Sem 2 Github/Games-Prototyping/Games Prototyping2/Content/SI_Farm_Props/Textures/T_HayBale_01_Plastic_N.ubulk" 2074
"C:/Users/Chris/Desktop/Sem 2 Github/Games-Prototyping/Games Prototyping2/Content/SI_Farm_Props/Textures/T_HayBale_01_Plastic_N.uasset" 2075
"C:/Users/Chris/Desktop/Sem 2 Github/Games-Prototyping/Games Prototyping2/Content/SI_Farm_Props/Textures/T_HayBale_01_Plastic_N.uexp" 2076
"C:/Users/Chris/Desktop/Sem 2 Github/Games-Prototyping/Games Prototyping2/Content/SI_Farm_Props/Textures/T_HayBale_01_Plastic.ubulk" 2077
"C:/Users/Chris/Desktop/Sem 2 Github/Games-Prototyping/Games Prototyping2/Content/SI_Farm_Props/Textures/T_HayBale_01_Plastic.uasset" 2078
"C:/Users/Chris/Desktop/Sem 2 Github/Games-Prototyping/Games Prototyping2/Content/SI_Farm_Props/Textures/T_HayBale_01_Plastic.uexp" 2079
"C:/Users/Chris/Desktop/Sem 2 Github/Games-Prototyping/Games Prototyping2/Content/SI_Farm_Props/Textures/T_HayBale_01_Plasitc_R.ubulk" 2080
"C:/Users/Chris/Desktop/Sem 2 Github/Games-Prototyping/Games Prototyping2/Content/SI_Farm_Props/Textures/T_HayBale_01_Plasitc_R.uasset" 2081
"C:/Users/Chris/Desktop/Sem 2 Github/Games-Prototyping/Games Prototyping2/Content/SI_Farm_Props/Textures/T_HayBale_01_Plasitc_R.uexp" 2082
"C:/Users/Chris/Desktop/Sem 2 Github/Games-Prototyping/Games Prototyping2/Content/SI_Farm_Props/Materials/MI_HayBale_01_Plastic.uasset" 2083
"C:/Users/Chris/Desktop/Sem 2 Github/Games-Prototyping/Games Prototyping2/Content/SI_Farm_Props/Materials/MI_HayBale_01_Plastic.uexp" 2084
"C:/Users/Chris/Desktop/Sem 2 Github/Games-Prototyping/Games Prototyping2/Content/SI_Farm_Props/Textures/T_Feather_Brown.ubulk" 2085
"C:/Users/Chris/Desktop/Sem 2 Github/Games-Prototyping/Games Prototyping2/Content/SI_Farm_Props/Textures/T_Feather_Brown.uasset" 2086
"C:/Users/Chris/Desktop/Sem 2 Github/Games-Prototyping/Games Prototyping2/Content/SI_Farm_Props/Textures/T_Feather_Brown.uexp" 2087
"C:/Users/Chris/Desktop/Sem 2 Github/Games-Prototyping/Games Prototyping2/Content/SI_Farm_Props/Materials/MI_Feather_Brown.uasset" 2088
"C:/Users/Chris/Desktop/Sem 2 Github/Games-Prototyping/Games Prototyping2/Content/SI_Farm_Props/Materials/MI_Feather_Brown.uexp" 2089
"C:/Users/Chris/Desktop/Sem 2 Github/Games-Prototyping/Games Prototyping2/Content/SI_Farm_Props/Textures/T_Feather_Black.ubulk" 2090
"C:/Users/Chris/Desktop/Sem 2 Github/Games-Prototyping/Games Prototyping2/Content/SI_Farm_Props/Textures/T_Feather_Black.uasset" 2091
"C:/Users/Chris/Desktop/Sem 2 Github/Games-Prototyping/Games Prototyping2/Content/SI_Farm_Props/Textures/T_Feather_Black.uexp" 2092
"C:/Users/Chris/Desktop/Sem 2 Github/Games-Prototyping/Games Prototyping2/Content/SI_Farm_Props/Materials/MI_Feather_Black.uasset" 2093
"C:/Users/Chris/Desktop/Sem 2 Github/Games-Prototyping/Games Prototyping2/Content/SI_Farm_Props/Materials/MI_Feather_Black.uexp" 2094
"C:/Users/Chris/Desktop/Sem 2 Github/Games-Prototyping/Games Prototyping2/Content/SI_Farm_Props/Textures/T_Egg_LightGreen.ubulk" 2095
"C:/Users/Chris/Desktop/Sem 2 Github/Games-Prototyping/Games Prototyping2/Content/SI_Farm_Props/Textures/T_Egg_LightGreen.uasset" 2096
"C:/Users/Chris/Desktop/Sem 2 Github/Games-Prototyping/Games Prototyping2/Content/SI_Farm_Props/Textures/T_Egg_LightGreen.uexp" 2097
"C:/Users/Chris/Desktop/Sem 2 Github/Games-Prototyping/Games Prototyping2/Content/SI_Farm_Props/Materials/MI_Egg_LightGreen.uasset" 2098
"C:/Users/Chris/Desktop/Sem 2 Github/Games-Prototyping/Games Prototyping2/Content/SI_Farm_Props/Materials/MI_Egg_LightGreen.uexp" 2099
"C:/Users/Chris/Desktop/Sem 2 Github/Games-Prototyping/Games Prototyping2/Content/SI_Farm_Props/Textures/T_Egg_Brown.ubulk" 2100
"C:/Users/Chris/Desktop/Sem 2 Github/Games-Prototyping/Games Prototyping2/Content/SI_Farm_Props/Textures/T_Egg_Brown.uasset" 2101
"C:/Users/Chris/Desktop/Sem 2 Github/Games-Prototyping/Games Prototyping2/Content/SI_Farm_Props/Textures/T_Egg_Brown.uexp" 2102
"C:/Users/Chris/Desktop/Sem 2 Github/Games-Prototyping/Games Prototyping2/Content/SI_Farm_Props/Materials/MI_Egg_Brown.uasset" 2103
"C:/Users/Chris/Desktop/Sem 2 Github/Games-Prototyping/Games Prototyping2/Content/SI_Farm_Props/Materials/MI_Egg_Brown.uexp" 2104
"C:/Users/Chris/Desktop/Sem 2 Github/Games-Prototyping/Games Prototyping2/Content/SI_Farm_Props/Textures/T_Bucket_R.ubulk" 2105
"C:/Users/Chris/Desktop/Sem 2 Github/Games-Prototyping/Games Prototyping2/Content/SI_Farm_Props/Textures/T_Bucket_R.uasset" 2106
"C:/Users/Chris/Desktop/Sem 2 Github/Games-Prototyping/Games Prototyping2/Content/SI_Farm_Props/Textures/T_Bucket_R.uexp" 2107
"C:/Users/Chris/Desktop/Sem 2 Github/Games-Prototyping/Games Prototyping2/Content/SI_Farm_Props/Textures/T_Bucket_N.ubulk" 2108
"C:/Users/Chris/Desktop/Sem 2 Github/Games-Prototyping/Games Prototyping2/Content/SI_Farm_Props/Textures/T_Bucket_N.uasset" 2109
"C:/Users/Chris/Desktop/Sem 2 Github/Games-Prototyping/Games Prototyping2/Content/SI_Farm_Props/Textures/T_Bucket_N.uexp" 2110
"C:/Users/Chris/Desktop/Sem 2 Github/Games-Prototyping/Games Prototyping2/Content/SI_Farm_Props/Textures/T_Bucket.ubulk" 2111
"C:/Users/Chris/Desktop/Sem 2 Github/Games-Prototyping/Games Prototyping2/Content/SI_Farm_Props/Textures/T_Bucket.uasset" 2112
"C:/Users/Chris/Desktop/Sem 2 Github/Games-Prototyping/Games Prototyping2/Content/SI_Farm_Props/Textures/T_Bucket.uexp" 2113
"C:/Users/Chris/Desktop/Sem 2 Github/Games-Prototyping/Games Prototyping2/Content/SI_Farm_Props/Materials/MI_Bucket.uasset" 2114
"C:/Users/Chris/Desktop/Sem 2 Github/Games-Prototyping/Games Prototyping2/Content/SI_Farm_Props/Materials/MI_Bucket.uexp" 2115
"C:/Users/Chris/Desktop/Sem 2 Github/Games-Prototyping/Games Prototyping2/Content/Shared_Resources/Weapon_Particles/P_SniperRifle_MuzzleFlash.uasset" 2116
"C:/Users/Chris/Desktop/Sem 2 Github/Games-Prototyping/Games Prototyping2/Content/Shared_Resources/Weapon_Particles/P_SniperRifle_MuzzleFlash.uexp" 2117
"C:/Users/Chris/Desktop/Sem 2 Github/Games-Prototyping/Games Prototyping2/Content/Shared_Resources/Weapon_Particles/P_Shotgun_Tracer.uasset" 2118
"C:/Users/Chris/Desktop/Sem 2 Github/Games-Prototyping/Games Prototyping2/Content/Shared_Resources/Weapon_Particles/P_Shotgun_Tracer.uexp" 2119
"C:/Users/Chris/Desktop/Sem 2 Github/Games-Prototyping/Games Prototyping2/Content/Shared_Resources/Weapon_Particles/P_Shotgun_MuzzleFlash.uasset" 2120
"C:/Users/Chris/Desktop/Sem 2 Github/Games-Prototyping/Games Prototyping2/Content/Shared_Resources/Weapon_Particles/P_Shotgun_MuzzleFlash.uexp" 2121
"C:/Users/Chris/Desktop/Sem 2 Github/Games-Prototyping/Games Prototyping2/Content/Shared_Resources/Weapon_Particles/P_RocketLauncher_Trail.uasset" 2122
"C:/Users/Chris/Desktop/Sem 2 Github/Games-Prototyping/Games Prototyping2/Content/Shared_Resources/Weapon_Particles/P_RocketLauncher_Trail.uexp" 2123
"C:/Users/Chris/Desktop/Sem 2 Github/Games-Prototyping/Games Prototyping2/Content/Shared_Resources/Weapon_Particles/P_RocketLauncher_MuzzleFlash.uasset" 2124
"C:/Users/Chris/Desktop/Sem 2 Github/Games-Prototyping/Games Prototyping2/Content/Shared_Resources/Weapon_Particles/P_RocketLauncher_MuzzleFlash.uexp" 2125
"C:/Users/Chris/Desktop/Sem 2 Github/Games-Prototyping/Games Prototyping2/Content/Shared_Resources/Weapon_Particles/P_RocketLauncher_Explosion.uasset" 2126
"C:/Users/Chris/Desktop/Sem 2 Github/Games-Prototyping/Games Prototyping2/Content/Shared_Resources/Weapon_Particles/P_RocketLauncher_Explosion.uexp" 2127
"C:/Users/Chris/Desktop/Sem 2 Github/Games-Prototyping/Games Prototyping2/Content/Shared_Resources/Weapon_Particles/P_Pistol_Tracer.uasset" 2128
"C:/Users/Chris/Desktop/Sem 2 Github/Games-Prototyping/Games Prototyping2/Content/Shared_Resources/Weapon_Particles/P_Pistol_Tracer.uexp" 2129
"C:/Users/Chris/Desktop/Sem 2 Github/Games-Prototyping/Games Prototyping2/Content/Shared_Resources/Weapon_Particles/P_Pistol_MuzzleFlash.uasset" 2130
"C:/Users/Chris/Desktop/Sem 2 Github/Games-Prototyping/Games Prototyping2/Content/Shared_Resources/Weapon_Particles/P_Pistol_MuzzleFlash.uexp" 2131
"C:/Users/Chris/Desktop/Sem 2 Github/Games-Prototyping/Games Prototyping2/Content/Shared_Resources/Weapon_Particles/P_Knife_RibbonTrail.uasset" 2132
"C:/Users/Chris/Desktop/Sem 2 Github/Games-Prototyping/Games Prototyping2/Content/Shared_Resources/Weapon_Particles/P_Knife_RibbonTrail.uexp" 2133
"C:/Users/Chris/Desktop/Sem 2 Github/Games-Prototyping/Games Prototyping2/Content/Shared_Resources/Weapon_Particles/P_Impact_01.uasset" 2134
"C:/Users/Chris/Desktop/Sem 2 Github/Games-Prototyping/Games Prototyping2/Content/Shared_Resources/Weapon_Particles/P_Impact_01.uexp" 2135
"C:/Users/Chris/Desktop/Sem 2 Github/Games-Prototyping/Games Prototyping2/Content/Shared_Resources/Weapon_Particles/P_GrenadeLauncher_Trail.uasset" 2136
"C:/Users/Chris/Desktop/Sem 2 Github/Games-Prototyping/Games Prototyping2/Content/Shared_Resources/Weapon_Particles/P_GrenadeLauncher_Trail.uexp" 2137
"C:/Users/Chris/Desktop/Sem 2 Github/Games-Prototyping/Games Prototyping2/Content/Shared_Resources/Weapon_Particles/P_GrenadeLauncher_Explosion_01.uasset" 2138
"C:/Users/Chris/Desktop/Sem 2 Github/Games-Prototyping/Games Prototyping2/Content/Shared_Resources/Weapon_Particles/P_GrenadeLauncher_Explosion_01.uexp" 2139
"C:/Users/Chris/Desktop/Sem 2 Github/Games-Prototyping/Games Prototyping2/Content/Shared_Resources/Weapon_Particles/P_Grenadeauncher_MuzzleFlash.uasset" 2140
"C:/Users/Chris/Desktop/Sem 2 Github/Games-Prototyping/Games Prototyping2/Content/Shared_Resources/Weapon_Particles/P_Grenadeauncher_MuzzleFlash.uexp" 2141
"C:/Users/Chris/Desktop/Sem 2 Github/Games-Prototyping/Games Prototyping2/Content/Shared_Resources/Weapon_Particles/P_AssaultRifle_Tracer.uasset" 2142
"C:/Users/Chris/Desktop/Sem 2 Github/Games-Prototyping/Games Prototyping2/Content/Shared_Resources/Weapon_Particles/P_AssaultRifle_Tracer.uexp" 2143
"C:/Users/Chris/Desktop/Sem 2 Github/Games-Prototyping/Games Prototyping2/Content/Shared_Resources/Weapon_Particles/P_AssaultRifle_MuzzleFlash.uasset" 2144
"C:/Users/Chris/Desktop/Sem 2 Github/Games-Prototyping/Games Prototyping2/Content/Shared_Resources/Weapon_Particles/P_AssaultRifle_MuzzleFlash.uexp" 2145
"../../../Engine/Plugins/Interchange/Assets/Content/gltf/Textures/T_White_srgb.uasset" 2146
"../../../Engine/Plugins/Interchange/Assets/Content/gltf/Textures/T_White_srgb.uexp" 2147
"../../../Engine/Plugins/Interchange/Assets/Content/gltf/MaterialFunctions/MF_BaseColor.uasset" 2148
"../../../Engine/Plugins/Interchange/Assets/Content/gltf/MaterialFunctions/MF_BaseColor.uexp" 2149
"../../../Engine/Plugins/Interchange/Assets/Content/gltf/MaterialFunctions/MF_RotateV2.uasset" 2150
"../../../Engine/Plugins/Interchange/Assets/Content/gltf/MaterialFunctions/MF_RotateV2.uexp" 2151
"../../../Engine/Plugins/Interchange/Assets/Content/gltf/MaterialFunctions/MF_TransformUVs.uasset" 2152
"../../../Engine/Plugins/Interchange/Assets/Content/gltf/MaterialFunctions/MF_TransformUVs.uexp" 2153
"../../../Engine/Plugins/Interchange/Assets/Content/gltf/MaterialBodies/MF_Unlit_Body.uasset" 2154
"../../../Engine/Plugins/Interchange/Assets/Content/gltf/MaterialBodies/MF_Unlit_Body.uexp" 2155
"../../../Engine/Plugins/Interchange/Assets/Content/gltf/M_Unlit.uasset" 2156
"../../../Engine/Plugins/Interchange/Assets/Content/gltf/M_Unlit.uexp" 2157
"../../../Engine/Plugins/Interchange/Assets/Content/gltf/MaterialInstances/MI_Unlit_Opaque_DS.uasset" 2158
"../../../Engine/Plugins/Interchange/Assets/Content/gltf/MaterialInstances/MI_Unlit_Opaque_DS.uexp" 2159
"../../../Engine/Plugins/Interchange/Assets/Content/gltf/MaterialInstances/MI_Unlit_Opaque.uasset" 2160
"../../../Engine/Plugins/Interchange/Assets/Content/gltf/MaterialInstances/MI_Unlit_Opaque.uexp" 2161
"../../../Engine/Plugins/Interchange/Assets/Content/gltf/MaterialInstances/MI_Unlit_Mask_DS.uasset" 2162
"../../../Engine/Plugins/Interchange/Assets/Content/gltf/MaterialInstances/MI_Unlit_Mask_DS.uexp" 2163
"../../../Engine/Plugins/Interchange/Assets/Content/gltf/MaterialInstances/MI_Unlit_Mask.uasset" 2164
"../../../Engine/Plugins/Interchange/Assets/Content/gltf/MaterialInstances/MI_Unlit_Mask.uexp" 2165
"../../../Engine/Plugins/Interchange/Assets/Content/gltf/MaterialInstances/MI_Unlit_Blend_DS.uasset" 2166
"../../../Engine/Plugins/Interchange/Assets/Content/gltf/MaterialInstances/MI_Unlit_Blend_DS.uexp" 2167
"../../../Engine/Plugins/Interchange/Assets/Content/gltf/MaterialInstances/MI_Unlit_Blend.uasset" 2168
"../../../Engine/Plugins/Interchange/Assets/Content/gltf/MaterialInstances/MI_Unlit_Blend.uexp" 2169
"../../../Engine/Content/EngineMaterials/Good64x64TilingNoiseHighFreq.uasset" 2170
"../../../Engine/Content/EngineMaterials/Good64x64TilingNoiseHighFreq.uexp" 2171
"../../../Engine/Content/Functions/Engine_MaterialFunctions02/Texturing/ScreenAlignedPixelToPixelUVs.uasset" 2172
"../../../Engine/Content/Functions/Engine_MaterialFunctions02/Texturing/ScreenAlignedPixelToPixelUVs.uexp" 2173
"../../../Engine/Plugins/Interchange/Assets/Content/Utilities/New_LUT.uasset" 2174
"../../../Engine/Plugins/Interchange/Assets/Content/Utilities/New_LUT.uexp" 2175
"../../../Engine/Content/Functions/Engine_MaterialFunctions03/Math/RemapValueRange.uasset" 2176
"../../../Engine/Content/Functions/Engine_MaterialFunctions03/Math/RemapValueRange.uexp" 2177
"../../../Engine/Plugins/Interchange/Assets/Content/Functions/MF_Iridescence.uasset" 2178
"../../../Engine/Plugins/Interchange/Assets/Content/Functions/MF_Iridescence.uexp" 2179
"../../../Engine/Plugins/Interchange/Assets/Content/gltf/MaterialFunctions/MF_Fresnel_DS.uasset" 2180
"../../../Engine/Plugins/Interchange/Assets/Content/gltf/MaterialFunctions/MF_Fresnel_DS.uexp" 2181
"../../../Engine/Plugins/Interchange/Assets/Content/gltf/MaterialFunctions/MF_IOR.uasset" 2182
"../../../Engine/Plugins/Interchange/Assets/Content/gltf/MaterialFunctions/MF_IOR.uexp" 2183
"../../../Engine/Plugins/Interchange/Assets/Content/gltf/MaterialFunctions/MF_Iridescence.uasset" 2184
"../../../Engine/Plugins/Interchange/Assets/Content/gltf/MaterialFunctions/MF_Iridescence.uexp" 2185
"../../../Engine/Plugins/Interchange/Assets/Content/gltf/Textures/T_White_Linear.uasset" 2186
"../../../Engine/Plugins/Interchange/Assets/Content/gltf/Textures/T_White_Linear.uexp" 2187
"../../../Engine/Plugins/Interchange/Assets/Content/gltf/MaterialFunctions/MF_MetallicRoughness.uasset" 2188
"../../../Engine/Plugins/Interchange/Assets/Content/gltf/MaterialFunctions/MF_MetallicRoughness.uexp" 2189
"../../../Engine/Content/Functions/Engine_MaterialFunctions02/Math/Transform3x3Matrix.uasset" 2190
"../../../Engine/Content/Functions/Engine_MaterialFunctions02/Math/Transform3x3Matrix.uexp" 2191
"../../../Engine/Plugins/Interchange/Assets/Content/gltf/MaterialFunctions/MF_RotateNormals_TS.uasset" 2192
"../../../Engine/Plugins/Interchange/Assets/Content/gltf/MaterialFunctions/MF_RotateNormals_TS.uexp" 2193
"../../../Engine/Plugins/Interchange/Assets/Content/gltf/MaterialFunctions/MF_ScaleNormal.uasset" 2194
"../../../Engine/Plugins/Interchange/Assets/Content/gltf/MaterialFunctions/MF_ScaleNormal.uexp" 2195
"../../../Engine/Plugins/Interchange/Assets/Content/gltf/Textures/T_Generic_N.uasset" 2196
"../../../Engine/Plugins/Interchange/Assets/Content/gltf/Textures/T_Generic_N.uexp" 2197
"../../../Engine/Plugins/Interchange/Assets/Content/gltf/MaterialFunctions/MF_Normals.uasset" 2198
"../../../Engine/Plugins/Interchange/Assets/Content/gltf/MaterialFunctions/MF_Normals.uexp" 2199
"../../../Engine/Plugins/Interchange/Assets/Content/gltf/MaterialFunctions/MF_Occlusion.uasset" 2200
"../../../Engine/Plugins/Interchange/Assets/Content/gltf/MaterialFunctions/MF_Occlusion.uexp" 2201
"../../../Engine/Plugins/Interchange/Assets/Content/gltf/MaterialFunctions/MF_Specular.uasset" 2202
"../../../Engine/Plugins/Interchange/Assets/Content/gltf/MaterialFunctions/MF_Specular.uexp" 2203
"../../../Engine/Plugins/Interchange/Assets/Content/gltf/Textures/T_Anisotropy_Direction_Linear.uasset" 2204
"../../../Engine/Plugins/Interchange/Assets/Content/gltf/Textures/T_Anisotropy_Direction_Linear.uexp" 2205
"../../../Engine/Plugins/Interchange/Assets/Content/gltf/MaterialFunctions/MF_SpecularAnisotropy.uasset" 2206
"../../../Engine/Plugins/Interchange/Assets/Content/gltf/MaterialFunctions/MF_SpecularAnisotropy.uexp" 2207
"../../../Engine/Plugins/Interchange/Assets/Content/gltf/MaterialFunctions/MF_Temporal_Blur.uasset" 2208
"../../../Engine/Plugins/Interchange/Assets/Content/gltf/MaterialFunctions/MF_Temporal_Blur.uexp" 2209
"../../../Engine/Plugins/Interchange/Assets/Content/gltf/MaterialFunctions/MF_Transmission.uasset" 2210
"../../../Engine/Plugins/Interchange/Assets/Content/gltf/MaterialFunctions/MF_Transmission.uexp" 2211
"../../../Engine/Plugins/Interchange/Assets/Content/gltf/MaterialBodies/MF_Transmission_Body.uasset" 2212
"../../../Engine/Plugins/Interchange/Assets/Content/gltf/MaterialBodies/MF_Transmission_Body.uexp" 2213
"../../../Engine/Plugins/Interchange/Assets/Content/gltf/M_Transmission.uasset" 2214
"../../../Engine/Plugins/Interchange/Assets/Content/gltf/M_Transmission.uexp" 2215
"../../../Engine/Plugins/Interchange/Assets/Content/gltf/MaterialInstances/MI_Transmission_DS.uasset" 2216
"../../../Engine/Plugins/Interchange/Assets/Content/gltf/MaterialInstances/MI_Transmission_DS.uexp" 2217
"../../../Engine/Plugins/Interchange/Assets/Content/gltf/MaterialInstances/MI_Transmission.uasset" 2218
"../../../Engine/Plugins/Interchange/Assets/Content/gltf/MaterialInstances/MI_Transmission.uexp" 2219
"../../../Engine/Content/Functions/Engine_MaterialFunctions02/Math/AddComponents.uasset" 2220
"../../../Engine/Content/Functions/Engine_MaterialFunctions02/Math/AddComponents.uexp" 2221
"../../../Engine/Plugins/Interchange/Assets/Content/gltf/MaterialFunctions/MF_DiffuseSpecGloss.uasset" 2222
"../../../Engine/Plugins/Interchange/Assets/Content/gltf/MaterialFunctions/MF_DiffuseSpecGloss.uexp" 2223
"../../../Engine/Plugins/Interchange/Assets/Content/gltf/MaterialFunctions/MF_Emissive.uasset" 2224
"../../../Engine/Plugins/Interchange/Assets/Content/gltf/MaterialFunctions/MF_Emissive.uexp" 2225
"../../../Engine/Plugins/Interchange/Assets/Content/gltf/MaterialFunctions/MF_MaxComponentValue.uasset" 2226
"../../../Engine/Plugins/Interchange/Assets/Content/gltf/MaterialFunctions/MF_MaxComponentValue.uexp" 2227
"../../../Engine/Plugins/Interchange/Assets/Content/gltf/MaterialFunctions/MF_PerceivedBrightness.uasset" 2228
"../../../Engine/Plugins/Interchange/Assets/Content/gltf/MaterialFunctions/MF_PerceivedBrightness.uexp" 2229
"../../../Engine/Plugins/Interchange/Assets/Content/gltf/MaterialFunctions/MF_SpecGlossToMetalRoughness.uasset" 2230
"../../../Engine/Plugins/Interchange/Assets/Content/gltf/MaterialFunctions/MF_SpecGlossToMetalRoughness.uexp" 2231
"../../../Engine/Plugins/Interchange/Assets/Content/gltf/MaterialBodies/MF_SpecularGlossiness_Body.uasset" 2232
"../../../Engine/Plugins/Interchange/Assets/Content/gltf/MaterialBodies/MF_SpecularGlossiness_Body.uexp" 2233
"../../../Engine/Plugins/Interchange/Assets/Content/gltf/M_SpecularGlossiness.uasset" 2234
"../../../Engine/Plugins/Interchange/Assets/Content/gltf/M_SpecularGlossiness.uexp" 2235
"../../../Engine/Plugins/Interchange/Assets/Content/gltf/MaterialInstances/MI_SpecularGlossiness_Opaque_DS.uasset" 2236
"../../../Engine/Plugins/Interchange/Assets/Content/gltf/MaterialInstances/MI_SpecularGlossiness_Opaque_DS.uexp" 2237
"../../../Engine/Plugins/Interchange/Assets/Content/gltf/MaterialInstances/MI_SpecularGlossiness_Opaque.uasset" 2238
"../../../Engine/Plugins/Interchange/Assets/Content/gltf/MaterialInstances/MI_SpecularGlossiness_Opaque.uexp" 2239
"../../../Engine/Plugins/Interchange/Assets/Content/gltf/MaterialInstances/MI_SpecularGlossiness_Mask_DS.uasset" 2240
"../../../Engine/Plugins/Interchange/Assets/Content/gltf/MaterialInstances/MI_SpecularGlossiness_Mask_DS.uexp" 2241
"../../../Engine/Plugins/Interchange/Assets/Content/gltf/MaterialInstances/MI_SpecularGlossiness_Mask.uasset" 2242
"../../../Engine/Plugins/Interchange/Assets/Content/gltf/MaterialInstances/MI_SpecularGlossiness_Mask.uexp" 2243
"../../../Engine/Plugins/Interchange/Assets/Content/gltf/MaterialInstances/MI_SpecularGlossiness_Blend_DS.uasset" 2244
"../../../Engine/Plugins/Interchange/Assets/Content/gltf/MaterialInstances/MI_SpecularGlossiness_Blend_DS.uexp" 2245
"../../../Engine/Plugins/Interchange/Assets/Content/gltf/MaterialInstances/MI_SpecularGlossiness_Blend.uasset" 2246
"../../../Engine/Plugins/Interchange/Assets/Content/gltf/MaterialInstances/MI_SpecularGlossiness_Blend.uexp" 2247
"../../../Engine/Plugins/Interchange/Assets/Content/gltf/MaterialFunctions/MF_Sheen.uasset" 2248
"../../../Engine/Plugins/Interchange/Assets/Content/gltf/MaterialFunctions/MF_Sheen.uexp" 2249
"../../../Engine/Plugins/Interchange/Assets/Content/gltf/MaterialBodies/MF_Sheen_Body.uasset" 2250
"../../../Engine/Plugins/Interchange/Assets/Content/gltf/MaterialBodies/MF_Sheen_Body.uexp" 2251
"../../../Engine/Plugins/Interchange/Assets/Content/gltf/M_Sheen.uasset" 2252
"../../../Engine/Plugins/Interchange/Assets/Content/gltf/M_Sheen.uexp" 2253
"../../../Engine/Plugins/Interchange/Assets/Content/gltf/MaterialInstances/MI_Sheen_Opaque_DS.uasset" 2254
"../../../Engine/Plugins/Interchange/Assets/Content/gltf/MaterialInstances/MI_Sheen_Opaque_DS.uexp" 2255
"../../../Engine/Plugins/Interchange/Assets/Content/gltf/MaterialInstances/MI_Sheen_Opaque.uasset" 2256
"../../../Engine/Plugins/Interchange/Assets/Content/gltf/MaterialInstances/MI_Sheen_Opaque.uexp" 2257
"../../../Engine/Plugins/Interchange/Assets/Content/gltf/MaterialInstances/MI_Sheen_Mask_DS.uasset" 2258
"../../../Engine/Plugins/Interchange/Assets/Content/gltf/MaterialInstances/MI_Sheen_Mask_DS.uexp" 2259
"../../../Engine/Plugins/Interchange/Assets/Content/gltf/MaterialInstances/MI_Sheen_Mask.uasset" 2260
"../../../Engine/Plugins/Interchange/Assets/Content/gltf/MaterialInstances/MI_Sheen_Mask.uexp" 2261
"../../../Engine/Plugins/Interchange/Assets/Content/gltf/MaterialInstances/MI_Sheen_Blend_DS.uasset" 2262
"../../../Engine/Plugins/Interchange/Assets/Content/gltf/MaterialInstances/MI_Sheen_Blend_DS.uexp" 2263
"../../../Engine/Plugins/Interchange/Assets/Content/gltf/MaterialInstances/MI_Sheen_Blend.uasset" 2264
"../../../Engine/Plugins/Interchange/Assets/Content/gltf/MaterialInstances/MI_Sheen_Blend.uexp" 2265
"../../../Engine/Plugins/Interchange/Assets/Content/gltf/MaterialBodies/MF_Default_Body.uasset" 2266
"../../../Engine/Plugins/Interchange/Assets/Content/gltf/MaterialBodies/MF_Default_Body.uexp" 2267
"../../../Engine/Plugins/Interchange/Assets/Content/gltf/M_Default.uasset" 2268
"../../../Engine/Plugins/Interchange/Assets/Content/gltf/M_Default.uexp" 2269
"../../../Engine/Plugins/Interchange/Assets/Content/gltf/MaterialInstances/MI_Default_Opaque_DS.uasset" 2270
"../../../Engine/Plugins/Interchange/Assets/Content/gltf/MaterialInstances/MI_Default_Opaque_DS.uexp" 2271
"../../../Engine/Plugins/Interchange/Assets/Content/gltf/MaterialInstances/MI_Default_Opaque.uasset" 2272
"../../../Engine/Plugins/Interchange/Assets/Content/gltf/MaterialInstances/MI_Default_Opaque.uexp" 2273
"../../../Engine/Plugins/Interchange/Assets/Content/gltf/MaterialInstances/MI_Default_Mask_DS.uasset" 2274
"../../../Engine/Plugins/Interchange/Assets/Content/gltf/MaterialInstances/MI_Default_Mask_DS.uexp" 2275
"../../../Engine/Plugins/Interchange/Assets/Content/gltf/MaterialInstances/MI_Default_Mask.uasset" 2276
"../../../Engine/Plugins/Interchange/Assets/Content/gltf/MaterialInstances/MI_Default_Mask.uexp" 2277
"../../../Engine/Plugins/Interchange/Assets/Content/gltf/MaterialInstances/MI_Default_Blend_DS.uasset" 2278
"../../../Engine/Plugins/Interchange/Assets/Content/gltf/MaterialInstances/MI_Default_Blend_DS.uexp" 2279
"../../../Engine/Plugins/Interchange/Assets/Content/gltf/MaterialInstances/MI_Default_Blend.uasset" 2280
"../../../Engine/Plugins/Interchange/Assets/Content/gltf/MaterialInstances/MI_Default_Blend.uexp" 2281
"../../../Engine/Content/Functions/Engine_MaterialFunctions01/Texturing/FlattenNormal.uasset" 2282
"../../../Engine/Content/Functions/Engine_MaterialFunctions01/Texturing/FlattenNormal.uexp" 2283
"../../../Engine/Plugins/Interchange/Assets/Content/gltf/MaterialFunctions/MF_Clearcoat.uasset" 2284
"../../../Engine/Plugins/Interchange/Assets/Content/gltf/MaterialFunctions/MF_Clearcoat.uexp" 2285
"../../../Engine/Plugins/Interchange/Assets/Content/gltf/MaterialBodies/MF_ClearCoat_Body.uasset" 2286
"../../../Engine/Plugins/Interchange/Assets/Content/gltf/MaterialBodies/MF_ClearCoat_Body.uexp" 2287
"../../../Engine/Plugins/Interchange/Assets/Content/gltf/M_ClearCoat.uasset" 2288
"../../../Engine/Plugins/Interchange/Assets/Content/gltf/M_ClearCoat.uexp" 2289
"../../../Engine/Plugins/Interchange/Assets/Content/gltf/MaterialInstances/MI_ClearCoat_Opaque_DS.uasset" 2290
"../../../Engine/Plugins/Interchange/Assets/Content/gltf/MaterialInstances/MI_ClearCoat_Opaque_DS.uexp" 2291
"../../../Engine/Plugins/Interchange/Assets/Content/gltf/MaterialInstances/MI_ClearCoat_Opaque.uasset" 2292
"../../../Engine/Plugins/Interchange/Assets/Content/gltf/MaterialInstances/MI_ClearCoat_Opaque.uexp" 2293
"../../../Engine/Plugins/Interchange/Assets/Content/gltf/MaterialInstances/MI_ClearCoat_Mask_DS.uasset" 2294
"../../../Engine/Plugins/Interchange/Assets/Content/gltf/MaterialInstances/MI_ClearCoat_Mask_DS.uexp" 2295
"../../../Engine/Plugins/Interchange/Assets/Content/gltf/MaterialInstances/MI_ClearCoat_Mask.uasset" 2296
"../../../Engine/Plugins/Interchange/Assets/Content/gltf/MaterialInstances/MI_ClearCoat_Mask.uexp" 2297
"../../../Engine/Plugins/Interchange/Assets/Content/gltf/MaterialInstances/MI_ClearCoat_Blend_DS.uasset" 2298
"../../../Engine/Plugins/Interchange/Assets/Content/gltf/MaterialInstances/MI_ClearCoat_Blend_DS.uexp" 2299
"../../../Engine/Plugins/Interchange/Assets/Content/gltf/MaterialInstances/MI_ClearCoat_Blend.uasset" 2300
"../../../Engine/Plugins/Interchange/Assets/Content/gltf/MaterialInstances/MI_ClearCoat_Blend.uexp" 2301
"../../../Engine/Content/EngineMaterials/Substrate/Volume/SubstrateSimpleVolumeLUT3D.uasset" 2302
"../../../Engine/Content/EngineMaterials/Substrate/Volume/SubstrateSimpleVolumeLUT3D.uexp" 2303
"../../../Engine/Content/EngineMaterials/Substrate/Volume/SubstrateSimpleVolumeEnvLUT3D.uasset" 2304
"../../../Engine/Content/EngineMaterials/Substrate/Volume/SubstrateSimpleVolumeEnvLUT3D.uexp" 2305
"../../../Engine/Content/EngineMaterials/Substrate/Glints2/AGlintTex2dArray2.uasset" 2306
"../../../Engine/Content/EngineMaterials/Substrate/Glints2/AGlintTex2dArray2.uexp" 2307
"../../../Engine/Content/EngineMaterials/Substrate/GLints/AGlintTex2dArray.uasset" 2308
"../../../Engine/Content/EngineMaterials/Substrate/GLints/AGlintTex2dArray.uexp" 2309
"../../../Engine/Content/ArtTools/RenderToTexture/Meshes/S_1_Unit_Plane.ubulk" 2310
"../../../Engine/Content/ArtTools/RenderToTexture/Meshes/S_1_Unit_Plane.uasset" 2311
"../../../Engine/Content/ArtTools/RenderToTexture/Meshes/S_1_Unit_Plane.uexp" 2312
"C:/Users/Chris/Desktop/Sem 2 Github/Games-Prototyping/Games Prototyping2/Content/ExpressFarmin_Project/GS_MazeProject/Resources/Assets/Downloaded_Assets/mat_white.uasset" 2313
"C:/Users/Chris/Desktop/Sem 2 Github/Games-Prototyping/Games Prototyping2/Content/ExpressFarmin_Project/GS_MazeProject/Resources/Assets/Downloaded_Assets/mat_white.uexp" 2314
"C:/Users/Chris/Desktop/Sem 2 Github/Games-Prototyping/Games Prototyping2/Content/ExpressFarmin_Project/GS_MazeProject/Resources/Assets/Downloaded_Assets/wooden_bucket_milk.ubulk" 2315
"C:/Users/Chris/Desktop/Sem 2 Github/Games-Prototyping/Games Prototyping2/Content/ExpressFarmin_Project/GS_MazeProject/Resources/Assets/Downloaded_Assets/wooden_bucket_milk.uasset" 2316
"C:/Users/Chris/Desktop/Sem 2 Github/Games-Prototyping/Games Prototyping2/Content/ExpressFarmin_Project/GS_MazeProject/Resources/Assets/Downloaded_Assets/wooden_bucket_milk.uexp" 2317
"C:/Users/Chris/Desktop/Sem 2 Github/Games-Prototyping/Games Prototyping2/Content/ExpressFarmin_Project/GS_MazeProject/Resources/Assets/Downloaded_Assets/wheat_simple.ubulk" 2318
"C:/Users/Chris/Desktop/Sem 2 Github/Games-Prototyping/Games Prototyping2/Content/ExpressFarmin_Project/GS_MazeProject/Resources/Assets/Downloaded_Assets/wheat_simple.uasset" 2319
"C:/Users/Chris/Desktop/Sem 2 Github/Games-Prototyping/Games Prototyping2/Content/ExpressFarmin_Project/GS_MazeProject/Resources/Assets/Downloaded_Assets/wheat_simple.uexp" 2320
"C:/Users/Chris/Desktop/Sem 2 Github/Games-Prototyping/Games Prototyping2/Content/ExpressFarmin_Project/GS_MazeProject/Resources/Assets/Downloaded_Assets/water_well.ubulk" 2321
"C:/Users/Chris/Desktop/Sem 2 Github/Games-Prototyping/Games Prototyping2/Content/ExpressFarmin_Project/GS_MazeProject/Resources/Assets/Downloaded_Assets/water_well.uasset" 2322
"C:/Users/Chris/Desktop/Sem 2 Github/Games-Prototyping/Games Prototyping2/Content/ExpressFarmin_Project/GS_MazeProject/Resources/Assets/Downloaded_Assets/water_well.uexp" 2323
"C:/Users/Chris/Desktop/Sem 2 Github/Games-Prototyping/Games Prototyping2/Content/ExpressFarmin_Project/GS_MazeProject/Resources/Assets/Downloaded_Assets/tools_material.uasset" 2324
"C:/Users/Chris/Desktop/Sem 2 Github/Games-Prototyping/Games Prototyping2/Content/ExpressFarmin_Project/GS_MazeProject/Resources/Assets/Downloaded_Assets/tools_material.uexp" 2325
"C:/Users/Chris/Desktop/Sem 2 Github/Games-Prototyping/Games Prototyping2/Content/ExpressFarmin_Project/GS_MazeProject/Resources/Assets/Downloaded_Assets/trowel.ubulk" 2326
"C:/Users/Chris/Desktop/Sem 2 Github/Games-Prototyping/Games Prototyping2/Content/ExpressFarmin_Project/GS_MazeProject/Resources/Assets/Downloaded_Assets/trowel.uasset" 2327
"C:/Users/Chris/Desktop/Sem 2 Github/Games-Prototyping/Games Prototyping2/Content/ExpressFarmin_Project/GS_MazeProject/Resources/Assets/Downloaded_Assets/trowel.uexp" 2328
"C:/Users/Chris/Desktop/Sem 2 Github/Games-Prototyping/Games Prototyping2/Content/ExpressFarmin_Project/GS_MazeProject/Resources/Assets/Downloaded_Assets/trough.ubulk" 2329
"C:/Users/Chris/Desktop/Sem 2 Github/Games-Prototyping/Games Prototyping2/Content/ExpressFarmin_Project/GS_MazeProject/Resources/Assets/Downloaded_Assets/trough.uasset" 2330
"C:/Users/Chris/Desktop/Sem 2 Github/Games-Prototyping/Games Prototyping2/Content/ExpressFarmin_Project/GS_MazeProject/Resources/Assets/Downloaded_Assets/trough.uexp" 2331
"C:/Users/Chris/Desktop/Sem 2 Github/Games-Prototyping/Games Prototyping2/Content/ExpressFarmin_Project/GS_MazeProject/Resources/Assets/Downloaded_Assets/tree_001.ubulk" 2332
"C:/Users/Chris/Desktop/Sem 2 Github/Games-Prototyping/Games Prototyping2/Content/ExpressFarmin_Project/GS_MazeProject/Resources/Assets/Downloaded_Assets/tree_001.uasset" 2333
"C:/Users/Chris/Desktop/Sem 2 Github/Games-Prototyping/Games Prototyping2/Content/ExpressFarmin_Project/GS_MazeProject/Resources/Assets/Downloaded_Assets/tree_001.uexp" 2334
"C:/Users/Chris/Desktop/Sem 2 Github/Games-Prototyping/Games Prototyping2/Content/ExpressFarmin_Project/GS_MazeProject/Resources/Assets/Downloaded_Assets/tree.ubulk" 2335
"C:/Users/Chris/Desktop/Sem 2 Github/Games-Prototyping/Games Prototyping2/Content/ExpressFarmin_Project/GS_MazeProject/Resources/Assets/Downloaded_Assets/tree.uasset" 2336
"C:/Users/Chris/Desktop/Sem 2 Github/Games-Prototyping/Games Prototyping2/Content/ExpressFarmin_Project/GS_MazeProject/Resources/Assets/Downloaded_Assets/tree.uexp" 2337
"C:/Users/Chris/Desktop/Sem 2 Github/Games-Prototyping/Games Prototyping2/Content/ExpressFarmin_Project/GS_MazeProject/Resources/Assets/Downloaded_Assets/mat_red_2.uasset" 2338
"C:/Users/Chris/Desktop/Sem 2 Github/Games-Prototyping/Games Prototyping2/Content/ExpressFarmin_Project/GS_MazeProject/Resources/Assets/Downloaded_Assets/mat_red_2.uexp" 2339
"C:/Users/Chris/Desktop/Sem 2 Github/Games-Prototyping/Games Prototyping2/Content/ExpressFarmin_Project/GS_MazeProject/Resources/Assets/Downloaded_Assets/tomato.ubulk" 2340
"C:/Users/Chris/Desktop/Sem 2 Github/Games-Prototyping/Games Prototyping2/Content/ExpressFarmin_Project/GS_MazeProject/Resources/Assets/Downloaded_Assets/tomato.uasset" 2341
"C:/Users/Chris/Desktop/Sem 2 Github/Games-Prototyping/Games Prototyping2/Content/ExpressFarmin_Project/GS_MazeProject/Resources/Assets/Downloaded_Assets/tomato.uexp" 2342
"C:/Users/Chris/Desktop/Sem 2 Github/Games-Prototyping/Games Prototyping2/Content/ExpressFarmin_Project/GS_MazeProject/Resources/Assets/Downloaded_Assets/nest_material.uasset" 2343
"C:/Users/Chris/Desktop/Sem 2 Github/Games-Prototyping/Games Prototyping2/Content/ExpressFarmin_Project/GS_MazeProject/Resources/Assets/Downloaded_Assets/nest_material.uexp" 2344
"C:/Users/Chris/Desktop/Sem 2 Github/Games-Prototyping/Games Prototyping2/Content/ExpressFarmin_Project/GS_MazeProject/Resources/Assets/Downloaded_Assets/straw_3.ubulk" 2345
"C:/Users/Chris/Desktop/Sem 2 Github/Games-Prototyping/Games Prototyping2/Content/ExpressFarmin_Project/GS_MazeProject/Resources/Assets/Downloaded_Assets/straw_3.uasset" 2346
"C:/Users/Chris/Desktop/Sem 2 Github/Games-Prototyping/Games Prototyping2/Content/ExpressFarmin_Project/GS_MazeProject/Resources/Assets/Downloaded_Assets/straw_3.uexp" 2347
"C:/Users/Chris/Desktop/Sem 2 Github/Games-Prototyping/Games Prototyping2/Content/ExpressFarmin_Project/GS_MazeProject/Resources/Assets/Downloaded_Assets/straw.ubulk" 2348
"C:/Users/Chris/Desktop/Sem 2 Github/Games-Prototyping/Games Prototyping2/Content/ExpressFarmin_Project/GS_MazeProject/Resources/Assets/Downloaded_Assets/straw.uasset" 2349
"C:/Users/Chris/Desktop/Sem 2 Github/Games-Prototyping/Games Prototyping2/Content/ExpressFarmin_Project/GS_MazeProject/Resources/Assets/Downloaded_Assets/straw.uexp" 2350
"C:/Users/Chris/Desktop/Sem 2 Github/Games-Prototyping/Games Prototyping2/Content/ExpressFarmin_Project/GS_MazeProject/Resources/Assets/Downloaded_Assets/stool.ubulk" 2351
"C:/Users/Chris/Desktop/Sem 2 Github/Games-Prototyping/Games Prototyping2/Content/ExpressFarmin_Project/GS_MazeProject/Resources/Assets/Downloaded_Assets/stool.uasset" 2352
"C:/Users/Chris/Desktop/Sem 2 Github/Games-Prototyping/Games Prototyping2/Content/ExpressFarmin_Project/GS_MazeProject/Resources/Assets/Downloaded_Assets/stool.uexp" 2353
"C:/Users/Chris/Desktop/Sem 2 Github/Games-Prototyping/Games Prototyping2/Content/ExpressFarmin_Project/GS_MazeProject/Resources/Assets/Downloaded_Assets/stick.ubulk" 2354
"C:/Users/Chris/Desktop/Sem 2 Github/Games-Prototyping/Games Prototyping2/Content/ExpressFarmin_Project/GS_MazeProject/Resources/Assets/Downloaded_Assets/stick.uasset" 2355
"C:/Users/Chris/Desktop/Sem 2 Github/Games-Prototyping/Games Prototyping2/Content/ExpressFarmin_Project/GS_MazeProject/Resources/Assets/Downloaded_Assets/stick.uexp" 2356
"C:/Users/Chris/Desktop/Sem 2 Github/Games-Prototyping/Games Prototyping2/Content/ExpressFarmin_Project/GS_MazeProject/Resources/Assets/Downloaded_Assets/spading_fork.ubulk" 2357
"C:/Users/Chris/Desktop/Sem 2 Github/Games-Prototyping/Games Prototyping2/Content/ExpressFarmin_Project/GS_MazeProject/Resources/Assets/Downloaded_Assets/spading_fork.uasset" 2358
"C:/Users/Chris/Desktop/Sem 2 Github/Games-Prototyping/Games Prototyping2/Content/ExpressFarmin_Project/GS_MazeProject/Resources/Assets/Downloaded_Assets/spading_fork.uexp" 2359
"C:/Users/Chris/Desktop/Sem 2 Github/Games-Prototyping/Games Prototyping2/Content/ExpressFarmin_Project/GS_MazeProject/Resources/Assets/Downloaded_Assets/shovel.ubulk" 2360
"C:/Users/Chris/Desktop/Sem 2 Github/Games-Prototyping/Games Prototyping2/Content/ExpressFarmin_Project/GS_MazeProject/Resources/Assets/Downloaded_Assets/shovel.uasset" 2361
"C:/Users/Chris/Desktop/Sem 2 Github/Games-Prototyping/Games Prototyping2/Content/ExpressFarmin_Project/GS_MazeProject/Resources/Assets/Downloaded_Assets/shovel.uexp" 2362
"C:/Users/Chris/Desktop/Sem 2 Github/Games-Prototyping/Games Prototyping2/Content/ExpressFarmin_Project/GS_MazeProject/Resources/Assets/Downloaded_Assets/bull_material_001.uasset" 2363
"C:/Users/Chris/Desktop/Sem 2 Github/Games-Prototyping/Games Prototyping2/Content/ExpressFarmin_Project/GS_MazeProject/Resources/Assets/Downloaded_Assets/bull_material_001.uexp" 2364
"C:/Users/Chris/Desktop/Sem 2 Github/Games-Prototyping/Games Prototyping2/Content/ExpressFarmin_Project/GS_MazeProject/Resources/Assets/Downloaded_Assets/rope.ubulk" 2365
"C:/Users/Chris/Desktop/Sem 2 Github/Games-Prototyping/Games Prototyping2/Content/ExpressFarmin_Project/GS_MazeProject/Resources/Assets/Downloaded_Assets/rope.uasset" 2366
"C:/Users/Chris/Desktop/Sem 2 Github/Games-Prototyping/Games Prototyping2/Content/ExpressFarmin_Project/GS_MazeProject/Resources/Assets/Downloaded_Assets/rope.uexp" 2367
"C:/Users/Chris/Desktop/Sem 2 Github/Games-Prototyping/Games Prototyping2/Content/ExpressFarmin_Project/GS_MazeProject/Resources/Assets/Downloaded_Assets/rock_3.ubulk" 2368
"C:/Users/Chris/Desktop/Sem 2 Github/Games-Prototyping/Games Prototyping2/Content/ExpressFarmin_Project/GS_MazeProject/Resources/Assets/Downloaded_Assets/rock_3.uasset" 2369
"C:/Users/Chris/Desktop/Sem 2 Github/Games-Prototyping/Games Prototyping2/Content/ExpressFarmin_Project/GS_MazeProject/Resources/Assets/Downloaded_Assets/rock_3.uexp" 2370
"C:/Users/Chris/Desktop/Sem 2 Github/Games-Prototyping/Games Prototyping2/Content/ExpressFarmin_Project/GS_MazeProject/Resources/Assets/Downloaded_Assets/rock_2.ubulk" 2371
"C:/Users/Chris/Desktop/Sem 2 Github/Games-Prototyping/Games Prototyping2/Content/ExpressFarmin_Project/GS_MazeProject/Resources/Assets/Downloaded_Assets/rock_2.uasset" 2372
"C:/Users/Chris/Desktop/Sem 2 Github/Games-Prototyping/Games Prototyping2/Content/ExpressFarmin_Project/GS_MazeProject/Resources/Assets/Downloaded_Assets/rock_2.uexp" 2373
"C:/Users/Chris/Desktop/Sem 2 Github/Games-Prototyping/Games Prototyping2/Content/ExpressFarmin_Project/GS_MazeProject/Resources/Assets/Downloaded_Assets/rock.ubulk" 2374
"C:/Users/Chris/Desktop/Sem 2 Github/Games-Prototyping/Games Prototyping2/Content/ExpressFarmin_Project/GS_MazeProject/Resources/Assets/Downloaded_Assets/rock.uasset" 2375
"C:/Users/Chris/Desktop/Sem 2 Github/Games-Prototyping/Games Prototyping2/Content/ExpressFarmin_Project/GS_MazeProject/Resources/Assets/Downloaded_Assets/rock.uexp" 2376
"C:/Users/Chris/Desktop/Sem 2 Github/Games-Prototyping/Games Prototyping2/Content/ExpressFarmin_Project/GS_MazeProject/Resources/Assets/Downloaded_Assets/rake.ubulk" 2377
"C:/Users/Chris/Desktop/Sem 2 Github/Games-Prototyping/Games Prototyping2/Content/ExpressFarmin_Project/GS_MazeProject/Resources/Assets/Downloaded_Assets/rake.uasset" 2378
"C:/Users/Chris/Desktop/Sem 2 Github/Games-Prototyping/Games Prototyping2/Content/ExpressFarmin_Project/GS_MazeProject/Resources/Assets/Downloaded_Assets/rake.uexp" 2379
"C:/Users/Chris/Desktop/Sem 2 Github/Games-Prototyping/Games Prototyping2/Content/ExpressFarmin_Project/GS_MazeProject/Resources/Assets/Downloaded_Assets/mat_pink.uasset" 2380
"C:/Users/Chris/Desktop/Sem 2 Github/Games-Prototyping/Games Prototyping2/Content/ExpressFarmin_Project/GS_MazeProject/Resources/Assets/Downloaded_Assets/mat_pink.uexp" 2381
"C:/Users/Chris/Desktop/Sem 2 Github/Games-Prototyping/Games Prototyping2/Content/ExpressFarmin_Project/GS_MazeProject/Resources/Assets/Downloaded_Assets/pumpking2.ubulk" 2382
"C:/Users/Chris/Desktop/Sem 2 Github/Games-Prototyping/Games Prototyping2/Content/ExpressFarmin_Project/GS_MazeProject/Resources/Assets/Downloaded_Assets/pumpking2.uasset" 2383
"C:/Users/Chris/Desktop/Sem 2 Github/Games-Prototyping/Games Prototyping2/Content/ExpressFarmin_Project/GS_MazeProject/Resources/Assets/Downloaded_Assets/pumpking2.uexp" 2384
"C:/Users/Chris/Desktop/Sem 2 Github/Games-Prototyping/Games Prototyping2/Content/ExpressFarmin_Project/GS_MazeProject/Resources/Assets/Downloaded_Assets/mat_orange.uasset" 2385
"C:/Users/Chris/Desktop/Sem 2 Github/Games-Prototyping/Games Prototyping2/Content/ExpressFarmin_Project/GS_MazeProject/Resources/Assets/Downloaded_Assets/mat_orange.uexp" 2386
"C:/Users/Chris/Desktop/Sem 2 Github/Games-Prototyping/Games Prototyping2/Content/ExpressFarmin_Project/GS_MazeProject/Resources/Assets/Downloaded_Assets/pumpking.ubulk" 2387
"C:/Users/Chris/Desktop/Sem 2 Github/Games-Prototyping/Games Prototyping2/Content/ExpressFarmin_Project/GS_MazeProject/Resources/Assets/Downloaded_Assets/pumpking.uasset" 2388
"C:/Users/Chris/Desktop/Sem 2 Github/Games-Prototyping/Games Prototyping2/Content/ExpressFarmin_Project/GS_MazeProject/Resources/Assets/Downloaded_Assets/pumpking.uexp" 2389
"C:/Users/Chris/Desktop/Sem 2 Github/Games-Prototyping/Games Prototyping2/Content/ExpressFarmin_Project/GS_MazeProject/Resources/Assets/Downloaded_Assets/mat_green_light.uasset" 2390
"C:/Users/Chris/Desktop/Sem 2 Github/Games-Prototyping/Games Prototyping2/Content/ExpressFarmin_Project/GS_MazeProject/Resources/Assets/Downloaded_Assets/mat_green_light.uexp" 2391
"C:/Users/Chris/Desktop/Sem 2 Github/Games-Prototyping/Games Prototyping2/Content/ExpressFarmin_Project/GS_MazeProject/Resources/Assets/Downloaded_Assets/plant.ubulk" 2392
"C:/Users/Chris/Desktop/Sem 2 Github/Games-Prototyping/Games Prototyping2/Content/ExpressFarmin_Project/GS_MazeProject/Resources/Assets/Downloaded_Assets/plant.uasset" 2393
"C:/Users/Chris/Desktop/Sem 2 Github/Games-Prototyping/Games Prototyping2/Content/ExpressFarmin_Project/GS_MazeProject/Resources/Assets/Downloaded_Assets/plant.uexp" 2394
"C:/Users/Chris/Desktop/Sem 2 Github/Games-Prototyping/Games Prototyping2/Content/ExpressFarmin_Project/GS_MazeProject/Resources/Assets/Downloaded_Assets/pig_2_Skeleton.uasset" 2395
"C:/Users/Chris/Desktop/Sem 2 Github/Games-Prototyping/Games Prototyping2/Content/ExpressFarmin_Project/GS_MazeProject/Resources/Assets/Downloaded_Assets/pig_2_Skeleton.uexp" 2396
"C:/Users/Chris/Desktop/Sem 2 Github/Games-Prototyping/Games Prototyping2/Content/ExpressFarmin_Project/GS_MazeProject/Resources/Assets/Downloaded_Assets/pig_2_PhysicsAsset.uasset" 2397
"C:/Users/Chris/Desktop/Sem 2 Github/Games-Prototyping/Games Prototyping2/Content/ExpressFarmin_Project/GS_MazeProject/Resources/Assets/Downloaded_Assets/pig_2_PhysicsAsset.uexp" 2398
"C:/Users/Chris/Desktop/Sem 2 Github/Games-Prototyping/Games Prototyping2/Content/ExpressFarmin_Project/GS_MazeProject/Resources/Assets/Downloaded_Assets/pig2_material.uasset" 2399
"C:/Users/Chris/Desktop/Sem 2 Github/Games-Prototyping/Games Prototyping2/Content/ExpressFarmin_Project/GS_MazeProject/Resources/Assets/Downloaded_Assets/pig2_material.uexp" 2400
"C:/Users/Chris/Desktop/Sem 2 Github/Games-Prototyping/Games Prototyping2/Content/ExpressFarmin_Project/GS_MazeProject/Resources/Assets/Downloaded_Assets/pig_2.uasset" 2401
"C:/Users/Chris/Desktop/Sem 2 Github/Games-Prototyping/Games Prototyping2/Content/ExpressFarmin_Project/GS_MazeProject/Resources/Assets/Downloaded_Assets/pig_2.uexp" 2402
"C:/Users/Chris/Desktop/Sem 2 Github/Games-Prototyping/Games Prototyping2/Content/ExpressFarmin_Project/GS_MazeProject/Resources/Assets/Downloaded_Assets/orange_tree.ubulk" 2403
"C:/Users/Chris/Desktop/Sem 2 Github/Games-Prototyping/Games Prototyping2/Content/ExpressFarmin_Project/GS_MazeProject/Resources/Assets/Downloaded_Assets/orange_tree.uasset" 2404
"C:/Users/Chris/Desktop/Sem 2 Github/Games-Prototyping/Games Prototyping2/Content/ExpressFarmin_Project/GS_MazeProject/Resources/Assets/Downloaded_Assets/orange_tree.uexp" 2405
"C:/Users/Chris/Desktop/Sem 2 Github/Games-Prototyping/Games Prototyping2/Content/ExpressFarmin_Project/GS_MazeProject/Resources/Assets/Downloaded_Assets/orange.ubulk" 2406
"C:/Users/Chris/Desktop/Sem 2 Github/Games-Prototyping/Games Prototyping2/Content/ExpressFarmin_Project/GS_MazeProject/Resources/Assets/Downloaded_Assets/orange.uasset" 2407
"C:/Users/Chris/Desktop/Sem 2 Github/Games-Prototyping/Games Prototyping2/Content/ExpressFarmin_Project/GS_MazeProject/Resources/Assets/Downloaded_Assets/orange.uexp" 2408
"C:/Users/Chris/Desktop/Sem 2 Github/Games-Prototyping/Games Prototyping2/Content/ExpressFarmin_Project/GS_MazeProject/Resources/Assets/Downloaded_Assets/nest.ubulk" 2409
"C:/Users/Chris/Desktop/Sem 2 Github/Games-Prototyping/Games Prototyping2/Content/ExpressFarmin_Project/GS_MazeProject/Resources/Assets/Downloaded_Assets/nest.uasset" 2410
"C:/Users/Chris/Desktop/Sem 2 Github/Games-Prototyping/Games Prototyping2/Content/ExpressFarmin_Project/GS_MazeProject/Resources/Assets/Downloaded_Assets/nest.uexp" 2411
"C:/Users/Chris/Desktop/Sem 2 Github/Games-Prototyping/Games Prototyping2/Content/ExpressFarmin_Project/GS_MazeProject/Resources/Assets/Downloaded_Assets/letuce.ubulk" 2412
"C:/Users/Chris/Desktop/Sem 2 Github/Games-Prototyping/Games Prototyping2/Content/ExpressFarmin_Project/GS_MazeProject/Resources/Assets/Downloaded_Assets/letuce.uasset" 2413
"C:/Users/Chris/Desktop/Sem 2 Github/Games-Prototyping/Games Prototyping2/Content/ExpressFarmin_Project/GS_MazeProject/Resources/Assets/Downloaded_Assets/letuce.uexp" 2414
"C:/Users/Chris/Desktop/Sem 2 Github/Games-Prototyping/Games Prototyping2/Content/ExpressFarmin_Project/GS_MazeProject/Resources/Assets/Downloaded_Assets/hat.ubulk" 2415
"C:/Users/Chris/Desktop/Sem 2 Github/Games-Prototyping/Games Prototyping2/Content/ExpressFarmin_Project/GS_MazeProject/Resources/Assets/Downloaded_Assets/hat.uasset" 2416
"C:/Users/Chris/Desktop/Sem 2 Github/Games-Prototyping/Games Prototyping2/Content/ExpressFarmin_Project/GS_MazeProject/Resources/Assets/Downloaded_Assets/hat.uexp" 2417
"C:/Users/Chris/Desktop/Sem 2 Github/Games-Prototyping/Games Prototyping2/Content/ExpressFarmin_Project/GS_MazeProject/Resources/Assets/Downloaded_Assets/hand_fork.ubulk" 2418
"C:/Users/Chris/Desktop/Sem 2 Github/Games-Prototyping/Games Prototyping2/Content/ExpressFarmin_Project/GS_MazeProject/Resources/Assets/Downloaded_Assets/hand_fork.uasset" 2419
"C:/Users/Chris/Desktop/Sem 2 Github/Games-Prototyping/Games Prototyping2/Content/ExpressFarmin_Project/GS_MazeProject/Resources/Assets/Downloaded_Assets/hand_fork.uexp" 2420
"C:/Users/Chris/Desktop/Sem 2 Github/Games-Prototyping/Games Prototyping2/Content/ExpressFarmin_Project/GS_MazeProject/Resources/Assets/Downloaded_Assets/grass_material.uasset" 2421
"C:/Users/Chris/Desktop/Sem 2 Github/Games-Prototyping/Games Prototyping2/Content/ExpressFarmin_Project/GS_MazeProject/Resources/Assets/Downloaded_Assets/grass_material.uexp" 2422
"C:/Users/Chris/Desktop/Sem 2 Github/Games-Prototyping/Games Prototyping2/Content/ExpressFarmin_Project/GS_MazeProject/Resources/Assets/Downloaded_Assets/grass.ubulk" 2423
"C:/Users/Chris/Desktop/Sem 2 Github/Games-Prototyping/Games Prototyping2/Content/ExpressFarmin_Project/GS_MazeProject/Resources/Assets/Downloaded_Assets/grass.uasset" 2424
"C:/Users/Chris/Desktop/Sem 2 Github/Games-Prototyping/Games Prototyping2/Content/ExpressFarmin_Project/GS_MazeProject/Resources/Assets/Downloaded_Assets/grass.uexp" 2425
"C:/Users/Chris/Desktop/Sem 2 Github/Games-Prototyping/Games Prototyping2/Content/ExpressFarmin_Project/GS_MazeProject/Resources/Assets/Downloaded_Assets/fence_material.uasset" 2426
"C:/Users/Chris/Desktop/Sem 2 Github/Games-Prototyping/Games Prototyping2/Content/ExpressFarmin_Project/GS_MazeProject/Resources/Assets/Downloaded_Assets/fence_material.uexp" 2427
"C:/Users/Chris/Desktop/Sem 2 Github/Games-Prototyping/Games Prototyping2/Content/ExpressFarmin_Project/GS_MazeProject/Resources/Assets/Downloaded_Assets/fence_door.ubulk" 2428
"C:/Users/Chris/Desktop/Sem 2 Github/Games-Prototyping/Games Prototyping2/Content/ExpressFarmin_Project/GS_MazeProject/Resources/Assets/Downloaded_Assets/fence_door.uasset" 2429
"C:/Users/Chris/Desktop/Sem 2 Github/Games-Prototyping/Games Prototyping2/Content/ExpressFarmin_Project/GS_MazeProject/Resources/Assets/Downloaded_Assets/fence_door.uexp" 2430
"C:/Users/Chris/Desktop/Sem 2 Github/Games-Prototyping/Games Prototyping2/Content/ExpressFarmin_Project/GS_MazeProject/Resources/Assets/Downloaded_Assets/empty_bucket.ubulk" 2431
"C:/Users/Chris/Desktop/Sem 2 Github/Games-Prototyping/Games Prototyping2/Content/ExpressFarmin_Project/GS_MazeProject/Resources/Assets/Downloaded_Assets/empty_bucket.uasset" 2432
"C:/Users/Chris/Desktop/Sem 2 Github/Games-Prototyping/Games Prototyping2/Content/ExpressFarmin_Project/GS_MazeProject/Resources/Assets/Downloaded_Assets/empty_bucket.uexp" 2433
"C:/Users/Chris/Desktop/Sem 2 Github/Games-Prototyping/Games Prototyping2/Content/ExpressFarmin_Project/GS_MazeProject/Resources/Assets/Downloaded_Assets/mat_purple.uasset" 2434
"C:/Users/Chris/Desktop/Sem 2 Github/Games-Prototyping/Games Prototyping2/Content/ExpressFarmin_Project/GS_MazeProject/Resources/Assets/Downloaded_Assets/mat_purple.uexp" 2435
"C:/Users/Chris/Desktop/Sem 2 Github/Games-Prototyping/Games Prototyping2/Content/ExpressFarmin_Project/GS_MazeProject/Resources/Assets/Downloaded_Assets/eggplant.ubulk" 2436
"C:/Users/Chris/Desktop/Sem 2 Github/Games-Prototyping/Games Prototyping2/Content/ExpressFarmin_Project/GS_MazeProject/Resources/Assets/Downloaded_Assets/eggplant.uasset" 2437
"C:/Users/Chris/Desktop/Sem 2 Github/Games-Prototyping/Games Prototyping2/Content/ExpressFarmin_Project/GS_MazeProject/Resources/Assets/Downloaded_Assets/eggplant.uexp" 2438
"C:/Users/Chris/Desktop/Sem 2 Github/Games-Prototyping/Games Prototyping2/Content/ExpressFarmin_Project/GS_MazeProject/Resources/Assets/Downloaded_Assets/drinker_empty.ubulk" 2439
"C:/Users/Chris/Desktop/Sem 2 Github/Games-Prototyping/Games Prototyping2/Content/ExpressFarmin_Project/GS_MazeProject/Resources/Assets/Downloaded_Assets/drinker_empty.uasset" 2440
"C:/Users/Chris/Desktop/Sem 2 Github/Games-Prototyping/Games Prototyping2/Content/ExpressFarmin_Project/GS_MazeProject/Resources/Assets/Downloaded_Assets/drinker_empty.uexp" 2441
"C:/Users/Chris/Desktop/Sem 2 Github/Games-Prototyping/Games Prototyping2/Content/ExpressFarmin_Project/GS_MazeProject/Resources/Assets/Downloaded_Assets/dirt_003.ubulk" 2442
"C:/Users/Chris/Desktop/Sem 2 Github/Games-Prototyping/Games Prototyping2/Content/ExpressFarmin_Project/GS_MazeProject/Resources/Assets/Downloaded_Assets/dirt_003.uasset" 2443
"C:/Users/Chris/Desktop/Sem 2 Github/Games-Prototyping/Games Prototyping2/Content/ExpressFarmin_Project/GS_MazeProject/Resources/Assets/Downloaded_Assets/dirt_003.uexp" 2444
"C:/Users/Chris/Desktop/Sem 2 Github/Games-Prototyping/Games Prototyping2/Content/ExpressFarmin_Project/GS_MazeProject/Resources/Assets/Downloaded_Assets/mat_metal.uasset" 2445
"C:/Users/Chris/Desktop/Sem 2 Github/Games-Prototyping/Games Prototyping2/Content/ExpressFarmin_Project/GS_MazeProject/Resources/Assets/Downloaded_Assets/mat_metal.uexp" 2446
"C:/Users/Chris/Desktop/Sem 2 Github/Games-Prototyping/Games Prototyping2/Content/ExpressFarmin_Project/GS_MazeProject/Resources/Assets/Downloaded_Assets/crank.ubulk" 2447
"C:/Users/Chris/Desktop/Sem 2 Github/Games-Prototyping/Games Prototyping2/Content/ExpressFarmin_Project/GS_MazeProject/Resources/Assets/Downloaded_Assets/crank.uasset" 2448
"C:/Users/Chris/Desktop/Sem 2 Github/Games-Prototyping/Games Prototyping2/Content/ExpressFarmin_Project/GS_MazeProject/Resources/Assets/Downloaded_Assets/crank.uexp" 2449
"C:/Users/Chris/Desktop/Sem 2 Github/Games-Prototyping/Games Prototyping2/Content/ExpressFarmin_Project/GS_MazeProject/Resources/Assets/Downloaded_Assets/cow_material.uasset" 2450
"C:/Users/Chris/Desktop/Sem 2 Github/Games-Prototyping/Games Prototyping2/Content/ExpressFarmin_Project/GS_MazeProject/Resources/Assets/Downloaded_Assets/cow_material.uexp" 2451
"C:/Users/Chris/Desktop/Sem 2 Github/Games-Prototyping/Games Prototyping2/Content/ExpressFarmin_Project/GS_MazeProject/Resources/Assets/Downloaded_Assets/cow2_Skeleton.uasset" 2452
"C:/Users/Chris/Desktop/Sem 2 Github/Games-Prototyping/Games Prototyping2/Content/ExpressFarmin_Project/GS_MazeProject/Resources/Assets/Downloaded_Assets/cow2_Skeleton.uexp" 2453
"C:/Users/Chris/Desktop/Sem 2 Github/Games-Prototyping/Games Prototyping2/Content/ExpressFarmin_Project/GS_MazeProject/Resources/Assets/Downloaded_Assets/cow2_PhysicsAsset.uasset" 2454
"C:/Users/Chris/Desktop/Sem 2 Github/Games-Prototyping/Games Prototyping2/Content/ExpressFarmin_Project/GS_MazeProject/Resources/Assets/Downloaded_Assets/cow2_PhysicsAsset.uexp" 2455
"C:/Users/Chris/Desktop/Sem 2 Github/Games-Prototyping/Games Prototyping2/Content/ExpressFarmin_Project/GS_MazeProject/Resources/Assets/Downloaded_Assets/cow2.uasset" 2456
"C:/Users/Chris/Desktop/Sem 2 Github/Games-Prototyping/Games Prototyping2/Content/ExpressFarmin_Project/GS_MazeProject/Resources/Assets/Downloaded_Assets/cow2.uexp" 2457
"C:/Users/Chris/Desktop/Sem 2 Github/Games-Prototyping/Games Prototyping2/Content/ExpressFarmin_Project/GS_MazeProject/Resources/Assets/Downloaded_Assets/bucket_up_water.ubulk" 2458
"C:/Users/Chris/Desktop/Sem 2 Github/Games-Prototyping/Games Prototyping2/Content/ExpressFarmin_Project/GS_MazeProject/Resources/Assets/Downloaded_Assets/bucket_up_water.uasset" 2459
"C:/Users/Chris/Desktop/Sem 2 Github/Games-Prototyping/Games Prototyping2/Content/ExpressFarmin_Project/GS_MazeProject/Resources/Assets/Downloaded_Assets/bucket_up_water.uexp" 2460
"C:/Users/Chris/Desktop/Sem 2 Github/Games-Prototyping/Games Prototyping2/Content/ExpressFarmin_Project/GS_MazeProject/Resources/Assets/Downloaded_Assets/bucket_up_empty.ubulk" 2461
"C:/Users/Chris/Desktop/Sem 2 Github/Games-Prototyping/Games Prototyping2/Content/ExpressFarmin_Project/GS_MazeProject/Resources/Assets/Downloaded_Assets/bucket_up_empty.uasset" 2462
"C:/Users/Chris/Desktop/Sem 2 Github/Games-Prototyping/Games Prototyping2/Content/ExpressFarmin_Project/GS_MazeProject/Resources/Assets/Downloaded_Assets/bucket_up_empty.uexp" 2463
"C:/Users/Chris/Desktop/Sem 2 Github/Games-Prototyping/Games Prototyping2/Content/ExpressFarmin_Project/GS_MazeProject/Resources/Assets/Downloaded_Assets/bear_Skeleton.uasset" 2464
"C:/Users/Chris/Desktop/Sem 2 Github/Games-Prototyping/Games Prototyping2/Content/ExpressFarmin_Project/GS_MazeProject/Resources/Assets/Downloaded_Assets/bear_Skeleton.uexp" 2465
"C:/Users/Chris/Desktop/Sem 2 Github/Games-Prototyping/Games Prototyping2/Content/ExpressFarmin_Project/GS_MazeProject/Resources/Assets/Downloaded_Assets/bear_PhysicsAsset.uasset" 2466
"C:/Users/Chris/Desktop/Sem 2 Github/Games-Prototyping/Games Prototyping2/Content/ExpressFarmin_Project/GS_MazeProject/Resources/Assets/Downloaded_Assets/bear_PhysicsAsset.uexp" 2467
"C:/Users/Chris/Desktop/Sem 2 Github/Games-Prototyping/Games Prototyping2/Content/ExpressFarmin_Project/GS_MazeProject/Resources/Assets/Downloaded_Assets/bear_material.uasset" 2468
"C:/Users/Chris/Desktop/Sem 2 Github/Games-Prototyping/Games Prototyping2/Content/ExpressFarmin_Project/GS_MazeProject/Resources/Assets/Downloaded_Assets/bear_material.uexp" 2469
"C:/Users/Chris/Desktop/Sem 2 Github/Games-Prototyping/Games Prototyping2/Content/ExpressFarmin_Project/GS_MazeProject/Resources/Assets/Downloaded_Assets/bear.uasset" 2470
"C:/Users/Chris/Desktop/Sem 2 Github/Games-Prototyping/Games Prototyping2/Content/ExpressFarmin_Project/GS_MazeProject/Resources/Assets/Downloaded_Assets/bear.uexp" 2471
"C:/Users/Chris/Desktop/Sem 2 Github/Games-Prototyping/Games Prototyping2/Content/ExpressFarmin_Project/GS_MazeProject/Resources/Assets/Downloaded_Assets/barrel_top.ubulk" 2472
"C:/Users/Chris/Desktop/Sem 2 Github/Games-Prototyping/Games Prototyping2/Content/ExpressFarmin_Project/GS_MazeProject/Resources/Assets/Downloaded_Assets/barrel_top.uasset" 2473
"C:/Users/Chris/Desktop/Sem 2 Github/Games-Prototyping/Games Prototyping2/Content/ExpressFarmin_Project/GS_MazeProject/Resources/Assets/Downloaded_Assets/barrel_top.uexp" 2474
"C:/Users/Chris/Desktop/Sem 2 Github/Games-Prototyping/Games Prototyping2/Content/ExpressFarmin_Project/GS_MazeProject/Resources/Assets/Downloaded_Assets/barrel_milk.ubulk" 2475
"C:/Users/Chris/Desktop/Sem 2 Github/Games-Prototyping/Games Prototyping2/Content/ExpressFarmin_Project/GS_MazeProject/Resources/Assets/Downloaded_Assets/barrel_milk.uasset" 2476
"C:/Users/Chris/Desktop/Sem 2 Github/Games-Prototyping/Games Prototyping2/Content/ExpressFarmin_Project/GS_MazeProject/Resources/Assets/Downloaded_Assets/barrel_milk.uexp" 2477
"C:/Users/Chris/Desktop/Sem 2 Github/Games-Prototyping/Games Prototyping2/Content/ExpressFarmin_Project/GS_MazeProject/Resources/Assets/Downloaded_Assets/mat_red.uasset" 2478
"C:/Users/Chris/Desktop/Sem 2 Github/Games-Prototyping/Games Prototyping2/Content/ExpressFarmin_Project/GS_MazeProject/Resources/Assets/Downloaded_Assets/mat_red.uexp" 2479
"C:/Users/Chris/Desktop/Sem 2 Github/Games-Prototyping/Games Prototyping2/Content/ExpressFarmin_Project/GS_MazeProject/Resources/Assets/Downloaded_Assets/apple_tree.ubulk" 2480
"C:/Users/Chris/Desktop/Sem 2 Github/Games-Prototyping/Games Prototyping2/Content/ExpressFarmin_Project/GS_MazeProject/Resources/Assets/Downloaded_Assets/apple_tree.uasset" 2481
"C:/Users/Chris/Desktop/Sem 2 Github/Games-Prototyping/Games Prototyping2/Content/ExpressFarmin_Project/GS_MazeProject/Resources/Assets/Downloaded_Assets/apple_tree.uexp" 2482
"C:/Users/Chris/Desktop/Sem 2 Github/Games-Prototyping/Games Prototyping2/Content/ExpressFarmin_Project/GS_MazeProject/Resources/Assets/Downloaded_Assets/apple.ubulk" 2483
"C:/Users/Chris/Desktop/Sem 2 Github/Games-Prototyping/Games Prototyping2/Content/ExpressFarmin_Project/GS_MazeProject/Resources/Assets/Downloaded_Assets/apple.uasset" 2484
"C:/Users/Chris/Desktop/Sem 2 Github/Games-Prototyping/Games Prototyping2/Content/ExpressFarmin_Project/GS_MazeProject/Resources/Assets/Downloaded_Assets/apple.uexp" 2485
"C:/Users/Chris/Desktop/Sem 2 Github/Games-Prototyping/Games Prototyping2/Content/ExpressFarmin_Project/GS_MazeProject/Resources/FX/Meshes/MunchieStar.ubulk" 2486
"C:/Users/Chris/Desktop/Sem 2 Github/Games-Prototyping/Games Prototyping2/Content/ExpressFarmin_Project/GS_MazeProject/Resources/FX/Meshes/MunchieStar.uasset" 2487
"C:/Users/Chris/Desktop/Sem 2 Github/Games-Prototyping/Games Prototyping2/Content/ExpressFarmin_Project/GS_MazeProject/Resources/FX/Meshes/MunchieStar.uexp" 2488
"C:/Users/Chris/Desktop/Sem 2 Github/Games-Prototyping/Games Prototyping2/Content/ExpressFarmin_Project/GS_MazeProject/Resources/Assets/Downloaded_Assets/Bedroom_Set/ComputerMousePad.ubulk" 2489
"C:/Users/Chris/Desktop/Sem 2 Github/Games-Prototyping/Games Prototyping2/Content/ExpressFarmin_Project/GS_MazeProject/Resources/Assets/Downloaded_Assets/Bedroom_Set/ComputerMousePad.uasset" 2490
"C:/Users/Chris/Desktop/Sem 2 Github/Games-Prototyping/Games Prototyping2/Content/ExpressFarmin_Project/GS_MazeProject/Resources/Assets/Downloaded_Assets/Bedroom_Set/ComputerMousePad.uexp" 2491
"C:/Users/Chris/Desktop/Sem 2 Github/Games-Prototyping/Games Prototyping2/Content/ExpressFarmin_Project/GS_MazeProject/Resources/Assets/Downloaded_Assets/Bedroom_Set/ComputerMouse.ubulk" 2492
"C:/Users/Chris/Desktop/Sem 2 Github/Games-Prototyping/Games Prototyping2/Content/ExpressFarmin_Project/GS_MazeProject/Resources/Assets/Downloaded_Assets/Bedroom_Set/ComputerMouse.uasset" 2493
"C:/Users/Chris/Desktop/Sem 2 Github/Games-Prototyping/Games Prototyping2/Content/ExpressFarmin_Project/GS_MazeProject/Resources/Assets/Downloaded_Assets/Bedroom_Set/ComputerMouse.uexp" 2494
"C:/Users/Chris/Desktop/Sem 2 Github/Games-Prototyping/Games Prototyping2/Content/ExpressFarmin_Project/GS_MazeProject/Resources/Assets/Downloaded_Assets/Bedroom_Set/Closet.ubulk" 2495
"C:/Users/Chris/Desktop/Sem 2 Github/Games-Prototyping/Games Prototyping2/Content/ExpressFarmin_Project/GS_MazeProject/Resources/Assets/Downloaded_Assets/Bedroom_Set/Closet.uasset" 2496
"C:/Users/Chris/Desktop/Sem 2 Github/Games-Prototyping/Games Prototyping2/Content/ExpressFarmin_Project/GS_MazeProject/Resources/Assets/Downloaded_Assets/Bedroom_Set/Closet.uexp" 2497
"C:/Users/Chris/Desktop/Sem 2 Github/Games-Prototyping/Games Prototyping2/Content/ExpressFarmin_Project/GS_MazeProject/Resources/Assets/Downloaded_Assets/Bedroom_Set/Binder.ubulk" 2498
"C:/Users/Chris/Desktop/Sem 2 Github/Games-Prototyping/Games Prototyping2/Content/ExpressFarmin_Project/GS_MazeProject/Resources/Assets/Downloaded_Assets/Bedroom_Set/Binder.uasset" 2499
"C:/Users/Chris/Desktop/Sem 2 Github/Games-Prototyping/Games Prototyping2/Content/ExpressFarmin_Project/GS_MazeProject/Resources/Assets/Downloaded_Assets/Bedroom_Set/Binder.uexp" 2500
"../../../Engine/Content/EngineResources/DefaultTextureCube.uasset" 2501
"../../../Engine/Content/EngineResources/DefaultTextureCube.uexp" 2502
"../../../Engine/Content/EditorLandscapeResources/ColorMaskBrushMaterial.uasset" 2503
"../../../Engine/Content/EditorLandscapeResources/ColorMaskBrushMaterial.uexp" 2504
"../../../Engine/Content/EditorLandscapeResources/ColorMaskBrushMaterial_MaskedRegion.uasset" 2505
"../../../Engine/Content/EditorLandscapeResources/ColorMaskBrushMaterial_MaskedRegion.uexp" 2506
"../../../Engine/Content/Functions/Engine_MaterialFunctions03/Math/WithinRangeFloat2.uasset" 2507
"../../../Engine/Content/Functions/Engine_MaterialFunctions03/Math/WithinRangeFloat2.uexp" 2508
"../../../Engine/Content/EditorLandscapeResources/MaskBrushMaterial.uasset" 2509
"../../../Engine/Content/EditorLandscapeResources/MaskBrushMaterial.uexp" 2510
"../../../Engine/Content/EditorLandscapeResources/MaskBrushMaterial_MaskedRegion.uasset" 2511
"../../../Engine/Content/EditorLandscapeResources/MaskBrushMaterial_MaskedRegion.uexp" 2512
"../../../Engine/Content/EditorLandscapeResources/SelectBrushMaterial.uasset" 2513
"../../../Engine/Content/EditorLandscapeResources/SelectBrushMaterial.uexp" 2514
"../../../Engine/Content/EditorLandscapeResources/SelectBrushMaterial_Selected.uasset" 2515
"../../../Engine/Content/EditorLandscapeResources/SelectBrushMaterial_Selected.uexp" 2516
"../../../Engine/Content/EditorLandscapeResources/SelectBrushMaterial_SelectedRegion.uasset" 2517
"../../../Engine/Content/EditorLandscapeResources/SelectBrushMaterial_SelectedRegion.uexp" 2518
"../../../Engine/Plugins/2D/Paper2D/Content/DefaultSpriteMaterial.uasset" 2519
"../../../Engine/Plugins/2D/Paper2D/Content/DefaultSpriteMaterial.uexp" 2520
"../../../Engine/Plugins/2D/Paper2D/Content/MaskedUnlitSpriteMaterial.uasset" 2521
"../../../Engine/Plugins/2D/Paper2D/Content/MaskedUnlitSpriteMaterial.uexp" 2522
"../../../Engine/Plugins/2D/Paper2D/Content/OpaqueUnlitSpriteMaterial.uasset" 2523
"../../../Engine/Plugins/2D/Paper2D/Content/OpaqueUnlitSpriteMaterial.uexp" 2524
"C:/Users/Chris/Desktop/Sem 2 Github/Games-Prototyping/Games Prototyping2/Content/ExpressFarmin_Project/GS_MazeProject/Resources/UI/Widgets/UserMadeWBs/WB_ImageButton1.uasset" 2525
"C:/Users/Chris/Desktop/Sem 2 Github/Games-Prototyping/Games Prototyping2/Content/ExpressFarmin_Project/GS_MazeProject/Resources/UI/Widgets/UserMadeWBs/WB_ImageButton1.uexp" 2526
"C:/Users/Chris/Desktop/Sem 2 Github/Games-Prototyping/Games Prototyping2/Content/ExpressFarmin_Project/GS_MazeProject/Resources/Assets/Downloaded_Assets/straw_2.ubulk" 2527
"C:/Users/Chris/Desktop/Sem 2 Github/Games-Prototyping/Games Prototyping2/Content/ExpressFarmin_Project/GS_MazeProject/Resources/Assets/Downloaded_Assets/straw_2.uasset" 2528
"C:/Users/Chris/Desktop/Sem 2 Github/Games-Prototyping/Games Prototyping2/Content/ExpressFarmin_Project/GS_MazeProject/Resources/Assets/Downloaded_Assets/straw_2.uexp" 2529
"C:/Users/Chris/Desktop/Sem 2 Github/Games-Prototyping/Games Prototyping2/Content/ExpressFarmin_Project/GS_MazeProject/Resources/UI/Widgets/ActorWidgets/WB_Hay.uasset" 2530
"C:/Users/Chris/Desktop/Sem 2 Github/Games-Prototyping/Games Prototyping2/Content/ExpressFarmin_Project/GS_MazeProject/Resources/UI/Widgets/ActorWidgets/WB_Hay.uexp" 2531
"C:/Users/Chris/Desktop/Sem 2 Github/Games-Prototyping/Games Prototyping2/Content/ExpressFarmin_Project/GS_MazeProject/Resources/Blueprints/Interactables/BP_Hay.uasset" 2532
"C:/Users/Chris/Desktop/Sem 2 Github/Games-Prototyping/Games Prototyping2/Content/ExpressFarmin_Project/GS_MazeProject/Resources/Blueprints/Interactables/BP_Hay.uexp" 2533
"C:/Users/Chris/Desktop/Sem 2 Github/Games-Prototyping/Games Prototyping2/Content/ExpressFarmin_Project/GS_MazeProject/Resources/Assets/Downloaded_Assets/tumbril.ubulk" 2534
"C:/Users/Chris/Desktop/Sem 2 Github/Games-Prototyping/Games Prototyping2/Content/ExpressFarmin_Project/GS_MazeProject/Resources/Assets/Downloaded_Assets/tumbril.uasset" 2535
"C:/Users/Chris/Desktop/Sem 2 Github/Games-Prototyping/Games Prototyping2/Content/ExpressFarmin_Project/GS_MazeProject/Resources/Assets/Downloaded_Assets/tumbril.uexp" 2536
"C:/Users/Chris/Desktop/Sem 2 Github/Games-Prototyping/Games Prototyping2/Content/ExpressFarmin_Project/GS_MazeProject/Resources/Assets/Downloaded_Assets/milk_bucket.ubulk" 2537
"C:/Users/Chris/Desktop/Sem 2 Github/Games-Prototyping/Games Prototyping2/Content/ExpressFarmin_Project/GS_MazeProject/Resources/Assets/Downloaded_Assets/milk_bucket.uasset" 2538
"C:/Users/Chris/Desktop/Sem 2 Github/Games-Prototyping/Games Prototyping2/Content/ExpressFarmin_Project/GS_MazeProject/Resources/Assets/Downloaded_Assets/milk_bucket.uexp" 2539
"C:/Users/Chris/Desktop/Sem 2 Github/Games-Prototyping/Games Prototyping2/Content/ExpressFarmin_Project/GS_MazeProject/Resources/Blueprints/Interactables/BP_Milk.uasset" 2540
"C:/Users/Chris/Desktop/Sem 2 Github/Games-Prototyping/Games Prototyping2/Content/ExpressFarmin_Project/GS_MazeProject/Resources/Blueprints/Interactables/BP_Milk.uexp" 2541
"C:/Users/Chris/Desktop/Sem 2 Github/Games-Prototyping/Games Prototyping2/Content/ExpressFarmin_Project/GS_MazeProject/Resources/Blueprints/E_ProductsToBuy.uasset" 2542
"C:/Users/Chris/Desktop/Sem 2 Github/Games-Prototyping/Games Prototyping2/Content/ExpressFarmin_Project/GS_MazeProject/Resources/Blueprints/E_ProductsToBuy.uexp" 2543
"C:/Users/Chris/Desktop/Sem 2 Github/Games-Prototyping/Games Prototyping2/Content/ExpressFarmin_Project/GS_MazeProject/Resources/Blueprints/BPI_LaptopUse.uasset" 2544
"C:/Users/Chris/Desktop/Sem 2 Github/Games-Prototyping/Games Prototyping2/Content/ExpressFarmin_Project/GS_MazeProject/Resources/Blueprints/BPI_LaptopUse.uexp" 2545
"C:/Users/Chris/Desktop/Sem 2 Github/Games-Prototyping/Games Prototyping2/Content/ExpressFarmin_Project/GS_MazeProject/Resources/Blueprints/CoreBPs/BP_DeliveryPoint.uasset" 2546
"C:/Users/Chris/Desktop/Sem 2 Github/Games-Prototyping/Games Prototyping2/Content/ExpressFarmin_Project/GS_MazeProject/Resources/Blueprints/CoreBPs/BP_DeliveryPoint.uexp" 2547
"C:/Users/Chris/Desktop/Sem 2 Github/Games-Prototyping/Games Prototyping2/Content/SI_Farm_Props/Textures/T_Poop_01_R.ubulk" 2548
"C:/Users/Chris/Desktop/Sem 2 Github/Games-Prototyping/Games Prototyping2/Content/SI_Farm_Props/Textures/T_Poop_01_R.uasset" 2549
"C:/Users/Chris/Desktop/Sem 2 Github/Games-Prototyping/Games Prototyping2/Content/SI_Farm_Props/Textures/T_Poop_01_R.uexp" 2550
"C:/Users/Chris/Desktop/Sem 2 Github/Games-Prototyping/Games Prototyping2/Content/SI_Farm_Props/Textures/T_Poop_01_N.ubulk" 2551
"C:/Users/Chris/Desktop/Sem 2 Github/Games-Prototyping/Games Prototyping2/Content/SI_Farm_Props/Textures/T_Poop_01_N.uasset" 2552
"C:/Users/Chris/Desktop/Sem 2 Github/Games-Prototyping/Games Prototyping2/Content/SI_Farm_Props/Textures/T_Poop_01_N.uexp" 2553
"C:/Users/Chris/Desktop/Sem 2 Github/Games-Prototyping/Games Prototyping2/Content/SI_Farm_Props/Textures/T_Poop_01.ubulk" 2554
"C:/Users/Chris/Desktop/Sem 2 Github/Games-Prototyping/Games Prototyping2/Content/SI_Farm_Props/Textures/T_Poop_01.uasset" 2555
"C:/Users/Chris/Desktop/Sem 2 Github/Games-Prototyping/Games Prototyping2/Content/SI_Farm_Props/Textures/T_Poop_01.uexp" 2556
"C:/Users/Chris/Desktop/Sem 2 Github/Games-Prototyping/Games Prototyping2/Content/SI_Farm_Props/Materials/MI_Poop_01.uasset" 2557
"C:/Users/Chris/Desktop/Sem 2 Github/Games-Prototyping/Games Prototyping2/Content/SI_Farm_Props/Materials/MI_Poop_01.uexp" 2558
"C:/Users/Chris/Desktop/Sem 2 Github/Games-Prototyping/Games Prototyping2/Content/SI_Farm_Props/Meshes/SM_Poop_01.ubulk" 2559
"C:/Users/Chris/Desktop/Sem 2 Github/Games-Prototyping/Games Prototyping2/Content/SI_Farm_Props/Meshes/SM_Poop_01.uasset" 2560
"C:/Users/Chris/Desktop/Sem 2 Github/Games-Prototyping/Games Prototyping2/Content/SI_Farm_Props/Meshes/SM_Poop_01.uexp" 2561
"../../../Engine/Plugins/FX/Niagara/Content/VectorFields/Assets/TilingCurl32.uasset" 2562
"../../../Engine/Plugins/FX/Niagara/Content/VectorFields/Assets/TilingCurl32.uexp" 2563
"C:/Users/Chris/Desktop/Sem 2 Github/Games-Prototyping/Games Prototyping2/Content/ExpressFarmin_Project/GS_MazeProject/Resources/FX/Meshes/Flea_MAT.uasset" 2564
"C:/Users/Chris/Desktop/Sem 2 Github/Games-Prototyping/Games Prototyping2/Content/ExpressFarmin_Project/GS_MazeProject/Resources/FX/Meshes/Flea_MAT.uexp" 2565
"C:/Users/Chris/Desktop/Sem 2 Github/Games-Prototyping/Games Prototyping2/Content/ExpressFarmin_Project/GS_MazeProject/Resources/FX/Meshes/Flea.ubulk" 2566
"C:/Users/Chris/Desktop/Sem 2 Github/Games-Prototyping/Games Prototyping2/Content/ExpressFarmin_Project/GS_MazeProject/Resources/FX/Meshes/Flea.uasset" 2567
"C:/Users/Chris/Desktop/Sem 2 Github/Games-Prototyping/Games Prototyping2/Content/ExpressFarmin_Project/GS_MazeProject/Resources/FX/Meshes/Flea.uexp" 2568
"C:/Users/Chris/Desktop/Sem 2 Github/Games-Prototyping/Games Prototyping2/Content/ExpressFarmin_Project/GS_MazeProject/Resources/FX/EM_PoopFlies_System.uasset" 2569
"C:/Users/Chris/Desktop/Sem 2 Github/Games-Prototyping/Games Prototyping2/Content/ExpressFarmin_Project/GS_MazeProject/Resources/FX/EM_PoopFlies_System.uexp" 2570
"C:/Users/Chris/Desktop/Sem 2 Github/Games-Prototyping/Games Prototyping2/Content/ExpressFarmin_Project/GS_MazeProject/Resources/Blueprints/Interactables/BP_AnimalPoop.uasset" 2571
"C:/Users/Chris/Desktop/Sem 2 Github/Games-Prototyping/Games Prototyping2/Content/ExpressFarmin_Project/GS_MazeProject/Resources/Blueprints/Interactables/BP_AnimalPoop.uexp" 2572
"C:/Users/Chris/Desktop/Sem 2 Github/Games-Prototyping/Games Prototyping2/Content/ExpressFarmin_Project/GS_MazeProject/Resources/Audio/Animals/Eating/SmallFart.ubulk" 2573
"C:/Users/Chris/Desktop/Sem 2 Github/Games-Prototyping/Games Prototyping2/Content/ExpressFarmin_Project/GS_MazeProject/Resources/Audio/Animals/Eating/SmallFart.uasset" 2574
"C:/Users/Chris/Desktop/Sem 2 Github/Games-Prototyping/Games Prototyping2/Content/ExpressFarmin_Project/GS_MazeProject/Resources/Audio/Animals/Eating/SmallFart.uexp" 2575
"C:/Users/Chris/Desktop/Sem 2 Github/Games-Prototyping/Games Prototyping2/Content/ExpressFarmin_Project/GS_MazeProject/Resources/Audio/Animals/Eating/LoudCrunch.ubulk" 2576
"C:/Users/Chris/Desktop/Sem 2 Github/Games-Prototyping/Games Prototyping2/Content/ExpressFarmin_Project/GS_MazeProject/Resources/Audio/Animals/Eating/LoudCrunch.uasset" 2577
"C:/Users/Chris/Desktop/Sem 2 Github/Games-Prototyping/Games Prototyping2/Content/ExpressFarmin_Project/GS_MazeProject/Resources/Audio/Animals/Eating/LoudCrunch.uexp" 2578
"C:/Users/Chris/Desktop/Sem 2 Github/Games-Prototyping/Games Prototyping2/Content/ExpressFarmin_Project/GS_MazeProject/Resources/Assets/Downloaded_Assets/cow_Skeleton.uasset" 2579
"C:/Users/Chris/Desktop/Sem 2 Github/Games-Prototyping/Games Prototyping2/Content/ExpressFarmin_Project/GS_MazeProject/Resources/Assets/Downloaded_Assets/cow_Skeleton.uexp" 2580
"C:/Users/Chris/Desktop/Sem 2 Github/Games-Prototyping/Games Prototyping2/Content/ExpressFarmin_Project/GS_MazeProject/Resources/Assets/Downloaded_Assets/cow_PhysicsAsset.uasset" 2581
"C:/Users/Chris/Desktop/Sem 2 Github/Games-Prototyping/Games Prototyping2/Content/ExpressFarmin_Project/GS_MazeProject/Resources/Assets/Downloaded_Assets/cow_PhysicsAsset.uexp" 2582
"C:/Users/Chris/Desktop/Sem 2 Github/Games-Prototyping/Games Prototyping2/Content/ExpressFarmin_Project/GS_MazeProject/Resources/Assets/Downloaded_Assets/cow2_texture.ubulk" 2583
"C:/Users/Chris/Desktop/Sem 2 Github/Games-Prototyping/Games Prototyping2/Content/ExpressFarmin_Project/GS_MazeProject/Resources/Assets/Downloaded_Assets/cow2_texture.uasset" 2584
"C:/Users/Chris/Desktop/Sem 2 Github/Games-Prototyping/Games Prototyping2/Content/ExpressFarmin_Project/GS_MazeProject/Resources/Assets/Downloaded_Assets/cow2_texture.uexp" 2585
"C:/Users/Chris/Desktop/Sem 2 Github/Games-Prototyping/Games Prototyping2/Content/ExpressFarmin_Project/GS_MazeProject/Resources/Assets/Downloaded_Assets/cow2_texture_Mat.uasset" 2586
"C:/Users/Chris/Desktop/Sem 2 Github/Games-Prototyping/Games Prototyping2/Content/ExpressFarmin_Project/GS_MazeProject/Resources/Assets/Downloaded_Assets/cow2_texture_Mat.uexp" 2587
"C:/Users/Chris/Desktop/Sem 2 Github/Games-Prototyping/Games Prototyping2/Content/ExpressFarmin_Project/GS_MazeProject/Resources/Assets/Downloaded_Assets/cow.uasset" 2588
"C:/Users/Chris/Desktop/Sem 2 Github/Games-Prototyping/Games Prototyping2/Content/ExpressFarmin_Project/GS_MazeProject/Resources/Assets/Downloaded_Assets/cow.uexp" 2589
"C:/Users/Chris/Desktop/Sem 2 Github/Games-Prototyping/Games Prototyping2/Content/ExpressFarmin_Project/GS_MazeProject/Resources/Audio/Other/SoundEffects/Actors/Bucket.ubulk" 2590
"C:/Users/Chris/Desktop/Sem 2 Github/Games-Prototyping/Games Prototyping2/Content/ExpressFarmin_Project/GS_MazeProject/Resources/Audio/Other/SoundEffects/Actors/Bucket.uasset" 2591
"C:/Users/Chris/Desktop/Sem 2 Github/Games-Prototyping/Games Prototyping2/Content/ExpressFarmin_Project/GS_MazeProject/Resources/Audio/Other/SoundEffects/Actors/Bucket.uexp" 2592
"C:/Users/Chris/Desktop/Sem 2 Github/Games-Prototyping/Games Prototyping2/Content/ExpressFarmin_Project/GS_MazeProject/Resources/AnimalBlueprints/BT_Cows.uasset" 2593
"C:/Users/Chris/Desktop/Sem 2 Github/Games-Prototyping/Games Prototyping2/Content/ExpressFarmin_Project/GS_MazeProject/Resources/AnimalBlueprints/BT_Cows.uexp" 2594
"C:/Users/Chris/Desktop/Sem 2 Github/Games-Prototyping/Games Prototyping2/Content/ExpressFarmin_Project/GS_MazeProject/Resources/AnimalBlueprints/BP_CowController.uasset" 2595
"C:/Users/Chris/Desktop/Sem 2 Github/Games-Prototyping/Games Prototyping2/Content/ExpressFarmin_Project/GS_MazeProject/Resources/AnimalBlueprints/BP_CowController.uexp" 2596
"C:/Users/Chris/Desktop/Sem 2 Github/Games-Prototyping/Games Prototyping2/Content/ExpressFarmin_Project/GS_MazeProject/Resources/AnimalBlueprints/BP_CowCharacter.uasset" 2597
"C:/Users/Chris/Desktop/Sem 2 Github/Games-Prototyping/Games Prototyping2/Content/ExpressFarmin_Project/GS_MazeProject/Resources/AnimalBlueprints/BP_CowCharacter.uexp" 2598
"C:/Users/Chris/Desktop/Sem 2 Github/Games-Prototyping/Games Prototyping2/Content/ExpressFarmin_Project/GS_MazeProject/Resources/Assets/Downloaded_Assets/mud_2.ubulk" 2599
"C:/Users/Chris/Desktop/Sem 2 Github/Games-Prototyping/Games Prototyping2/Content/ExpressFarmin_Project/GS_MazeProject/Resources/Assets/Downloaded_Assets/mud_2.uasset" 2600
"C:/Users/Chris/Desktop/Sem 2 Github/Games-Prototyping/Games Prototyping2/Content/ExpressFarmin_Project/GS_MazeProject/Resources/Assets/Downloaded_Assets/mud_2.uexp" 2601
"C:/Users/Chris/Desktop/Sem 2 Github/Games-Prototyping/Games Prototyping2/Content/ExpressFarmin_Project/GS_MazeProject/Resources/Materials/MAT_Mud.uasset" 2602
"C:/Users/Chris/Desktop/Sem 2 Github/Games-Prototyping/Games Prototyping2/Content/ExpressFarmin_Project/GS_MazeProject/Resources/Materials/MAT_Mud.uexp" 2603
"C:/Users/Chris/Desktop/Sem 2 Github/Games-Prototyping/Games Prototyping2/Content/ExpressFarmin_Project/GS_MazeProject/Resources/Blueprints/CoreBPs/BP_AnimalSpawner.uasset" 2604
"C:/Users/Chris/Desktop/Sem 2 Github/Games-Prototyping/Games Prototyping2/Content/ExpressFarmin_Project/GS_MazeProject/Resources/Blueprints/CoreBPs/BP_AnimalSpawner.uexp" 2605
"C:/Users/Chris/Desktop/Sem 2 Github/Games-Prototyping/Games Prototyping2/Content/ExpressFarmin_Project/GS_MazeProject/Resources/Materials/MAT_Grass.uasset" 2606
"C:/Users/Chris/Desktop/Sem 2 Github/Games-Prototyping/Games Prototyping2/Content/ExpressFarmin_Project/GS_MazeProject/Resources/Materials/MAT_Grass.uexp" 2607
"C:/Users/Chris/Desktop/Sem 2 Github/Games-Prototyping/Games Prototyping2/Content/ExpressFarmin_Project/GS_MazeProject/Resources/Blueprints/CoreBPs/BP_AnimalSpawner2.uasset" 2608
"C:/Users/Chris/Desktop/Sem 2 Github/Games-Prototyping/Games Prototyping2/Content/ExpressFarmin_Project/GS_MazeProject/Resources/Blueprints/CoreBPs/BP_AnimalSpawner2.uexp" 2609
"C:/Users/Chris/Desktop/Sem 2 Github/Games-Prototyping/Games Prototyping2/Content/ExpressFarmin_Project/GS_MazeProject/Resources/Audio/Character/ShopBuying.ubulk" 2610
"C:/Users/Chris/Desktop/Sem 2 Github/Games-Prototyping/Games Prototyping2/Content/ExpressFarmin_Project/GS_MazeProject/Resources/Audio/Character/ShopBuying.uasset" 2611
"C:/Users/Chris/Desktop/Sem 2 Github/Games-Prototyping/Games Prototyping2/Content/ExpressFarmin_Project/GS_MazeProject/Resources/Audio/Character/ShopBuying.uexp" 2612
"C:/Users/Chris/Desktop/Sem 2 Github/Games-Prototyping/Games Prototyping2/Content/ExpressFarmin_Project/GS_MazeProject/Resources/Audio/Other/SoundEffects/Actors/ComputerOff.ubulk" 2613
"C:/Users/Chris/Desktop/Sem 2 Github/Games-Prototyping/Games Prototyping2/Content/ExpressFarmin_Project/GS_MazeProject/Resources/Audio/Other/SoundEffects/Actors/ComputerOff.uasset" 2614
"C:/Users/Chris/Desktop/Sem 2 Github/Games-Prototyping/Games Prototyping2/Content/ExpressFarmin_Project/GS_MazeProject/Resources/Audio/Other/SoundEffects/Actors/ComputerOff.uexp" 2615
"C:/Users/Chris/Desktop/Sem 2 Github/Games-Prototyping/Games Prototyping2/Content/ExpressFarmin_Project/GS_MazeProject/Resources/UI/Images_General/Shop.uasset" 2616
"C:/Users/Chris/Desktop/Sem 2 Github/Games-Prototyping/Games Prototyping2/Content/ExpressFarmin_Project/GS_MazeProject/Resources/UI/Images_General/Shop.uexp" 2617
"C:/Users/Chris/Desktop/Sem 2 Github/Games-Prototyping/Games Prototyping2/Content/ExpressFarmin_Project/GS_MazeProject/Resources/UI/OtherMenus/WB_Laptop.uasset" 2618
"C:/Users/Chris/Desktop/Sem 2 Github/Games-Prototyping/Games Prototyping2/Content/ExpressFarmin_Project/GS_MazeProject/Resources/UI/OtherMenus/WB_Laptop.uexp" 2619
"../../../Engine/Content/EngineMeshes/Sphere.ubulk" 2620
"../../../Engine/Content/EngineMeshes/Sphere.uasset" 2621
"../../../Engine/Content/EngineMeshes/Sphere.uexp" 2622
"C:/Users/Chris/Desktop/Sem 2 Github/Games-Prototyping/Games Prototyping2/Content/ExpressFarmin_Project/GS_MazeProject/Resources/FX/Particle_Sphere.uasset" 2623
"C:/Users/Chris/Desktop/Sem 2 Github/Games-Prototyping/Games Prototyping2/Content/ExpressFarmin_Project/GS_MazeProject/Resources/FX/Particle_Sphere.uexp" 2624
"C:/Users/Chris/Desktop/Sem 2 Github/Games-Prototyping/Games Prototyping2/Content/ExpressFarmin_Project/GS_MazeProject/Resources/FX/Bubbles_System.uasset" 2625
"C:/Users/Chris/Desktop/Sem 2 Github/Games-Prototyping/Games Prototyping2/Content/ExpressFarmin_Project/GS_MazeProject/Resources/FX/Bubbles_System.uexp" 2626
"C:/Users/Chris/Desktop/Sem 2 Github/Games-Prototyping/Games Prototyping2/Content/ExpressFarmin_Project/GS_MazeProject/Resources/FX/EM_Munch_System.uasset" 2627
"C:/Users/Chris/Desktop/Sem 2 Github/Games-Prototyping/Games Prototyping2/Content/ExpressFarmin_Project/GS_MazeProject/Resources/FX/EM_Munch_System.uexp" 2628
"C:/Users/Chris/Desktop/Sem 2 Github/Games-Prototyping/Games Prototyping2/Content/ExpressFarmin_Project/GS_MazeProject/Resources/UI/Images_General/HandTake2.uasset" 2629
"C:/Users/Chris/Desktop/Sem 2 Github/Games-Prototyping/Games Prototyping2/Content/ExpressFarmin_Project/GS_MazeProject/Resources/UI/Images_General/HandTake2.uexp" 2630
"C:/Users/Chris/Desktop/Sem 2 Github/Games-Prototyping/Games Prototyping2/Content/ExpressFarmin_Project/GS_MazeProject/Resources/UI/WB_Cursor.uasset" 2631
"C:/Users/Chris/Desktop/Sem 2 Github/Games-Prototyping/Games Prototyping2/Content/ExpressFarmin_Project/GS_MazeProject/Resources/UI/WB_Cursor.uexp" 2632
"../../../Engine/Content/EngineResources/LandscapeVisibilityLayerInfo.uasset" 2633
"../../../Engine/Content/EngineResources/LandscapeVisibilityLayerInfo.uexp" 2634
"../../../Engine/Content/VREditor/Sounds/UI/Drop_Item_From_ContentBrowser.ubulk" 2635
"../../../Engine/Content/VREditor/Sounds/UI/Drop_Item_From_ContentBrowser.uasset" 2636
"../../../Engine/Content/VREditor/Sounds/UI/Drop_Item_From_ContentBrowser.uexp" 2637
"../../../Engine/Content/VREditor/TransformGizmo/TransformGizmoMaterial_Inst.uasset" 2638
"../../../Engine/Content/VREditor/TransformGizmo/TransformGizmoMaterial_Inst.uexp" 2639
"../../../Engine/Content/VREditor/TransformGizmo/TranslucentTransformGizmoMaterial_Inst.uasset" 2640
"../../../Engine/Content/VREditor/TransformGizmo/TranslucentTransformGizmoMaterial_Inst.uexp" 2641
"../../../Engine/Content/Functions/Engine_MaterialFunctions02/SplitComponents.uasset" 2642
"../../../Engine/Content/Functions/Engine_MaterialFunctions02/SplitComponents.uexp" 2643
"../../../Engine/Content/VREditor/SnapGrid/SnapGridMaterial.uasset" 2644
"../../../Engine/Content/VREditor/SnapGrid/SnapGridMaterial.uexp" 2645
"../../../Engine/Content/VREditor/SnapGrid/SnapGridPlaneMesh.ubulk" 2646
"../../../Engine/Content/VREditor/SnapGrid/SnapGridPlaneMesh.uasset" 2647
"../../../Engine/Content/VREditor/SnapGrid/SnapGridPlaneMesh.uexp" 2648
"../../../Engine/Content/VREditor/Sounds/UI/Gizmo_Handle_Clicked.ubulk" 2649
"../../../Engine/Content/VREditor/Sounds/UI/Gizmo_Handle_Clicked.uasset" 2650
"../../../Engine/Content/VREditor/Sounds/UI/Gizmo_Handle_Clicked.uexp" 2651
"../../../Engine/Content/VREditor/Sounds/UI/Object_PickUp.ubulk" 2652
"../../../Engine/Content/VREditor/Sounds/UI/Object_PickUp.uasset" 2653
"../../../Engine/Content/VREditor/Sounds/UI/Object_PickUp.uexp" 2654
"../../../Engine/Content/VREditor/Sounds/UI/Object_Snaps_To_Another_Actor.ubulk" 2655
"../../../Engine/Content/VREditor/Sounds/UI/Object_Snaps_To_Another_Actor.uasset" 2656
"../../../Engine/Content/VREditor/Sounds/UI/Object_Snaps_To_Another_Actor.uexp" 2657
"../../../Engine/Content/VREditor/Sounds/UI/Object_Snaps_To_Grid.ubulk" 2658
"../../../Engine/Content/VREditor/Sounds/UI/Object_Snaps_To_Grid.uasset" 2659
"../../../Engine/Content/VREditor/Sounds/UI/Object_Snaps_To_Grid.uexp" 2660
"../../../Engine/Content/VREditor/Sounds/UI/Scaling_Down.ubulk" 2661
"../../../Engine/Content/VREditor/Sounds/UI/Scaling_Down.uasset" 2662
"../../../Engine/Content/VREditor/Sounds/UI/Scaling_Down.uexp" 2663
"../../../Engine/Content/VREditor/Sounds/UI/Scaling_Up.ubulk" 2664
"../../../Engine/Content/VREditor/Sounds/UI/Scaling_Up.uasset" 2665
"../../../Engine/Content/VREditor/Sounds/UI/Scaling_Up.uexp" 2666
"../../../Engine/Content/VREditor/Sounds/UI/Selection_Changes.ubulk" 2667
"../../../Engine/Content/VREditor/Sounds/UI/Selection_Changes.uasset" 2668
"../../../Engine/Content/VREditor/Sounds/UI/Selection_Changes.uexp" 2669
"../../../Engine/Content/VREditor/TransformGizmo/PlaneTranslationHandle.ubulk" 2670
"../../../Engine/Content/VREditor/TransformGizmo/PlaneTranslationHandle.uasset" 2671
"../../../Engine/Content/VREditor/TransformGizmo/PlaneTranslationHandle.uexp" 2672
"../../../Engine/Content/VREditor/TransformGizmo/RotationHandleFull.ubulk" 2673
"../../../Engine/Content/VREditor/TransformGizmo/RotationHandleFull.uasset" 2674
"../../../Engine/Content/VREditor/TransformGizmo/RotationHandleFull.uexp" 2675
"../../../Engine/Content/VREditor/TransformGizmo/RotationHandleIndicator.ubulk" 2676
"../../../Engine/Content/VREditor/TransformGizmo/RotationHandleIndicator.uasset" 2677
"../../../Engine/Content/VREditor/TransformGizmo/RotationHandleIndicator.uexp" 2678
"../../../Engine/Content/VREditor/TransformGizmo/RotationHandleQuarter.ubulk" 2679
"../../../Engine/Content/VREditor/TransformGizmo/RotationHandleQuarter.uasset" 2680
"../../../Engine/Content/VREditor/TransformGizmo/RotationHandleQuarter.uexp" 2681
"../../../Engine/Content/VREditor/TransformGizmo/StartRotationHandleIndicator.ubulk" 2682
"../../../Engine/Content/VREditor/TransformGizmo/StartRotationHandleIndicator.uasset" 2683
"../../../Engine/Content/VREditor/TransformGizmo/StartRotationHandleIndicator.uexp" 2684
"../../../Engine/Content/VREditor/TransformGizmo/TransformGizmoFreeRotation.ubulk" 2685
"../../../Engine/Content/VREditor/TransformGizmo/TransformGizmoFreeRotation.uasset" 2686
"../../../Engine/Content/VREditor/TransformGizmo/TransformGizmoFreeRotation.uexp" 2687
"../../../Engine/Content/VREditor/TransformGizmo/TranslateArrowHandle.ubulk" 2688
"../../../Engine/Content/VREditor/TransformGizmo/TranslateArrowHandle.uasset" 2689
"../../../Engine/Content/VREditor/TransformGizmo/TranslateArrowHandle.uexp" 2690
"../../../Engine/Content/VREditor/TransformGizmo/UniformScaleHandle.ubulk" 2691
"../../../Engine/Content/VREditor/TransformGizmo/UniformScaleHandle.uasset" 2692
"../../../Engine/Content/VREditor/TransformGizmo/UniformScaleHandle.uexp" 2693
"../../../Engine/Plugins/Animation/DeformerGraph/Content/DeformerFunctions/DG_Function_LinearBlendSkin_Morph_Cloth.uasset" 2694
"../../../Engine/Plugins/Animation/DeformerGraph/Content/DeformerFunctions/DG_Function_LinearBlendSkin_Morph_Cloth.uexp" 2695
"../../../Engine/Plugins/Animation/DeformerGraph/Content/Deformers/DG_LinearBlendSkin_Morph_Cloth.uasset" 2696
"../../../Engine/Plugins/Animation/DeformerGraph/Content/Deformers/DG_LinearBlendSkin_Morph_Cloth.uexp" 2697
"../../../Engine/Plugins/Animation/DeformerGraph/Content/DeformerFunctions/DG_Function_ComputeNormalsTangents.uasset" 2698
"../../../Engine/Plugins/Animation/DeformerGraph/Content/DeformerFunctions/DG_Function_ComputeNormalsTangents.uexp" 2699
"../../../Engine/Plugins/Animation/DeformerGraph/Content/DeformerFunctions/DG_Function_LinearBlendSkin_Morph_Cloth_PositionOnly.uasset" 2700
"../../../Engine/Plugins/Animation/DeformerGraph/Content/DeformerFunctions/DG_Function_LinearBlendSkin_Morph_Cloth_PositionOnly.uexp" 2701
"../../../Engine/Plugins/Animation/DeformerGraph/Content/Deformers/DG_LinearBlendSkin_Morph_Cloth_RecomputeNormals.uasset" 2702
"../../../Engine/Plugins/Animation/DeformerGraph/Content/Deformers/DG_LinearBlendSkin_Morph_Cloth_RecomputeNormals.uexp" 2703
"../../../Engine/Plugins/NNE/NNEDenoiser/Content/NNEDT_Oidn2-3_Balanced.uasset" 2704
"../../../Engine/Plugins/NNE/NNEDenoiser/Content/NNEDT_Oidn2-3_Balanced.uexp" 2705
"../../../Engine/Plugins/NNE/NNEDenoiser/Content/NNEDT_Oidn2-3_Balanced_Alpha.uasset" 2706
"../../../Engine/Plugins/NNE/NNEDenoiser/Content/NNEDT_Oidn2-3_Balanced_Alpha.uexp" 2707
"../../../Engine/Plugins/NNE/NNEDenoiser/Content/NNED_Oidn2-3_Balanced.uasset" 2708
"../../../Engine/Plugins/NNE/NNEDenoiser/Content/NNED_Oidn2-3_Balanced.uexp" 2709
"../../../Engine/Plugins/NNE/NNEDenoiser/Content/NNED_Oidn2-3_Balanced_Alpha.uasset" 2710
"../../../Engine/Plugins/NNE/NNEDenoiser/Content/NNED_Oidn2-3_Balanced_Alpha.uexp" 2711
"../../../Engine/Plugins/NNE/NNEDenoiser/Content/NNED_Oidn2-3_Fast.uasset" 2712
"../../../Engine/Plugins/NNE/NNEDenoiser/Content/NNED_Oidn2-3_Fast.uexp" 2713
"../../../Engine/Plugins/NNE/NNEDenoiser/Content/NNED_Oidn2-3_Fast_Alpha.uasset" 2714
"../../../Engine/Plugins/NNE/NNEDenoiser/Content/NNED_Oidn2-3_Fast_Alpha.uexp" 2715
"../../../Engine/Plugins/NNE/NNEDenoiser/Content/NNED_Oidn2-3_HighQuality.uasset" 2716
"../../../Engine/Plugins/NNE/NNEDenoiser/Content/NNED_Oidn2-3_HighQuality.uexp" 2717
"../../../Engine/Plugins/NNE/NNEDenoiser/Content/NNED_Oidn2-3_HighQuality_Alpha.uasset" 2718
"../../../Engine/Plugins/NNE/NNEDenoiser/Content/NNED_Oidn2-3_HighQuality_Alpha.uexp" 2719
"../../../Engine/Plugins/NNE/NNEDenoiser/Content/NNE_oidn2-3-0_rt_hdr_alb_nrm_small__dyn__fp16_opset11_DenoiseAlpha.uasset" 2720
"../../../Engine/Plugins/NNE/NNEDenoiser/Content/NNE_oidn2-3-0_rt_hdr_alb_nrm_small__dyn__fp16_opset11_DenoiseAlpha.uexp" 2721
"../../../Engine/Plugins/NNE/NNEDenoiser/Content/NNE_oidn2-3-0_rt_hdr_alb_nrm_small__dyn__fp16_opset11_ForwardAlpha.uasset" 2722
"../../../Engine/Plugins/NNE/NNEDenoiser/Content/NNE_oidn2-3-0_rt_hdr_alb_nrm_small__dyn__fp16_opset11_ForwardAlpha.uexp" 2723
"../../../Engine/Plugins/NNE/NNEDenoiser/Content/NNE_oidn2-3-0_rt_hdr_alb_nrm__dyn__fp16_opset11_DenoiseAlpha.uasset" 2724
"../../../Engine/Plugins/NNE/NNEDenoiser/Content/NNE_oidn2-3-0_rt_hdr_alb_nrm__dyn__fp16_opset11_DenoiseAlpha.uexp" 2725
"../../../Engine/Plugins/NNE/NNEDenoiser/Content/NNE_oidn2-3-0_rt_hdr_alb_nrm__dyn__fp16_opset11_ForwardAlpha.uasset" 2726
"../../../Engine/Plugins/NNE/NNEDenoiser/Content/NNE_oidn2-3-0_rt_hdr_alb_nrm__dyn__fp16_opset11_ForwardAlpha.uexp" 2727
"../../../Engine/Plugins/NNE/NNEDenoiser/Content/NNE_oidn2-3-0_rt_hdr_calb_cnrm_large__dyn__fp16_opset11_DenoiseAlpha.uasset" 2728
"../../../Engine/Plugins/NNE/NNEDenoiser/Content/NNE_oidn2-3-0_rt_hdr_calb_cnrm_large__dyn__fp16_opset11_DenoiseAlpha.uexp" 2729
"../../../Engine/Plugins/NNE/NNEDenoiser/Content/NNE_oidn2-3-0_rt_hdr_calb_cnrm_large__dyn__fp16_opset11_ForwardAlpha.uasset" 2730
"../../../Engine/Plugins/NNE/NNEDenoiser/Content/NNE_oidn2-3-0_rt_hdr_calb_cnrm_large__dyn__fp16_opset11_ForwardAlpha.uexp" 2731
"../../../Engine/Content/Maps/Entry_BuiltData.uasset" 2732
"../../../Engine/Content/Maps/Entry_BuiltData.uexp" 2733
"../../../Engine/Content/Maps/Entry.uexp" 2734
"../../../Engine/Content/Maps/Entry.umap" 2735
"C:/Users/Chris/Desktop/Sem 2 Github/Games-Prototyping/Games Prototyping2/Content/_Practical_Sessions/Map_PracticalSessions.uexp" 2736
"C:/Users/Chris/Desktop/Sem 2 Github/Games-Prototyping/Games Prototyping2/Content/_Practical_Sessions/Map_PracticalSessions.umap" 2737
"../../../Engine/Content/EngineSky/VolumetricClouds/VT_PerlinWorley_Balanced.uasset" 2738
"../../../Engine/Content/EngineSky/VolumetricClouds/VT_PerlinWorley_Balanced.uexp" 2739
"../../../Engine/Content/EngineSky/VolumetricClouds/T_Profile_08.ubulk" 2740
"../../../Engine/Content/EngineSky/VolumetricClouds/T_Profile_08.uasset" 2741
"../../../Engine/Content/EngineSky/VolumetricClouds/T_Profile_08.uexp" 2742
"../../../Engine/Content/EngineSky/VolumetricClouds/T_CloudPattern.ubulk" 2743
"../../../Engine/Content/EngineSky/VolumetricClouds/T_CloudPattern.uasset" 2744
"../../../Engine/Content/EngineSky/VolumetricClouds/T_CloudPattern.uexp" 2745
"../../../Engine/Content/EngineSky/VolumetricClouds/T_CloudMask.ubulk" 2746
"../../../Engine/Content/EngineSky/VolumetricClouds/T_CloudMask.uasset" 2747
"../../../Engine/Content/EngineSky/VolumetricClouds/T_CloudMask.uexp" 2748
"../../../Engine/Content/Functions/Engine_MaterialFunctions02/Utility/BreakOutFloat4Components.uasset" 2749
"../../../Engine/Content/Functions/Engine_MaterialFunctions02/Utility/BreakOutFloat4Components.uexp" 2750
"../../../Engine/Content/EngineResources/DefaultVolumeTexture2D.uasset" 2751
"../../../Engine/Content/EngineResources/DefaultVolumeTexture2D.uexp" 2752
"../../../Engine/Content/EngineResources/DefaultVolumeTexture.uasset" 2753
"../../../Engine/Content/EngineResources/DefaultVolumeTexture.uexp" 2754
"../../../Engine/Content/Functions/Engine_MaterialFunctions02/Utility/MakeFloat4.uasset" 2755
"../../../Engine/Content/Functions/Engine_MaterialFunctions02/Utility/MakeFloat4.uexp" 2756
"../../../Engine/Content/EngineSky/VolumetricClouds/VT_Lightning.uasset" 2757
"../../../Engine/Content/EngineSky/VolumetricClouds/VT_Lightning.uexp" 2758
"../../../Engine/Content/Functions/Engine_MaterialFunctions01/Units/Km-to-Cm.uasset" 2759
"../../../Engine/Content/Functions/Engine_MaterialFunctions01/Units/Km-to-Cm.uexp" 2760
"../../../Engine/Content/EngineSky/VolumetricClouds/m_SimpleVolumetricCloud.uasset" 2761
"../../../Engine/Content/EngineSky/VolumetricClouds/m_SimpleVolumetricCloud.uexp" 2762
"../../../Engine/Content/EngineSky/VolumetricClouds/m_SimpleVolumetricCloud_Inst.uasset" 2763
"../../../Engine/Content/EngineSky/VolumetricClouds/m_SimpleVolumetricCloud_Inst.uexp" 2764
"C:/Users/Chris/Desktop/Sem 2 Github/Games-Prototyping/Games Prototyping2/Content/_Practical_Sessions/SharedAssets/BlockOut/Materials_Textures/Textures/Fine_Grid.ubulk" 2765
"C:/Users/Chris/Desktop/Sem 2 Github/Games-Prototyping/Games Prototyping2/Content/_Practical_Sessions/SharedAssets/BlockOut/Materials_Textures/Textures/Fine_Grid.uasset" 2766
"C:/Users/Chris/Desktop/Sem 2 Github/Games-Prototyping/Games Prototyping2/Content/_Practical_Sessions/SharedAssets/BlockOut/Materials_Textures/Textures/Fine_Grid.uexp" 2767
"C:/Users/Chris/Desktop/Sem 2 Github/Games-Prototyping/Games Prototyping2/Content/_Practical_Sessions/SharedAssets/BlockOut/Materials_Textures/Grid_Materials/Master_Materials/Grid_Mat.uasset" 2768
"C:/Users/Chris/Desktop/Sem 2 Github/Games-Prototyping/Games Prototyping2/Content/_Practical_Sessions/SharedAssets/BlockOut/Materials_Textures/Grid_Materials/Master_Materials/Grid_Mat.uexp" 2769
"C:/Users/Chris/Desktop/Sem 2 Github/Games-Prototyping/Games Prototyping2/Content/_Practical_Sessions/SharedAssets/BlockOut/Materials_Textures/Grid_Materials/Grid_Mat_Simple.uasset" 2770
"C:/Users/Chris/Desktop/Sem 2 Github/Games-Prototyping/Games Prototyping2/Content/_Practical_Sessions/SharedAssets/BlockOut/Materials_Textures/Grid_Materials/Grid_Mat_Simple.uexp" 2771
"C:/Users/Chris/Desktop/Sem 2 Github/Games-Prototyping/Games Prototyping2/Content/SI_Farm_Props/Textures/T_Shelter_02-1_R.ubulk" 2772
"C:/Users/Chris/Desktop/Sem 2 Github/Games-Prototyping/Games Prototyping2/Content/SI_Farm_Props/Textures/T_Shelter_02-1_R.uasset" 2773
"C:/Users/Chris/Desktop/Sem 2 Github/Games-Prototyping/Games Prototyping2/Content/SI_Farm_Props/Textures/T_Shelter_02-1_R.uexp" 2774
"C:/Users/Chris/Desktop/Sem 2 Github/Games-Prototyping/Games Prototyping2/Content/SI_Farm_Props/Textures/T_Shelter_02-1_N.ubulk" 2775
"C:/Users/Chris/Desktop/Sem 2 Github/Games-Prototyping/Games Prototyping2/Content/SI_Farm_Props/Textures/T_Shelter_02-1_N.uasset" 2776
"C:/Users/Chris/Desktop/Sem 2 Github/Games-Prototyping/Games Prototyping2/Content/SI_Farm_Props/Textures/T_Shelter_02-1_N.uexp" 2777
"C:/Users/Chris/Desktop/Sem 2 Github/Games-Prototyping/Games Prototyping2/Content/SI_Farm_Props/Textures/T_Shelter_02-1.ubulk" 2778
"C:/Users/Chris/Desktop/Sem 2 Github/Games-Prototyping/Games Prototyping2/Content/SI_Farm_Props/Textures/T_Shelter_02-1.uasset" 2779
"C:/Users/Chris/Desktop/Sem 2 Github/Games-Prototyping/Games Prototyping2/Content/SI_Farm_Props/Textures/T_Shelter_02-1.uexp" 2780
"C:/Users/Chris/Desktop/Sem 2 Github/Games-Prototyping/Games Prototyping2/Content/SI_Farm_Props/Materials/MI_Shelter_02-1.uasset" 2781
"C:/Users/Chris/Desktop/Sem 2 Github/Games-Prototyping/Games Prototyping2/Content/SI_Farm_Props/Materials/MI_Shelter_02-1.uexp" 2782
"C:/Users/Chris/Desktop/Sem 2 Github/Games-Prototyping/Games Prototyping2/Content/SI_Farm_Props/Textures/T_Shelter_02-2_R.ubulk" 2783
"C:/Users/Chris/Desktop/Sem 2 Github/Games-Prototyping/Games Prototyping2/Content/SI_Farm_Props/Textures/T_Shelter_02-2_R.uasset" 2784
"C:/Users/Chris/Desktop/Sem 2 Github/Games-Prototyping/Games Prototyping2/Content/SI_Farm_Props/Textures/T_Shelter_02-2_R.uexp" 2785
"C:/Users/Chris/Desktop/Sem 2 Github/Games-Prototyping/Games Prototyping2/Content/SI_Farm_Props/Textures/T_Shelter_02-2_N.ubulk" 2786
"C:/Users/Chris/Desktop/Sem 2 Github/Games-Prototyping/Games Prototyping2/Content/SI_Farm_Props/Textures/T_Shelter_02-2_N.uasset" 2787
"C:/Users/Chris/Desktop/Sem 2 Github/Games-Prototyping/Games Prototyping2/Content/SI_Farm_Props/Textures/T_Shelter_02-2_N.uexp" 2788
"C:/Users/Chris/Desktop/Sem 2 Github/Games-Prototyping/Games Prototyping2/Content/SI_Farm_Props/Textures/T_Shelter_02-2.ubulk" 2789
"C:/Users/Chris/Desktop/Sem 2 Github/Games-Prototyping/Games Prototyping2/Content/SI_Farm_Props/Textures/T_Shelter_02-2.uasset" 2790
"C:/Users/Chris/Desktop/Sem 2 Github/Games-Prototyping/Games Prototyping2/Content/SI_Farm_Props/Textures/T_Shelter_02-2.uexp" 2791
"C:/Users/Chris/Desktop/Sem 2 Github/Games-Prototyping/Games Prototyping2/Content/SI_Farm_Props/Materials/MI_Shelter_02-2.uasset" 2792
"C:/Users/Chris/Desktop/Sem 2 Github/Games-Prototyping/Games Prototyping2/Content/SI_Farm_Props/Materials/MI_Shelter_02-2.uexp" 2793
"C:/Users/Chris/Desktop/Sem 2 Github/Games-Prototyping/Games Prototyping2/Content/SI_Farm_Props/Meshes/SM_Shelter_02.ubulk" 2794
"C:/Users/Chris/Desktop/Sem 2 Github/Games-Prototyping/Games Prototyping2/Content/SI_Farm_Props/Meshes/SM_Shelter_02.uasset" 2795
"C:/Users/Chris/Desktop/Sem 2 Github/Games-Prototyping/Games Prototyping2/Content/SI_Farm_Props/Meshes/SM_Shelter_02.uexp" 2796
"C:/Users/Chris/Desktop/Sem 2 Github/Games-Prototyping/Games Prototyping2/Content/SI_Farm_Props/Textures/T_Shelter_01-1_R.ubulk" 2797
"C:/Users/Chris/Desktop/Sem 2 Github/Games-Prototyping/Games Prototyping2/Content/SI_Farm_Props/Textures/T_Shelter_01-1_R.uasset" 2798
"C:/Users/Chris/Desktop/Sem 2 Github/Games-Prototyping/Games Prototyping2/Content/SI_Farm_Props/Textures/T_Shelter_01-1_R.uexp" 2799
"C:/Users/Chris/Desktop/Sem 2 Github/Games-Prototyping/Games Prototyping2/Content/SI_Farm_Props/Textures/T_Shelter_01-1_N.ubulk" 2800
"C:/Users/Chris/Desktop/Sem 2 Github/Games-Prototyping/Games Prototyping2/Content/SI_Farm_Props/Textures/T_Shelter_01-1_N.uasset" 2801
"C:/Users/Chris/Desktop/Sem 2 Github/Games-Prototyping/Games Prototyping2/Content/SI_Farm_Props/Textures/T_Shelter_01-1_N.uexp" 2802
"C:/Users/Chris/Desktop/Sem 2 Github/Games-Prototyping/Games Prototyping2/Content/SI_Farm_Props/Textures/T_Shelter_01-1.ubulk" 2803
"C:/Users/Chris/Desktop/Sem 2 Github/Games-Prototyping/Games Prototyping2/Content/SI_Farm_Props/Textures/T_Shelter_01-1.uasset" 2804
"C:/Users/Chris/Desktop/Sem 2 Github/Games-Prototyping/Games Prototyping2/Content/SI_Farm_Props/Textures/T_Shelter_01-1.uexp" 2805
"C:/Users/Chris/Desktop/Sem 2 Github/Games-Prototyping/Games Prototyping2/Content/SI_Farm_Props/Materials/MI_Shelter_01-1.uasset" 2806
"C:/Users/Chris/Desktop/Sem 2 Github/Games-Prototyping/Games Prototyping2/Content/SI_Farm_Props/Materials/MI_Shelter_01-1.uexp" 2807
"C:/Users/Chris/Desktop/Sem 2 Github/Games-Prototyping/Games Prototyping2/Content/SI_Farm_Props/Textures/T_Shelter_01-2_R.ubulk" 2808
"C:/Users/Chris/Desktop/Sem 2 Github/Games-Prototyping/Games Prototyping2/Content/SI_Farm_Props/Textures/T_Shelter_01-2_R.uasset" 2809
"C:/Users/Chris/Desktop/Sem 2 Github/Games-Prototyping/Games Prototyping2/Content/SI_Farm_Props/Textures/T_Shelter_01-2_R.uexp" 2810
"C:/Users/Chris/Desktop/Sem 2 Github/Games-Prototyping/Games Prototyping2/Content/SI_Farm_Props/Textures/T_Shelter_01-2_N.ubulk" 2811
"C:/Users/Chris/Desktop/Sem 2 Github/Games-Prototyping/Games Prototyping2/Content/SI_Farm_Props/Textures/T_Shelter_01-2_N.uasset" 2812
"C:/Users/Chris/Desktop/Sem 2 Github/Games-Prototyping/Games Prototyping2/Content/SI_Farm_Props/Textures/T_Shelter_01-2_N.uexp" 2813
"C:/Users/Chris/Desktop/Sem 2 Github/Games-Prototyping/Games Prototyping2/Content/SI_Farm_Props/Textures/T_Shelter_01-2.ubulk" 2814
"C:/Users/Chris/Desktop/Sem 2 Github/Games-Prototyping/Games Prototyping2/Content/SI_Farm_Props/Textures/T_Shelter_01-2.uasset" 2815
"C:/Users/Chris/Desktop/Sem 2 Github/Games-Prototyping/Games Prototyping2/Content/SI_Farm_Props/Textures/T_Shelter_01-2.uexp" 2816
"C:/Users/Chris/Desktop/Sem 2 Github/Games-Prototyping/Games Prototyping2/Content/SI_Farm_Props/Materials/MI_Shelter_01-2.uasset" 2817
"C:/Users/Chris/Desktop/Sem 2 Github/Games-Prototyping/Games Prototyping2/Content/SI_Farm_Props/Materials/MI_Shelter_01-2.uexp" 2818
"C:/Users/Chris/Desktop/Sem 2 Github/Games-Prototyping/Games Prototyping2/Content/SI_Farm_Props/Meshes/SM_Shelter_01.ubulk" 2819
"C:/Users/Chris/Desktop/Sem 2 Github/Games-Prototyping/Games Prototyping2/Content/SI_Farm_Props/Meshes/SM_Shelter_01.uasset" 2820
"C:/Users/Chris/Desktop/Sem 2 Github/Games-Prototyping/Games Prototyping2/Content/SI_Farm_Props/Meshes/SM_Shelter_01.uexp" 2821
"C:/Users/Chris/Desktop/Sem 2 Github/Games-Prototyping/Games Prototyping2/Content/SI_Farm_Props/Textures/T_HayBale_01_Hay_R.ubulk" 2822
"C:/Users/Chris/Desktop/Sem 2 Github/Games-Prototyping/Games Prototyping2/Content/SI_Farm_Props/Textures/T_HayBale_01_Hay_R.uasset" 2823
"C:/Users/Chris/Desktop/Sem 2 Github/Games-Prototyping/Games Prototyping2/Content/SI_Farm_Props/Textures/T_HayBale_01_Hay_R.uexp" 2824
"C:/Users/Chris/Desktop/Sem 2 Github/Games-Prototyping/Games Prototyping2/Content/SI_Farm_Props/Textures/T_HayBale_01_Hay_N.ubulk" 2825
"C:/Users/Chris/Desktop/Sem 2 Github/Games-Prototyping/Games Prototyping2/Content/SI_Farm_Props/Textures/T_HayBale_01_Hay_N.uasset" 2826
"C:/Users/Chris/Desktop/Sem 2 Github/Games-Prototyping/Games Prototyping2/Content/SI_Farm_Props/Textures/T_HayBale_01_Hay_N.uexp" 2827
"C:/Users/Chris/Desktop/Sem 2 Github/Games-Prototyping/Games Prototyping2/Content/SI_Farm_Props/Textures/T_HayBale_01_Hay.ubulk" 2828
"C:/Users/Chris/Desktop/Sem 2 Github/Games-Prototyping/Games Prototyping2/Content/SI_Farm_Props/Textures/T_HayBale_01_Hay.uasset" 2829
"C:/Users/Chris/Desktop/Sem 2 Github/Games-Prototyping/Games Prototyping2/Content/SI_Farm_Props/Textures/T_HayBale_01_Hay.uexp" 2830
"C:/Users/Chris/Desktop/Sem 2 Github/Games-Prototyping/Games Prototyping2/Content/SI_Farm_Props/Materials/MI_HayBale_01_Hay.uasset" 2831
"C:/Users/Chris/Desktop/Sem 2 Github/Games-Prototyping/Games Prototyping2/Content/SI_Farm_Props/Materials/MI_HayBale_01_Hay.uexp" 2832
"C:/Users/Chris/Desktop/Sem 2 Github/Games-Prototyping/Games Prototyping2/Content/SI_Farm_Props/Meshes/SM_HayBale_01.ubulk" 2833
"C:/Users/Chris/Desktop/Sem 2 Github/Games-Prototyping/Games Prototyping2/Content/SI_Farm_Props/Meshes/SM_HayBale_01.uasset" 2834
"C:/Users/Chris/Desktop/Sem 2 Github/Games-Prototyping/Games Prototyping2/Content/SI_Farm_Props/Meshes/SM_HayBale_01.uexp" 2835
"C:/Users/Chris/Desktop/Sem 2 Github/Games-Prototyping/Games Prototyping2/Content/SI_Farm_Props/Meshes/SM_Fence_03.ubulk" 2836
"C:/Users/Chris/Desktop/Sem 2 Github/Games-Prototyping/Games Prototyping2/Content/SI_Farm_Props/Meshes/SM_Fence_03.uasset" 2837
"C:/Users/Chris/Desktop/Sem 2 Github/Games-Prototyping/Games Prototyping2/Content/SI_Farm_Props/Meshes/SM_Fence_03.uexp" 2838
"C:/Users/Chris/Desktop/Sem 2 Github/Games-Prototyping/Games Prototyping2/Content/Shared_Resources/Shapes/Natural/Rock_01.ubulk" 2839
"C:/Users/Chris/Desktop/Sem 2 Github/Games-Prototyping/Games Prototyping2/Content/Shared_Resources/Shapes/Natural/Rock_01.uasset" 2840
"C:/Users/Chris/Desktop/Sem 2 Github/Games-Prototyping/Games Prototyping2/Content/Shared_Resources/Shapes/Natural/Rock_01.uexp" 2841
"C:/Users/Chris/Desktop/Sem 2 Github/Games-Prototyping/Games Prototyping2/Content/Shared_Resources/Shapes/Natural/Rock.uasset" 2842
"C:/Users/Chris/Desktop/Sem 2 Github/Games-Prototyping/Games Prototyping2/Content/Shared_Resources/Shapes/Natural/Rock.uexp" 2843
"C:/Users/Chris/Desktop/Sem 2 Github/Games-Prototyping/Games Prototyping2/Content/Shared_Resources/Shapes/Natural/Rock_2.ubulk" 2844
"C:/Users/Chris/Desktop/Sem 2 Github/Games-Prototyping/Games Prototyping2/Content/Shared_Resources/Shapes/Natural/Rock_2.uasset" 2845
"C:/Users/Chris/Desktop/Sem 2 Github/Games-Prototyping/Games Prototyping2/Content/Shared_Resources/Shapes/Natural/Rock_2.uexp" 2846
"C:/Users/Chris/Desktop/Sem 2 Github/Games-Prototyping/Games Prototyping2/Content/Shared_Resources/Shapes/Natural/Rock_Multi.uasset" 2847
"C:/Users/Chris/Desktop/Sem 2 Github/Games-Prototyping/Games Prototyping2/Content/Shared_Resources/Shapes/Natural/Rock_Multi.uexp" 2848
"C:/Users/Chris/Desktop/Sem 2 Github/Games-Prototyping/Games Prototyping2/Content/Shared_Resources/Shapes/Static_Meshes/EnV_01.ubulk" 2849
"C:/Users/Chris/Desktop/Sem 2 Github/Games-Prototyping/Games Prototyping2/Content/Shared_Resources/Shapes/Static_Meshes/EnV_01.uasset" 2850
"C:/Users/Chris/Desktop/Sem 2 Github/Games-Prototyping/Games Prototyping2/Content/Shared_Resources/Shapes/Static_Meshes/EnV_01.uexp" 2851
"C:/Users/Chris/Desktop/Sem 2 Github/Games-Prototyping/Games Prototyping2/Content/Shared_Resources/Shapes/Natural/Cliff.uasset" 2852
"C:/Users/Chris/Desktop/Sem 2 Github/Games-Prototyping/Games Prototyping2/Content/Shared_Resources/Shapes/Natural/Cliff.uexp" 2853
"C:/Users/Chris/Desktop/Sem 2 Github/Games-Prototyping/Games Prototyping2/Content/Shared_Resources/Shapes/Static_Meshes/Bush.ubulk" 2854
"C:/Users/Chris/Desktop/Sem 2 Github/Games-Prototyping/Games Prototyping2/Content/Shared_Resources/Shapes/Static_Meshes/Bush.uasset" 2855
"C:/Users/Chris/Desktop/Sem 2 Github/Games-Prototyping/Games Prototyping2/Content/Shared_Resources/Shapes/Static_Meshes/Bush.uexp" 2856
"C:/Users/Chris/Desktop/Sem 2 Github/Games-Prototyping/Games Prototyping2/Content/Shared_Resources/Shapes/Natural/Bush.uasset" 2857
"C:/Users/Chris/Desktop/Sem 2 Github/Games-Prototyping/Games Prototyping2/Content/Shared_Resources/Shapes/Natural/Bush.uexp" 2858
"C:/Users/Chris/Desktop/Sem 2 Github/Games-Prototyping/Games Prototyping2/Content/_Practical_Sessions/SharedAssets/BlockOut/Shapes/Static_Meshes/cube.ubulk" 2859
"C:/Users/Chris/Desktop/Sem 2 Github/Games-Prototyping/Games Prototyping2/Content/_Practical_Sessions/SharedAssets/BlockOut/Shapes/Static_Meshes/cube.uasset" 2860
"C:/Users/Chris/Desktop/Sem 2 Github/Games-Prototyping/Games Prototyping2/Content/_Practical_Sessions/SharedAssets/BlockOut/Shapes/Static_Meshes/cube.uexp" 2861
"C:/Users/Chris/Desktop/Sem 2 Github/Games-Prototyping/Games Prototyping2/Content/ExpressFarmin_Project/GS_MazeProject/Resources/Cube_Scale.uasset" 2862
"C:/Users/Chris/Desktop/Sem 2 Github/Games-Prototyping/Games Prototyping2/Content/ExpressFarmin_Project/GS_MazeProject/Resources/Cube_Scale.uexp" 2863
"C:/Users/Chris/Desktop/Sem 2 Github/Games-Prototyping/Games Prototyping2/Content/ExpressFarmin_Project/GS_MazeProject/Resources/Assets/Downloaded_Assets/barn.ubulk" 2864
"C:/Users/Chris/Desktop/Sem 2 Github/Games-Prototyping/Games Prototyping2/Content/ExpressFarmin_Project/GS_MazeProject/Resources/Assets/Downloaded_Assets/barn.uasset" 2865
"C:/Users/Chris/Desktop/Sem 2 Github/Games-Prototyping/Games Prototyping2/Content/ExpressFarmin_Project/GS_MazeProject/Resources/Assets/Downloaded_Assets/barn.uexp" 2866
"C:/Users/Chris/Desktop/Sem 2 Github/Games-Prototyping/Games Prototyping2/Content/ExpressFarmin_Project/GS_MazeProject/Resources/Assets/Downloaded_Assets/Bedroom_Set/Bed.ubulk" 2867
"C:/Users/Chris/Desktop/Sem 2 Github/Games-Prototyping/Games Prototyping2/Content/ExpressFarmin_Project/GS_MazeProject/Resources/Assets/Downloaded_Assets/Bedroom_Set/Bed.uasset" 2868
"C:/Users/Chris/Desktop/Sem 2 Github/Games-Prototyping/Games Prototyping2/Content/ExpressFarmin_Project/GS_MazeProject/Resources/Assets/Downloaded_Assets/Bedroom_Set/Bed.uexp" 2869
"C:/Users/Chris/Desktop/Sem 2 Github/Games-Prototyping/Games Prototyping2/Content/ExpressFarmin_Project/GS_MazeProject/Resources/Assets/Downloaded_Assets/Bedroom_Set/Desk.ubulk" 2870
"C:/Users/Chris/Desktop/Sem 2 Github/Games-Prototyping/Games Prototyping2/Content/ExpressFarmin_Project/GS_MazeProject/Resources/Assets/Downloaded_Assets/Bedroom_Set/Desk.uasset" 2871
"C:/Users/Chris/Desktop/Sem 2 Github/Games-Prototyping/Games Prototyping2/Content/ExpressFarmin_Project/GS_MazeProject/Resources/Assets/Downloaded_Assets/Bedroom_Set/Desk.uexp" 2872
"C:/Users/Chris/Desktop/Sem 2 Github/Games-Prototyping/Games Prototyping2/Content/ExpressFarmin_Project/GS_MazeProject/Resources/Assets/Downloaded_Assets/Bedroom_Set/DeskChair.ubulk" 2873
"C:/Users/Chris/Desktop/Sem 2 Github/Games-Prototyping/Games Prototyping2/Content/ExpressFarmin_Project/GS_MazeProject/Resources/Assets/Downloaded_Assets/Bedroom_Set/DeskChair.uasset" 2874
"C:/Users/Chris/Desktop/Sem 2 Github/Games-Prototyping/Games Prototyping2/Content/ExpressFarmin_Project/GS_MazeProject/Resources/Assets/Downloaded_Assets/Bedroom_Set/DeskChair.uexp" 2875
"C:/Users/Chris/Desktop/Sem 2 Github/Games-Prototyping/Games Prototyping2/Content/ExpressFarmin_Project/GS_MazeProject/Resources/Assets/Downloaded_Assets/Bedroom_Set/Nightstand.ubulk" 2876
"C:/Users/Chris/Desktop/Sem 2 Github/Games-Prototyping/Games Prototyping2/Content/ExpressFarmin_Project/GS_MazeProject/Resources/Assets/Downloaded_Assets/Bedroom_Set/Nightstand.uasset" 2877
"C:/Users/Chris/Desktop/Sem 2 Github/Games-Prototyping/Games Prototyping2/Content/ExpressFarmin_Project/GS_MazeProject/Resources/Assets/Downloaded_Assets/Bedroom_Set/Nightstand.uexp" 2878
"C:/Users/Chris/Desktop/Sem 2 Github/Games-Prototyping/Games Prototyping2/Content/ExpressFarmin_Project/GS_MazeProject/Resources/Assets/Downloaded_Assets/dirt_001.ubulk" 2879
"C:/Users/Chris/Desktop/Sem 2 Github/Games-Prototyping/Games Prototyping2/Content/ExpressFarmin_Project/GS_MazeProject/Resources/Assets/Downloaded_Assets/dirt_001.uasset" 2880
"C:/Users/Chris/Desktop/Sem 2 Github/Games-Prototyping/Games Prototyping2/Content/ExpressFarmin_Project/GS_MazeProject/Resources/Assets/Downloaded_Assets/dirt_001.uexp" 2881
"C:/Users/Chris/Desktop/Sem 2 Github/Games-Prototyping/Games Prototyping2/Content/ExpressFarmin_Project/GS_MazeProject/Resources/Assets/Downloaded_Assets/drinker.ubulk" 2882
"C:/Users/Chris/Desktop/Sem 2 Github/Games-Prototyping/Games Prototyping2/Content/ExpressFarmin_Project/GS_MazeProject/Resources/Assets/Downloaded_Assets/drinker.uasset" 2883
"C:/Users/Chris/Desktop/Sem 2 Github/Games-Prototyping/Games Prototyping2/Content/ExpressFarmin_Project/GS_MazeProject/Resources/Assets/Downloaded_Assets/drinker.uexp" 2884
"C:/Users/Chris/Desktop/Sem 2 Github/Games-Prototyping/Games Prototyping2/Content/ExpressFarmin_Project/GS_MazeProject/Resources/Assets/Downloaded_Assets/henhouse.ubulk" 2885
"C:/Users/Chris/Desktop/Sem 2 Github/Games-Prototyping/Games Prototyping2/Content/ExpressFarmin_Project/GS_MazeProject/Resources/Assets/Downloaded_Assets/henhouse.uasset" 2886
"C:/Users/Chris/Desktop/Sem 2 Github/Games-Prototyping/Games Prototyping2/Content/ExpressFarmin_Project/GS_MazeProject/Resources/Assets/Downloaded_Assets/henhouse.uexp" 2887
"C:/Users/Chris/Desktop/Sem 2 Github/Games-Prototyping/Games Prototyping2/Content/ExpressFarmin_Project/GS_MazeProject/Resources/FX/Meshes/PoundSign_MAT.uasset" 2888
"C:/Users/Chris/Desktop/Sem 2 Github/Games-Prototyping/Games Prototyping2/Content/ExpressFarmin_Project/GS_MazeProject/Resources/FX/Meshes/PoundSign_MAT.uexp" 2889
"C:/Users/Chris/Desktop/Sem 2 Github/Games-Prototyping/Games Prototyping2/Content/ExpressFarmin_Project/GS_MazeProject/Resources/FX/Meshes/PoundSign.ubulk" 2890
"C:/Users/Chris/Desktop/Sem 2 Github/Games-Prototyping/Games Prototyping2/Content/ExpressFarmin_Project/GS_MazeProject/Resources/FX/Meshes/PoundSign.uasset" 2891
"C:/Users/Chris/Desktop/Sem 2 Github/Games-Prototyping/Games Prototyping2/Content/ExpressFarmin_Project/GS_MazeProject/Resources/FX/Meshes/PoundSign.uexp" 2892
"C:/Users/Chris/Desktop/Sem 2 Github/Games-Prototyping/Games Prototyping2/Content/ExpressFarmin_Project/GS_MazeProject/Resources/FX/EM_MoneyMoney_System.uasset" 2893
"C:/Users/Chris/Desktop/Sem 2 Github/Games-Prototyping/Games Prototyping2/Content/ExpressFarmin_Project/GS_MazeProject/Resources/FX/EM_MoneyMoney_System.uexp" 2894
"C:/Users/Chris/Desktop/Sem 2 Github/Games-Prototyping/Games Prototyping2/Content/ExpressFarmin_Project/GS_MazeProject/Resources/Assets/Downloaded_Assets/fence_texture.ubulk" 2895
"C:/Users/Chris/Desktop/Sem 2 Github/Games-Prototyping/Games Prototyping2/Content/ExpressFarmin_Project/GS_MazeProject/Resources/Assets/Downloaded_Assets/fence_texture.uasset" 2896
"C:/Users/Chris/Desktop/Sem 2 Github/Games-Prototyping/Games Prototyping2/Content/ExpressFarmin_Project/GS_MazeProject/Resources/Assets/Downloaded_Assets/fence_texture.uexp" 2897
"C:/Users/Chris/Desktop/Sem 2 Github/Games-Prototyping/Games Prototyping2/Content/ExpressFarmin_Project/GS_MazeProject/Resources/Assets/Downloaded_Assets/fence_texture_Mat.uasset" 2898
"C:/Users/Chris/Desktop/Sem 2 Github/Games-Prototyping/Games Prototyping2/Content/ExpressFarmin_Project/GS_MazeProject/Resources/Assets/Downloaded_Assets/fence_texture_Mat.uexp" 2899
"C:/Users/Chris/Desktop/Sem 2 Github/Games-Prototyping/Games Prototyping2/Content/ExpressFarmin_Project/GS_MazeProject/Resources/Assets/Downloaded_Assets/tumbril_001.ubulk" 2900
"C:/Users/Chris/Desktop/Sem 2 Github/Games-Prototyping/Games Prototyping2/Content/ExpressFarmin_Project/GS_MazeProject/Resources/Assets/Downloaded_Assets/tumbril_001.uasset" 2901
"C:/Users/Chris/Desktop/Sem 2 Github/Games-Prototyping/Games Prototyping2/Content/ExpressFarmin_Project/GS_MazeProject/Resources/Assets/Downloaded_Assets/tumbril_001.uexp" 2902
"C:/Users/Chris/Desktop/Sem 2 Github/Games-Prototyping/Games Prototyping2/Content/ExpressFarmin_Project/GS_MazeProject/Resources/Audio/Other/SoundEffects/Actors/Collect.ubulk" 2903
"C:/Users/Chris/Desktop/Sem 2 Github/Games-Prototyping/Games Prototyping2/Content/ExpressFarmin_Project/GS_MazeProject/Resources/Audio/Other/SoundEffects/Actors/Collect.uasset" 2904
"C:/Users/Chris/Desktop/Sem 2 Github/Games-Prototyping/Games Prototyping2/Content/ExpressFarmin_Project/GS_MazeProject/Resources/Audio/Other/SoundEffects/Actors/Collect.uexp" 2905
"C:/Users/Chris/Desktop/Sem 2 Github/Games-Prototyping/Games Prototyping2/Content/ExpressFarmin_Project/GS_MazeProject/Resources/Blueprints/CoreBPs/BP_ShippingPoint.uasset" 2906
"C:/Users/Chris/Desktop/Sem 2 Github/Games-Prototyping/Games Prototyping2/Content/ExpressFarmin_Project/GS_MazeProject/Resources/Blueprints/CoreBPs/BP_ShippingPoint.uexp" 2907
"C:/Users/Chris/Desktop/Sem 2 Github/Games-Prototyping/Games Prototyping2/Content/SI_Farm_Props/Textures/T_Coop_01_Door_R.ubulk" 2908
"C:/Users/Chris/Desktop/Sem 2 Github/Games-Prototyping/Games Prototyping2/Content/SI_Farm_Props/Textures/T_Coop_01_Door_R.uasset" 2909
"C:/Users/Chris/Desktop/Sem 2 Github/Games-Prototyping/Games Prototyping2/Content/SI_Farm_Props/Textures/T_Coop_01_Door_R.uexp" 2910
"C:/Users/Chris/Desktop/Sem 2 Github/Games-Prototyping/Games Prototyping2/Content/SI_Farm_Props/Textures/T_Coop_01_Door_N.ubulk" 2911
"C:/Users/Chris/Desktop/Sem 2 Github/Games-Prototyping/Games Prototyping2/Content/SI_Farm_Props/Textures/T_Coop_01_Door_N.uasset" 2912
"C:/Users/Chris/Desktop/Sem 2 Github/Games-Prototyping/Games Prototyping2/Content/SI_Farm_Props/Textures/T_Coop_01_Door_N.uexp" 2913
"C:/Users/Chris/Desktop/Sem 2 Github/Games-Prototyping/Games Prototyping2/Content/SI_Farm_Props/Textures/T_Coop_01_Door.ubulk" 2914
"C:/Users/Chris/Desktop/Sem 2 Github/Games-Prototyping/Games Prototyping2/Content/SI_Farm_Props/Textures/T_Coop_01_Door.uasset" 2915
"C:/Users/Chris/Desktop/Sem 2 Github/Games-Prototyping/Games Prototyping2/Content/SI_Farm_Props/Textures/T_Coop_01_Door.uexp" 2916
"C:/Users/Chris/Desktop/Sem 2 Github/Games-Prototyping/Games Prototyping2/Content/SI_Farm_Props/Materials/MI_Coop_01_Door.uasset" 2917
"C:/Users/Chris/Desktop/Sem 2 Github/Games-Prototyping/Games Prototyping2/Content/SI_Farm_Props/Materials/MI_Coop_01_Door.uexp" 2918
"C:/Users/Chris/Desktop/Sem 2 Github/Games-Prototyping/Games Prototyping2/Content/SI_Farm_Props/Meshes/SM_Coop_01_Door.ubulk" 2919
"C:/Users/Chris/Desktop/Sem 2 Github/Games-Prototyping/Games Prototyping2/Content/SI_Farm_Props/Meshes/SM_Coop_01_Door.uasset" 2920
"C:/Users/Chris/Desktop/Sem 2 Github/Games-Prototyping/Games Prototyping2/Content/SI_Farm_Props/Meshes/SM_Coop_01_Door.uexp" 2921
"C:/Users/Chris/Desktop/Sem 2 Github/Games-Prototyping/Games Prototyping2/Content/ExpressFarmin_Project/GS_MazeProject/Resources/Materials/MAT_Gate.uasset" 2922
"C:/Users/Chris/Desktop/Sem 2 Github/Games-Prototyping/Games Prototyping2/Content/ExpressFarmin_Project/GS_MazeProject/Resources/Materials/MAT_Gate.uexp" 2923
"C:/Users/Chris/Desktop/Sem 2 Github/Games-Prototyping/Games Prototyping2/Content/ExpressFarmin_Project/GS_MazeProject/Resources/Blueprints/Interactables/BP_DoorAutomatic.uasset" 2924
"C:/Users/Chris/Desktop/Sem 2 Github/Games-Prototyping/Games Prototyping2/Content/ExpressFarmin_Project/GS_MazeProject/Resources/Blueprints/Interactables/BP_DoorAutomatic.uexp" 2925
"C:/Users/Chris/Desktop/Sem 2 Github/Games-Prototyping/Games Prototyping2/Content/ExpressFarmin_Project/GS_MazeProject/Resources/Blueprints/Interactables/BP_DoorAutomaticLeft.uasset" 2926
"C:/Users/Chris/Desktop/Sem 2 Github/Games-Prototyping/Games Prototyping2/Content/ExpressFarmin_Project/GS_MazeProject/Resources/Blueprints/Interactables/BP_DoorAutomaticLeft.uexp" 2927
"C:/Users/Chris/Desktop/Sem 2 Github/Games-Prototyping/Games Prototyping2/Content/ExpressFarmin_Project/GS_MazeProject/Resources/Assets/Downloaded_Assets/bull_texture.ubulk" 2928
"C:/Users/Chris/Desktop/Sem 2 Github/Games-Prototyping/Games Prototyping2/Content/ExpressFarmin_Project/GS_MazeProject/Resources/Assets/Downloaded_Assets/bull_texture.uasset" 2929
"C:/Users/Chris/Desktop/Sem 2 Github/Games-Prototyping/Games Prototyping2/Content/ExpressFarmin_Project/GS_MazeProject/Resources/Assets/Downloaded_Assets/bull_texture.uexp" 2930
"C:/Users/Chris/Desktop/Sem 2 Github/Games-Prototyping/Games Prototyping2/Content/ExpressFarmin_Project/GS_MazeProject/Resources/Assets/Downloaded_Assets/bull_texture_Mat.uasset" 2931
"C:/Users/Chris/Desktop/Sem 2 Github/Games-Prototyping/Games Prototyping2/Content/ExpressFarmin_Project/GS_MazeProject/Resources/Assets/Downloaded_Assets/bull_texture_Mat.uexp" 2932
"C:/Users/Chris/Desktop/Sem 2 Github/Games-Prototyping/Games Prototyping2/Content/ExpressFarmin_Project/GS_MazeProject/Resources/Assets/Downloaded_Assets/bull_Skeleton.uasset" 2933
"C:/Users/Chris/Desktop/Sem 2 Github/Games-Prototyping/Games Prototyping2/Content/ExpressFarmin_Project/GS_MazeProject/Resources/Assets/Downloaded_Assets/bull_Skeleton.uexp" 2934
"C:/Users/Chris/Desktop/Sem 2 Github/Games-Prototyping/Games Prototyping2/Content/ExpressFarmin_Project/GS_MazeProject/Resources/Assets/Downloaded_Assets/bull_PhysicsAsset.uasset" 2935
"C:/Users/Chris/Desktop/Sem 2 Github/Games-Prototyping/Games Prototyping2/Content/ExpressFarmin_Project/GS_MazeProject/Resources/Assets/Downloaded_Assets/bull_PhysicsAsset.uexp" 2936
"C:/Users/Chris/Desktop/Sem 2 Github/Games-Prototyping/Games Prototyping2/Content/ExpressFarmin_Project/GS_MazeProject/Resources/Assets/Downloaded_Assets/bull_material.uasset" 2937
"C:/Users/Chris/Desktop/Sem 2 Github/Games-Prototyping/Games Prototyping2/Content/ExpressFarmin_Project/GS_MazeProject/Resources/Assets/Downloaded_Assets/bull_material.uexp" 2938
"C:/Users/Chris/Desktop/Sem 2 Github/Games-Prototyping/Games Prototyping2/Content/ExpressFarmin_Project/GS_MazeProject/Resources/Assets/Downloaded_Assets/bull.uasset" 2939
"C:/Users/Chris/Desktop/Sem 2 Github/Games-Prototyping/Games Prototyping2/Content/ExpressFarmin_Project/GS_MazeProject/Resources/Assets/Downloaded_Assets/bull.uexp" 2940
"C:/Users/Chris/Desktop/Sem 2 Github/Games-Prototyping/Games Prototyping2/Content/ExpressFarmin_Project/GS_MazeProject/Resources/AnimalBlueprints/BP_BullCharacter.uasset" 2941
"C:/Users/Chris/Desktop/Sem 2 Github/Games-Prototyping/Games Prototyping2/Content/ExpressFarmin_Project/GS_MazeProject/Resources/AnimalBlueprints/BP_BullCharacter.uexp" 2942
"C:/Users/Chris/Desktop/Sem 2 Github/Games-Prototyping/Games Prototyping2/Content/ExpressFarmin_Project/GS_MazeProject/Resources/Assets/Downloaded_Assets/pig_Skeleton.uasset" 2943
"C:/Users/Chris/Desktop/Sem 2 Github/Games-Prototyping/Games Prototyping2/Content/ExpressFarmin_Project/GS_MazeProject/Resources/Assets/Downloaded_Assets/pig_Skeleton.uexp" 2944
"C:/Users/Chris/Desktop/Sem 2 Github/Games-Prototyping/Games Prototyping2/Content/ExpressFarmin_Project/GS_MazeProject/Resources/Assets/Downloaded_Assets/pig_PhysicsAsset.uasset" 2945
"C:/Users/Chris/Desktop/Sem 2 Github/Games-Prototyping/Games Prototyping2/Content/ExpressFarmin_Project/GS_MazeProject/Resources/Assets/Downloaded_Assets/pig_PhysicsAsset.uexp" 2946
"C:/Users/Chris/Desktop/Sem 2 Github/Games-Prototyping/Games Prototyping2/Content/ExpressFarmin_Project/GS_MazeProject/Resources/Assets/Downloaded_Assets/pig_material.uasset" 2947
"C:/Users/Chris/Desktop/Sem 2 Github/Games-Prototyping/Games Prototyping2/Content/ExpressFarmin_Project/GS_MazeProject/Resources/Assets/Downloaded_Assets/pig_material.uexp" 2948
"C:/Users/Chris/Desktop/Sem 2 Github/Games-Prototyping/Games Prototyping2/Content/ExpressFarmin_Project/GS_MazeProject/Resources/Assets/Downloaded_Assets/pig.uasset" 2949
"C:/Users/Chris/Desktop/Sem 2 Github/Games-Prototyping/Games Prototyping2/Content/ExpressFarmin_Project/GS_MazeProject/Resources/Assets/Downloaded_Assets/pig.uexp" 2950
"C:/Users/Chris/Desktop/Sem 2 Github/Games-Prototyping/Games Prototyping2/Content/ExpressFarmin_Project/GS_MazeProject/Resources/Assets/Downloaded_Assets/pig2_texture.ubulk" 2951
"C:/Users/Chris/Desktop/Sem 2 Github/Games-Prototyping/Games Prototyping2/Content/ExpressFarmin_Project/GS_MazeProject/Resources/Assets/Downloaded_Assets/pig2_texture.uasset" 2952
"C:/Users/Chris/Desktop/Sem 2 Github/Games-Prototyping/Games Prototyping2/Content/ExpressFarmin_Project/GS_MazeProject/Resources/Assets/Downloaded_Assets/pig2_texture.uexp" 2953
"C:/Users/Chris/Desktop/Sem 2 Github/Games-Prototyping/Games Prototyping2/Content/ExpressFarmin_Project/GS_MazeProject/Resources/Assets/Downloaded_Assets/pig2_texture_Mat.uasset" 2954
"C:/Users/Chris/Desktop/Sem 2 Github/Games-Prototyping/Games Prototyping2/Content/ExpressFarmin_Project/GS_MazeProject/Resources/Assets/Downloaded_Assets/pig2_texture_Mat.uexp" 2955
"C:/Users/Chris/Desktop/Sem 2 Github/Games-Prototyping/Games Prototyping2/Content/ExpressFarmin_Project/GS_MazeProject/Resources/Audio/Animals/RandomCues/Oink/Snort6.ubulk" 2956
"C:/Users/Chris/Desktop/Sem 2 Github/Games-Prototyping/Games Prototyping2/Content/ExpressFarmin_Project/GS_MazeProject/Resources/Audio/Animals/RandomCues/Oink/Snort6.uasset" 2957
"C:/Users/Chris/Desktop/Sem 2 Github/Games-Prototyping/Games Prototyping2/Content/ExpressFarmin_Project/GS_MazeProject/Resources/Audio/Animals/RandomCues/Oink/Snort6.uexp" 2958
"C:/Users/Chris/Desktop/Sem 2 Github/Games-Prototyping/Games Prototyping2/Content/ExpressFarmin_Project/GS_MazeProject/Resources/Audio/Animals/RandomCues/Oink/Snort5.ubulk" 2959
"C:/Users/Chris/Desktop/Sem 2 Github/Games-Prototyping/Games Prototyping2/Content/ExpressFarmin_Project/GS_MazeProject/Resources/Audio/Animals/RandomCues/Oink/Snort5.uasset" 2960
"C:/Users/Chris/Desktop/Sem 2 Github/Games-Prototyping/Games Prototyping2/Content/ExpressFarmin_Project/GS_MazeProject/Resources/Audio/Animals/RandomCues/Oink/Snort5.uexp" 2961
"C:/Users/Chris/Desktop/Sem 2 Github/Games-Prototyping/Games Prototyping2/Content/ExpressFarmin_Project/GS_MazeProject/Resources/Audio/Animals/RandomCues/Oink/Snort4.ubulk" 2962
"C:/Users/Chris/Desktop/Sem 2 Github/Games-Prototyping/Games Prototyping2/Content/ExpressFarmin_Project/GS_MazeProject/Resources/Audio/Animals/RandomCues/Oink/Snort4.uasset" 2963
"C:/Users/Chris/Desktop/Sem 2 Github/Games-Prototyping/Games Prototyping2/Content/ExpressFarmin_Project/GS_MazeProject/Resources/Audio/Animals/RandomCues/Oink/Snort4.uexp" 2964
"C:/Users/Chris/Desktop/Sem 2 Github/Games-Prototyping/Games Prototyping2/Content/ExpressFarmin_Project/GS_MazeProject/Resources/Audio/Animals/RandomCues/Oink/Snort3.ubulk" 2965
"C:/Users/Chris/Desktop/Sem 2 Github/Games-Prototyping/Games Prototyping2/Content/ExpressFarmin_Project/GS_MazeProject/Resources/Audio/Animals/RandomCues/Oink/Snort3.uasset" 2966
"C:/Users/Chris/Desktop/Sem 2 Github/Games-Prototyping/Games Prototyping2/Content/ExpressFarmin_Project/GS_MazeProject/Resources/Audio/Animals/RandomCues/Oink/Snort3.uexp" 2967
"C:/Users/Chris/Desktop/Sem 2 Github/Games-Prototyping/Games Prototyping2/Content/ExpressFarmin_Project/GS_MazeProject/Resources/Audio/Animals/RandomCues/Oink/Snort2.ubulk" 2968
"C:/Users/Chris/Desktop/Sem 2 Github/Games-Prototyping/Games Prototyping2/Content/ExpressFarmin_Project/GS_MazeProject/Resources/Audio/Animals/RandomCues/Oink/Snort2.uasset" 2969
"C:/Users/Chris/Desktop/Sem 2 Github/Games-Prototyping/Games Prototyping2/Content/ExpressFarmin_Project/GS_MazeProject/Resources/Audio/Animals/RandomCues/Oink/Snort2.uexp" 2970
"C:/Users/Chris/Desktop/Sem 2 Github/Games-Prototyping/Games Prototyping2/Content/ExpressFarmin_Project/GS_MazeProject/Resources/Audio/Animals/RandomCues/Oink/Snort1.ubulk" 2971
"C:/Users/Chris/Desktop/Sem 2 Github/Games-Prototyping/Games Prototyping2/Content/ExpressFarmin_Project/GS_MazeProject/Resources/Audio/Animals/RandomCues/Oink/Snort1.uasset" 2972
"C:/Users/Chris/Desktop/Sem 2 Github/Games-Prototyping/Games Prototyping2/Content/ExpressFarmin_Project/GS_MazeProject/Resources/Audio/Animals/RandomCues/Oink/Snort1.uexp" 2973
"C:/Users/Chris/Desktop/Sem 2 Github/Games-Prototyping/Games Prototyping2/Content/ExpressFarmin_Project/GS_MazeProject/Resources/Audio/Animals/RandomCues/Oink/Snort_Cue.uasset" 2974
"C:/Users/Chris/Desktop/Sem 2 Github/Games-Prototyping/Games Prototyping2/Content/ExpressFarmin_Project/GS_MazeProject/Resources/Audio/Animals/RandomCues/Oink/Snort_Cue.uexp" 2975
"C:/Users/Chris/Desktop/Sem 2 Github/Games-Prototyping/Games Prototyping2/Content/ExpressFarmin_Project/GS_MazeProject/Resources/AnimalBlueprints/BT_Pigs.uasset" 2976
"C:/Users/Chris/Desktop/Sem 2 Github/Games-Prototyping/Games Prototyping2/Content/ExpressFarmin_Project/GS_MazeProject/Resources/AnimalBlueprints/BT_Pigs.uexp" 2977
"C:/Users/Chris/Desktop/Sem 2 Github/Games-Prototyping/Games Prototyping2/Content/ExpressFarmin_Project/GS_MazeProject/Resources/AnimalBlueprints/BP_PigController.uasset" 2978
"C:/Users/Chris/Desktop/Sem 2 Github/Games-Prototyping/Games Prototyping2/Content/ExpressFarmin_Project/GS_MazeProject/Resources/AnimalBlueprints/BP_PigController.uexp" 2979
"C:/Users/Chris/Desktop/Sem 2 Github/Games-Prototyping/Games Prototyping2/Content/ExpressFarmin_Project/GS_MazeProject/Resources/AnimalBlueprints/BP_PigCharacter.uasset" 2980
"C:/Users/Chris/Desktop/Sem 2 Github/Games-Prototyping/Games Prototyping2/Content/ExpressFarmin_Project/GS_MazeProject/Resources/AnimalBlueprints/BP_PigCharacter.uexp" 2981
"C:/Users/Chris/Desktop/Sem 2 Github/Games-Prototyping/Games Prototyping2/Content/ExpressFarmin_Project/GS_MazeProject/Resources/Assets/Downloaded_Assets/dirt_002.ubulk" 2982
"C:/Users/Chris/Desktop/Sem 2 Github/Games-Prototyping/Games Prototyping2/Content/ExpressFarmin_Project/GS_MazeProject/Resources/Assets/Downloaded_Assets/dirt_002.uasset" 2983
"C:/Users/Chris/Desktop/Sem 2 Github/Games-Prototyping/Games Prototyping2/Content/ExpressFarmin_Project/GS_MazeProject/Resources/Assets/Downloaded_Assets/dirt_002.uexp" 2984
"C:/Users/Chris/Desktop/Sem 2 Github/Games-Prototyping/Games Prototyping2/Content/ExpressFarmin_Project/GS_MazeProject/Resources/Assets/Downloaded_Assets/water_well_2.ubulk" 2985
"C:/Users/Chris/Desktop/Sem 2 Github/Games-Prototyping/Games Prototyping2/Content/ExpressFarmin_Project/GS_MazeProject/Resources/Assets/Downloaded_Assets/water_well_2.uasset" 2986
"C:/Users/Chris/Desktop/Sem 2 Github/Games-Prototyping/Games Prototyping2/Content/ExpressFarmin_Project/GS_MazeProject/Resources/Assets/Downloaded_Assets/water_well_2.uexp" 2987
"C:/Users/Chris/Desktop/Sem 2 Github/Games-Prototyping/Games Prototyping2/Content/ExpressFarmin_Project/GS_MazeProject/Resources/Assets/Downloaded_Assets/wheel.ubulk" 2988
"C:/Users/Chris/Desktop/Sem 2 Github/Games-Prototyping/Games Prototyping2/Content/ExpressFarmin_Project/GS_MazeProject/Resources/Assets/Downloaded_Assets/wheel.uasset" 2989
"C:/Users/Chris/Desktop/Sem 2 Github/Games-Prototyping/Games Prototyping2/Content/ExpressFarmin_Project/GS_MazeProject/Resources/Assets/Downloaded_Assets/wheel.uexp" 2990
"C:/Users/Chris/Desktop/Sem 2 Github/Games-Prototyping/Games Prototyping2/Content/ExpressFarmin_Project/GS_MazeProject/Resources/Assets/Downloaded_Assets/barrel_water.ubulk" 2991
"C:/Users/Chris/Desktop/Sem 2 Github/Games-Prototyping/Games Prototyping2/Content/ExpressFarmin_Project/GS_MazeProject/Resources/Assets/Downloaded_Assets/barrel_water.uasset" 2992
"C:/Users/Chris/Desktop/Sem 2 Github/Games-Prototyping/Games Prototyping2/Content/ExpressFarmin_Project/GS_MazeProject/Resources/Assets/Downloaded_Assets/barrel_water.uexp" 2993
"C:/Users/Chris/Desktop/Sem 2 Github/Games-Prototyping/Games Prototyping2/Content/ExpressFarmin_Project/GS_MazeProject/Resources/Assets/Downloaded_Assets/fence_1.ubulk" 2994
"C:/Users/Chris/Desktop/Sem 2 Github/Games-Prototyping/Games Prototyping2/Content/ExpressFarmin_Project/GS_MazeProject/Resources/Assets/Downloaded_Assets/fence_1.uasset" 2995
"C:/Users/Chris/Desktop/Sem 2 Github/Games-Prototyping/Games Prototyping2/Content/ExpressFarmin_Project/GS_MazeProject/Resources/Assets/Downloaded_Assets/fence_1.uexp" 2996
"C:/Users/Chris/Desktop/Sem 2 Github/Games-Prototyping/Games Prototyping2/Content/ExpressFarmin_Project/GS_MazeProject/Resources/Assets/Downloaded_Assets/fence_2.ubulk" 2997
"C:/Users/Chris/Desktop/Sem 2 Github/Games-Prototyping/Games Prototyping2/Content/ExpressFarmin_Project/GS_MazeProject/Resources/Assets/Downloaded_Assets/fence_2.uasset" 2998
"C:/Users/Chris/Desktop/Sem 2 Github/Games-Prototyping/Games Prototyping2/Content/ExpressFarmin_Project/GS_MazeProject/Resources/Assets/Downloaded_Assets/fence_2.uexp" 2999
"C:/Users/Chris/Desktop/Sem 2 Github/Games-Prototyping/Games Prototyping2/Content/ExpressFarmin_Project/GS_MazeProject/Resources/Assets/Downloaded_Assets/water_bucket.ubulk" 3000
"C:/Users/Chris/Desktop/Sem 2 Github/Games-Prototyping/Games Prototyping2/Content/ExpressFarmin_Project/GS_MazeProject/Resources/Assets/Downloaded_Assets/water_bucket.uasset" 3001
"C:/Users/Chris/Desktop/Sem 2 Github/Games-Prototyping/Games Prototyping2/Content/ExpressFarmin_Project/GS_MazeProject/Resources/Assets/Downloaded_Assets/water_bucket.uexp" 3002
"C:/Users/Chris/Desktop/Sem 2 Github/Games-Prototyping/Games Prototyping2/Content/ExpressFarmin_Project/GS_MazeProject/Resources/Audio/Ambiance_Music/MainMenuAmbiance.ubulk" 3003
"C:/Users/Chris/Desktop/Sem 2 Github/Games-Prototyping/Games Prototyping2/Content/ExpressFarmin_Project/GS_MazeProject/Resources/Audio/Ambiance_Music/MainMenuAmbiance.uasset" 3004
"C:/Users/Chris/Desktop/Sem 2 Github/Games-Prototyping/Games Prototyping2/Content/ExpressFarmin_Project/GS_MazeProject/Resources/Audio/Ambiance_Music/MainMenuAmbiance.uexp" 3005
"C:/Users/Chris/Desktop/Sem 2 Github/Games-Prototyping/Games Prototyping2/Content/ExpressFarmin_Project/GS_MazeProject/Resources/Blueprints/Gamemode/GM_MainMenu.uasset" 3006
"C:/Users/Chris/Desktop/Sem 2 Github/Games-Prototyping/Games Prototyping2/Content/ExpressFarmin_Project/GS_MazeProject/Resources/Blueprints/Gamemode/GM_MainMenu.uexp" 3007
"C:/Users/Chris/Desktop/Sem 2 Github/Games-Prototyping/Games Prototyping2/Content/ExpressFarmin_Project/GS_MazeProject/Resources/Blueprints/Notes/AC_IngridentAmountNeeded.uasset" 3008
"C:/Users/Chris/Desktop/Sem 2 Github/Games-Prototyping/Games Prototyping2/Content/ExpressFarmin_Project/GS_MazeProject/Resources/Blueprints/Notes/AC_IngridentAmountNeeded.uexp" 3009
"../../../Engine/Content/BasicShapes/Plane.ubulk" 3010
"../../../Engine/Content/BasicShapes/Plane.uasset" 3011
"../../../Engine/Content/BasicShapes/Plane.uexp" 3012
"../../../Engine/Content/BasicShapes/BasicShapeMaterial.uasset" 3013
"../../../Engine/Content/BasicShapes/BasicShapeMaterial.uexp" 3014
"C:/Users/Chris/Desktop/Sem 2 Github/Games-Prototyping/Games Prototyping2/Content/ExpressFarmin_Project/GS_MazeProject/Resources/UI/Actor_UIs/WB_Note.uasset" 3015
"C:/Users/Chris/Desktop/Sem 2 Github/Games-Prototyping/Games Prototyping2/Content/ExpressFarmin_Project/GS_MazeProject/Resources/UI/Actor_UIs/WB_Note.uexp" 3016
"C:/Users/Chris/Desktop/Sem 2 Github/Games-Prototyping/Games Prototyping2/Content/ExpressFarmin_Project/GS_MazeProject/Resources/UI/Actor_UIs/WB_CustomerNote.uasset" 3017
"C:/Users/Chris/Desktop/Sem 2 Github/Games-Prototyping/Games Prototyping2/Content/ExpressFarmin_Project/GS_MazeProject/Resources/UI/Actor_UIs/WB_CustomerNote.uexp" 3018
"C:/Users/Chris/Desktop/Sem 2 Github/Games-Prototyping/Games Prototyping2/Content/ExpressFarmin_Project/GS_MazeProject/Resources/Blueprints/Notes/BP_Customer_OrderNote.uasset" 3019
"C:/Users/Chris/Desktop/Sem 2 Github/Games-Prototyping/Games Prototyping2/Content/ExpressFarmin_Project/GS_MazeProject/Resources/Blueprints/Notes/BP_Customer_OrderNote.uexp" 3020
"C:/Users/Chris/Desktop/Sem 2 Github/Games-Prototyping/Games Prototyping2/Content/ExpressFarmin_Project/GS_MazeProject/Resources/Blueprints/Notes/BP_GuiedNote.uasset" 3021
"C:/Users/Chris/Desktop/Sem 2 Github/Games-Prototyping/Games Prototyping2/Content/ExpressFarmin_Project/GS_MazeProject/Resources/Blueprints/Notes/BP_GuiedNote.uexp" 3022
"C:/Users/Chris/Desktop/Sem 2 Github/Games-Prototyping/Games Prototyping2/Content/ExpressFarmin_Project/GS_MazeProject/Resources/UI/Images_General/Screenshot_2026-04-30_124909.uasset" 3023
"C:/Users/Chris/Desktop/Sem 2 Github/Games-Prototyping/Games Prototyping2/Content/ExpressFarmin_Project/GS_MazeProject/Resources/UI/Images_General/Screenshot_2026-04-30_124909.uexp" 3024
"C:/Users/Chris/Desktop/Sem 2 Github/Games-Prototyping/Games Prototyping2/Content/ExpressFarmin_Project/GS_MazeProject/Resources/UI/OtherMenus/WB_MainMenu.uasset" 3025
"C:/Users/Chris/Desktop/Sem 2 Github/Games-Prototyping/Games Prototyping2/Content/ExpressFarmin_Project/GS_MazeProject/Resources/UI/OtherMenus/WB_MainMenu.uexp" 3026
"C:/Users/Chris/Desktop/Sem 2 Github/Games-Prototyping/Games Prototyping2/Content/ExpressFarmin_Project/GS_MazeProject/Map_MainMenu.uexp" 3027
"C:/Users/Chris/Desktop/Sem 2 Github/Games-Prototyping/Games Prototyping2/Content/ExpressFarmin_Project/GS_MazeProject/Map_MainMenu.umap" 3028
"C:/Users/Chris/Desktop/Sem 2 Github/Games-Prototyping/Games Prototyping2/Content/SI_Farm_Props/Textures/T_Shelter_03-1_R.ubulk" 3029
"C:/Users/Chris/Desktop/Sem 2 Github/Games-Prototyping/Games Prototyping2/Content/SI_Farm_Props/Textures/T_Shelter_03-1_R.uasset" 3030
"C:/Users/Chris/Desktop/Sem 2 Github/Games-Prototyping/Games Prototyping2/Content/SI_Farm_Props/Textures/T_Shelter_03-1_R.uexp" 3031
"C:/Users/Chris/Desktop/Sem 2 Github/Games-Prototyping/Games Prototyping2/Content/SI_Farm_Props/Textures/T_Shelter_03-1_N.ubulk" 3032
"C:/Users/Chris/Desktop/Sem 2 Github/Games-Prototyping/Games Prototyping2/Content/SI_Farm_Props/Textures/T_Shelter_03-1_N.uasset" 3033
"C:/Users/Chris/Desktop/Sem 2 Github/Games-Prototyping/Games Prototyping2/Content/SI_Farm_Props/Textures/T_Shelter_03-1_N.uexp" 3034
"C:/Users/Chris/Desktop/Sem 2 Github/Games-Prototyping/Games Prototyping2/Content/SI_Farm_Props/Textures/T_Shelter_03-1.ubulk" 3035
"C:/Users/Chris/Desktop/Sem 2 Github/Games-Prototyping/Games Prototyping2/Content/SI_Farm_Props/Textures/T_Shelter_03-1.uasset" 3036
"C:/Users/Chris/Desktop/Sem 2 Github/Games-Prototyping/Games Prototyping2/Content/SI_Farm_Props/Textures/T_Shelter_03-1.uexp" 3037
"C:/Users/Chris/Desktop/Sem 2 Github/Games-Prototyping/Games Prototyping2/Content/SI_Farm_Props/Materials/MI_Shelter_03-1.uasset" 3038
"C:/Users/Chris/Desktop/Sem 2 Github/Games-Prototyping/Games Prototyping2/Content/SI_Farm_Props/Materials/MI_Shelter_03-1.uexp" 3039
"C:/Users/Chris/Desktop/Sem 2 Github/Games-Prototyping/Games Prototyping2/Content/SI_Farm_Props/Textures/T_Shelter_03-2_R.ubulk" 3040
"C:/Users/Chris/Desktop/Sem 2 Github/Games-Prototyping/Games Prototyping2/Content/SI_Farm_Props/Textures/T_Shelter_03-2_R.uasset" 3041
"C:/Users/Chris/Desktop/Sem 2 Github/Games-Prototyping/Games Prototyping2/Content/SI_Farm_Props/Textures/T_Shelter_03-2_R.uexp" 3042
"C:/Users/Chris/Desktop/Sem 2 Github/Games-Prototyping/Games Prototyping2/Content/SI_Farm_Props/Textures/T_Shelter_03-2_N.ubulk" 3043
"C:/Users/Chris/Desktop/Sem 2 Github/Games-Prototyping/Games Prototyping2/Content/SI_Farm_Props/Textures/T_Shelter_03-2_N.uasset" 3044
"C:/Users/Chris/Desktop/Sem 2 Github/Games-Prototyping/Games Prototyping2/Content/SI_Farm_Props/Textures/T_Shelter_03-2_N.uexp" 3045
"C:/Users/Chris/Desktop/Sem 2 Github/Games-Prototyping/Games Prototyping2/Content/SI_Farm_Props/Textures/T_Shelter_03-2.ubulk" 3046
"C:/Users/Chris/Desktop/Sem 2 Github/Games-Prototyping/Games Prototyping2/Content/SI_Farm_Props/Textures/T_Shelter_03-2.uasset" 3047
"C:/Users/Chris/Desktop/Sem 2 Github/Games-Prototyping/Games Prototyping2/Content/SI_Farm_Props/Textures/T_Shelter_03-2.uexp" 3048
"C:/Users/Chris/Desktop/Sem 2 Github/Games-Prototyping/Games Prototyping2/Content/SI_Farm_Props/Materials/MI_Shelter_03-2.uasset" 3049
"C:/Users/Chris/Desktop/Sem 2 Github/Games-Prototyping/Games Prototyping2/Content/SI_Farm_Props/Materials/MI_Shelter_03-2.uexp" 3050
"C:/Users/Chris/Desktop/Sem 2 Github/Games-Prototyping/Games Prototyping2/Content/SI_Farm_Props/Meshes/SM_Shelter_03.ubulk" 3051
"C:/Users/Chris/Desktop/Sem 2 Github/Games-Prototyping/Games Prototyping2/Content/SI_Farm_Props/Meshes/SM_Shelter_03.uasset" 3052
"C:/Users/Chris/Desktop/Sem 2 Github/Games-Prototyping/Games Prototyping2/Content/SI_Farm_Props/Meshes/SM_Shelter_03.uexp" 3053
"C:/Users/Chris/Desktop/Sem 2 Github/Games-Prototyping/Games Prototyping2/Content/ExpressFarmin_Project/GS_MazeProject/Resources/UI/Actor_UIs/WB_EtoInteract.uasset" 3054
"C:/Users/Chris/Desktop/Sem 2 Github/Games-Prototyping/Games Prototyping2/Content/ExpressFarmin_Project/GS_MazeProject/Resources/UI/Actor_UIs/WB_EtoInteract.uexp" 3055
"C:/Users/Chris/Desktop/Sem 2 Github/Games-Prototyping/Games Prototyping2/Content/ExpressFarmin_Project/GS_MazeProject/Resources/UI/Widgets/UserMadeWBs/WB_ShopBaseBttn2.uasset" 3056
"C:/Users/Chris/Desktop/Sem 2 Github/Games-Prototyping/Games Prototyping2/Content/ExpressFarmin_Project/GS_MazeProject/Resources/UI/Widgets/UserMadeWBs/WB_ShopBaseBttn2.uexp" 3057
"C:/Users/Chris/Desktop/Sem 2 Github/Games-Prototyping/Games Prototyping2/Content/ExpressFarmin_Project/GS_MazeProject/Resources/UI/Widgets/UserMadeWBs/WB_ShopBaseBttn.uasset" 3058
"C:/Users/Chris/Desktop/Sem 2 Github/Games-Prototyping/Games Prototyping2/Content/ExpressFarmin_Project/GS_MazeProject/Resources/UI/Widgets/UserMadeWBs/WB_ShopBaseBttn.uexp" 3059
"C:/Users/Chris/Desktop/Sem 2 Github/Games-Prototyping/Games Prototyping2/Content/ExpressFarmin_Project/GS_MazeProject/Resources/UI/Widgets/UserMadeWBs/WB_BaseText.uasset" 3060
"C:/Users/Chris/Desktop/Sem 2 Github/Games-Prototyping/Games Prototyping2/Content/ExpressFarmin_Project/GS_MazeProject/Resources/UI/Widgets/UserMadeWBs/WB_BaseText.uexp" 3061
"C:/Users/Chris/Desktop/Sem 2 Github/Games-Prototyping/Games Prototyping2/Content/ExpressFarmin_Project/GS_MazeProject/Resources/Audio/Character/PlayerNoMoney.ubulk" 3062
"C:/Users/Chris/Desktop/Sem 2 Github/Games-Prototyping/Games Prototyping2/Content/ExpressFarmin_Project/GS_MazeProject/Resources/Audio/Character/PlayerNoMoney.uasset" 3063
"C:/Users/Chris/Desktop/Sem 2 Github/Games-Prototyping/Games Prototyping2/Content/ExpressFarmin_Project/GS_MazeProject/Resources/Audio/Character/PlayerNoMoney.uexp" 3064
"C:/Users/Chris/Desktop/Sem 2 Github/Games-Prototyping/Games Prototyping2/Content/ExpressFarmin_Project/GS_MazeProject/Resources/Audio/Other/SoundEffects/Actors/WaterSplash.ubulk" 3065
"C:/Users/Chris/Desktop/Sem 2 Github/Games-Prototyping/Games Prototyping2/Content/ExpressFarmin_Project/GS_MazeProject/Resources/Audio/Other/SoundEffects/Actors/WaterSplash.uasset" 3066
"C:/Users/Chris/Desktop/Sem 2 Github/Games-Prototyping/Games Prototyping2/Content/ExpressFarmin_Project/GS_MazeProject/Resources/Audio/Other/SoundEffects/Actors/WaterSplash.uexp" 3067
"C:/Users/Chris/Desktop/Sem 2 Github/Games-Prototyping/Games Prototyping2/Content/ExpressFarmin_Project/GS_MazeProject/Resources/UI/Images_General/Shop__1_.uasset" 3068
"C:/Users/Chris/Desktop/Sem 2 Github/Games-Prototyping/Games Prototyping2/Content/ExpressFarmin_Project/GS_MazeProject/Resources/UI/Images_General/Shop__1_.uexp" 3069
"C:/Users/Chris/Desktop/Sem 2 Github/Games-Prototyping/Games Prototyping2/Content/ExpressFarmin_Project/GS_MazeProject/Resources/UI/OtherMenus/WB_LaptopFinal.uasset" 3070
"C:/Users/Chris/Desktop/Sem 2 Github/Games-Prototyping/Games Prototyping2/Content/ExpressFarmin_Project/GS_MazeProject/Resources/UI/OtherMenus/WB_LaptopFinal.uexp" 3071
"C:/Users/Chris/Desktop/Sem 2 Github/Games-Prototyping/Games Prototyping2/Content/ExpressFarmin_Project/GS_MazeProject/Resources/Assets/Downloaded_Assets/Bedroom_Set/Laptop.ubulk" 3072
"C:/Users/Chris/Desktop/Sem 2 Github/Games-Prototyping/Games Prototyping2/Content/ExpressFarmin_Project/GS_MazeProject/Resources/Assets/Downloaded_Assets/Bedroom_Set/Laptop.uasset" 3073
"C:/Users/Chris/Desktop/Sem 2 Github/Games-Prototyping/Games Prototyping2/Content/ExpressFarmin_Project/GS_MazeProject/Resources/Assets/Downloaded_Assets/Bedroom_Set/Laptop.uexp" 3074
"C:/Users/Chris/Desktop/Sem 2 Github/Games-Prototyping/Games Prototyping2/Content/ExpressFarmin_Project/GS_MazeProject/Resources/Audio/Other/SoundEffects/Actors/ComputerOn.ubulk" 3075
"C:/Users/Chris/Desktop/Sem 2 Github/Games-Prototyping/Games Prototyping2/Content/ExpressFarmin_Project/GS_MazeProject/Resources/Audio/Other/SoundEffects/Actors/ComputerOn.uasset" 3076
"C:/Users/Chris/Desktop/Sem 2 Github/Games-Prototyping/Games Prototyping2/Content/ExpressFarmin_Project/GS_MazeProject/Resources/Audio/Other/SoundEffects/Actors/ComputerOn.uexp" 3077
"C:/Users/Chris/Desktop/Sem 2 Github/Games-Prototyping/Games Prototyping2/Content/ExpressFarmin_Project/GS_MazeProject/Resources/Blueprints/CoreBPs/BP_Laptop.uasset" 3078
"C:/Users/Chris/Desktop/Sem 2 Github/Games-Prototyping/Games Prototyping2/Content/ExpressFarmin_Project/GS_MazeProject/Resources/Blueprints/CoreBPs/BP_Laptop.uexp" 3079
"C:/Users/Chris/Desktop/Sem 2 Github/Games-Prototyping/Games Prototyping2/Content/ExpressFarmin_Project/GS_MazeProject/Resources/Audio/Other/SoundEffects/Actors/TrashRustle.ubulk" 3080
"C:/Users/Chris/Desktop/Sem 2 Github/Games-Prototyping/Games Prototyping2/Content/ExpressFarmin_Project/GS_MazeProject/Resources/Audio/Other/SoundEffects/Actors/TrashRustle.uasset" 3081
"C:/Users/Chris/Desktop/Sem 2 Github/Games-Prototyping/Games Prototyping2/Content/ExpressFarmin_Project/GS_MazeProject/Resources/Audio/Other/SoundEffects/Actors/TrashRustle.uexp" 3082
"C:/Users/Chris/Desktop/Sem 2 Github/Games-Prototyping/Games Prototyping2/Content/ExpressFarmin_Project/GS_MazeProject/Resources/Assets/Downloaded_Assets/barrel_empty.ubulk" 3083
"C:/Users/Chris/Desktop/Sem 2 Github/Games-Prototyping/Games Prototyping2/Content/ExpressFarmin_Project/GS_MazeProject/Resources/Assets/Downloaded_Assets/barrel_empty.uasset" 3084
"C:/Users/Chris/Desktop/Sem 2 Github/Games-Prototyping/Games Prototyping2/Content/ExpressFarmin_Project/GS_MazeProject/Resources/Assets/Downloaded_Assets/barrel_empty.uexp" 3085
"C:/Users/Chris/Desktop/Sem 2 Github/Games-Prototyping/Games Prototyping2/Content/ExpressFarmin_Project/GS_MazeProject/Resources/Blueprints/CoreBPs/BP_TrashBarrel.uasset" 3086
"C:/Users/Chris/Desktop/Sem 2 Github/Games-Prototyping/Games Prototyping2/Content/ExpressFarmin_Project/GS_MazeProject/Resources/Blueprints/CoreBPs/BP_TrashBarrel.uexp" 3087
"C:/Users/Chris/Desktop/Sem 2 Github/Games-Prototyping/Games Prototyping2/Content/ExpressFarmin_Project/GS_MazeProject/Resources/Blueprints/Interactables/BP_Rock.uasset" 3088
"C:/Users/Chris/Desktop/Sem 2 Github/Games-Prototyping/Games Prototyping2/Content/ExpressFarmin_Project/GS_MazeProject/Resources/Blueprints/Interactables/BP_Rock.uexp" 3089
"C:/Users/Chris/Desktop/Sem 2 Github/Games-Prototyping/Games Prototyping2/Content/ExpressFarmin_Project/GS_MazeProject/Map_LevelRemodel.uexp" 3090
"C:/Users/Chris/Desktop/Sem 2 Github/Games-Prototyping/Games Prototyping2/Content/ExpressFarmin_Project/GS_MazeProject/Map_LevelRemodel.umap" 3091
"C:/Users/Chris/Desktop/Sem 2 Github/Games-Prototyping/Games Prototyping2/Content/Shared_Resources/Shapes/Static_Meshes/Cylinder/Column_4.ubulk" 3092
"C:/Users/Chris/Desktop/Sem 2 Github/Games-Prototyping/Games Prototyping2/Content/Shared_Resources/Shapes/Static_Meshes/Cylinder/Column_4.uasset" 3093
"C:/Users/Chris/Desktop/Sem 2 Github/Games-Prototyping/Games Prototyping2/Content/Shared_Resources/Shapes/Static_Meshes/Cylinder/Column_4.uexp" 3094
"C:/Users/Chris/Desktop/Sem 2 Github/Games-Prototyping/Games Prototyping2/Content/Shared_Resources/Shapes/Basic_Shapes/Column_04.uasset" 3095
"C:/Users/Chris/Desktop/Sem 2 Github/Games-Prototyping/Games Prototyping2/Content/Shared_Resources/Shapes/Basic_Shapes/Column_04.uexp" 3096
"C:/Users/Chris/Desktop/Sem 2 Github/Games-Prototyping/Games Prototyping2/Content/Shared_Resources/Shapes/Static_Meshes/Cylinder/Column_2.ubulk" 3097
"C:/Users/Chris/Desktop/Sem 2 Github/Games-Prototyping/Games Prototyping2/Content/Shared_Resources/Shapes/Static_Meshes/Cylinder/Column_2.uasset" 3098
"C:/Users/Chris/Desktop/Sem 2 Github/Games-Prototyping/Games Prototyping2/Content/Shared_Resources/Shapes/Static_Meshes/Cylinder/Column_2.uexp" 3099
"C:/Users/Chris/Desktop/Sem 2 Github/Games-Prototyping/Games Prototyping2/Content/Shared_Resources/Shapes/Basic_Shapes/Column_02.uasset" 3100
"C:/Users/Chris/Desktop/Sem 2 Github/Games-Prototyping/Games Prototyping2/Content/Shared_Resources/Shapes/Basic_Shapes/Column_02.uexp" 3101
"C:/Users/Chris/Desktop/Sem 2 Github/Games-Prototyping/Games Prototyping2/Content/ExpressFarmin_Project/GS_MazeProject/Resources/Blueprints/BP_EtoInteract_Box.uasset" 3102
"C:/Users/Chris/Desktop/Sem 2 Github/Games-Prototyping/Games Prototyping2/Content/ExpressFarmin_Project/GS_MazeProject/Resources/Blueprints/BP_EtoInteract_Box.uexp" 3103
"C:/Users/Chris/Desktop/Sem 2 Github/Games-Prototyping/Games Prototyping2/Content/ExpressFarmin_Project/GS_MazeProject/Resources/UI/Actor_UIs/WB_LMB.uasset" 3104
"C:/Users/Chris/Desktop/Sem 2 Github/Games-Prototyping/Games Prototyping2/Content/ExpressFarmin_Project/GS_MazeProject/Resources/UI/Actor_UIs/WB_LMB.uexp" 3105
"C:/Users/Chris/Desktop/Sem 2 Github/Games-Prototyping/Games Prototyping2/Content/ExpressFarmin_Project/GS_MazeProject/Resources/Blueprints/BP_TutorialPickingUp.uasset" 3106
"C:/Users/Chris/Desktop/Sem 2 Github/Games-Prototyping/Games Prototyping2/Content/ExpressFarmin_Project/GS_MazeProject/Resources/Blueprints/BP_TutorialPickingUp.uexp" 3107
"C:/Users/Chris/Desktop/Sem 2 Github/Games-Prototyping/Games Prototyping2/Content/ExpressFarmin_Project/GS_MazeProject/Resources/Blueprints/CoreBPs/BP_CollectionBox.uasset" 3108
"C:/Users/Chris/Desktop/Sem 2 Github/Games-Prototyping/Games Prototyping2/Content/ExpressFarmin_Project/GS_MazeProject/Resources/Blueprints/CoreBPs/BP_CollectionBox.uexp" 3109
"C:/Users/Chris/Desktop/Sem 2 Github/Games-Prototyping/Games Prototyping2/Content/ExpressFarmin_Project/GS_MazeProject/Resources/Blueprints/Interactables/BP_DoorInteract_Left.uasset" 3110
"C:/Users/Chris/Desktop/Sem 2 Github/Games-Prototyping/Games Prototyping2/Content/ExpressFarmin_Project/GS_MazeProject/Resources/Blueprints/Interactables/BP_DoorInteract_Left.uexp" 3111
"C:/Users/Chris/Desktop/Sem 2 Github/Games-Prototyping/Games Prototyping2/Content/ExpressFarmin_Project/GS_MazeProject/Resources/Blueprints/Interactables/BP_DoorInteract_Right.uasset" 3112
"C:/Users/Chris/Desktop/Sem 2 Github/Games-Prototyping/Games Prototyping2/Content/ExpressFarmin_Project/GS_MazeProject/Resources/Blueprints/Interactables/BP_DoorInteract_Right.uexp" 3113
"C:/Users/Chris/Desktop/Sem 2 Github/Games-Prototyping/Games Prototyping2/Content/ExpressFarmin_Project/GS_MazeProject/Map_InitialLvl.uexp" 3114
"C:/Users/Chris/Desktop/Sem 2 Github/Games-Prototyping/Games Prototyping2/Content/ExpressFarmin_Project/GS_MazeProject/Map_InitialLvl.umap" 3115
"C:/Users/Chris/Desktop/Sem 2 Github/Games-Prototyping/Games Prototyping2/Content/SI_Farm_Props/Meshes/SM_Watertrough_03_half.ubulk" 3116
"C:/Users/Chris/Desktop/Sem 2 Github/Games-Prototyping/Games Prototyping2/Content/SI_Farm_Props/Meshes/SM_Watertrough_03_half.uasset" 3117
"C:/Users/Chris/Desktop/Sem 2 Github/Games-Prototyping/Games Prototyping2/Content/SI_Farm_Props/Meshes/SM_Watertrough_03_half.uexp" 3118
"C:/Users/Chris/Desktop/Sem 2 Github/Games-Prototyping/Games Prototyping2/Content/ExpressFarmin_Project/GS_MazeProject/Resources/UI/Widgets/ActorWidgets/WB_SP.uasset" 3119
"C:/Users/Chris/Desktop/Sem 2 Github/Games-Prototyping/Games Prototyping2/Content/ExpressFarmin_Project/GS_MazeProject/Resources/UI/Widgets/ActorWidgets/WB_SP.uexp" 3120
"C:/Users/Chris/Desktop/Sem 2 Github/Games-Prototyping/Games Prototyping2/Content/ExpressFarmin_Project/GS_MazeProject/Resources/AnimalBlueprints/ShedNames/BP_DPName.uasset" 3121
"C:/Users/Chris/Desktop/Sem 2 Github/Games-Prototyping/Games Prototyping2/Content/ExpressFarmin_Project/GS_MazeProject/Resources/AnimalBlueprints/ShedNames/BP_DPName.uexp" 3122
"C:/Users/Chris/Desktop/Sem 2 Github/Games-Prototyping/Games Prototyping2/Content/ExpressFarmin_Project/GS_MazeProject/Resources/UI/Widgets/ActorWidgets/WB_FeedShed1.uasset" 3123
"C:/Users/Chris/Desktop/Sem 2 Github/Games-Prototyping/Games Prototyping2/Content/ExpressFarmin_Project/GS_MazeProject/Resources/UI/Widgets/ActorWidgets/WB_FeedShed1.uexp" 3124
"C:/Users/Chris/Desktop/Sem 2 Github/Games-Prototyping/Games Prototyping2/Content/ExpressFarmin_Project/GS_MazeProject/Resources/AnimalBlueprints/ShedNames/BP_ShedName.uasset" 3125
"C:/Users/Chris/Desktop/Sem 2 Github/Games-Prototyping/Games Prototyping2/Content/ExpressFarmin_Project/GS_MazeProject/Resources/AnimalBlueprints/ShedNames/BP_ShedName.uexp" 3126
"C:/Users/Chris/Desktop/Sem 2 Github/Games-Prototyping/Games Prototyping2/Content/ExpressFarmin_Project/GS_MazeProject/Resources/UI/Widgets/ActorWidgets/WB_FeedShed.uasset" 3127
"C:/Users/Chris/Desktop/Sem 2 Github/Games-Prototyping/Games Prototyping2/Content/ExpressFarmin_Project/GS_MazeProject/Resources/UI/Widgets/ActorWidgets/WB_FeedShed.uexp" 3128
"C:/Users/Chris/Desktop/Sem 2 Github/Games-Prototyping/Games Prototyping2/Content/ExpressFarmin_Project/GS_MazeProject/Resources/AnimalBlueprints/ShedNames/BP_ShedName2.uasset" 3129
"C:/Users/Chris/Desktop/Sem 2 Github/Games-Prototyping/Games Prototyping2/Content/ExpressFarmin_Project/GS_MazeProject/Resources/AnimalBlueprints/ShedNames/BP_ShedName2.uexp" 3130
"C:/Users/Chris/Desktop/Sem 2 Github/Games-Prototyping/Games Prototyping2/Content/ExpressFarmin_Project/GS_MazeProject/Resources/UI/Widgets/ActorWidgets/WB_CB.uasset" 3131
"C:/Users/Chris/Desktop/Sem 2 Github/Games-Prototyping/Games Prototyping2/Content/ExpressFarmin_Project/GS_MazeProject/Resources/UI/Widgets/ActorWidgets/WB_CB.uexp" 3132
"C:/Users/Chris/Desktop/Sem 2 Github/Games-Prototyping/Games Prototyping2/Content/ExpressFarmin_Project/GS_MazeProject/Resources/AnimalBlueprints/ShedNames/BP_SPName.uasset" 3133
"C:/Users/Chris/Desktop/Sem 2 Github/Games-Prototyping/Games Prototyping2/Content/ExpressFarmin_Project/GS_MazeProject/Resources/AnimalBlueprints/ShedNames/BP_SPName.uexp" 3134
"C:/Users/Chris/Desktop/Sem 2 Github/Games-Prototyping/Games Prototyping2/Content/ExpressFarmin_Project/GS_MazeProject/Resources/Assets/Downloaded_Assets/barrel.ubulk" 3135
"C:/Users/Chris/Desktop/Sem 2 Github/Games-Prototyping/Games Prototyping2/Content/ExpressFarmin_Project/GS_MazeProject/Resources/Assets/Downloaded_Assets/barrel.uasset" 3136
"C:/Users/Chris/Desktop/Sem 2 Github/Games-Prototyping/Games Prototyping2/Content/ExpressFarmin_Project/GS_MazeProject/Resources/Assets/Downloaded_Assets/barrel.uexp" 3137
"C:/Users/Chris/Desktop/Sem 2 Github/Games-Prototyping/Games Prototyping2/Content/ExpressFarmin_Project/GS_MazeProject/Resources/Assets/Downloaded_Assets/mud.ubulk" 3138
"C:/Users/Chris/Desktop/Sem 2 Github/Games-Prototyping/Games Prototyping2/Content/ExpressFarmin_Project/GS_MazeProject/Resources/Assets/Downloaded_Assets/mud.uasset" 3139
"C:/Users/Chris/Desktop/Sem 2 Github/Games-Prototyping/Games Prototyping2/Content/ExpressFarmin_Project/GS_MazeProject/Resources/Assets/Downloaded_Assets/mud.uexp" 3140
"C:/Users/Chris/Desktop/Sem 2 Github/Games-Prototyping/Games Prototyping2/Content/ExpressFarmin_Project/GS_MazeProject/Resources/Assets/Downloaded_Assets/mud_3.ubulk" 3141
"C:/Users/Chris/Desktop/Sem 2 Github/Games-Prototyping/Games Prototyping2/Content/ExpressFarmin_Project/GS_MazeProject/Resources/Assets/Downloaded_Assets/mud_3.uasset" 3142
"C:/Users/Chris/Desktop/Sem 2 Github/Games-Prototyping/Games Prototyping2/Content/ExpressFarmin_Project/GS_MazeProject/Resources/Assets/Downloaded_Assets/mud_3.uexp" 3143
"C:/Users/Chris/Desktop/Sem 2 Github/Games-Prototyping/Games Prototyping2/Content/ExpressFarmin_Project/GS_MazeProject/Resources/Assets/Downloaded_Assets/mud_4.ubulk" 3144
"C:/Users/Chris/Desktop/Sem 2 Github/Games-Prototyping/Games Prototyping2/Content/ExpressFarmin_Project/GS_MazeProject/Resources/Assets/Downloaded_Assets/mud_4.uasset" 3145
"C:/Users/Chris/Desktop/Sem 2 Github/Games-Prototyping/Games Prototyping2/Content/ExpressFarmin_Project/GS_MazeProject/Resources/Assets/Downloaded_Assets/mud_4.uexp" 3146
"C:/Users/Chris/Desktop/Sem 2 Github/Games-Prototyping/Games Prototyping2/Content/ExpressFarmin_Project/GS_MazeProject/Resources/Audio/Ambiance_Music/DustGuitar.ubulk" 3147
"C:/Users/Chris/Desktop/Sem 2 Github/Games-Prototyping/Games Prototyping2/Content/ExpressFarmin_Project/GS_MazeProject/Resources/Audio/Ambiance_Music/DustGuitar.uasset" 3148
"C:/Users/Chris/Desktop/Sem 2 Github/Games-Prototyping/Games Prototyping2/Content/ExpressFarmin_Project/GS_MazeProject/Resources/Audio/Ambiance_Music/DustGuitar.uexp" 3149
"C:/Users/Chris/Desktop/Sem 2 Github/Games-Prototyping/Games Prototyping2/Content/ExpressFarmin_Project/GS_MazeProject/Resources/Audio/Ambiance_Music/Drops.ubulk" 3150
"C:/Users/Chris/Desktop/Sem 2 Github/Games-Prototyping/Games Prototyping2/Content/ExpressFarmin_Project/GS_MazeProject/Resources/Audio/Ambiance_Music/Drops.uasset" 3151
"C:/Users/Chris/Desktop/Sem 2 Github/Games-Prototyping/Games Prototyping2/Content/ExpressFarmin_Project/GS_MazeProject/Resources/Audio/Ambiance_Music/Drops.uexp" 3152
"C:/Users/Chris/Desktop/Sem 2 Github/Games-Prototyping/Games Prototyping2/Content/ExpressFarmin_Project/GS_MazeProject/Resources/Audio/Ambiance_Music/BackgroundMusic.uasset" 3153
"C:/Users/Chris/Desktop/Sem 2 Github/Games-Prototyping/Games Prototyping2/Content/ExpressFarmin_Project/GS_MazeProject/Resources/Audio/Ambiance_Music/BackgroundMusic.uexp" 3154
"C:/Users/Chris/Desktop/Sem 2 Github/Games-Prototyping/Games Prototyping2/Content/ExpressFarmin_Project/GS_MazeProject/Resources/Audio/Ambiance_Music/LongAmbiance.ubulk" 3155
"C:/Users/Chris/Desktop/Sem 2 Github/Games-Prototyping/Games Prototyping2/Content/ExpressFarmin_Project/GS_MazeProject/Resources/Audio/Ambiance_Music/LongAmbiance.uasset" 3156
"C:/Users/Chris/Desktop/Sem 2 Github/Games-Prototyping/Games Prototyping2/Content/ExpressFarmin_Project/GS_MazeProject/Resources/Audio/Ambiance_Music/LongAmbiance.uexp" 3157
"C:/Users/Chris/Desktop/Sem 2 Github/Games-Prototyping/Games Prototyping2/Content/ExpressFarmin_Project/GS_MazeProject/Resources/Audio/Other/SoundEffects/Actors/DoorCreak03.ubulk" 3158
"C:/Users/Chris/Desktop/Sem 2 Github/Games-Prototyping/Games Prototyping2/Content/ExpressFarmin_Project/GS_MazeProject/Resources/Audio/Other/SoundEffects/Actors/DoorCreak03.uasset" 3159
"C:/Users/Chris/Desktop/Sem 2 Github/Games-Prototyping/Games Prototyping2/Content/ExpressFarmin_Project/GS_MazeProject/Resources/Audio/Other/SoundEffects/Actors/DoorCreak03.uexp" 3160
"C:/Users/Chris/Desktop/Sem 2 Github/Games-Prototyping/Games Prototyping2/Content/ExpressFarmin_Project/GS_MazeProject/Resources/Audio/Other/SoundEffects/Actors/DoorCreak01.ubulk" 3161
"C:/Users/Chris/Desktop/Sem 2 Github/Games-Prototyping/Games Prototyping2/Content/ExpressFarmin_Project/GS_MazeProject/Resources/Audio/Other/SoundEffects/Actors/DoorCreak01.uasset" 3162
"C:/Users/Chris/Desktop/Sem 2 Github/Games-Prototyping/Games Prototyping2/Content/ExpressFarmin_Project/GS_MazeProject/Resources/Audio/Other/SoundEffects/Actors/DoorCreak01.uexp" 3163
"C:/Users/Chris/Desktop/Sem 2 Github/Games-Prototyping/Games Prototyping2/Content/ExpressFarmin_Project/GS_MazeProject/Resources/Audio/Other/SoundEffects/Actors/DoorCreak02.ubulk" 3164
"C:/Users/Chris/Desktop/Sem 2 Github/Games-Prototyping/Games Prototyping2/Content/ExpressFarmin_Project/GS_MazeProject/Resources/Audio/Other/SoundEffects/Actors/DoorCreak02.uasset" 3165
"C:/Users/Chris/Desktop/Sem 2 Github/Games-Prototyping/Games Prototyping2/Content/ExpressFarmin_Project/GS_MazeProject/Resources/Audio/Other/SoundEffects/Actors/DoorCreak02.uexp" 3166
"C:/Users/Chris/Desktop/Sem 2 Github/Games-Prototyping/Games Prototyping2/Content/ExpressFarmin_Project/GS_MazeProject/Resources/Audio/Other/DoorCreak_Cue.uasset" 3167
"C:/Users/Chris/Desktop/Sem 2 Github/Games-Prototyping/Games Prototyping2/Content/ExpressFarmin_Project/GS_MazeProject/Resources/Audio/Other/DoorCreak_Cue.uexp" 3168
"C:/Users/Chris/Desktop/Sem 2 Github/Games-Prototyping/Games Prototyping2/Content/ExpressFarmin_Project/GS_MazeProject/Resources/Audio/Other/BP_CuePlayer.uasset" 3169
"C:/Users/Chris/Desktop/Sem 2 Github/Games-Prototyping/Games Prototyping2/Content/ExpressFarmin_Project/GS_MazeProject/Resources/Audio/Other/BP_CuePlayer.uexp" 3170
"C:/Users/Chris/Desktop/Sem 2 Github/Games-Prototyping/Games Prototyping2/Content/ExpressFarmin_Project/GS_MazeProject/Resources/Audio/Other/SoundEffects/Actors/WoodenThud.ubulk" 3171
"C:/Users/Chris/Desktop/Sem 2 Github/Games-Prototyping/Games Prototyping2/Content/ExpressFarmin_Project/GS_MazeProject/Resources/Audio/Other/SoundEffects/Actors/WoodenThud.uasset" 3172
"C:/Users/Chris/Desktop/Sem 2 Github/Games-Prototyping/Games Prototyping2/Content/ExpressFarmin_Project/GS_MazeProject/Resources/Audio/Other/SoundEffects/Actors/WoodenThud.uexp" 3173
"C:/Users/Chris/Desktop/Sem 2 Github/Games-Prototyping/Games Prototyping2/Content/ExpressFarmin_Project/GS_MazeProject/Resources/Blueprints/Farming/BP_CropLot.uasset" 3174
"C:/Users/Chris/Desktop/Sem 2 Github/Games-Prototyping/Games Prototyping2/Content/ExpressFarmin_Project/GS_MazeProject/Resources/Blueprints/Farming/BP_CropLot.uexp" 3175
"C:/Users/Chris/Desktop/Sem 2 Github/Games-Prototyping/Games Prototyping2/Content/ExpressFarmin_Project/GS_MazeProject/Resources/Blueprints/Interactables/BP_GateAutomatic.uasset" 3176
"C:/Users/Chris/Desktop/Sem 2 Github/Games-Prototyping/Games Prototyping2/Content/ExpressFarmin_Project/GS_MazeProject/Resources/Blueprints/Interactables/BP_GateAutomatic.uexp" 3177
"C:/Users/Chris/Desktop/Sem 2 Github/Games-Prototyping/Games Prototyping2/Content/ExpressFarmin_Project/GS_MazeProject/Resources/Blueprints/Interactables/BP_GateAutomaticLeft.uasset" 3178
"C:/Users/Chris/Desktop/Sem 2 Github/Games-Prototyping/Games Prototyping2/Content/ExpressFarmin_Project/GS_MazeProject/Resources/Blueprints/Interactables/BP_GateAutomaticLeft.uexp" 3179
"C:/Users/Chris/Desktop/Sem 2 Github/Games-Prototyping/Games Prototyping2/Content/ExpressFarmin_Project/GS_MazeProject/Resources/UI/Widgets/ActorWidgets/WB_Well.uasset" 3180
"C:/Users/Chris/Desktop/Sem 2 Github/Games-Prototyping/Games Prototyping2/Content/ExpressFarmin_Project/GS_MazeProject/Resources/UI/Widgets/ActorWidgets/WB_Well.uexp" 3181
"C:/Users/Chris/Desktop/Sem 2 Github/Games-Prototyping/Games Prototyping2/Content/ExpressFarmin_Project/GS_MazeProject/Resources/Blueprints/Interactables/BP_Well.uasset" 3182
"C:/Users/Chris/Desktop/Sem 2 Github/Games-Prototyping/Games Prototyping2/Content/ExpressFarmin_Project/GS_MazeProject/Resources/Blueprints/Interactables/BP_Well.uexp" 3183
"C:/Users/Chris/Desktop/Sem 2 Github/Games-Prototyping/Games Prototyping2/Content/ExpressFarmin_Project/GS_MazeProject/Resources/UI/Handbook/Images/Icons/BullDecal.uasset" 3184
"C:/Users/Chris/Desktop/Sem 2 Github/Games-Prototyping/Games Prototyping2/Content/ExpressFarmin_Project/GS_MazeProject/Resources/UI/Handbook/Images/Icons/BullDecal.uexp" 3185
"C:/Users/Chris/Desktop/Sem 2 Github/Games-Prototyping/Games Prototyping2/Content/ExpressFarmin_Project/GS_MazeProject/Resources/UI/Handbook/Images/Icons/PigDecal.uasset" 3186
"C:/Users/Chris/Desktop/Sem 2 Github/Games-Prototyping/Games Prototyping2/Content/ExpressFarmin_Project/GS_MazeProject/Resources/UI/Handbook/Images/Icons/PigDecal.uexp" 3187
"C:/Users/Chris/Desktop/Sem 2 Github/Games-Prototyping/Games Prototyping2/Content/ExpressFarmin_Project/GS_MazeProject/Resources/UI/Tutorial/WB_Tutorial.uasset" 3188
"C:/Users/Chris/Desktop/Sem 2 Github/Games-Prototyping/Games Prototyping2/Content/ExpressFarmin_Project/GS_MazeProject/Resources/UI/Tutorial/WB_Tutorial.uexp" 3189
"C:/Users/Chris/Desktop/Sem 2 Github/Games-Prototyping/Games Prototyping2/Content/ExpressFarmin_Project/GS_MazeProject/Resources/UI/Tutorial/Tutorial_boxes/BP_Tut_UIBox7.uasset" 3190
"C:/Users/Chris/Desktop/Sem 2 Github/Games-Prototyping/Games Prototyping2/Content/ExpressFarmin_Project/GS_MazeProject/Resources/UI/Tutorial/Tutorial_boxes/BP_Tut_UIBox7.uexp" 3191
"C:/Users/Chris/Desktop/Sem 2 Github/Games-Prototyping/Games Prototyping2/Content/ExpressFarmin_Project/GS_MazeProject/Map_Ranch.uexp" 3192
"C:/Users/Chris/Desktop/Sem 2 Github/Games-Prototyping/Games Prototyping2/Content/ExpressFarmin_Project/GS_MazeProject/Map_Ranch.umap" 3193
"C:/Users/Chris/Desktop/Sem 2 Github/Games-Prototyping/Games Prototyping2/Content/ExpressFarmin_Project/GS_MazeProject/Resources/UI/Tutorial/Tutorial_boxes/BP_Tut_UIBox9.uasset" 3194
"C:/Users/Chris/Desktop/Sem 2 Github/Games-Prototyping/Games Prototyping2/Content/ExpressFarmin_Project/GS_MazeProject/Resources/UI/Tutorial/Tutorial_boxes/BP_Tut_UIBox9.uexp" 3195
"C:/Users/Chris/Desktop/Sem 2 Github/Games-Prototyping/Games Prototyping2/Content/ExpressFarmin_Project/GS_MazeProject/Resources/UI/Tutorial/Tutorial_boxes/BP_Tut_UIBox6.uasset" 3196
"C:/Users/Chris/Desktop/Sem 2 Github/Games-Prototyping/Games Prototyping2/Content/ExpressFarmin_Project/GS_MazeProject/Resources/UI/Tutorial/Tutorial_boxes/BP_Tut_UIBox6.uexp" 3197
"C:/Users/Chris/Desktop/Sem 2 Github/Games-Prototyping/Games Prototyping2/Content/ExpressFarmin_Project/GS_MazeProject/Map_LevelTutorial.uexp" 3198
"C:/Users/Chris/Desktop/Sem 2 Github/Games-Prototyping/Games Prototyping2/Content/ExpressFarmin_Project/GS_MazeProject/Map_LevelTutorial.umap" 3199
