"C:/Users/Chris/Desktop/Sem 2 Github/Games-Prototyping/Games Prototyping2/ExpressFarminV1.uproject" 1
"../../../Engine/Plugins/AudioGameplay/AudioGameplay.uplugin" 2
"../../../Engine/Plugins/AudioGameplayVolume/AudioGameplayVolume.uplugin" 3
"../../../Engine/Plugins/AudioInsights/AudioInsights.uplugin" 4
"../../../Engine/Plugins/Bridge/Bridge.uplugin" 5
"../../../Engine/Plugins/ChaosCloth/ChaosCloth.uplugin" 6
"../../../Engine/Plugins/BlueprintFileUtils/BlueprintFileUtils.uplugin" 7
"../../../Engine/Plugins/ChaosClothAssetEditor/ChaosClothAssetEditor.uplugin" 8
"../../../Engine/Plugins/ChaosClothAsset/ChaosClothAsset.uplugin" 9
"../../../Engine/Plugins/ChaosInsights/ChaosInsights.uplugin" 10
"../../../Engine/Plugins/Chooser/Chooser.uplugin" 11
"../../../Engine/Plugins/ChaosVD/ChaosVD.uplugin" 12
"../../../Engine/Plugins/CmdLinkServer/CmdLinkServer.uplugin" 13
"../../../Engine/Plugins/DiscoveryBeaconReceiver/DiscoveryBeaconReceiver.uplugin" 14
"../../../Engine/Plugins/Fab/Fab.uplugin" 15
"../../../Engine/Plugins/EnhancedInput/EnhancedInput.uplugin" 16
"../../../Engine/Plugins/LightWeightInstancesEditor/LightWeightInstancesEditor.uplugin" 17
"../../../Engine/Plugins/IoStoreInsights/IoStoreInsights.uplugin" 18
"../../../Engine/Plugins/MassInsights/MassInsights.uplugin" 19
"../../../Engine/Plugins/MemoryUsageQueries/MemoryUsageQueries.uplugin" 20
"../../../Engine/Plugins/Mutable/Mutable.uplugin" 21
"../../../Engine/Plugins/FastBuildController/FastBuildController.uplugin" 22
"../../../Engine/Plugins/PCG/PCG.uplugin" 23
"../../../Engine/Plugins/RenderGraphInsights/RenderGraphInsights.uplugin" 24
"../../../Engine/Plugins/ScriptPlugin/ScriptPlugin.uplugin" 25
"../../../Engine/Plugins/TraceUtilities/TraceUtilities.uplugin" 26
"../../../Engine/Plugins/UbaController/UbaController.uplugin" 27
"../../../Engine/Plugins/TextureGraph/TextureGraph.uplugin" 28
"../../../Engine/Plugins/WorldMetrics/WorldMetrics.uplugin" 29
"../../../Engine/Plugins/XGEController/XGEController.uplugin" 30
"../../../Engine/Plugins/FX/CascadeToNiagaraConverter/CascadeToNiagaraConverter.uplugin" 31
"../../../Engine/Plugins/FX/Cascade/Cascade.uplugin" 32
"../../../Engine/Plugins/FX/NiagaraFluids/NiagaraFluids.uplugin" 33
"../../../Engine/Plugins/FX/Niagara/Niagara.uplugin" 34
"../../../Engine/Plugins/FX/NiagaraMRQ/NiagaraMRQ.uplugin" 35
"../../../Engine/Plugins/Importers/AlembicHairImporter/AlembicHairImporter.uplugin" 36
"../../../Engine/Plugins/FX/NiagaraSimCaching/NiagaraSimCaching.uplugin" 37
"../../../Engine/Plugins/Importers/AlembicImporter/AlembicImporter.uplugin" 38
"../../../Engine/Plugins/Importers/USDImporter/USDImporter.uplugin" 39
"../../../Engine/Plugins/Importers/USDImporterMDL/USDImporterMDL.uplugin" 40
"../../../Engine/Plugins/Importers/USDMultiUser/USDMultiUser.uplugin" 41
"../../../Engine/Plugins/Interchange/Editor/InterchangeEditor.uplugin" 42
"../../../Engine/Plugins/Interchange/Runtime/Interchange.uplugin" 43
"../../../Engine/Plugins/Messaging/MessagingDebugger/MessagingDebugger.uplugin" 44
"../../../Engine/Plugins/Interchange/Assets/InterchangeAssets.uplugin" 45
"../../../Engine/Plugins/Messaging/TcpMessaging/TcpMessaging.uplugin" 46
"../../../Engine/Plugins/Messaging/UdpMessaging/UdpMessaging.uplugin" 47
"../../../Engine/Plugins/JsonBlueprintUtilities/JsonBlueprintUtilities.uplugin" 48
"../../../Engine/Plugins/MovieScene/LevelSequenceEditor/LevelSequenceEditor.uplugin" 49
"../../../Engine/Plugins/MovieScene/MoviePipelineMaskRenderPass/MoviePipelineMaskRenderPass.uplugin" 50
"../../../Engine/Plugins/MovieScene/ReplayTracks/ReplayTracks.uplugin" 51
"../../../Engine/Plugins/MovieScene/CustomizableSequencerTracks/CustomizableSequencerTracks.uplugin" 52
"../../../Engine/Plugins/MovieScene/MovieSceneTextTrack/MovieSceneTextTrack.uplugin" 53
"../../../Engine/Plugins/FX/ExampleCustomDataInterface/ExampleCustomDataInterface.uplugin" 54
"../../../Engine/Plugins/MovieScene/ActorSequence/ActorSequence.uplugin" 55
"../../../Engine/Plugins/MeshPainting/MeshPainting.uplugin" 56
"../../../Engine/Plugins/MovieScene/TemplateSequence/TemplateSequence.uplugin" 57
"../../../Engine/Plugins/Online/EOSShared/EOSShared.uplugin" 58
"../../../Engine/Plugins/NNE/NNEDenoiser/NNEDenoiser.uplugin" 59
"../../../Engine/Plugins/Online/OnlineServices/OnlineServices.uplugin" 60
"../../../Engine/Plugins/Online/OnlineServicesEOSGS/OnlineServicesEOSGS.uplugin" 61
"../../../Engine/Plugins/Online/OnlineServicesEOS/OnlineServicesEOS.uplugin" 62
"../../../Engine/Plugins/Online/EOSOverlayInputProvider/EOSOverlayInputProvider.uplugin" 63
"../../../Engine/Plugins/Online/OnlineFramework/OnlineFramework.uplugin" 64
"../../../Engine/Plugins/MovieScene/SequencerScripting/SequencerScripting.uplugin" 65
"../../../Engine/Plugins/Online/OnlineServicesNull/OnlineServicesNull.uplugin" 66
"../../../Engine/Plugins/Online/OnlineServicesOSSAdapter/OnlineServicesOSSAdapter.uplugin" 67
"../../../Engine/Plugins/Online/OnlineServicesEpicCommon/OnlineServicesEpicCommon.uplugin" 68
"../../../Engine/Plugins/Online/OnlineSubsystem/OnlineSubsystem.uplugin" 69
"../../../Engine/Plugins/Online/OnlineSubsystemAmazon/OnlineSubsystemAmazon.uplugin" 70
"../../../Engine/Plugins/NNE/NNERuntimeORT/NNERuntimeORT.uplugin" 71
"../../../Engine/Plugins/Online/OnlineSubsystemGoogle/OnlineSubsystemGoogle.uplugin" 72
"../../../Engine/Plugins/Online/OnlineSubsystemEOS/OnlineSubsystemEOS.uplugin" 73
"../../../Engine/Plugins/Online/OnlineSubsystemFacebook/OnlineSubsystemFacebook.uplugin" 74
"../../../Engine/Plugins/Online/OnlineSubsystemSteam/OnlineSubsystemSteam.uplugin" 75
"../../../Engine/Plugins/Online/OnlineSubsystemTencent/OnlineSubsystemTencent.uplugin" 76
"../../../Engine/Plugins/Online/SocketSubsystemSteamIP/SocketSubsystemSteamIP.uplugin" 77
"../../../Engine/Plugins/Online/OnlineSubsystemApple/OnlineSubsystemApple.uplugin" 78
"../../../Engine/Plugins/Online/SocketSubsystemEOS/SocketSubsystemEOS.uplugin" 79
"../../../Engine/Plugins/MovieScene/MovieRenderPipeline/MovieRenderPipeline.uplugin" 80
"../../../Engine/Plugins/Online/OnlineSubsystemNull/OnlineSubsystemNull.uplugin" 81
"../../../Engine/Plugins/Online/WebAuth/WebAuth.uplugin" 82
"../../../Engine/Plugins/Runtime/ActorLayerUtilities/ActorLayerUtilities.uplugin" 83
"../../../Engine/Plugins/PCGInterops/PCGGeometryScriptInterop/PCGGeometryScriptInterop.uplugin" 84
"../../../Engine/Plugins/PCGInterops/PCGExternalDataInterop/PCGExternalDataInterop.uplugin" 85
"../../../Engine/Plugins/Online/OnlineBase/OnlineBase.uplugin" 86
"../../../Engine/Plugins/Runtime/ADM/ADM.uplugin" 87
"../../../Engine/Plugins/Online/OnlineSubsystemUtils/OnlineSubsystemUtils.uplugin" 88
"../../../Engine/Plugins/Runtime/AndroidBackgroundService/AndroidBackgroundService.uplugin" 89
"../../../Engine/Plugins/Runtime/AndroidDeviceProfileSelector/AndroidDeviceProfileSelector.uplugin" 90
"../../../Engine/Plugins/Runtime/AndroidFileServer/AndroidFileServer.uplugin" 91
"../../../Engine/Plugins/Runtime/AnimationBudgetAllocator/AnimationBudgetAllocator.uplugin" 92
"../../../Engine/Plugins/Runtime/ApexDestruction/ApexDestruction.uplugin" 93
"../../../Engine/Plugins/Runtime/AppleImageUtils/AppleImageUtils.uplugin" 94
"../../../Engine/Plugins/Runtime/AndroidMoviePlayer/AndroidMoviePlayer.uplugin" 95
"../../../Engine/Plugins/Runtime/AndroidPermission/AndroidPermission.uplugin" 96
"../../../Engine/Plugins/Runtime/AppleMoviePlayer/AppleMoviePlayer.uplugin" 97
"../../../Engine/Plugins/Runtime/AssetTags/AssetTags.uplugin" 98
"../../../Engine/Plugins/Portal/LauncherChunkInstaller/LauncherChunkInstaller.uplugin" 99
"../../../Engine/Plugins/Runtime/AudioCapture/AudioCapture.uplugin" 100
"../../../Engine/Plugins/Runtime/AudioModulation/AudioModulation.uplugin" 101
"../../../Engine/Plugins/Runtime/AudioMotorSim/AudioMotorSim.uplugin" 102
"../../../Engine/Plugins/Runtime/ArchVisCharacter/ArchVisCharacter.uplugin" 103
"../../../Engine/Plugins/Runtime/CableComponent/CableComponent.uplugin" 104
"../../../Engine/Plugins/Runtime/AudioSynesthesia/AudioSynesthesia.uplugin" 105
"../../../Engine/Plugins/Runtime/AudioWidgets/AudioWidgets.uplugin" 106
"../../../Engine/Plugins/Runtime/ChunkDownloader/ChunkDownloader.uplugin" 107
"../../../Engine/Plugins/Runtime/CommonUI/CommonUI.uplugin" 108
"../../../Engine/Plugins/Runtime/DataRegistry/DataRegistry.uplugin" 109
"../../../Engine/Plugins/Runtime/GameFeatures/GameFeatures.uplugin" 110
"../../../Engine/Plugins/Runtime/ExampleDeviceProfileSelector/ExampleDeviceProfileSelector.uplugin" 111
"../../../Engine/Plugins/Runtime/GameplayAbilities/GameplayAbilities.uplugin" 112
"../../../Engine/Plugins/Runtime/GameplayBehaviorSmartObjects/GameplayBehaviorSmartObjects.uplugin" 113
"../../../Engine/Plugins/Runtime/GameplayInteractions/GameplayInteractions.uplugin" 114
"../../../Engine/Plugins/Runtime/GeometryCache/GeometryCache.uplugin" 115
"../../../Engine/Plugins/Runtime/GoogleCloudMessaging/GoogleCloudMessaging.uplugin" 116
"../../../Engine/Plugins/Runtime/Firebase/Firebase.uplugin" 117
"../../../Engine/Plugins/Runtime/GeoReferencing/GeoReferencing.uplugin" 118
"../../../Engine/Plugins/Runtime/GeometryScripting/GeometryScripting.uplugin" 119
"../../../Engine/Plugins/Runtime/GameInput/GameInput.uplugin" 120
"../../../Engine/Plugins/Runtime/GeometryProcessing/GeometryProcessing.uplugin" 121
"../../../Engine/Plugins/Runtime/ComputeFramework/ComputeFramework.uplugin" 122
"../../../Engine/Plugins/Runtime/Harmonix/Harmonix.uplugin" 123
"../../../Engine/Plugins/Runtime/GameplayStateTree/GameplayStateTree.uplugin" 124
"../../../Engine/Plugins/Runtime/HTTPChunkInstaller/HTTPChunkInstaller.uplugin" 125
"../../../Engine/Plugins/Runtime/InputDebugging/InputDebugging.uplugin" 126
"../../../Engine/Plugins/Runtime/CustomMeshComponent/CustomMeshComponent.uplugin" 127
"../../../Engine/Plugins/Runtime/HDRIBackdrop/HDRIBackdrop.uplugin" 128
"../../../Engine/Plugins/Runtime/HPMotionController/HPMotionController.uplugin" 129
"../../../Engine/Plugins/Runtime/IOSDeviceProfileSelector/IOSDeviceProfileSelector.uplugin" 130
"../../../Engine/Plugins/Runtime/IOSReplayKit/IOSReplayKit.uplugin" 131
"../../../Engine/Plugins/Runtime/LevelStreamingPersistence/LevelStreamingPersistence.uplugin" 132
"../../../Engine/Plugins/Runtime/LocationServicesBPLibrary/LocationServicesBPLibrary.uplugin" 133
"../../../Engine/Plugins/Runtime/LinuxDeviceProfileSelector/LinuxDeviceProfileSelector.uplugin" 134
"../../../Engine/Plugins/Runtime/InstancedActors/InstancedActors.uplugin" 135
"../../../Engine/Plugins/Runtime/LocationServicesAndroidImpl/LocationServicesAndroidImpl.uplugin" 136
"../../../Engine/Plugins/Runtime/LiveLinkOvernDisplay/LiveLinkOverNDisplay.uplugin" 137
"../../../Engine/Plugins/Runtime/LocationServicesIOSImpl/LocationServicesIOSImpl.uplugin" 138
"../../../Engine/Plugins/Runtime/MassEntity/MassEntity.uplugin" 139
"../../../Engine/Plugins/Runtime/MassGameplay/MassGameplay.uplugin" 140
"../../../Engine/Plugins/Runtime/Metasound/Metasound.uplugin" 141
"../../../Engine/Plugins/Runtime/MeshModelingToolset/MeshModelingToolset.uplugin" 142
"../../../Engine/Plugins/Runtime/MicrosoftSpatialAudio/MicroSoftSpatialSound.uplugin" 143
"../../../Engine/Plugins/Runtime/MIDIDevice/MIDIDevice.uplugin" 144
"../../../Engine/Plugins/Runtime/MixedRealityCaptureFramework/MixedRealityCaptureFramework.uplugin" 145
"../../../Engine/Plugins/Runtime/MobilePatchingUtils/MobilePatchingUtils.uplugin" 146
"../../../Engine/Plugins/Runtime/MobileFSR/MobileFSR.uplugin" 147
"../../../Engine/Plugins/Runtime/GooglePAD/GooglePAD.uplugin" 148
"../../../Engine/Plugins/Runtime/ModelViewViewModel/ModelViewViewModel.uplugin" 149
"../../../Engine/Plugins/Runtime/NavCorridor/NavCorridor.uplugin" 150
"../../../Engine/Plugins/Runtime/MsQuic/MsQuic.uplugin" 151
"../../../Engine/Plugins/Runtime/nDisplayModularFeatures/nDisplayModularFeatures.uplugin" 152
"../../../Engine/Plugins/Runtime/HairStrands/HairStrands.uplugin" 153
"../../../Engine/Plugins/Runtime/nDisplay/nDisplay.uplugin" 154
"../../../Engine/Plugins/Runtime/ModularGameplay/ModularGameplay.uplugin" 155
"../../../Engine/Plugins/Runtime/NetworkPrediction/NetworkPrediction.uplugin" 156
"../../../Engine/Plugins/Runtime/NetworkPredictionExtras/NetworkPredictionExtras.uplugin" 157
"../../../Engine/Plugins/Runtime/OpenCV/OpenCV.uplugin" 158
"../../../Engine/Plugins/Runtime/OpenXREyeTracker/OpenXREyeTracker.uplugin" 159
"../../../Engine/Plugins/Runtime/NetworkPredictionInsights/NetworkPredictionInsights.uplugin" 160
"../../../Engine/Plugins/Runtime/OpenXR/OpenXR.uplugin" 161
"../../../Engine/Plugins/Runtime/OpenXRViveTracker/OpenXRViveTracker.uplugin" 162
"../../../Engine/Plugins/Runtime/OptionalMobileFeaturesBPLibrary/OptionalMobileFeaturesBPLibrary.uplugin" 163
"../../../Engine/Plugins/Runtime/OpenXRHandTracking/OpenXRHandTracking.uplugin" 164
"../../../Engine/Plugins/Runtime/OSC/OSC.uplugin" 165
"../../../Engine/Plugins/Runtime/PreLoadScreenMoviePlayer/PreLoadScreenMoviePlayer.uplugin" 166
"../../../Engine/Plugins/Runtime/OpenXRMsftHandInteraction/OpenXRMsftHandInteraction.uplugin" 167
"../../../Engine/Plugins/Runtime/MusicEnvironment/MusicEnvironment.uplugin" 168
"../../../Engine/Plugins/Runtime/PropertyBindingUtils/PropertyBindingUtils.uplugin" 169
"../../../Engine/Plugins/Runtime/ScriptableToolsFramework/ScriptableToolsFramework.uplugin" 170
"../../../Engine/Plugins/Runtime/RigVM/RigVM.uplugin" 171
"../../../Engine/Plugins/Runtime/ReplicationSystemTestPlugin/ReplicationSystemTestPlugin.uplugin" 172
"../../../Engine/Plugins/Runtime/RenderTrace/RenderTrace.uplugin" 173
"../../../Engine/Plugins/Runtime/ReplicationGraph/ReplicationGraph.uplugin" 174
"../../../Engine/Plugins/Runtime/ResonanceAudio/ResonanceAudio.uplugin" 175
"../../../Engine/Plugins/Runtime/SignificanceManager/SignificanceManager.uplugin" 176
"../../../Engine/Plugins/Runtime/SkeletalMerging/SkeletalMerging.uplugin" 177
"../../../Engine/Plugins/Runtime/MultiServerReplication/MultiServerReplication.uplugin" 178
"../../../Engine/Plugins/Runtime/SoundUtilities/SoundUtilities.uplugin" 179
"../../../Engine/Plugins/Runtime/SoundFields/SoundFields.uplugin" 180
"../../../Engine/Plugins/Runtime/PropertyAccess/PropertyAccessEditor.uplugin" 181
"../../../Engine/Plugins/Runtime/ProceduralMeshComponent/ProceduralMeshComponent.uplugin" 182
"../../../Engine/Plugins/Runtime/SmartObjects/SmartObjects.uplugin" 183
"../../../Engine/Plugins/Runtime/SoundMod/SoundMod.uplugin" 184
"../../../Engine/Plugins/Runtime/Spatialization/Spatialization.uplugin" 185
"../../../Engine/Plugins/Runtime/SoundCueTemplates/SoundCueTemplates.uplugin" 186
"../../../Engine/Plugins/Runtime/USDCore/USDCore.uplugin" 187
"../../../Engine/Plugins/Runtime/StateTree/StateTree.uplugin" 188
"../../../Engine/Plugins/Runtime/WarpUtils/WarpUtils.uplugin" 189
"../../../Engine/Plugins/Runtime/WaveTable/WaveTable.uplugin" 190
"../../../Engine/Plugins/Runtime/WebBrowserNativeProxy/WebBrowserNativeProxy.uplugin" 191
"../../../Engine/Plugins/Runtime/SunPosition/SunPosition.uplugin" 192
"../../../Engine/Plugins/Runtime/Synthesis/Synthesis.uplugin" 193
"../../../Engine/Plugins/Runtime/WebBrowserWidget/WebBrowserWidget.uplugin" 194
"../../../Engine/Plugins/Runtime/WebMMoviePlayer/WebMMoviePlayer.uplugin" 195
"../../../Engine/Plugins/Runtime/WindowsDeviceProfileSelector/WindowsDeviceProfileSelector.uplugin" 196
"../../../Engine/Plugins/Runtime/XRBase/XRBase.uplugin" 197
"../../../Engine/Plugins/Runtime/ZoneGraph/ZoneGraph.uplugin" 198
"../../../Engine/Plugins/Runtime/Soundscape/Soundscape.uplugin" 199
"../../../Engine/Plugins/Slate/SlateInsights/SlateInsights.uplugin" 200
"../../../Engine/Plugins/Runtime/ZoneGraphAnnotations/ZoneGraphAnnotations.uplugin" 201
"../../../Engine/Plugins/Slate/SlateScripting/SlateScripting.uplugin" 202
"../../../Engine/Plugins/Tests/AutomationDriverTests/AutomationDriverTests.uplugin" 203
"../../../Engine/Plugins/Protocols/MQTT/MQTT.uplugin" 204
"../../../Engine/Plugins/Tests/EditorTests/EditorTests.uplugin" 205
"../../../Engine/Plugins/Tests/CQTestEnhancedInput/CQTestEnhancedInput.uplugin" 206
"../../../Engine/Plugins/Runtime/WindowsMoviePlayer/WindowsMoviePlayer.uplugin" 207
"../../../Engine/Plugins/Tests/PythonAutomationTest/PythonAutomationTest.uplugin" 208
"../../../Engine/Plugins/Runtime/WorldConditions/WorldConditions.uplugin" 209
"../../../Engine/Plugins/Web/HttpBlueprint/HttpBlueprint.uplugin" 210
"../../../Engine/Plugins/Tests/FbxAutomationTestBuilder/FbxAutomationTestBuilder.uplugin" 211
"../../../Engine/Plugins/VirtualProduction/ActorModifier/ActorModifier.uplugin" 212
"../../../Engine/Plugins/Tests/InterchangeTests/InterchangeTests.uplugin" 213
"../../../Engine/Plugins/VirtualProduction/ActorModifierCore/ActorModifierCore.uplugin" 214
"../../../Engine/Plugins/Tests/FunctionalTestingEditor/FunctionalTestingEditor.uplugin" 215
"../../../Engine/Plugins/Tests/CQTest/CQTest.uplugin" 216
"../../../Engine/Plugins/Tests/TestFramework/TestFramework.uplugin" 217
"../../../Engine/Plugins/Tests/RuntimeTests/RuntimeTests.uplugin" 218
"../../../Engine/Plugins/VirtualProduction/Avalanche/Avalanche.uplugin" 219
"../../../Engine/Plugins/Tests/WidgetAutomationTests/WidgetAutomationTests.uplugin" 220
"../../../Engine/Plugins/VirtualProduction/CameraCalibrationCore/CameraCalibrationCore.uplugin" 221
"../../../Engine/Plugins/VirtualProduction/CameraCalibrationML/CameraCalibrationML.uplugin" 222
"../../../Engine/Plugins/Tests/TestSamples/TestSamples.uplugin" 223
"../../../Engine/Plugins/VirtualProduction/CameraCalibration/CameraCalibration.uplugin" 224
"../../../Engine/Plugins/VirtualProduction/ClonerEffector/ClonerEffector.uplugin" 225
"../../../Engine/Plugins/VirtualProduction/CustomDetailsView/CustomDetailsView.uplugin" 226
"../../../Engine/Plugins/VirtualProduction/CinematicAssemblyTools/CinematicAssemblyTools.uplugin" 227
"../../../Engine/Plugins/VirtualProduction/DataCharts/DataCharts.uplugin" 228
"../../../Engine/Plugins/VirtualProduction/CompositePlane/CompositePlane.uplugin" 229
"../../../Engine/Plugins/VirtualProduction/ICVFX/ICVFX.uplugin" 230
"../../../Engine/Plugins/VirtualProduction/DynamicMaterial/DynamicMaterial.uplugin" 231
"../../../Engine/Plugins/VirtualProduction/EpicStageApp/EpicStageApp.uplugin" 232
"../../../Engine/Plugins/VirtualProduction/CaptureData/CaptureData.uplugin" 233
"../../../Engine/Plugins/VirtualProduction/ICVFXTesting/ICVFXTesting.uplugin" 234
"../../../Engine/Plugins/VirtualProduction/GeometryMask/GeometryMask.uplugin" 235
"../../../Engine/Plugins/VirtualProduction/LevelSnapshots/LevelSnapshots.uplugin" 236
"../../../Engine/Plugins/VirtualProduction/LiveLinkCamera/LiveLinkCamera.uplugin" 237
"../../../Engine/Plugins/VirtualProduction/LiveLinkFreeD/LiveLinkFreeD.uplugin" 238
"../../../Engine/Plugins/Tests/RHITests/RHITests.uplugin" 239
"../../../Engine/Plugins/VirtualProduction/LiveLinkInputDevice/LiveLinkInputDevice.uplugin" 240
"../../../Engine/Plugins/VirtualProduction/LiveLinkLens/LiveLinkLens.uplugin" 241
"../../../Engine/Plugins/VirtualProduction/LiveLinkPrestonMDR/LiveLinkPrestonMDR.uplugin" 242
"../../../Engine/Plugins/VirtualProduction/LiveLinkVRPN/LiveLinkVRPN.uplugin" 243
"../../../Engine/Plugins/VirtualProduction/LiveLinkOpenTrackIO/LiveLinkOpenTrackIO.uplugin" 244
"../../../Engine/Plugins/VirtualProduction/RemoteControl/RemoteControl.uplugin" 245
"../../../Engine/Plugins/VirtualProduction/MultiUserTakes/MultiUserTakes.uplugin" 246
"../../../Engine/Plugins/VirtualProduction/PropertyAnimatorCore/PropertyAnimatorCore.uplugin" 247
"../../../Engine/Plugins/VirtualProduction/LiveLinkMasterLockit/LiveLinkMasterLockit.uplugin" 248
"../../../Engine/Plugins/VirtualProduction/RemoteControlProtocolMIDI/RemoteControlProtocolMIDI.uplugin" 249
"../../../Engine/Plugins/VirtualProduction/LiveLinkXR/LiveLinkXR.uplugin" 250
"../../../Engine/Plugins/VirtualProduction/OperatorStack/OperatorStack.uplugin" 251
"../../../Engine/Plugins/VirtualProduction/LensComponent/LensComponent.uplugin" 252
"../../../Engine/Plugins/VirtualProduction/RemoteControlProtocolOSC/RemoteControlProtocolOSC.uplugin" 253
"../../../Engine/Plugins/VirtualProduction/RemoteControlProtocolDMX/RemoteControlProtocolDMX.uplugin" 254
"../../../Engine/Plugins/VirtualProduction/RemoteControlWebInterface/RemoteControlWebInterface.uplugin" 255
"../../../Engine/Plugins/VirtualProduction/SequencerPlaylists/SequencerPlaylists.uplugin" 256
"../../../Engine/Plugins/VirtualProduction/RemoteControlInterception/RemoteControlInterception.uplugin" 257
"../../../Engine/Plugins/VirtualProduction/StormSync/StormSync.uplugin" 258
"../../../Engine/Plugins/VirtualProduction/StormSyncAvalancheBridge/StormSyncAvalancheBridge.uplugin" 259
"../../../Engine/Plugins/VirtualProduction/Switchboard/Switchboard.uplugin" 260
"../../../Engine/Plugins/VirtualProduction/StageMonitoring/StageMonitoring.uplugin" 261
"../../../Engine/Plugins/VirtualProduction/Takes/Takes.uplugin" 262
"../../../Engine/Plugins/VirtualProduction/VirtualScouting/VirtualScouting.uplugin" 263
"../../../Engine/Plugins/VirtualProduction/VirtualCamera/VirtualCamera.uplugin" 264
"../../../Engine/Plugins/VirtualProduction/TimedDataMonitor/TimedDataMonitor.uplugin" 265
"../../../Engine/Plugins/VirtualProduction/VirtualCameraCore/VirtualCameraCore.uplugin" 266
"../../../Engine/Plugins/VirtualProduction/TextureShare/TextureShare.uplugin" 267
"../../../Engine/Plugins/2D/Paper2D/Paper2D.uplugin" 268
"../../../Engine/Plugins/AI/HTNPlanner/HTNPlanner.uplugin" 269
"../../../Engine/Plugins/AI/MassCrowd/MassCrowd.uplugin" 270
"../../../Engine/Plugins/AI/EnvironmentQueryEditor/EnvironmentQueryEditor.uplugin" 271
"../../../Engine/Plugins/AI/MassAI/MassAI.uplugin" 272
"../../../Engine/Plugins/VirtualProduction/PropertyAnimator/PropertyAnimator.uplugin" 273
"../../../Engine/Plugins/AI/AISupport/AISupport.uplugin" 274
"../../../Engine/Plugins/Animation/ACLPlugin/ACLPlugin.uplugin" 275
"../../../Engine/Plugins/Animation/AnimationData/AnimationData.uplugin" 276
"../../../Engine/Plugins/Animation/AnimationLocomotionLibrary/AnimationLocomotionLibrary.uplugin" 277
"../../../Engine/Plugins/Animation/AnimationModifierLibrary/AnimationModifierLibrary.uplugin" 278
"../../../Engine/Plugins/AI/MLAdapter/MLAdapter.uplugin" 279
"../../../Engine/Plugins/Animation/AnimationWarping/AnimationWarping.uplugin" 280
"../../../Engine/Plugins/Animation/BlendSpaceMotionAnalysis/BlendSpaceMotionAnalysis.uplugin" 281
"../../../Engine/Plugins/Animation/BlendStack/BlendStack.uplugin" 282
"../../../Engine/Plugins/Animation/AnimatorKit/AnimatorKit.uplugin" 283
"../../../Engine/Plugins/Animation/DeformerGraph/DeformerGraph.uplugin" 284
"../../../Engine/Plugins/Animation/ControlRigSpline/ControlRigSpline.uplugin" 285
"../../../Engine/Plugins/Animation/ControlRigModules/ControlRigModules.uplugin" 286
"../../../Engine/Plugins/Animation/ControlRig/ControlRig.uplugin" 287
"../../../Engine/Plugins/Animation/IKRig/IKRig.uplugin" 288
"../../../Engine/Plugins/Animation/GameplayInsights/GameplayInsights.uplugin" 289
"../../../Engine/Plugins/Animation/LiveLinkExampleDevice/LiveLinkExampleDevice.uplugin" 290
"../../../Engine/Plugins/Animation/DNACalib/DNACalib.uplugin" 291
"../../../Engine/Plugins/Animation/LiveLinkCurveDebugUI/LiveLinkCurveDebugUI.uplugin" 292
"../../../Engine/Plugins/Animation/LiveLink/LiveLink.uplugin" 293
"../../../Engine/Plugins/Animation/LiveLinkHub/LiveLinkHub.uplugin" 294
"../../../Engine/Plugins/Animation/GeneSplicer/GeneSplicer.uplugin" 295
"../../../Engine/Plugins/Animation/LiveLinkDevice/LiveLinkDevice.uplugin" 296
"../../../Engine/Plugins/Animation/MotionWarping/MotionWarping.uplugin" 297
"../../../Engine/Plugins/Animation/PoseSearch/PoseSearch.uplugin" 298
"../../../Engine/Plugins/Animation/PerformanceCaptureCore/PerformanceCaptureCore.uplugin" 299
"../../../Engine/Plugins/Animation/SkeletalMeshModelingTools/SkeletalMeshModelingTools.uplugin" 300
"../../../Engine/Plugins/Cameras/EngineCameras/EngineCameras.uplugin" 301
"../../../Engine/Plugins/VirtualProduction/PerformanceCaptureWorkflow/PerformanceCaptureWorkflow.uplugin" 302
"../../../Engine/Plugins/Animation/TweeningUtils/TweeningUtils.uplugin" 303
"../../../Engine/Plugins/Compositing/Composure/Composure.uplugin" 304
"../../../Engine/Plugins/Cameras/CameraShakePreviewer/CameraShakePreviewer.uplugin" 305
"../../../Engine/Plugins/Compositing/LensDistortion/LensDistortion.uplugin" 306
"../../../Engine/Plugins/Compositing/OpenColorIO/OpenColorIO.uplugin" 307
"../../../Engine/Plugins/Developer/AnimationSharing/AnimationSharing.uplugin" 308
"../../../Engine/Plugins/Compression/OodleNetwork/OodleNetwork.uplugin" 309
"../../../Engine/Plugins/Developer/BlankPlugin/BlankPlugin.uplugin" 310
"../../../Engine/Plugins/Developer/CLionSourceCodeAccess/CLionSourceCodeAccess.uplugin" 311
"../../../Engine/Plugins/Compositing/OpenCVLensDistortion/OpenCVLensDistortion.uplugin" 312
"../../../Engine/Plugins/Animation/RigLogic/RigLogic.uplugin" 313
"../../../Engine/Plugins/Developer/DumpGPUServices/DumpGPUServices.uplugin" 314
"../../../Engine/Plugins/Developer/FieldNotificationTrace/FieldNotificationTrace.uplugin" 315
"../../../Engine/Plugins/Developer/CodeLiteSourceCodeAccess/CodeLiteSourceCodeAccess.uplugin" 316
"../../../Engine/Plugins/Developer/KDevelopSourceCodeAccess/KDevelopSourceCodeAccess.uplugin" 317
"../../../Engine/Plugins/Developer/GitSourceControl/GitSourceControl.uplugin" 318
"../../../Engine/Plugins/Developer/NullSourceCodeAccess/NullSourceCodeAccess.uplugin" 319
"../../../Engine/Plugins/Developer/NamingTokens/NamingTokens.uplugin" 320
"../../../Engine/Plugins/Developer/PixWinPlugin/PixWinPlugin.uplugin" 321
"../../../Engine/Plugins/Developer/N10XSourceCodeAccess/N10XSourceCodeAccess.uplugin" 322
"../../../Engine/Plugins/Developer/RenderDocPlugin/RenderDocPlugin.uplugin" 323
"../../../Engine/Plugins/Developer/PerforceSourceControl/PerforceSourceControl.uplugin" 324
"../../../Engine/Plugins/Developer/RiderSourceCodeAccess/RiderSourceCodeAccess.uplugin" 325
"../../../Engine/Plugins/Developer/TraceDataFiltering/TraceDataFilters.uplugin" 326
"../../../Engine/Plugins/Developer/UObjectPlugin/UObjectPlugin.uplugin" 327
"../../../Engine/Plugins/Developer/TextureFormatOodle/TextureFormatOodle.uplugin" 328
"../../../Engine/Plugins/Developer/PropertyAccessNode/PropertyAccessNode.uplugin" 329
"../../../Engine/Plugins/Developer/PlasticSourceControl/PlasticSourceControl.uplugin" 330
"../../../Engine/Plugins/Developer/ProjectLauncher/ProjectLauncher.uplugin" 331
"../../../Engine/Plugins/Developer/PluginUtils/PluginUtils.uplugin" 332
"../../../Engine/Plugins/Developer/VisualStudioCodeSourceCodeAccess/VisualStudioCodeSourceCodeAccess.uplugin" 333
"../../../Engine/Plugins/Developer/XcodeGPUDebuggerPlugin/XcodeGPUDebuggerPlugin.uplugin" 334
"../../../Engine/Plugins/Developer/XCodeSourceCodeAccess/XCodeSourceCodeAccess.uplugin" 335
"../../../Engine/Plugins/Developer/VisualStudioSourceCodeAccess/VisualStudioSourceCodeAccess.uplugin" 336
"../../../Engine/Plugins/Developer/OneSkyLocalizationService/OneSkyLocalizationService.uplugin" 337
"../../../Engine/Plugins/Cameras/GameplayCameras/GameplayCameras.uplugin" 338
"../../../Engine/Plugins/Editor/AssetManagerEditor/AssetManagerEditor.uplugin" 339
"../../../Engine/Plugins/Editor/AssetReferenceRestrictions/AssetReferenceRestrictions.uplugin" 340
"../../../Engine/Plugins/Editor/AssetSearch/AssetSearch.uplugin" 341
"../../../Engine/Plugins/Developer/SubversionSourceControl/SubversionSourceControl.uplugin" 342
"../../../Engine/Plugins/Editor/ChangelistReview/ChangelistReview.uplugin" 343
"../../../Engine/Plugins/Editor/AssetRegistryExport/AssetRegistryExport.uplugin" 344
"../../../Engine/Plugins/Editor/CryptoKeys/CryptoKeys.uplugin" 345
"../../../Engine/Plugins/Developer/TraceSourceFiltering/TraceSourceFilters.uplugin" 346
"../../../Engine/Plugins/Editor/BlueprintHeaderView/BlueprintHeaderView.uplugin" 347
"../../../Engine/Plugins/Editor/DisplayClusterLaunch/DisplayClusterLaunch.uplugin" 348
"../../../Engine/Plugins/Editor/BlueprintMaterialTextureNodes/BlueprintMaterialTextureNodes.uplugin" 349
"../../../Engine/Plugins/Editor/ConsoleVariablesEditor/ConsoleVariables.uplugin" 350
"../../../Engine/Plugins/Editor/CurveEditorTools/CurveEditorTools.uplugin" 351
"../../../Engine/Plugins/Editor/EditorDebugTools/EditorDebugTools.uplugin" 352
"../../../Engine/Plugins/Editor/EditorScriptingUtilities/EditorScriptingUtilities.uplugin" 353
"../../../Engine/Plugins/Editor/EditorSysConfigAssistant/EditorSysConfigAssistant.uplugin" 354
"../../../Engine/Plugins/Editor/EngineAssetDefinitions/EngineAssetDefinitions.uplugin" 355
"../../../Engine/Plugins/Editor/FacialAnimation/FacialAnimation.uplugin" 356
"../../../Engine/Plugins/Editor/ColorGrading/ColorGrading.uplugin" 357
"../../../Engine/Plugins/Editor/GameplayTagsEditor/GameplayTagsEditor.uplugin" 358
"../../../Engine/Plugins/Editor/LiveUpdateForSlate/LiveUpdateForSlate.uplugin" 359
"../../../Engine/Plugins/Editor/MacGraphicsSwitching/MacGraphicsSwitching.uplugin" 360
"../../../Engine/Plugins/Editor/GeometryMode/GeometryMode.uplugin" 361
"../../../Engine/Plugins/Editor/MeshLODToolset/MeshLODToolset.uplugin" 362
"../../../Engine/Plugins/Editor/GuidedTutorials/GuidedTutorials.uplugin" 363
"../../../Engine/Plugins/Editor/ModelingToolsEditorMode/ModelingToolsEditorMode.uplugin" 364
"../../../Engine/Plugins/Editor/MaterialAnalyzer/MaterialAnalyzer.uplugin" 365
"../../../Engine/Plugins/Developer/DirectoryPlaceholder/DirectoryPlaceholder.uplugin" 366
"../../../Engine/Plugins/Editor/PluginBrowser/PluginBrowser.uplugin" 367
"../../../Engine/Plugins/Editor/ModelViewViewModelPreview/ModelViewViewModelPreview.uplugin" 368
"../../../Engine/Plugins/Editor/ScriptableToolsEditorMode/ScriptableToolsEditorMode.uplugin" 369
"../../../Engine/Plugins/Editor/DataValidation/DataValidation.uplugin" 370
"../../../Engine/Plugins/Editor/SampleToolsEditorMode/SampleToolsEditorMode.uplugin" 371
"../../../Engine/Plugins/Editor/MobileLauncherProfileWizard/MobileLauncherProfileWizard.uplugin" 372
"../../../Engine/Plugins/Editor/ProxyLODPlugin/ProxyLODPlugin.uplugin" 373
"../../../Engine/Plugins/Editor/MakeCookedEditorAsDLC/MakeCookedEditorAsDLC.uplugin" 374
"../../../Engine/Plugins/Editor/UMGWidgetPreview/UMGWidgetPreview.uplugin" 375
"../../../Engine/Plugins/Editor/SpeedTreeImporter/SpeedTreeImporter.uplugin" 376
"../../../Engine/Plugins/Editor/WorldPartitionHLODUtilities/WorldPartitionHLODUtilities.uplugin" 377
"../../../Engine/Plugins/Enterprise/DataprepEditor/DataprepEditor.uplugin" 378
"../../../Engine/Plugins/Enterprise/DatasmithCADImporter/DatasmithCADImporter.uplugin" 379
"../../../Engine/Plugins/Enterprise/AxFImporter/AxFImporter.uplugin" 380
"../../../Engine/Plugins/Enterprise/DatasmithC4DImporter/DatasmithC4DImporter.uplugin" 381
"../../../Engine/Plugins/Enterprise/DatasmithContent/DatasmithContent.uplugin" 382
"../../../Engine/Plugins/Editor/WaveformEditor/WaveformEditor.uplugin" 383
"../../../Engine/Plugins/Enterprise/DatasmithFBXImporter/DatasmithFBXImporter.uplugin" 384
"../../../Engine/Plugins/Enterprise/GLTFExporter/GLTFExporter.uplugin" 385
"../../../Engine/Plugins/Editor/SequencerAnimTools/SequencerAnimTools.uplugin" 386
"../../../Engine/Plugins/Enterprise/DatasmithImporter/DatasmithImporter.uplugin" 387
"../../../Engine/Plugins/Enterprise/LidarPointCloud/LidarPointCloud.uplugin" 388
"../../../Engine/Plugins/Enterprise/MDLImporter/MDLImporter.uplugin" 389
"../../../Engine/Plugins/Enterprise/VariantManager/VariantManager.uplugin" 390
"../../../Engine/Plugins/Enterprise/VariantManagerContent/VariantManagerContent.uplugin" 391
"../../../Engine/Plugins/Experimental/ActorPalette/ActorPalette.uplugin" 392
"../../../Engine/Plugins/Editor/StaticMeshEditorModeling/StaticMeshEditorModeling.uplugin" 393
"../../../Engine/Plugins/Editor/UVEditor/UVEditor.uplugin" 394
"../../../Engine/Plugins/Experimental/AbilitySystemGameFeatureActions/AbilitySystemGameFeatureActions.uplugin" 395
"../../../Engine/Plugins/Experimental/AnimNextStateTree/AnimNextStateTree.uplugin" 396
"../../../Engine/Plugins/Experimental/AnimNextAnimGraph/AnimNextAnimGraph.uplugin" 397
"../../../Engine/Plugins/Experimental/AnimNextChooser/AnimNextChooser.uplugin" 398
"../../../Engine/Plugins/Experimental/AdvancedRenamer/AdvancedRenamer.uplugin" 399
"../../../Engine/Plugins/Experimental/AnimNextControlRig/AnimNextControlRig.uplugin" 400
"../../../Engine/Plugins/Experimental/AnimNextPoseSearch/AnimNextPoseSearch.uplugin" 401
"../../../Engine/Plugins/Experimental/AnimNextWarping/AnimNextWarping.uplugin" 402
"../../../Engine/Plugins/Experimental/AnimToTexture/AnimToTexture.uplugin" 403
"../../../Engine/Plugins/Experimental/AsyncMessageSystemTests/AsyncMessageSystemTests.uplugin" 404
"../../../Engine/Plugins/Experimental/AnimNext/AnimNext.uplugin" 405
"../../../Engine/Plugins/Experimental/AvalancheDisplayCluster/AvalancheDisplayCluster.uplugin" 406
"../../../Engine/Plugins/Experimental/AvalancheSequenceNavigator/AvalancheSequenceNavigator.uplugin" 407
"../../../Engine/Plugins/Experimental/BlueprintStats/BlueprintStats.uplugin" 408
"../../../Engine/Plugins/Experimental/BackChannel/BackChannel.uplugin" 409
"../../../Engine/Plugins/Experimental/BlueprintSnapNodes/BlueprintSnapNodes.uplugin" 410
"../../../Engine/Plugins/Experimental/AsyncMessageSystem/AsyncMessageSystem.uplugin" 411
"../../../Engine/Plugins/Editor/StylusInput/StylusInput.uplugin" 412
"../../../Engine/Plugins/Experimental/CelestialVault/CelestialVault.uplugin" 413
"../../../Engine/Plugins/Experimental/ChaosClothEditor/ChaosClothEditor.uplugin" 414
"../../../Engine/Plugins/Experimental/AvalancheDataLink/AvalancheDataLink.uplugin" 415
"../../../Engine/Plugins/Experimental/AvalancheSceneState/AvalancheSceneState.uplugin" 416
"../../../Engine/Plugins/Experimental/ChaosModularVehicle/ChaosModularVehicle.uplugin" 417
"../../../Engine/Plugins/Experimental/ChaosCaching/ChaosCaching.uplugin" 418
"../../../Engine/Plugins/Experimental/ChaosCachingUSD/ChaosCachingUSD.uplugin" 419
"../../../Engine/Plugins/Experimental/ChaosNiagara/ChaosNiagara.uplugin" 420
"../../../Engine/Plugins/Experimental/ChaosMover/ChaosMover.uplugin" 421
"../../../Engine/Plugins/Experimental/ChaosEditor/ChaosEditor.uplugin" 422
"../../../Engine/Plugins/Experimental/ChaosOutfitAsset/ChaosOutfitAsset.uplugin" 423
"../../../Engine/Plugins/Experimental/CharacterAI/CharacterAI.uplugin" 424
"../../../Engine/Plugins/Experimental/ChaosUserDataPT/ChaosUserDataPT.uplugin" 425
"../../../Engine/Plugins/Experimental/ChaosSolverPlugin/ChaosSolverPlugin.uplugin" 426
"../../../Engine/Plugins/Experimental/CineCameraSceneCapture/CineCameraSceneCapture.uplugin" 427
"../../../Engine/Plugins/Experimental/CineCameraRigs/CineCameraRigs.uplugin" 428
"../../../Engine/Plugins/Experimental/CodeEditor/CodeEditor.uplugin" 429
"../../../Engine/Plugins/Experimental/CodeView/CodeView.uplugin" 430
"../../../Engine/Plugins/Experimental/ColorCorrectRegions/ColorCorrectRegions.uplugin" 431
"../../../Engine/Plugins/Experimental/ChaosVehiclesPlugin/ChaosVehiclesPlugin.uplugin" 432
"../../../Engine/Plugins/Experimental/ControlFlows/ControlFlows.uplugin" 433
"../../../Engine/Plugins/Experimental/ChaosFlesh/ChaosFlesh.uplugin" 434
"../../../Engine/Plugins/Experimental/Dataflow/Dataflow.uplugin" 435
"../../../Engine/Plugins/Experimental/DataLinkOAuth/DataLinkOAuth.uplugin" 436
"../../../Engine/Plugins/Experimental/DaySequence/DaySequence.uplugin" 437
"../../../Engine/Plugins/Experimental/AutomationUtils/AutomationUtils.uplugin" 438
"../../../Engine/Plugins/Experimental/ChaosModularVehicleExamples/ChaosModularVehicleExamples.uplugin" 439
"../../../Engine/Plugins/Experimental/DynamicMaterialMediaStreamBridge/DynamicMaterialMediaStreamBridge.uplugin" 440
"../../../Engine/Plugins/Experimental/EditorDataStorageFeatures/EditorDataStorageFeatures.uplugin" 441
"../../../Engine/Plugins/Experimental/EditorPerformance/EditorPerformance.uplugin" 442
"../../../Engine/Plugins/Experimental/EditorTelemetry/EditorTelemetry.uplugin" 443
"../../../Engine/Plugins/Experimental/EvaluationNotifies/EvaluationNotifies.uplugin" 444
"../../../Engine/Plugins/Experimental/FastGeoStreaming/FastGeoStreaming.uplugin" 445
"../../../Engine/Plugins/Experimental/DefaultInstallBundleManager/DefaultInstallBundleManager.uplugin" 446
"../../../Engine/Plugins/Experimental/FieldSystemPlugin/FieldSystemPlugin.uplugin" 447
"../../../Engine/Plugins/Experimental/EditorDataStorage/EditorDataStorage.uplugin" 448
"../../../Engine/Plugins/Experimental/Fracture/Fracture.uplugin" 449
"../../../Engine/Plugins/Experimental/FloatingProperties/FloatingProperties.uplugin" 450
"../../../Engine/Plugins/Experimental/GameInputWindows/GameInputWindows.uplugin" 451
"../../../Engine/Plugins/Experimental/GameplayGraph/GameplayGraph.uplugin" 452
"../../../Engine/Plugins/Experimental/Gauntlet/Gauntlet.uplugin" 453
"../../../Engine/Plugins/Experimental/CommonConversation/CommonConversation.uplugin" 454
"../../../Engine/Plugins/Experimental/GameplayBehaviors/GameplayBehaviors.uplugin" 455
"../../../Engine/Plugins/Experimental/GeometryCacheLevelSequenceBaker/GeometryCacheLevelSequenceBaker.uplugin" 456
"../../../Engine/Plugins/Experimental/DataLink/DataLink.uplugin" 457
"../../../Engine/Plugins/Experimental/GeometryCollectionPlugin/GeometryCollectionPlugin.uplugin" 458
"../../../Engine/Plugins/Experimental/GeometryDataflow/GeometryDataflow.uplugin" 459
"../../../Engine/Plugins/Experimental/Buoyancy/Buoyancy.uplugin" 460
"../../../Engine/Plugins/Experimental/GeometryFlow/GeometryFlow.uplugin" 461
"../../../Engine/Plugins/Experimental/GizmoFramework/GizmoFramework.uplugin" 462
"../../../Engine/Plugins/Experimental/GeometryCacheAbcFile/GeometryCacheAbcFile.uplugin" 463
"../../../Engine/Plugins/Experimental/GameplayTargetingSystem/TargetingSystem.uplugin" 464
"../../../Engine/Plugins/Experimental/HairCardGenerator/HairCardGenerator.uplugin" 465
"../../../Engine/Plugins/Experimental/FullBodyIK/FullBodyIK.uplugin" 466
"../../../Engine/Plugins/Experimental/ImageWidgets/ImageWidgets.uplugin" 467
"../../../Engine/Plugins/Experimental/GPULightmass/GPULightmass.uplugin" 468
"../../../Engine/Plugins/Experimental/ImagePlate/ImagePlate.uplugin" 469
"../../../Engine/Plugins/Experimental/InstanceDataObjectFixupTool/InstanceDataObjectFixupTool.uplugin" 470
"../../../Engine/Plugins/Experimental/ImpostorBaker/ImpostorBaker.uplugin" 471
"../../../Engine/Plugins/Experimental/JWT/JWT.uplugin" 472
"../../../Engine/Plugins/Experimental/Iris/Iris.uplugin" 473
"../../../Engine/Plugins/Experimental/Landmass/Landmass.uplugin" 474
"../../../Engine/Plugins/Experimental/HairModelingToolset/HairModelingToolset.uplugin" 475
"../../../Engine/Plugins/Experimental/InteractionInterface/InteractionInterface.uplugin" 476
"../../../Engine/Plugins/Experimental/InlineMaterialInstance/InlineMaterialInstance.uplugin" 477
"../../../Engine/Plugins/Experimental/LiveLinkFaceImporter/LiveLinkFaceImporter.uplugin" 478
"../../../Engine/Plugins/Experimental/LandscapePatch/LandscapePatch.uplugin" 479
"../../../Engine/Plugins/Experimental/LiveLinkControlRig/LiveLinkControlRig.uplugin" 480
"../../../Engine/Plugins/Experimental/LocalizableMessage/LocalizableMessage.uplugin" 481
"../../../Engine/Plugins/Experimental/LevelSequenceNavigatorBridge/LevelSequenceNavigatorBridge.uplugin" 482
"../../../Engine/Plugins/Experimental/LiveLinkOpenVR/LiveLinkOpenVR.uplugin" 483
"../../../Engine/Plugins/Experimental/GizmoEdMode/GizmoEdMode.uplugin" 484
"../../../Engine/Plugins/Experimental/CinematicPrestreaming/CinematicPrestreaming.uplugin" 485
"../../../Engine/Plugins/Experimental/MeshResizing/MeshResizing.uplugin" 486
"../../../Engine/Plugins/Experimental/MeshModelingToolsetExp/MeshModelingToolsetExp.uplugin" 487
"../../../Engine/Plugins/Experimental/MetasoundExperimental/MetasoundExperimental.uplugin" 488
"../../../Engine/Plugins/Experimental/MediaViewer/MediaViewer.uplugin" 489
"../../../Engine/Plugins/Experimental/MoverAnimNext/MoverAnimNext.uplugin" 490
"../../../Engine/Plugins/Experimental/MLflow/MLflow.uplugin" 491
"../../../Engine/Plugins/Experimental/Mover/Mover.uplugin" 492
"../../../Engine/Plugins/Experimental/MoverIntegrations/MoverIntegrations.uplugin" 493
"../../../Engine/Plugins/Experimental/MoverExamples/MoverExamples.uplugin" 494
"../../../Engine/Plugins/Experimental/MotoSynth/MotoSynth.uplugin" 495
"../../../Engine/Plugins/Experimental/MoverTests/MoverTests.uplugin" 496
"../../../Engine/Plugins/Experimental/MovieScenePoseSearchTracks/MovieScenePoseSearchTracks.uplugin" 497
"../../../Engine/Plugins/Experimental/MutablePopulation/MutablePopulation.uplugin" 498
"../../../Engine/Plugins/Experimental/NaniteDisplacedMesh/NaniteDisplacedMesh.uplugin" 499
"../../../Engine/Plugins/Experimental/MotorSimOutputMotoSynth/MotorSimOutputMotoSynth.uplugin" 500
"../../../Engine/Plugins/Experimental/HairStrandsMutable/HairStrandsMutable.uplugin" 501
"../../../Engine/Plugins/Experimental/LowLevelNetTrace/LowLevelNetTrace.uplugin" 502
"../../../Engine/Plugins/Experimental/MediaStream/MediaStream.uplugin" 503
"../../../Engine/Plugins/Experimental/OpenImageDenoise/OpenImageDenoise.uplugin" 504
"../../../Engine/Plugins/Experimental/MovieSceneAnimMixer/MovieSceneAnimMixer.uplugin" 505
"../../../Engine/Plugins/Experimental/NeuralRendering/NeuralRendering.uplugin" 506
"../../../Engine/Plugins/Experimental/NNERuntimeIREE/NNERuntimeIREE.uplugin" 507
"../../../Engine/Plugins/Experimental/PCGBiomeCore/PCGBiomeCore.uplugin" 508
"../../../Engine/Plugins/Experimental/OptiXDenoise/OptiXDenoise.uplugin" 509
"../../../Engine/Plugins/Experimental/MutableClothing/MutableClothing.uplugin" 510
"../../../Engine/Plugins/Experimental/NNERuntimeCoreML/NNERuntimeCoreML.uplugin" 511
"../../../Engine/Plugins/Experimental/PCGBiomeSample/PCGBiomeSample.uplugin" 512
"../../../Engine/Plugins/Experimental/PlainProps/PlainProps.uplugin" 513
"../../../Engine/Plugins/Experimental/PixelStreamingPlayer/PixelStreamingPlayer.uplugin" 514
"../../../Engine/Plugins/Experimental/PlanarCutPlugin/PlanarCut.uplugin" 515
"../../../Engine/Plugins/Experimental/NNERuntimeBasicCpu/NNERuntimeBasicCpu.uplugin" 516
"../../../Engine/Plugins/Experimental/PlatformCrypto/PlatformCrypto.uplugin" 517
"../../../Engine/Plugins/Experimental/PluginTemplateTool/PluginTemplateTool.uplugin" 518
"../../../Engine/Plugins/Experimental/PlainPropsUObject/PlainPropsUObject.uplugin" 519
"../../../Engine/Plugins/Experimental/PostProcessMaterialChainGraph/PostProcessMaterialChainGraph.uplugin" 520
"../../../Engine/Plugins/Experimental/NNERuntimeRDG/NNERuntimeRDG.uplugin" 521
"../../../Engine/Plugins/Experimental/PythonFoundationPackages/PythonFoundationPackages.uplugin" 522
"../../../Engine/Plugins/Experimental/PSDImporter/PSDImporter.uplugin" 523
"../../../Engine/Plugins/Experimental/PSDImporterMaterialDesignerBridge/PSDImporterMaterialDesignerBridge.uplugin" 524
"../../../Engine/Plugins/Experimental/QuicMessaging/QuicMessaging.uplugin" 525
"../../../Engine/Plugins/Experimental/PluginReferenceViewer/PluginReferenceViewer.uplugin" 526
"../../../Engine/Plugins/Experimental/PluginAudit/PluginAudit.uplugin" 527
"../../../Engine/Plugins/Experimental/RawInput/RawInput.uplugin" 528
"../../../Engine/Plugins/Experimental/PhysicsControl/PhysicsControl.uplugin" 529
"../../../Engine/Plugins/Experimental/RenderGrid/RenderGrid.uplugin" 530
"../../../Engine/Plugins/Experimental/RazerChromaDevices/RazerChromaDevices.uplugin" 531
"../../../Engine/Plugins/Experimental/PythonScriptPlugin/PythonScriptPlugin.uplugin" 532
"../../../Engine/Plugins/Experimental/RemoteSession/RemoteSession.uplugin" 533
"../../../Engine/Plugins/Experimental/RigLogicMutable/RigLogicMutable.uplugin" 534
"../../../Engine/Plugins/Experimental/SecuritySandbox/SecuritySandbox.uplugin" 535
"../../../Engine/Plugins/Experimental/RemoteControlComponents/RemoteControlComponents.uplugin" 536
"../../../Engine/Plugins/Experimental/Shotgrid/Shotgrid.uplugin" 537
"../../../Engine/Plugins/Experimental/ScreenReader/ScreenReader.uplugin" 538
"../../../Engine/Plugins/Experimental/NFORDenoise/NFORDenoise.uplugin" 539
"../../../Engine/Plugins/Experimental/SimpleHMD/SimpleHMD.uplugin" 540
"../../../Engine/Plugins/Experimental/SkeletalReduction/SkeletalReduction.uplugin" 541
"../../../Engine/Plugins/Experimental/RigLogicAnimNext/RigLogicAnimNext.uplugin" 542
"../../../Engine/Plugins/Experimental/SceneState/SceneState.uplugin" 543
"../../../Engine/Plugins/Experimental/SequenceNavigator/SequenceNavigator.uplugin" 544
"../../../Engine/Plugins/Experimental/SlateIM/SlateIM.uplugin" 545
"../../../Engine/Plugins/Experimental/SpatialReadiness/SpatialReadiness.uplugin" 546
"../../../Engine/Plugins/Experimental/StateGraph/StateGraph.uplugin" 547
"../../../Engine/Plugins/Experimental/SerializationUtils/SerializationUtils.uplugin" 548
"../../../Engine/Plugins/Experimental/SlateModelViewViewModel/SlateModelViewViewModel.uplugin" 549
"../../../Engine/Plugins/Experimental/StructUtils/StructUtils.uplugin" 550
"../../../Engine/Plugins/Experimental/SubmitToolEditor/SubmitToolEditor.uplugin" 551
"../../../Engine/Plugins/Experimental/SurfaceEffects/SurfaceEffects.uplugin" 552
"../../../Engine/Plugins/Experimental/SVGImporter/SVGImporter.uplugin" 553
"../../../Engine/Plugins/Experimental/TechAudioTools/TechAudioTools.uplugin" 554
"../../../Engine/Plugins/Experimental/PanoramicCapture/PanoramicCapture.uplugin" 555
"../../../Engine/Plugins/Experimental/Tensorboard/Tensorboard.uplugin" 556
"../../../Engine/Plugins/Experimental/SubtitlesAndClosedCaptions/SubtitlesAndClosedCaptions.uplugin" 557
"../../../Engine/Plugins/Experimental/SlateScreenReader/SlateScreenReader.uplugin" 558
"../../../Engine/Plugins/Experimental/RuntimeTelemetry/RuntimeTelemetry.uplugin" 559
"../../../Engine/Plugins/Experimental/TetMeshing/TetMeshing.uplugin" 560
"../../../Engine/Plugins/Experimental/TextToSpeech/TextToSpeech.uplugin" 561
"../../../Engine/Plugins/Experimental/Text3D/Text3D.uplugin" 562
"../../../Engine/Plugins/Experimental/ToolPresets/ToolPresets.uplugin" 563
"../../../Engine/Plugins/Experimental/TextureMediaPlayer/TextureMediaPlayer.uplugin" 564
"../../../Engine/Plugins/Experimental/UIFramework/UIFramework.uplugin" 565
"../../../Engine/Plugins/Experimental/UserToolBoxBasicCommand/UserToolBoxBasicCommand.uplugin" 566
"../../../Engine/Plugins/Experimental/TargetDeviceServicesScripting/TargetDeviceServicesScripting.uplugin" 567
"../../../Engine/Plugins/Experimental/VirtualProductionUtilities/VirtualProductionUtilities.uplugin" 568
"../../../Engine/Plugins/Experimental/Volumetrics/Volumetrics.uplugin" 569
"../../../Engine/Plugins/Experimental/UserToolBoxCore/UserToolBoxCore.uplugin" 570
"../../../Engine/Plugins/Experimental/Water/Water.uplugin" 571
"../../../Engine/Plugins/Experimental/WaterExtras/WaterExtras.uplugin" 572
"../../../Engine/Plugins/Experimental/WebSocketMessaging/WebSocketMessaging.uplugin" 573
"../../../Engine/Plugins/Experimental/WaterAdvanced/WaterAdvanced.uplugin" 574
"../../../Engine/Plugins/Experimental/WebSocketNetworking/WebSocketNetworking.uplugin" 575
"../../../Engine/Plugins/Experimental/WaveFunctionCollapse/WaveFunctionCollapse.uplugin" 576
"../../../Engine/Plugins/Experimental/XRCreativeFramework/XRCreativeFramework.uplugin" 577
"../../../Engine/Plugins/Marketplace/FabLauncher/FabLauncher.uplugin" 578
"../../../Engine/Plugins/Media/AjaMedia/AjaMedia.uplugin" 579
"../../../Engine/Plugins/Media/AndroidCamera/AndroidCamera.uplugin" 580
"../../../Engine/Plugins/Marketplace/PaperZD8b0e064aa89dV19/PaperZD.uplugin" 581
"../../../Engine/Plugins/Experimental/Workspace/Workspace.uplugin" 582
"../../../Engine/Plugins/Media/AppleProResMedia/AppleProResMedia.uplugin" 583
"../../../Engine/Plugins/Media/AudioCaptureTimecodeProvider/AudioCaptureTimecodeProvider.uplugin" 584
"../../../Engine/Plugins/Media/AndroidMedia/AndroidMedia.uplugin" 585
"../../../Engine/Plugins/Experimental/WidgetEditorToolPalette/WidgetEditorToolPalette.uplugin" 586
"../../../Engine/Plugins/Media/AvidDNxHDDecoderElectra/AvidDNxHDDecoderElectra.uplugin" 587
"../../../Engine/Plugins/Media/AvidDNxMedia/AvidDNxMedia.uplugin" 588
"../../../Engine/Plugins/Media/D3D12VideoDecodersElectra/D3D12VideoDecodersElectra.uplugin" 589
"../../../Engine/Plugins/Media/ElectraCDM/ElectraCDM.uplugin" 590
"../../../Engine/Plugins/Media/AppleProResDecoderElectra/AppleProResDecoderElectra.uplugin" 591
"../../../Engine/Plugins/Media/BlackmagicMedia/BlackmagicMedia.uplugin" 592
"../../../Engine/Plugins/Media/ElectraCodecs/ElectraCodecs.uplugin" 593
"../../../Engine/Plugins/Experimental/VirtualHeightfieldMesh/VirtualHeightfieldMesh.uplugin" 594
"../../../Engine/Plugins/Media/ElectraSubtitles/ElectraSubtitles.uplugin" 595
"../../../Engine/Plugins/Media/BinkMedia/BinkMedia.uplugin" 596
"../../../Engine/Plugins/Media/FlacDecoderElectra/FlacDecoderElectra.uplugin" 597
"../../../Engine/Plugins/Experimental/LearningAgents/LearningAgents.uplugin" 598
"../../../Engine/Plugins/Media/HAPDecoderElectra/HAPDecoderElectra.uplugin" 599
"../../../Engine/Plugins/Media/ElectraUtil/ElectraUtil.uplugin" 600
"../../../Engine/Plugins/Media/HardwareEncoders/HardwareEncoders.uplugin" 601
"../../../Engine/Plugins/Media/HAPMedia/HAPMedia.uplugin" 602
"../../../Engine/Plugins/Media/LinearTimecode/LinearTimecode.uplugin" 603
"../../../Engine/Plugins/Media/MediaIOFramework/MediaIOFramework.uplugin" 604
"../../../Engine/Plugins/Media/MediaPlate/MediaPlate.uplugin" 605
"../../../Engine/Plugins/Media/MfMedia/MfMedia.uplugin" 606
"../../../Engine/Plugins/Media/MediaPlayerEditor/MediaPlayerEditor.uplugin" 607
"../../../Engine/Plugins/Media/NDIMedia/NDIMedia.uplugin" 608
"../../../Engine/Plugins/Media/OpusDecoderElectra/OpusDecoderElectra.uplugin" 609
"../../../Engine/Plugins/Media/PixelCapture/PixelCapture.uplugin" 610
"../../../Engine/Plugins/Media/MediaCompositing/MediaCompositing.uplugin" 611
"../../../Engine/Plugins/Media/AvfMedia/AvfMedia.uplugin" 612
"../../../Engine/Plugins/Media/PixelStreaming/PixelStreaming.uplugin" 613
"../../../Engine/Plugins/Media/PixelStreaming2/PixelStreaming2.uplugin" 614
"../../../Engine/Plugins/Media/TimecodeSynchronizer/TimecodeSynchronizer.uplugin" 615
"../../../Engine/Plugins/MetaHuman/MetaHumanAnimator/MetaHuman.uplugin" 616
"../../../Engine/Plugins/MetaHuman/MetaHumanCharacter/MetaHumanCharacter.uplugin" 617
"../../../Engine/Plugins/MetaHuman/MetaHumanCoreTechLib/MetaHumanCoreTech.uplugin" 618
"../../../Engine/Plugins/Media/VPxDecoderElectra/VPxDecoderElectra.uplugin" 619
"../../../Engine/Plugins/MetaHuman/MetaHumanLiveLink/MetaHumanLiveLink.uplugin" 620
"../../../Engine/Plugins/Media/WebMMedia/WebMMedia.uplugin" 621
"../../../Engine/Plugins/MetaHuman/MetaHumanSDK/MetaHumanSDK.uplugin" 622
"../../../Engine/Plugins/Media/ElectraPlayer/ElectraPlayer.uplugin" 623
"../../../Engine/Plugins/MetaHuman/MetaHumanCalibrationProcessing/MetaHumanCalibrationProcessing.uplugin" 624
"../../../Engine/Plugins/NetcodeUnitTest/NetcodeUnitTest/NetcodeUnitTest.uplugin" 625
"../../../Engine/Plugins/Media/WmfMedia/WmfMedia.uplugin" 626
"../../../Engine/Plugins/NetcodeUnitTest/NUTUnrealEngine/NUTUnrealEngine.uplugin" 627
"../../../Engine/Plugins/Performance/PerformanceMonitor/PerformanceMonitor.uplugin" 628
"../../../Engine/Plugins/Performance/AutomatedPerfTesting/AutomatedPerfTesting.uplugin" 629
"../../../Engine/Plugins/Media/MediaFrameworkUtilities/MediaFrameworkUtilities.uplugin" 630
"../../../Engine/Plugins/Media/MediaMovieStreamer/MediaMovieStreamer.uplugin" 631
"../../../Engine/Plugins/Online/Android/AndroidFetchBackgroundDownload/AndroidFetchBackgroundDownload.uplugin" 632
"../../../Engine/Plugins/Online/IOS/OnlineSubsystemIOS/OnlineSubsystemIOS.uplugin" 633
"../../../Engine/Plugins/Runtime/Analytics/AnalyticsBlueprintLibrary/AnalyticsBlueprintLibrary.uplugin" 634
"../../../Engine/Plugins/Runtime/Analytics/AnalyticsMulticast/AnalyticsMulticast.uplugin" 635
"../../../Engine/Plugins/Online/Android/OnlineSubsystemGooglePlay/OnlineSubsystemGooglePlay.uplugin" 636
"../../../Engine/Plugins/Runtime/Analytics/FileLogging/FileLogging.uplugin" 637
"../../../Engine/Plugins/Runtime/Nvidia/GeForceNOWWrapper/GeForceNOWWrapper.uplugin" 638
"../../../Engine/Plugins/Runtime/Analytics/Adjust/Adjust.uplugin" 639
"../../../Engine/Plugins/Runtime/AR/ARUtilities/ARUtilities.uplugin" 640
"../../../Engine/Plugins/Runtime/PacketHandlers/AESGCMHandlerComponent/AESGCMHandlerComponent.uplugin" 641
"../../../Engine/Plugins/Runtime/XR/XRScribe/XRScribe.uplugin" 642
"../../../Engine/Plugins/Runtime/Nvidia/Reflex/Reflex.uplugin" 643
"../../../Engine/Plugins/Media/ImgMedia/ImgMedia.uplugin" 644
"../../../Engine/Plugins/Runtime/XR/XRVisualization/XRVisualization.uplugin" 645
"../../../Engine/Plugins/Online/VoiceChat/EOSVoiceChat/EOSVoiceChat.uplugin" 646
"../../../Engine/Plugins/Runtime/PacketHandlers/DTLSHandlerComponent/DTLSHandlerComponent.uplugin" 647
"../../../Engine/Plugins/Online/VoiceChat/VoiceChat/VoiceChat.uplugin" 648
"../../../Engine/Plugins/Runtime/Steam/SteamAudio/SteamAudio.uplugin" 649
"../../../Engine/Plugins/Runtime/Steam/SteamController/SteamController.uplugin" 650
"../../../Engine/Plugins/Runtime/Advertising/IOSTapJoy/IOSTapJoy.uplugin" 651
"../../../Engine/Plugins/Editor/ContentBrowser/ContentBrowserFileDataSource/ContentBrowserFileDataSource.uplugin" 652
"../../../Engine/Plugins/Editor/ContentBrowser/ContentBrowserAssetDataSource/ContentBrowserAssetDataSource.uplugin" 653
"../../../Engine/Plugins/Runtime/Steam/SteamShared/SteamShared.uplugin" 654
"../../../Engine/Plugins/Editor/ContentBrowser/ContentBrowserClassDataSource/ContentBrowserClassDataSource.uplugin" 655
"../../../Engine/Plugins/Experimental/Enterprise/DataprepGeometryOperations/DataprepGeometryOperations.uplugin" 656
"../../../Engine/Plugins/Editor/ContentBrowser/ContentBrowserAliasDataSource/ContentBrowserAliasDataSource.uplugin" 657
"../../../Engine/Plugins/Runtime/PacketHandlers/AESHandlerComponent/AESHandlerComponent.uplugin" 658
"../../../Engine/Plugins/Editor/Localization/PortableObjectFileDataSource/PortableObjectFileDataSource.uplugin" 659
"../../../Engine/Plugins/Experimental/VirtualProduction/VPRoles/VPRoles.uplugin" 660
"../../../Engine/Plugins/Experimental/VirtualProduction/LedWallCalibration/LedWallCalibration.uplugin" 661
"../../../Engine/Plugins/Experimental/VirtualProduction/VPSettings/VPSettings.uplugin" 662
"../../../Engine/Plugins/Runtime/Steam/SteamSockets/SteamSockets.uplugin" 663
"../../../Engine/Plugins/Experimental/Enterprise/DatasmithInterchange/DatasmithInterchange.uplugin" 664
"../../../Engine/Plugins/Runtime/Windows/WinDualShock/WinDualShock.uplugin" 665
"../../../Engine/Plugins/Experimental/Enterprise/DatasmithRuntime/DatasmithRuntime.uplugin" 666
"../../../Engine/Plugins/Runtime/Windows/XInputDevice/XInputDevice.uplugin" 667
"../../../Engine/Plugins/Developer/Concert/ConcertMain/ConcertMain.uplugin" 668
"../../../Engine/Plugins/Experimental/Compositing/HoldoutComposite/HoldoutComposite.uplugin" 669
"../../../Engine/Plugins/Experimental/Web/WebAPI/WebAPI.uplugin" 670
"../../../Engine/Plugins/Animation/MLDeformer/NearestNeighborModel/NearestNeighborModel.uplugin" 671
"../../../Engine/Plugins/Animation/MLDeformer/MLDeformerFramework/MLDeformerFramework.uplugin" 672
"../../../Engine/Plugins/Animation/MLDeformer/VertexDeltaModel/VertexDeltaModel.uplugin" 673
"../../../Engine/Plugins/Animation/MLDeformer/NeuralMorphModel/NeuralMorphModel.uplugin" 674
"../../../Engine/Plugins/Animation/MLDeformer/ChaosClothGenerator/ChaosClothGenerator.uplugin" 675
"../../../Engine/Plugins/Experimental/AVCodecs/LibVpxCodecs/LibVpxCodecs.uplugin" 676
"../../../Engine/Plugins/Experimental/AVCodecs/AMFCodecs/AMFCodecs.uplugin" 677
"../../../Engine/Plugins/Experimental/AVCodecs/VTCodecs/VTCodecs.uplugin" 678
"../../../Engine/Plugins/Experimental/AVCodecs/WMFCodecs/WMFCodecs.uplugin" 679
"../../../Engine/Plugins/Experimental/Compositing/CompositeCore/CompositeCore.uplugin" 680
"../../../Engine/Plugins/VirtualProduction/DMX/DatasmithMVR/DatasmithMVR.uplugin" 681
"../../../Engine/Plugins/Experimental/AVCodecs/NVCodecs/NVCodecs.uplugin" 682
"../../../Engine/Plugins/Experimental/MetaHuman/MetaHumanRuntime/MetaHumanRuntime.uplugin" 683
"../../../Engine/Plugins/Experimental/AVCodecs/AVCodecsCore/AVCodecsCore.uplugin" 684
"../../../Engine/Plugins/VirtualProduction/DMX/DMXEngine/DMXEngine.uplugin" 685
"../../../Engine/Plugins/VirtualProduction/DMX/DMXDisplayCluster/DMXDisplayCluster.uplugin" 686
"../../../Engine/Plugins/VirtualProduction/DMX/DMXFixtures/DMXFixtures.uplugin" 687
"../../../Engine/Plugins/Animation/MLDeformer/ChaosFleshGenerator/ChaosFleshGenerator.uplugin" 688
"../../../Engine/Plugins/VirtualProduction/Rivermax/RivermaxCore/RivermaxCore.uplugin" 689
"../../../Engine/Plugins/VirtualProduction/DMX/DMXModularFeatures/DMXModularFeatures.uplugin" 690
"../../../Engine/Plugins/Editor/ObjectMixer/ObjectMixer/ObjectMixer.uplugin" 691
"../../../Engine/Plugins/VirtualProduction/DMX/DMXProtocol/DMXProtocol.uplugin" 692
"../../../Engine/Plugins/VirtualProduction/DMX/DMXPixelMapping/DMXPixelMapping.uplugin" 693
"../../../Engine/Plugins/VirtualProduction/Rivermax/RivermaxSync/RivermaxSync.uplugin" 694
"../../../Engine/Plugins/VirtualProduction/Rivermax/RivermaxMedia/RivermaxMedia.uplugin" 695
"../../../Engine/Plugins/VirtualProduction/DMX/DMXControlConsole/DMXControlConsole.uplugin" 696
"../../../Engine/Plugins/Experimental/Animation/CurveExpression/CurveExpression.uplugin" 697
"../../../Engine/Plugins/Experimental/Animation/ContextualAnimation/ContextualAnimation.uplugin" 698
"../../../Engine/Plugins/Editor/ObjectMixer/LightMixer/LightMixer.uplugin" 699
"../../../Engine/Plugins/Experimental/Animation/Locomotor/Locomotor.uplugin" 700
"../../../Engine/Plugins/Experimental/Animation/HierarchyTableAnimation/HierarchyTableAnimation.uplugin" 701
"../../../Engine/Plugins/Experimental/Animation/HierarchyTable/HierarchyTable.uplugin" 702
"../../../Engine/Plugins/VirtualProduction/DMX/DMXGDTF/DMXGDTF.uplugin" 703
"../../../Engine/Plugins/Experimental/Animation/MotionTrajectory/MotionTrajectory.uplugin" 704
"../../../Engine/Plugins/Experimental/Animation/SkeletonTemplateFramework/SkeletonTemplateFramework.uplugin" 705
"../../../Engine/Plugins/Experimental/Animation/TrajectoryTools/TrajectoryTools.uplugin" 706
"../../../Engine/Plugins/Experimental/Animation/Optimus/Optimus.uplugin" 707
"../../../Engine/Plugins/Experimental/Animation/SkeletalMeshMorphTargetEditingTools/SkeletalMeshMorphTargetEditingTools.uplugin" 708
"../../../Engine/Plugins/Interchange/Extensions/OpenUSD/InterchangeOpenUSD.uplugin" 709
"../../../Engine/Plugins/Experimental/Animation/RigMapper/RigMapper.uplugin" 710
"../../../Engine/Plugins/Experimental/PCGInterops/PCGInstancedActorsInterop/PCGInstancedActorsInterop.uplugin" 711
"../../../Engine/Plugins/Runtime/Database/DatabaseSupport/DatabaseSupport.uplugin" 712
"../../../Engine/Plugins/Experimental/PCGInterops/PCGNiagaraInterop/PCGNiagaraInterop.uplugin" 713
"../../../Engine/Plugins/Runtime/Database/RemoteDatabaseSupport/RemoteDatabaseSupport.uplugin" 714
"../../../Engine/Plugins/Runtime/Database/ADOSupport/ADOSupport.uplugin" 715
"../../../Engine/Plugins/Interchange/Extensions/OpenVDB/InterchangeOpenVDB.uplugin" 716
"../../../Engine/Plugins/Runtime/Database/SQLiteCore/SQLiteCore.uplugin" 717
"../../../Engine/Plugins/VirtualProduction/CaptureManager/CaptureManagerCore/CaptureManagerCore.uplugin" 718
"../../../Engine/Plugins/Experimental/Animation/PackedAttributes/PackedAttributes.uplugin" 719
"../../../Engine/Plugins/Experimental/CharacterFXEditor/BaseCharacterFXEditor/BaseCharacterFXEditor.uplugin" 720
"../../../Engine/Plugins/VirtualProduction/CaptureManager/CaptureManagerEditor/CaptureManagerEditor.uplugin" 721
"../../../Engine/Plugins/Runtime/Database/SQLiteSupport/SQLiteSupport.uplugin" 722
"../../../Engine/Plugins/Experimental/CharacterFXEditor/ExampleCharacterFXEditor/ExampleCharacterFXEditor.uplugin" 723
"../../../Engine/Plugins/VirtualProduction/CaptureManager/CaptureManagerApp/CaptureManagerApp.uplugin" 724
"../../../Engine/Plugins/Runtime/MeshReconstruction/DummyMeshReconstructor/DummyMeshReconstructor.uplugin" 725
"../../../Engine/Plugins/VirtualProduction/CaptureManager/CaptureManagerDevices/CaptureManagerDevices.uplugin" 726
"../../../Engine/Plugins/Developer/Concert/ConcertApp/DisasterRecoveryClient/DisasterRecoveryClient.uplugin" 727
"../../../Engine/Plugins/Developer/Concert/ConcertApp/MultiUserClient/MultiUserClient.uplugin" 728
"../../../Engine/Plugins/Runtime/AR/Google/GoogleARCore/GoogleARCore.uplugin" 729
"../../../Engine/Plugins/Runtime/AR/Google/GoogleARCoreServices/GoogleARCoreServices.uplugin" 730
"../../../Engine/Plugins/Experimental/Animation/MLDeformer/DetailPoseModel/DetailPoseModel.uplugin" 731
"../../../Engine/Plugins/Runtime/AR/AppleAR/AppleARKit/AppleARKit.uplugin" 732
"../../../Engine/Plugins/Developer/Concert/ConcertUI/ConcertSharedSlate/ConcertSharedSlate.uplugin" 733
"../../../Engine/Plugins/Developer/Concert/ConcertApp/MultiUserServer/MultiUserServer.uplugin" 734
"../../../Engine/Plugins/Developer/Concert/ConcertUI/ConcertClientSharedSlate/ConcertClientSharedSlate.uplugin" 735
"../../../Engine/Plugins/Developer/Concert/ConcertScripting/ConcertReplicationScripting/ConcertReplicationScripting.uplugin" 736
"../../../Engine/Plugins/Experimental/PCGInterops/PCGWaterInterop/PCGWaterInterop.uplugin" 737
"../../../Engine/Plugins/Developer/Concert/ConcertInsights/ConcertInsightsVisualizer/ConcertInsightsVisualizer.uplugin" 738
"../../../Engine/Plugins/Runtime/AR/AppleAR/AppleARKitFaceSupport/AppleARKitFaceSupport.uplugin" 739
"../../../Engine/Plugins/Developer/Concert/ConcertInsights/ConcertInsightsServer/ConcertInsightsServer.uplugin" 740
"../../../Engine/Plugins/Developer/Concert/ConcertSync/ConcertSyncTest/ConcertSyncTest.uplugin" 741
"../../../Engine/Plugins/Developer/Concert/ConcertInsights/ConcertInsightsClient/ConcertInsightsClient.uplugin" 742
"../../../Engine/Plugins/Developer/Concert/ConcertInsights/ConcertInsightsCore/ConcertInsightsCore.uplugin" 743
"../../../Engine/Plugins/Developer/Concert/ConcertSync/ConcertSyncCore/ConcertSyncCore.uplugin" 744
"../../../Engine/Plugins/Developer/Concert/ConcertSync/ConcertSyncServer/ConcertSyncServer.uplugin" 745
"../../../Engine/Plugins/Developer/Concert/ConcertSync/ConcertSyncClient/ConcertSyncClient.uplugin" 746
"../../../Engine/Platforms/Android/Plugins/Animation/ACLPlugin/ACLPlugin_Android.uplugin" 747
"../../../Engine/Platforms/Android/Plugins/RigLogic/RigLogic_Android.uplugin" 748
"../../../Engine/Platforms/IOS/Plugins/RigLogic/RigLogic_IOS.uplugin" 749
"../../../Engine/Content/Internationalization/icudt64l/cnvalias.icu" 750
"../../../Engine/Content/Internationalization/icudt64l/res_index.res" 751
"../../../Engine/Content/Internationalization/icudt64l/plurals.res" 752
"../../../Engine/Content/Internationalization/icudt64l/lang/en_GB.res" 753
"../../../Engine/Content/Internationalization/icudt64l/lang/pool.res" 754
"../../../Engine/Content/Internationalization/icudt64l/lang/en_001.res" 755
"../../../Engine/Content/Internationalization/icudt64l/lang/en.res" 756
"../../../Engine/Content/Internationalization/icudt64l/lang/root.res" 757
"../../../Engine/Content/Internationalization/icudt64l/region/en_GB.res" 758
"../../../Engine/Content/Internationalization/icudt64l/region/pool.res" 759
"../../../Engine/Content/Internationalization/icudt64l/region/en.res" 760
"../../../Engine/Content/Internationalization/icudt64l/region/root.res" 761
"../../../Engine/Content/Internationalization/icudt64l/windowsZones.res" 762
"../../../Engine/Content/Internationalization/icudt64l/zoneinfo64.res" 763
"../../../Engine/Content/Internationalization/icudt64l/keyTypeData.res" 764
"../../../Engine/Content/Internationalization/icudt64l/timezoneTypes.res" 765
"../../../Engine/Content/Internationalization/icudt64l/likelySubtags.res" 766
"../../../Engine/Content/Internationalization/icudt64l/en_US.res" 767
"../../../Engine/Content/Internationalization/icudt64l/pool.res" 768
"../../../Engine/Content/Internationalization/icudt64l/en.res" 769
"../../../Engine/Content/Internationalization/icudt64l/root.res" 770
"../../../Engine/Content/Internationalization/icudt64l/supplementalData.res" 771
"../../../Engine/Config/ConfigRedirects.ini" 772
"C:/Users/Chris/AppData/Local/UnrealEngine/5.6/Saved/Config/WindowsEditor/Manifest.ini" 773
"../../../Engine/Config/BaseEngine.ini" 774
"../../../Engine/Config/Windows/BaseWindowsEngine.ini" 775
"../../../../../../Users/Chris/Desktop/Sem 2 Github/Games-Prototyping/Games Prototyping2/Config/DefaultEngine.ini" 776
"../../../Engine/Config/BaseGame.ini" 777
"../../../../../../Users/Chris/Desktop/Sem 2 Github/Games-Prototyping/Games Prototyping2/Config/DefaultGame.ini" 778
"../../../Engine/Config/Windows/WindowsGame.ini" 779
"C:/Users/Chris/Desktop/Sem 2 Github/Games-Prototyping/Games Prototyping2/Saved/Config/WindowsEditor/Game.ini" 780
"../../../Engine/Config/BaseInput.ini" 781
"../../../Engine/Config/Windows/BaseWindowsInput.ini" 782
"../../../../../../Users/Chris/Desktop/Sem 2 Github/Games-Prototyping/Games Prototyping2/Config/DefaultInput.ini" 783
"../../../Engine/Config/Windows/WindowsInput.ini" 784
"../../../Engine/Config/BaseDeviceProfiles.ini" 785
"../../../Engine/Config/BaseGameUserSettings.ini" 786
"C:/Users/Chris/Desktop/Sem 2 Github/Games-Prototyping/Games Prototyping2/Saved/Config/WindowsEditor/GameUserSettings.ini" 787
"../../../Engine/Config/BaseScalability.ini" 788
"../../../Engine/Config/BaseRuntimeOptions.ini" 789
"../../../Engine/Config/BaseInstallBundle.ini" 790
"../../../Engine/Config/BaseHardware.ini" 791
"../../../Engine/Config/BaseCompat.ini" 792
"../../../Engine/Config/BaseLightmass.ini" 793
"../../../Engine/Config/BaseEditor.ini" 794
"../../../../../../Users/Chris/Desktop/Sem 2 Github/Games-Prototyping/Games Prototyping2/Config/DefaultEditor.ini" 795
"C:/Users/Chris/Desktop/Sem 2 Github/Games-Prototyping/Games Prototyping2/Saved/Config/WindowsEditor/Editor.ini" 796
"../../../Engine/Config/BaseMaterialExpressions.ini" 797
"../../../Engine/Config/BaseEditorPerProjectUserSettings.ini" 798
"../../../Engine/Config/Windows/WindowsEditorPerProjectUserSettings.ini" 799
"C:/Users/Chris/Desktop/Sem 2 Github/Games-Prototyping/Games Prototyping2/Saved/Config/WindowsEditor/EditorPerProjectUserSettings.ini" 800
"../../../Engine/Config/BaseEditorSettings.ini" 801
"../../../Engine/Config/Windows/WindowsEditorSettings.ini" 802
"C:/Users/Chris/AppData/Local/UnrealEngine/5.6/Saved/Config/WindowsEditor/EditorSettings.ini" 803
"../../../Engine/Config/BaseEditorKeyBindings.ini" 804
"C:/Users/Chris/AppData/Local/UnrealEngine/5.6/Saved/Config/WindowsEditor/EditorKeyBindings.ini" 805
"C:/Users/Chris/AppData/Local/UnrealEngine/5.6/Saved/Config/WindowsEditor/EditorLayout.ini" 806
"../../../Engine/Binaries/Win64/BootstrapPackagedGame-Win64-Shipping.target" 807
"../../../Engine/Binaries/Win64/BuildPatchTool-Win64-Shipping.target" 808
"../../../Engine/Binaries/Win64/CrashReportClient-Win64-Shipping.target" 809
"../../../Engine/Config/Android/BaseAndroidEngine.ini" 810
"../../../Engine/Config/IOS/BaseIOSEngine.ini" 811
"../../../Engine/Binaries/Win64/CrashReportClientEditor-Win64-Shipping.target" 812
"../../../Engine/Config/Android/AndroidEngine.ini" 813
"../../../Engine/Config/Mac/BaseMacEngine.ini" 814
"../../../Engine/Binaries/Win64/DatasmithCADWorker.target" 815
"../../../Engine/Binaries/Win64/EpicWebHelper-Win64-Shipping.target" 816
"../../../Engine/Binaries/Win64/InterchangeWorker.target" 817
"../../../Engine/Binaries/Win64/LiveCodingConsole.target" 818
"../../../Engine/Config/Linux/BaseLinuxEngine.ini" 819
"../../../Engine/Config/Unix/UnixEngine.ini" 820
"../../../Engine/Binaries/Win64/LiveLinkHub.target" 821
"../../../Engine/Config/IOS/BaseIOSGame.ini" 822
"../../../Engine/Config/Android/BaseAndroidGame.ini" 823
"../../../Engine/Config/TVOS/TVOSEngine.ini" 824
"../../../Engine/Config/IOS/IOSGame.ini" 825
"../../../Engine/Config/Linux/LinuxEngine.ini" 826
"../../../Engine/Config/Mac/MacGame.ini" 827
"../../../Engine/Config/IOS/BaseIOSInput.ini" 828
"../../../Engine/Config/Android/BaseAndroidInput.ini" 829
"../../../Engine/Config/Mac/BaseMacInput.ini" 830
"../../../Engine/Config/Linux/LinuxGame.ini" 831
"../../../Engine/Config/IOS/IOSScalability.ini" 832
"../../../Engine/Config/Android/AndroidScalability.ini" 833
"../../../Engine/Config/IOS/BaseIOSInstallBundle.ini" 834
"../../../Engine/Config/Android/BaseAndroidInstallBundle.ini" 835
"../../../Engine/Platforms/VisionOS/Config/BaseVisionOSEngine.ini" 836
"../../../Engine/Binaries/Win64/ShaderCompileWorker.target" 837
"../../../Engine/Platforms/VisionOS/Config/VisionOSEngine.ini" 838
"../../../Engine/Binaries/Win64/SwitchboardListener.target" 839
"../../../Engine/Binaries/Win64/SwitchboardListenerHelper.target" 840
"../../../Engine/Binaries/Win64/UnrealEditor-Win64-DebugGame.target" 841
"../../../Engine/Binaries/Win64/UnrealEditor.target" 842
"../../../Engine/Config/PluginBase.ini" 843
"../../../Engine/Plugins/ChaosVD/Config/DefaultChaosVD.ini" 844
"../../../Engine/Plugins/EnhancedInput/Config/BaseEnhancedInput.ini" 845
"../../../Engine/Plugins/Fab/Config/BaseFab.ini" 846
"../../../Engine/Plugins/TraceUtilities/Config/BaseTraceUtilities.ini" 847
"../../../Engine/Plugins/FX/Niagara/Config/BaseNiagara.ini" 848
"../../../Engine/Plugins/Interchange/Assets/Config/BaseInterchangeAssets.ini" 849
"../../../Engine/Plugins/Interchange/Runtime/Config/BaseInterchange.ini" 850
"../../../Engine/Plugins/Runtime/HairStrands/Config/BaseHairStrands.ini" 851
"../../../Engine/Plugins/Runtime/Metasound/Config/BaseMetasound.ini" 852
"../../../Engine/Plugins/Runtime/Metasound/Config/DefaultMetasound.ini" 853
"../../../Engine/Plugins/Runtime/PropertyBindingUtils/Config/BasePropertyBindingUtils.ini" 854
"../../../Engine/Plugins/Runtime/RigVM/Config/BaseRigVM.ini" 855
"../../../Engine/Plugins/Runtime/StateTree/Config/BaseStateTree.ini" 856
"../../../Engine/Plugins/Runtime/USDCore/Config/BaseUSDCore.ini" 857
"../../../Engine/Plugins/Runtime/Synthesis/Config/BaseSynthesis.ini" 858
"../../../Engine/Plugins/VirtualProduction/CameraCalibrationCore/Config/BaseCameraCalibrationCore.ini" 859
"../../../Engine/Plugins/VirtualProduction/Takes/Config/BaseTakes.ini" 860
"../../../Engine/Plugins/2D/Paper2D/Config/BasePaper2D.ini" 861
"../../../Engine/Plugins/Animation/DeformerGraph/Config/BaseDeformerGraph.ini" 862
"../../../Engine/Plugins/Animation/ControlRig/Config/BaseControlRig.ini" 863
"../../../Engine/Plugins/Animation/IKRig/Config/BaseIKRig.ini" 864
"../../../Engine/Plugins/Animation/LiveLink/Config/BaseLiveLink.ini" 865
"../../../Engine/Plugins/Cameras/GameplayCameras/Config/BaseGameplayCameras.ini" 866
"../../../Engine/Plugins/Editor/EditorScriptingUtilities/Config/BaseEditorScriptingUtilities.ini" 867
"../../../Engine/Plugins/Enterprise/DatasmithContent/Config/BaseDatasmithContent.ini" 868
"../../../Engine/Plugins/Enterprise/GLTFExporter/Config/BaseGLTFExporter.ini" 869
"../../../Engine/Plugins/Enterprise/GLTFExporter/Config/DefaultGLTFExporter.ini" 870
"../../../Engine/Plugins/Enterprise/VariantManagerContent/Config/BaseVariantManagerContent.ini" 871
"../../../Engine/Plugins/Experimental/FullBodyIK/Config/BaseFullBodyIK.ini" 872
"../../../Engine/Plugins/Experimental/ToolPresets/Config/BaseToolPresets.ini" 873
"../../../Engine/Plugins/MetaHuman/MetaHumanSDK/Config/BaseMetaHumanSDK.ini" 874
"../../../Engine/Plugins/Experimental/Compositing/CompositeCore/Config/BaseCompositeCore.ini" 875
"../../../Engine/Plugins/ChaosVD/Config/Engine.ini" 876
"../../../Engine/Plugins/EnhancedInput/Config/Input.ini" 877
"../../../Engine/Plugins/Runtime/InputDebugging/Config/Input.ini" 878
"../../../Engine/Plugins/Runtime/Windows/XInputDevice/Config/Input.ini" 879
"../../../Engine/Plugins/NNE/NNEDenoiser/Config/Game.ini" 880
"../../../Engine/Plugins/Online/OnlineSubsystemUtils/Config/Editor.ini" 881
"../../../Engine/Plugins/Runtime/RigVM/Config/Editor.ini" 882
"../../../Engine/Plugins/Editor/ModelingToolsEditorMode/Binaries/Win64/UnrealEditor.modules" 883
"../../../Engine/Plugins/Runtime/MeshModelingToolset/Binaries/Win64/UnrealEditor.modules" 884
"../../../Engine/Plugins/Experimental/MeshModelingToolsetExp/Binaries/Win64/UnrealEditor.modules" 885
"../../../Engine/Plugins/Editor/MeshLODToolset/Binaries/Win64/UnrealEditor.modules" 886
"../../../Engine/Plugins/Experimental/ToolPresets/Binaries/Win64/UnrealEditor.modules" 887
"../../../Engine/Plugins/Editor/StylusInput/Binaries/Win64/UnrealEditor.modules" 888
"../../../Engine/Plugins/Runtime/GeometryProcessing/Binaries/Win64/UnrealEditor.modules" 889
"../../../Engine/Plugins/Editor/ProxyLODPlugin/Binaries/Win64/UnrealEditor.modules" 890
"../../../Engine/Plugins/Experimental/PlanarCutPlugin/Binaries/Win64/UnrealEditor.modules" 891
"../../../Engine/Plugins/Runtime/GeometryCache/Binaries/Win64/UnrealEditor.modules" 892
"../../../Engine/Plugins/Experimental/GeometryFlow/Binaries/Win64/UnrealEditor.modules" 893
"../../../Engine/Plugins/Editor/EditorScriptingUtilities/Binaries/Win64/UnrealEditor.modules" 894
"../../../Engine/Plugins/FX/Niagara/Binaries/Win64/UnrealEditor.modules" 895
"../../../Engine/Plugins/Experimental/PythonScriptPlugin/Binaries/Win64/UnrealEditor.modules" 896
"../../../Engine/Plugins/Editor/ContentBrowser/ContentBrowserFileDataSource/Binaries/Win64/UnrealEditor.modules" 897
"../../../Engine/Plugins/Bridge/Binaries/Win64/UnrealEditor.modules" 898
"../../../Engine/Plugins/MetaHuman/MetaHumanSDK/Binaries/Win64/UnrealEditor.modules" 899
"../../../Engine/Plugins/Animation/ControlRig/Binaries/Win64/UnrealEditor.modules" 900
"../../../Engine/Plugins/Runtime/HairStrands/Binaries/Win64/UnrealEditor.modules" 901
"../../../Engine/Plugins/Animation/RigLogic/Binaries/Win64/UnrealEditor.modules" 902
"../../../Engine/Plugins/Online/EOSShared/Binaries/Win64/UnrealEditor.modules" 903
"../../../Engine/Plugins/Runtime/RigVM/Binaries/Win64/UnrealEditor.modules" 904
"../../../Engine/Plugins/MovieScene/LevelSequenceEditor/Binaries/Win64/UnrealEditor.modules" 905
"../../../Engine/Plugins/Runtime/PropertyAccess/Binaries/Win64/UnrealEditor.modules" 906
"../../../Engine/Plugins/MovieScene/SequencerScripting/Binaries/Win64/UnrealEditor.modules" 907
"../../../Engine/Plugins/Animation/TweeningUtils/Binaries/Win64/UnrealEditor.modules" 908
"../../../Engine/Plugins/Animation/DeformerGraph/Binaries/Win64/UnrealEditor.modules" 909
"../../../Engine/Plugins/Experimental/Dataflow/Binaries/Win64/UnrealEditor.modules" 910
"../../../Engine/Plugins/Runtime/ComputeFramework/Binaries/Win64/UnrealEditor.modules" 911
"../../../Engine/Plugins/Experimental/CharacterFXEditor/BaseCharacterFXEditor/Binaries/Win64/UnrealEditor.modules" 912
"../../../Engine/Plugins/Runtime/ProceduralMeshComponent/Binaries/Win64/UnrealEditor.modules" 913
"../../../Engine/Plugins/Experimental/ChaosCaching/Binaries/Win64/UnrealEditor.modules" 914
"../../../Engine/Plugins/Experimental/EditorDataStorage/Binaries/Win64/UnrealEditor.modules" 915
"../../../Engine/Plugins/Experimental/EditorDataStorageFeatures/Binaries/Win64/UnrealEditor.modules" 916
"../../../Engine/Plugins/VirtualProduction/Takes/Binaries/Win64/UnrealEditor.modules" 917
"../../../Engine/Plugins/Runtime/AudioCapture/Binaries/Win64/UnrealEditor.modules" 918
"../../../Engine/Plugins/Developer/NamingTokens/Binaries/Win64/UnrealEditor.modules" 919
"../../../Engine/Plugins/Editor/EngineAssetDefinitions/Binaries/Win64/UnrealEditor.modules" 920
"../../../Engine/Plugins/ChaosCloth/Binaries/Win64/UnrealEditor.modules" 921
"../../../Engine/Plugins/ChaosInsights/Binaries/Win64/UnrealEditor.modules" 922
"../../../Engine/Plugins/ChaosVD/Binaries/Win64/UnrealEditor.modules" 923
"../../../Engine/Plugins/CmdLinkServer/Binaries/Win64/UnrealEditor.modules" 924
"../../../Engine/Plugins/EnhancedInput/Binaries/Win64/UnrealEditor.modules" 925
"../../../Engine/Plugins/Editor/DataValidation/Binaries/Win64/UnrealEditor.modules" 926
"../../../Engine/Plugins/Fab/Binaries/Win64/UnrealEditor.modules" 927
"../../../Engine/Plugins/Interchange/Runtime/Binaries/Win64/UnrealEditor.modules" 928
"../../../Engine/Plugins/Enterprise/VariantManagerContent/Binaries/Win64/UnrealEditor.modules" 929
"../../../Engine/Plugins/Enterprise/VariantManager/Binaries/Win64/UnrealEditor.modules" 930
"../../../Engine/Plugins/Interchange/Assets/Binaries/Win64/UnrealEditor.modules" 931
"../../../Engine/Plugins/FastBuildController/Binaries/Win64/UnrealEditor.modules" 932
"../../../Engine/Plugins/IoStoreInsights/Binaries/Win64/UnrealEditor.modules" 933
"../../../Engine/Plugins/MassInsights/Binaries/Win64/UnrealEditor.modules" 934
"../../../Engine/Plugins/MeshPainting/Binaries/Win64/UnrealEditor.modules" 935
"../../../Engine/Plugins/Interchange/Editor/Binaries/Win64/UnrealEditor.modules" 936
"../../../Engine/Plugins/RenderGraphInsights/Binaries/Win64/UnrealEditor.modules" 937
"../../../Engine/Plugins/TraceUtilities/Binaries/Win64/UnrealEditor.modules" 938
"../../../Engine/Plugins/UbaController/Binaries/Win64/UnrealEditor.modules" 939
"../../../Engine/Plugins/XGEController/Binaries/Win64/UnrealEditor.modules" 940
"../../../Engine/Plugins/WorldMetrics/Binaries/Win64/UnrealEditor.modules" 941
"../../../Engine/Plugins/FX/Cascade/Binaries/Win64/UnrealEditor.modules" 942
"../../../Engine/Plugins/FX/NiagaraSimCaching/Binaries/Win64/UnrealEditor.modules" 943
"../../../Engine/Plugins/Importers/AlembicImporter/Binaries/Win64/UnrealEditor.modules" 944
"../../../Engine/Plugins/Messaging/TcpMessaging/Binaries/Win64/UnrealEditor.modules" 945
"../../../Engine/Plugins/Messaging/UdpMessaging/Binaries/Win64/UnrealEditor.modules" 946
"../../../Engine/Plugins/MovieScene/ActorSequence/Binaries/Win64/UnrealEditor.modules" 947
"../../../Engine/Plugins/NNE/NNEDenoiser/Binaries/Win64/UnrealEditor.modules" 948
"../../../Engine/Plugins/NNE/NNERuntimeORT/Binaries/Win64/UnrealEditor.modules" 949
"../../../Engine/Plugins/Online/OnlineBase/Binaries/Win64/UnrealEditor.modules" 950
"../../../Engine/Plugins/Online/OnlineSubsystem/Binaries/Win64/UnrealEditor.modules" 951
"../../../Engine/Plugins/Online/OnlineSubsystemNull/Binaries/Win64/UnrealEditor.modules" 952
"../../../Engine/Plugins/Online/OnlineSubsystemUtils/Binaries/Win64/UnrealEditor.modules" 953
"../../../Engine/Plugins/Online/OnlineServices/Binaries/Win64/UnrealEditor.modules" 954
"../../../Engine/Plugins/Portal/LauncherChunkInstaller/Binaries/Win64/UnrealEditor.modules" 955
"../../../Engine/Plugins/Runtime/ActorLayerUtilities/Binaries/Win64/UnrealEditor.modules" 956
"../../../Engine/Plugins/Runtime/AndroidDeviceProfileSelector/Binaries/Win64/UnrealEditor.modules" 957
"../../../Engine/Plugins/Runtime/AndroidFileServer/Binaries/Win64/UnrealEditor.modules" 958
"../../../Engine/Plugins/Runtime/AndroidPermission/Binaries/Win64/UnrealEditor.modules" 959
"../../../Engine/Plugins/Runtime/AppleImageUtils/Binaries/Win64/UnrealEditor.modules" 960
"../../../Engine/Plugins/Runtime/AssetTags/Binaries/Win64/UnrealEditor.modules" 961
"../../../Engine/Plugins/Runtime/ArchVisCharacter/Binaries/Win64/UnrealEditor.modules" 962
"../../../Engine/Plugins/Runtime/CableComponent/Binaries/Win64/UnrealEditor.modules" 963
"../../../Engine/Plugins/Runtime/ChunkDownloader/Binaries/Win64/UnrealEditor.modules" 964
"../../../Engine/Plugins/Runtime/CustomMeshComponent/Binaries/Win64/UnrealEditor.modules" 965
"../../../Engine/Plugins/Runtime/ExampleDeviceProfileSelector/Binaries/Win64/UnrealEditor.modules" 966
"../../../Engine/Plugins/Runtime/GooglePAD/Binaries/Win64/UnrealEditor.modules" 967
"../../../Engine/Plugins/Runtime/InputDebugging/Binaries/Win64/UnrealEditor.modules" 968
"../../../Engine/Plugins/Runtime/LocationServicesBPLibrary/Binaries/Win64/UnrealEditor.modules" 969
"../../../Engine/Plugins/Runtime/Metasound/Binaries/Win64/UnrealEditor.modules" 970
"../../../Engine/Plugins/Runtime/AudioWidgets/Binaries/Win64/UnrealEditor.modules" 971
"../../../Engine/Plugins/Runtime/AudioSynesthesia/Binaries/Win64/UnrealEditor.modules" 972
"../../../Engine/Plugins/Editor/ContentBrowser/ContentBrowserAssetDataSource/Binaries/Win64/UnrealEditor.modules" 973
"../../../Engine/Plugins/Runtime/WaveTable/Binaries/Win64/UnrealEditor.modules" 974
"../../../Engine/Plugins/Runtime/MobilePatchingUtils/Binaries/Win64/UnrealEditor.modules" 975
"../../../Engine/Plugins/Runtime/MsQuic/Binaries/Win64/UnrealEditor.modules" 976
"../../../Engine/Plugins/Runtime/ResonanceAudio/Binaries/Win64/UnrealEditor.modules" 977
"../../../Engine/Plugins/Runtime/SoundFields/Binaries/Win64/UnrealEditor.modules" 978
"../../../Engine/Plugins/Runtime/Synthesis/Binaries/Win64/UnrealEditor.modules" 979
"../../../Engine/Plugins/Runtime/WebMMoviePlayer/Binaries/Win64/UnrealEditor.modules" 980
"../../../Engine/Plugins/Media/WebMMedia/Binaries/Win64/UnrealEditor.modules" 981
"../../../Engine/Plugins/Runtime/WindowsMoviePlayer/Binaries/Win64/UnrealEditor.modules" 982
"../../../Engine/Plugins/Runtime/WindowsDeviceProfileSelector/Binaries/Win64/UnrealEditor.modules" 983
"../../../Engine/Plugins/Tests/InterchangeTests/Binaries/Win64/UnrealEditor.modules" 984
"../../../Engine/Plugins/2D/Paper2D/Binaries/Win64/UnrealEditor.modules" 985
"../../../Engine/Plugins/AI/EnvironmentQueryEditor/Binaries/Win64/UnrealEditor.modules" 986
"../../../Engine/Plugins/AI/AISupport/Binaries/Win64/UnrealEditor.modules" 987
"../../../Engine/Plugins/Animation/ACLPlugin/Binaries/Win64/UnrealEditor.modules" 988
"../../../Engine/Plugins/Animation/AnimationData/Binaries/Win64/UnrealEditor.modules" 989
"../../../Engine/Plugins/Animation/AnimationModifierLibrary/Binaries/Win64/UnrealEditor.modules" 990
"../../../Engine/Plugins/Animation/BlendSpaceMotionAnalysis/Binaries/Win64/UnrealEditor.modules" 991
"../../../Engine/Plugins/Animation/ControlRigSpline/Binaries/Win64/UnrealEditor.modules" 992
"../../../Engine/Plugins/Animation/IKRig/Binaries/Win64/UnrealEditor.modules" 993
"../../../Engine/Plugins/Experimental/FullBodyIK/Binaries/Win64/UnrealEditor.modules" 994
"../../../Engine/Plugins/Animation/SkeletalMeshModelingTools/Binaries/Win64/UnrealEditor.modules" 995
"../../../Engine/Plugins/Cameras/EngineCameras/Binaries/Win64/UnrealEditor.modules" 996
"../../../Engine/Plugins/MovieScene/TemplateSequence/Binaries/Win64/UnrealEditor.modules" 997
"../../../Engine/Plugins/Cameras/GameplayCameras/Binaries/Win64/UnrealEditor.modules" 998
"../../../Engine/Plugins/VirtualProduction/CameraCalibrationCore/Binaries/Win64/UnrealEditor.modules" 999
"../../../Engine/Plugins/Runtime/StateTree/Binaries/Win64/UnrealEditor.modules" 1000
"../../../Engine/Plugins/Animation/GameplayInsights/Binaries/Win64/UnrealEditor.modules" 1001
"../../../Engine/Plugins/Runtime/PropertyBindingUtils/Binaries/Win64/UnrealEditor.modules" 1002
"../../../Engine/Plugins/Cameras/CameraShakePreviewer/Binaries/Win64/UnrealEditor.modules" 1003
"../../../Engine/Plugins/Developer/AnimationSharing/Binaries/Win64/UnrealEditor.modules" 1004
"../../../Engine/Plugins/Runtime/SignificanceManager/Binaries/Win64/UnrealEditor.modules" 1005
"../../../Engine/Plugins/Compression/OodleNetwork/Binaries/Win64/UnrealEditor.modules" 1006
"../../../Engine/Plugins/Developer/CLionSourceCodeAccess/Binaries/Win64/UnrealEditor.modules" 1007
"../../../Engine/Plugins/Developer/DumpGPUServices/Binaries/Win64/UnrealEditor.modules" 1008
"../../../Engine/Plugins/Developer/GitSourceControl/Binaries/Win64/UnrealEditor.modules" 1009
"../../../Engine/Plugins/Developer/PixWinPlugin/Binaries/Win64/UnrealEditor.modules" 1010
"../../../Engine/Plugins/Developer/N10XSourceCodeAccess/Binaries/Win64/UnrealEditor.modules" 1011
"../../../Engine/Plugins/Developer/PerforceSourceControl/Binaries/Win64/UnrealEditor.modules" 1012
"../../../Engine/Plugins/Developer/PlasticSourceControl/Binaries/Win64/UnrealEditor.modules" 1013
"../../../Engine/Plugins/Developer/ProjectLauncher/Binaries/Win64/UnrealEditor.modules" 1014
"../../../Engine/Plugins/Developer/PluginUtils/Binaries/Win64/UnrealEditor.modules" 1015
"../../../Engine/Plugins/Developer/RenderDocPlugin/Binaries/Win64/UnrealEditor.modules" 1016
"../../../Engine/Plugins/Developer/RiderSourceCodeAccess/Binaries/Win64/UnrealEditor.modules" 1017
"../../../Engine/Plugins/Developer/TextureFormatOodle/Binaries/Win64/UnrealEditor.modules" 1018
"../../../Engine/Plugins/Developer/UObjectPlugin/Binaries/Win64/UnrealEditor.modules" 1019
"../../../Engine/Plugins/Developer/PropertyAccessNode/Binaries/Win64/UnrealEditor.modules" 1020
"../../../Engine/Plugins/Developer/VisualStudioCodeSourceCodeAccess/Binaries/Win64/UnrealEditor.modules" 1021
"../../../Engine/Plugins/Developer/VisualStudioSourceCodeAccess/Binaries/Win64/UnrealEditor.modules" 1022
"../../../Engine/Plugins/Editor/AssetManagerEditor/Binaries/Win64/UnrealEditor.modules" 1023
"../../../Engine/Plugins/Developer/SubversionSourceControl/Binaries/Win64/UnrealEditor.modules" 1024
"../../../Engine/Plugins/Editor/ChangelistReview/Binaries/Win64/UnrealEditor.modules" 1025
"../../../Engine/Plugins/Editor/CryptoKeys/Binaries/Win64/UnrealEditor.modules" 1026
"../../../Engine/Plugins/Editor/BlueprintHeaderView/Binaries/Win64/UnrealEditor.modules" 1027
"../../../Engine/Plugins/Editor/CurveEditorTools/Binaries/Win64/UnrealEditor.modules" 1028
"../../../Engine/Plugins/Editor/EditorDebugTools/Binaries/Win64/UnrealEditor.modules" 1029
"../../../Engine/Plugins/Editor/FacialAnimation/Binaries/Win64/UnrealEditor.modules" 1030
"../../../Engine/Plugins/Editor/GameplayTagsEditor/Binaries/Win64/UnrealEditor.modules" 1031
"../../../Engine/Plugins/Editor/ColorGrading/Binaries/Win64/UnrealEditor.modules" 1032
"../../../Engine/Plugins/Editor/ObjectMixer/ObjectMixer/Binaries/Win64/UnrealEditor.modules" 1033
"../../../Engine/Plugins/Editor/GeometryMode/Binaries/Win64/UnrealEditor.modules" 1034
"../../../Engine/Plugins/Editor/MaterialAnalyzer/Binaries/Win64/UnrealEditor.modules" 1035
"../../../Engine/Plugins/Editor/PluginBrowser/Binaries/Win64/UnrealEditor.modules" 1036
"../../../Engine/Plugins/Editor/MobileLauncherProfileWizard/Binaries/Win64/UnrealEditor.modules" 1037
"../../../Engine/Plugins/Editor/SequencerAnimTools/Binaries/Win64/UnrealEditor.modules" 1038
"../../../Engine/Plugins/Editor/SpeedTreeImporter/Binaries/Win64/UnrealEditor.modules" 1039
"../../../Engine/Plugins/Editor/UMGWidgetPreview/Binaries/Win64/UnrealEditor.modules" 1040
"../../../Engine/Plugins/Editor/UVEditor/Binaries/Win64/UnrealEditor.modules" 1041
"../../../Engine/Plugins/Editor/WorldPartitionHLODUtilities/Binaries/Win64/UnrealEditor.modules" 1042
"../../../Engine/Plugins/Enterprise/DatasmithContent/Binaries/Win64/UnrealEditor.modules" 1043
"../../../Engine/Plugins/Enterprise/GLTFExporter/Binaries/Win64/UnrealEditor.modules" 1044
"../../../Engine/Plugins/Experimental/AdvancedRenamer/Binaries/Win64/UnrealEditor.modules" 1045
"../../../Engine/Plugins/Experimental/BackChannel/Binaries/Win64/UnrealEditor.modules" 1046
"../../../Engine/Plugins/Experimental/AutomationUtils/Binaries/Win64/UnrealEditor.modules" 1047
"../../../Engine/Plugins/Experimental/ChaosEditor/Binaries/Win64/UnrealEditor.modules" 1048
"../../../Engine/Plugins/Experimental/GeometryCollectionPlugin/Binaries/Win64/UnrealEditor.modules" 1049
"../../../Engine/Plugins/Experimental/Fracture/Binaries/Win64/UnrealEditor.modules" 1050
"../../../Engine/Plugins/Experimental/ChaosSolverPlugin/Binaries/Win64/UnrealEditor.modules" 1051
"../../../Engine/Plugins/Experimental/GeometryDataflow/Binaries/Win64/UnrealEditor.modules" 1052
"../../../Engine/Plugins/Experimental/ChaosNiagara/Binaries/Win64/UnrealEditor.modules" 1053
"../../../Engine/Plugins/Experimental/CharacterAI/Binaries/Win64/UnrealEditor.modules" 1054
"../../../Engine/Plugins/Experimental/ChaosUserDataPT/Binaries/Win64/UnrealEditor.modules" 1055
"../../../Engine/Plugins/Experimental/EditorPerformance/Binaries/Win64/UnrealEditor.modules" 1056
"../../../Engine/Plugins/Experimental/EditorTelemetry/Binaries/Win64/UnrealEditor.modules" 1057
"../../../Engine/Plugins/Experimental/LevelSequenceNavigatorBridge/Binaries/Win64/UnrealEditor.modules" 1058
"../../../Engine/Plugins/Experimental/SequenceNavigator/Binaries/Win64/UnrealEditor.modules" 1059
"../../../Engine/Plugins/Experimental/LocalizableMessage/Binaries/Win64/UnrealEditor.modules" 1060
"../../../Engine/Plugins/Experimental/NFORDenoise/Binaries/Win64/UnrealEditor.modules" 1061
"../../../Engine/Plugins/Experimental/PlatformCrypto/Binaries/Win64/UnrealEditor.modules" 1062
"../../../Engine/Plugins/Experimental/SkeletalReduction/Binaries/Win64/UnrealEditor.modules" 1063
"../../../Engine/Plugins/Experimental/RuntimeTelemetry/Binaries/Win64/UnrealEditor.modules" 1064
"../../../Engine/Plugins/Marketplace/FabLauncher/Binaries/Win64/UnrealEditor.modules" 1065
"../../../Engine/Plugins/Importers/USDImporter/Binaries/Win64/UnrealEditor.modules" 1066
"../../../Engine/Plugins/Runtime/USDCore/Binaries/Win64/UnrealEditor.modules" 1067
"../../../Engine/Plugins/Runtime/Analytics/AnalyticsBlueprintLibrary/Binaries/Win64/UnrealEditor.modules" 1068
"../../../Engine/Plugins/Animation/LiveLink/Binaries/Win64/UnrealEditor.modules" 1069
"../../../Engine/Plugins/Media/AndroidMedia/Binaries/Win64/UnrealEditor.modules" 1070
"../../../Engine/Plugins/Media/AvfMedia/Binaries/Win64/UnrealEditor.modules" 1071
"../../../Engine/Plugins/Media/MediaPlate/Binaries/Win64/UnrealEditor.modules" 1072
"../../../Engine/Plugins/Media/MediaCompositing/Binaries/Win64/UnrealEditor.modules" 1073
"../../../Engine/Plugins/Media/MediaPlayerEditor/Binaries/Win64/UnrealEditor.modules" 1074
"../../../Engine/Plugins/Experimental/Compositing/CompositeCore/Binaries/Win64/UnrealEditor.modules" 1075
"../../../Engine/Plugins/Media/ImgMedia/Binaries/Win64/UnrealEditor.modules" 1076
"../../../Engine/Plugins/Media/WmfMedia/Binaries/Win64/UnrealEditor.modules" 1077
"../../../Engine/Plugins/Editor/ContentBrowser/ContentBrowserClassDataSource/Binaries/Win64/UnrealEditor.modules" 1078
"../../../Engine/Plugins/Editor/Localization/PortableObjectFileDataSource/Binaries/Win64/UnrealEditor.modules" 1079
"../../../Engine/Plugins/Runtime/Windows/XInputDevice/Binaries/Win64/UnrealEditor.modules" 1080
"../../../Engine/Plugins/Editor/ObjectMixer/LightMixer/Binaries/Win64/UnrealEditor.modules" 1081
"../../../Engine/Config/BaseSourceControlSettings.ini" 1082
"../../../Engine/Content/Internationalization/icudt64l/coll/ucadata.icu" 1083
"../../../Engine/Content/Internationalization/icudt64l/coll/en_US.res" 1084
"../../../Engine/Content/Internationalization/icudt64l/coll/en.res" 1085
"../../../Engine/Content/Internationalization/icudt64l/coll/root.res" 1086
"../../../Engine/Content/Certificates/ThirdParty/cacert.pem" 1087
"../../../Engine/Config/ConsoleVariables.ini" 1088
"../../../Engine/Binaries/Win64/Android/UnrealEditor.modules" 1089
"../../../Engine/Binaries/Win64/IOS/UnrealEditor.modules" 1090
"../../../Engine/Binaries/Win64/Linux/UnrealEditor.modules" 1091
"../../../Engine/Content/Localization/Editor/en/Editor.locres" 1092
"../../../Engine/Content/Localization/EditorTutorials/en/EditorTutorials.locres" 1093
"../../../Engine/Content/Localization/Keywords/en/Keywords.locres" 1094
"../../../Engine/Content/Localization/Category/en/Category.locres" 1095
"../../../Engine/Content/Localization/ToolTips/en/ToolTips.locres" 1096
"../../../Engine/Content/Localization/PropertyNames/en/PropertyNames.locres" 1097
"../../../Engine/Content/Localization/Engine/en/Engine.locres" 1098
"../../../Engine/Plugins/Online/OnlineSubsystem/Content/Localization/OnlineSubsystem/en/OnlineSubsystem.locres" 1099
"../../../Engine/Plugins/Online/OnlineSubsystemUtils/Content/Localization/OnlineSubsystemUtils/en/OnlineSubsystemUtils.locres" 1100
"../../../Engine/Plugins/MetaHuman/MetaHumanSDK/Content/Localization/MetaHumanSDK/en/MetaHumanSDK.locres" 1101
"../../../Engine/Plugins/Online/IOS/OnlineSubsystemIOS/Content/Localization/OnlineSubsystemIOS/en/OnlineSubsystemIOS.locres" 1102
"../../../Engine/Plugins/Online/Android/OnlineSubsystemGooglePlay/Content/Localization/OnlineSubsystemGooglePlay/en/OnlineSubsystemGooglePlay.locres" 1103
"../../../Engine/Content/Internationalization/icudt64l/en_GB.res" 1104
"../../../Engine/Content/Internationalization/icudt64l/en_001.res" 1105
"../../../Engine/Content/Internationalization/icudt64l/numberingSystems.res" 1106
"../../../Engine/Content/Internationalization/icudt64l/curr/supplementalData.res" 1107
"../../../Engine/Content/Internationalization/icudt64l/curr/en_GB.res" 1108
"../../../Engine/Content/Internationalization/icudt64l/curr/pool.res" 1109
"../../../Engine/Content/Internationalization/icudt64l/curr/en_001.res" 1110
"../../../Engine/Content/Internationalization/icudt64l/curr/en.res" 1111
"../../../Engine/Content/Internationalization/icudt64l/curr/root.res" 1112
"../../../Engine/Content/Internationalization/icudt64l/lang/af.res" 1113
"../../../Engine/Content/Internationalization/icudt64l/region/af.res" 1114
"../../../Engine/Content/Internationalization/icudt64l/lang/agq.res" 1115
"../../../Engine/Content/Internationalization/icudt64l/region/agq.res" 1116
"../../../Engine/Content/Internationalization/icudt64l/lang/ak.res" 1117
"../../../Engine/Content/Internationalization/icudt64l/region/ak.res" 1118
"../../../Engine/Content/Internationalization/icudt64l/lang/am.res" 1119
"../../../Engine/Content/Internationalization/icudt64l/region/am.res" 1120
"../../../Engine/Content/Internationalization/icudt64l/lang/ar.res" 1121
"../../../Engine/Content/Internationalization/icudt64l/region/ar.res" 1122
"../../../Engine/Content/Internationalization/icudt64l/region/ar_AE.res" 1123
"../../../Engine/Content/Internationalization/icudt64l/lang/ar_EG.res" 1124
"../../../Engine/Content/Internationalization/icudt64l/lang/ar_LY.res" 1125
"../../../Engine/Content/Internationalization/icudt64l/region/ar_LY.res" 1126
"../../../Engine/Content/Internationalization/icudt64l/lang/ar_SA.res" 1127
"../../../Engine/Content/Internationalization/icudt64l/region/ar_SA.res" 1128
"../../../Engine/Content/Internationalization/icudt64l/lang/as.res" 1129
"../../../Engine/Content/Internationalization/icudt64l/region/as.res" 1130
"../../../Engine/Content/Internationalization/icudt64l/lang/asa.res" 1131
"../../../Engine/Content/Internationalization/icudt64l/region/asa.res" 1132
"../../../Engine/Content/Internationalization/icudt64l/lang/ast.res" 1133
"../../../Engine/Content/Internationalization/icudt64l/region/ast.res" 1134
"../../../Engine/Content/Internationalization/icudt64l/lang/az.res" 1135
"../../../Engine/Content/Internationalization/icudt64l/lang/az_Cyrl.res" 1136
"../../../Engine/Content/Internationalization/icudt64l/lang/az_AZ.res" 1137
"../../../Engine/Content/Internationalization/icudt64l/lang/az_Latn_AZ.res" 1138
"../../../Engine/Content/Internationalization/icudt64l/lang/az_Latn.res" 1139
"../../../Engine/Content/Internationalization/icudt64l/region/az_AZ.res" 1140
"../../../Engine/Content/Internationalization/icudt64l/region/az_Latn_AZ.res" 1141
"../../../Engine/Content/Internationalization/icudt64l/region/az_Latn.res" 1142
"../../../Engine/Content/Internationalization/icudt64l/region/az.res" 1143
"../../../Engine/Content/Internationalization/icudt64l/region/az_Cyrl.res" 1144
"../../../Engine/Content/Internationalization/icudt64l/lang/bas.res" 1145
"../../../Engine/Content/Internationalization/icudt64l/region/bas.res" 1146
"../../../Engine/Content/Internationalization/icudt64l/lang/be.res" 1147
"../../../Engine/Content/Internationalization/icudt64l/region/be.res" 1148
"../../../Engine/Content/Internationalization/icudt64l/lang/bem.res" 1149
"../../../Engine/Content/Internationalization/icudt64l/region/bem.res" 1150
"../../../Engine/Content/Internationalization/icudt64l/lang/bez.res" 1151
"../../../Engine/Content/Internationalization/icudt64l/region/bez.res" 1152
"../../../Engine/Content/Internationalization/icudt64l/lang/bg.res" 1153
"../../../Engine/Content/Internationalization/icudt64l/region/bg.res" 1154
"../../../Engine/Content/Internationalization/icudt64l/lang/bm.res" 1155
"../../../Engine/Content/Internationalization/icudt64l/region/bm.res" 1156
"../../../Engine/Content/Internationalization/icudt64l/lang/bn.res" 1157
"../../../Engine/Content/Internationalization/icudt64l/region/bn.res" 1158
"../../../Engine/Content/Internationalization/icudt64l/lang/bn_IN.res" 1159
"../../../Engine/Content/Internationalization/icudt64l/region/bn_IN.res" 1160
"../../../Engine/Content/Internationalization/icudt64l/lang/bo.res" 1161
"../../../Engine/Content/Internationalization/icudt64l/region/bo.res" 1162
"../../../Engine/Content/Internationalization/icudt64l/region/bo_IN.res" 1163
"../../../Engine/Content/Internationalization/icudt64l/lang/br.res" 1164
"../../../Engine/Content/Internationalization/icudt64l/region/br.res" 1165
"../../../Engine/Content/Internationalization/icudt64l/lang/brx.res" 1166
"../../../Engine/Content/Internationalization/icudt64l/region/brx.res" 1167
"../../../Engine/Content/Internationalization/icudt64l/lang/bs.res" 1168
"../../../Engine/Content/Internationalization/icudt64l/lang/bs_Cyrl.res" 1169
"../../../Engine/Content/Internationalization/icudt64l/lang/bs_BA.res" 1170
"../../../Engine/Content/Internationalization/icudt64l/lang/bs_Latn_BA.res" 1171
"../../../Engine/Content/Internationalization/icudt64l/lang/bs_Latn.res" 1172
"../../../Engine/Content/Internationalization/icudt64l/region/bs_BA.res" 1173
"../../../Engine/Content/Internationalization/icudt64l/region/bs_Latn_BA.res" 1174
"../../../Engine/Content/Internationalization/icudt64l/region/bs_Latn.res" 1175
"../../../Engine/Content/Internationalization/icudt64l/region/bs.res" 1176
"../../../Engine/Content/Internationalization/icudt64l/region/bs_Cyrl.res" 1177
"../../../Engine/Content/Internationalization/icudt64l/lang/ca.res" 1178
"../../../Engine/Content/Internationalization/icudt64l/region/ca.res" 1179
"../../../Engine/Content/Internationalization/icudt64l/lang/ccp.res" 1180
"../../../Engine/Content/Internationalization/icudt64l/region/ccp.res" 1181
"../../../Engine/Content/Internationalization/icudt64l/lang/ce.res" 1182
"../../../Engine/Content/Internationalization/icudt64l/region/ce.res" 1183
"../../../Engine/Content/Internationalization/icudt64l/lang/ceb.res" 1184
"../../../Engine/Content/Internationalization/icudt64l/region/ceb.res" 1185
"../../../Engine/Content/Internationalization/icudt64l/lang/cgg.res" 1186
"../../../Engine/Content/Internationalization/icudt64l/region/cgg.res" 1187
"../../../Engine/Content/Internationalization/icudt64l/lang/chr.res" 1188
"../../../Engine/Content/Internationalization/icudt64l/region/chr.res" 1189
"../../../Engine/Content/Internationalization/icudt64l/lang/ckb.res" 1190
"../../../Engine/Content/Internationalization/icudt64l/region/ckb.res" 1191
"../../../Engine/Content/Internationalization/icudt64l/lang/cs.res" 1192
"../../../Engine/Content/Internationalization/icudt64l/region/cs.res" 1193
"../../../Engine/Content/Internationalization/icudt64l/lang/cy.res" 1194
"../../../Engine/Content/Internationalization/icudt64l/region/cy.res" 1195
"../../../Engine/Content/Internationalization/icudt64l/lang/da.res" 1196
"../../../Engine/Content/Internationalization/icudt64l/region/da.res" 1197
"../../../Engine/Content/Internationalization/icudt64l/lang/dav.res" 1198
"../../../Engine/Content/Internationalization/icudt64l/region/dav.res" 1199
"../../../Engine/Content/Internationalization/icudt64l/lang/de.res" 1200
"../../../Engine/Content/Internationalization/icudt64l/lang/de_AT.res" 1201
"../../../Engine/Content/Internationalization/icudt64l/region/de_AT.res" 1202
"../../../Engine/Content/Internationalization/icudt64l/region/de.res" 1203
"../../../Engine/Content/Internationalization/icudt64l/lang/de_CH.res" 1204
"../../../Engine/Content/Internationalization/icudt64l/region/de_CH.res" 1205
"../../../Engine/Content/Internationalization/icudt64l/lang/de_LU.res" 1206
"../../../Engine/Content/Internationalization/icudt64l/lang/dje.res" 1207
"../../../Engine/Content/Internationalization/icudt64l/region/dje.res" 1208
"../../../Engine/Content/Internationalization/icudt64l/lang/dsb.res" 1209
"../../../Engine/Content/Internationalization/icudt64l/region/dsb.res" 1210
"../../../Engine/Content/Internationalization/icudt64l/lang/dua.res" 1211
"../../../Engine/Content/Internationalization/icudt64l/region/dua.res" 1212
"../../../Engine/Content/Internationalization/icudt64l/lang/dyo.res" 1213
"../../../Engine/Content/Internationalization/icudt64l/region/dyo.res" 1214
"../../../Engine/Content/Internationalization/icudt64l/lang/dz.res" 1215
"../../../Engine/Content/Internationalization/icudt64l/region/dz.res" 1216
"../../../Engine/Content/Internationalization/icudt64l/lang/ebu.res" 1217
"../../../Engine/Content/Internationalization/icudt64l/region/ebu.res" 1218
"../../../Engine/Content/Internationalization/icudt64l/lang/ee.res" 1219
"../../../Engine/Content/Internationalization/icudt64l/region/ee.res" 1220
"../../../Engine/Content/Internationalization/icudt64l/lang/el.res" 1221
"../../../Engine/Content/Internationalization/icudt64l/region/el.res" 1222
"../../../Engine/Content/Internationalization/icudt64l/lang/en_150.res" 1223
"../../../Engine/Content/Internationalization/icudt64l/region/en_150.res" 1224
"../../../Engine/Content/Internationalization/icudt64l/lang/en_AG.res" 1225
"../../../Engine/Content/Internationalization/icudt64l/region/en_AG.res" 1226
"../../../Engine/Content/Internationalization/icudt64l/lang/en_AI.res" 1227
"../../../Engine/Content/Internationalization/icudt64l/region/en_AI.res" 1228
"../../../Engine/Content/Internationalization/icudt64l/lang/en_AT.res" 1229
"../../../Engine/Content/Internationalization/icudt64l/region/en_AT.res" 1230
"../../../Engine/Content/Internationalization/icudt64l/lang/en_AU.res" 1231
"../../../Engine/Content/Internationalization/icudt64l/region/en_AU.res" 1232
"../../../Engine/Content/Internationalization/icudt64l/lang/en_BB.res" 1233
"../../../Engine/Content/Internationalization/icudt64l/region/en_BB.res" 1234
"../../../Engine/Content/Internationalization/icudt64l/lang/en_BE.res" 1235
"../../../Engine/Content/Internationalization/icudt64l/region/en_BE.res" 1236
"../../../Engine/Content/Internationalization/icudt64l/lang/en_BM.res" 1237
"../../../Engine/Content/Internationalization/icudt64l/region/en_BM.res" 1238
"../../../Engine/Content/Internationalization/icudt64l/lang/en_BS.res" 1239
"../../../Engine/Content/Internationalization/icudt64l/region/en_BS.res" 1240
"../../../Engine/Content/Internationalization/icudt64l/lang/en_BW.res" 1241
"../../../Engine/Content/Internationalization/icudt64l/region/en_BW.res" 1242
"../../../Engine/Content/Internationalization/icudt64l/lang/en_BZ.res" 1243
"../../../Engine/Content/Internationalization/icudt64l/region/en_BZ.res" 1244
"../../../Engine/Content/Internationalization/icudt64l/lang/en_CA.res" 1245
"../../../Engine/Content/Internationalization/icudt64l/region/en_CA.res" 1246
"../../../Engine/Content/Internationalization/icudt64l/lang/en_CC.res" 1247
"../../../Engine/Content/Internationalization/icudt64l/region/en_CC.res" 1248
"../../../Engine/Content/Internationalization/icudt64l/lang/en_CH.res" 1249
"../../../Engine/Content/Internationalization/icudt64l/region/en_CH.res" 1250
"../../../Engine/Content/Internationalization/icudt64l/lang/en_CK.res" 1251
"../../../Engine/Content/Internationalization/icudt64l/region/en_CK.res" 1252
"../../../Engine/Content/Internationalization/icudt64l/lang/en_CM.res" 1253
"../../../Engine/Content/Internationalization/icudt64l/region/en_CM.res" 1254
"../../../Engine/Content/Internationalization/icudt64l/lang/en_CX.res" 1255
"../../../Engine/Content/Internationalization/icudt64l/region/en_CX.res" 1256
"../../../Engine/Content/Internationalization/icudt64l/lang/en_CY.res" 1257
"../../../Engine/Content/Internationalization/icudt64l/region/en_CY.res" 1258
"../../../Engine/Content/Internationalization/icudt64l/lang/en_DE.res" 1259
"../../../Engine/Content/Internationalization/icudt64l/region/en_DE.res" 1260
"../../../Engine/Content/Internationalization/icudt64l/lang/en_DG.res" 1261
"../../../Engine/Content/Internationalization/icudt64l/region/en_DG.res" 1262
"../../../Engine/Content/Internationalization/icudt64l/lang/en_DK.res" 1263
"../../../Engine/Content/Internationalization/icudt64l/region/en_DK.res" 1264
"../../../Engine/Content/Internationalization/icudt64l/lang/en_DM.res" 1265
"../../../Engine/Content/Internationalization/icudt64l/region/en_DM.res" 1266
"../../../Engine/Content/Internationalization/icudt64l/lang/en_ER.res" 1267
"../../../Engine/Content/Internationalization/icudt64l/region/en_ER.res" 1268
"../../../Engine/Content/Internationalization/icudt64l/lang/en_FI.res" 1269
"../../../Engine/Content/Internationalization/icudt64l/region/en_FI.res" 1270
"../../../Engine/Content/Internationalization/icudt64l/lang/en_FJ.res" 1271
"../../../Engine/Content/Internationalization/icudt64l/region/en_FJ.res" 1272
"../../../Engine/Content/Internationalization/icudt64l/lang/en_FK.res" 1273
"../../../Engine/Content/Internationalization/icudt64l/region/en_FK.res" 1274
"../../../Engine/Content/Internationalization/icudt64l/lang/en_FM.res" 1275
"../../../Engine/Content/Internationalization/icudt64l/region/en_FM.res" 1276
"../../../Engine/Content/Internationalization/icudt64l/lang/en_GD.res" 1277
"../../../Engine/Content/Internationalization/icudt64l/region/en_GD.res" 1278
"../../../Engine/Content/Internationalization/icudt64l/lang/en_GG.res" 1279
"../../../Engine/Content/Internationalization/icudt64l/region/en_GG.res" 1280
"../../../Engine/Content/Internationalization/icudt64l/lang/en_GH.res" 1281
"../../../Engine/Content/Internationalization/icudt64l/region/en_GH.res" 1282
"../../../Engine/Content/Internationalization/icudt64l/lang/en_GI.res" 1283
"../../../Engine/Content/Internationalization/icudt64l/region/en_GI.res" 1284
"../../../Engine/Content/Internationalization/icudt64l/lang/en_GM.res" 1285
"../../../Engine/Content/Internationalization/icudt64l/region/en_GM.res" 1286
"../../../Engine/Content/Internationalization/icudt64l/lang/en_GY.res" 1287
"../../../Engine/Content/Internationalization/icudt64l/region/en_GY.res" 1288
"../../../Engine/Content/Internationalization/icudt64l/lang/en_HK.res" 1289
"../../../Engine/Content/Internationalization/icudt64l/region/en_HK.res" 1290
"../../../Engine/Content/Internationalization/icudt64l/lang/en_IE.res" 1291
"../../../Engine/Content/Internationalization/icudt64l/region/en_IE.res" 1292
"../../../Engine/Content/Internationalization/icudt64l/lang/en_IL.res" 1293
"../../../Engine/Content/Internationalization/icudt64l/region/en_IL.res" 1294
"../../../Engine/Content/Internationalization/icudt64l/lang/en_IM.res" 1295
"../../../Engine/Content/Internationalization/icudt64l/region/en_IM.res" 1296
"../../../Engine/Content/Internationalization/icudt64l/lang/en_IN.res" 1297
"../../../Engine/Content/Internationalization/icudt64l/region/en_IN.res" 1298
"../../../Engine/Content/Internationalization/icudt64l/lang/en_IO.res" 1299
"../../../Engine/Content/Internationalization/icudt64l/region/en_IO.res" 1300
"../../../Engine/Content/Internationalization/icudt64l/lang/en_JE.res" 1301
"../../../Engine/Content/Internationalization/icudt64l/region/en_JE.res" 1302
"../../../Engine/Content/Internationalization/icudt64l/lang/en_JM.res" 1303
"../../../Engine/Content/Internationalization/icudt64l/region/en_JM.res" 1304
"../../../Engine/Content/Internationalization/icudt64l/lang/en_KE.res" 1305
"../../../Engine/Content/Internationalization/icudt64l/region/en_KE.res" 1306
"../../../Engine/Content/Internationalization/icudt64l/lang/en_KI.res" 1307
"../../../Engine/Content/Internationalization/icudt64l/region/en_KI.res" 1308
"../../../Engine/Content/Internationalization/icudt64l/lang/en_KN.res" 1309
"../../../Engine/Content/Internationalization/icudt64l/region/en_KN.res" 1310
"../../../Engine/Content/Internationalization/icudt64l/lang/en_KY.res" 1311
"../../../Engine/Content/Internationalization/icudt64l/region/en_KY.res" 1312
"../../../Engine/Content/Internationalization/icudt64l/lang/en_LC.res" 1313
"../../../Engine/Content/Internationalization/icudt64l/region/en_LC.res" 1314
"../../../Engine/Content/Internationalization/icudt64l/lang/en_LR.res" 1315
"../../../Engine/Content/Internationalization/icudt64l/region/en_LR.res" 1316
"../../../Engine/Content/Internationalization/icudt64l/lang/en_LS.res" 1317
"../../../Engine/Content/Internationalization/icudt64l/region/en_LS.res" 1318
"../../../Engine/Content/Internationalization/icudt64l/lang/en_MG.res" 1319
"../../../Engine/Content/Internationalization/icudt64l/region/en_MG.res" 1320
"../../../Engine/Content/Internationalization/icudt64l/lang/en_MO.res" 1321
"../../../Engine/Content/Internationalization/icudt64l/region/en_MO.res" 1322
"../../../Engine/Content/Internationalization/icudt64l/lang/en_MS.res" 1323
"../../../Engine/Content/Internationalization/icudt64l/region/en_MS.res" 1324
"../../../Engine/Content/Internationalization/icudt64l/lang/en_MT.res" 1325
"../../../Engine/Content/Internationalization/icudt64l/region/en_MT.res" 1326
"../../../Engine/Content/Internationalization/icudt64l/lang/en_MU.res" 1327
"../../../Engine/Content/Internationalization/icudt64l/region/en_MU.res" 1328
"../../../Engine/Content/Internationalization/icudt64l/lang/en_MW.res" 1329
"../../../Engine/Content/Internationalization/icudt64l/region/en_MW.res" 1330
"../../../Engine/Content/Internationalization/icudt64l/lang/en_MY.res" 1331
"../../../Engine/Content/Internationalization/icudt64l/region/en_MY.res" 1332
"../../../Engine/Content/Internationalization/icudt64l/lang/en_NA.res" 1333
"../../../Engine/Content/Internationalization/icudt64l/region/en_NA.res" 1334
"../../../Engine/Content/Internationalization/icudt64l/lang/en_NF.res" 1335
"../../../Engine/Content/Internationalization/icudt64l/region/en_NF.res" 1336
"../../../Engine/Content/Internationalization/icudt64l/lang/en_NG.res" 1337
"../../../Engine/Content/Internationalization/icudt64l/region/en_NG.res" 1338
"../../../Engine/Content/Internationalization/icudt64l/lang/en_NL.res" 1339
"../../../Engine/Content/Internationalization/icudt64l/region/en_NL.res" 1340
"../../../Engine/Content/Internationalization/icudt64l/lang/en_NR.res" 1341
"../../../Engine/Content/Internationalization/icudt64l/region/en_NR.res" 1342
"../../../Engine/Content/Internationalization/icudt64l/lang/en_NU.res" 1343
"../../../Engine/Content/Internationalization/icudt64l/region/en_NU.res" 1344
"../../../Engine/Content/Internationalization/icudt64l/lang/en_NZ.res" 1345
"../../../Engine/Content/Internationalization/icudt64l/region/en_NZ.res" 1346
"../../../Engine/Content/Internationalization/icudt64l/lang/en_PG.res" 1347
"../../../Engine/Content/Internationalization/icudt64l/region/en_PG.res" 1348
"../../../Engine/Content/Internationalization/icudt64l/lang/en_PH.res" 1349
"../../../Engine/Content/Internationalization/icudt64l/region/en_PH.res" 1350
"../../../Engine/Content/Internationalization/icudt64l/lang/en_PK.res" 1351
"../../../Engine/Content/Internationalization/icudt64l/region/en_PK.res" 1352
"../../../Engine/Content/Internationalization/icudt64l/lang/en_PN.res" 1353
"../../../Engine/Content/Internationalization/icudt64l/region/en_PN.res" 1354
"../../../Engine/Content/Internationalization/icudt64l/lang/en_PW.res" 1355
"../../../Engine/Content/Internationalization/icudt64l/region/en_PW.res" 1356
"../../../Engine/Content/Internationalization/icudt64l/lang/en_RW.res" 1357
"../../../Engine/Content/Internationalization/icudt64l/region/en_RW.res" 1358
"../../../Engine/Content/Internationalization/icudt64l/lang/en_SB.res" 1359
"../../../Engine/Content/Internationalization/icudt64l/region/en_SB.res" 1360
"../../../Engine/Content/Internationalization/icudt64l/lang/en_SC.res" 1361
"../../../Engine/Content/Internationalization/icudt64l/region/en_SC.res" 1362
"../../../Engine/Content/Internationalization/icudt64l/lang/en_SD.res" 1363
"../../../Engine/Content/Internationalization/icudt64l/region/en_SD.res" 1364
"../../../Engine/Content/Internationalization/icudt64l/lang/en_SE.res" 1365
"../../../Engine/Content/Internationalization/icudt64l/region/en_SE.res" 1366
"../../../Engine/Content/Internationalization/icudt64l/lang/en_SG.res" 1367
"../../../Engine/Content/Internationalization/icudt64l/region/en_SG.res" 1368
"../../../Engine/Content/Internationalization/icudt64l/lang/en_SH.res" 1369
"../../../Engine/Content/Internationalization/icudt64l/region/en_SH.res" 1370
"../../../Engine/Content/Internationalization/icudt64l/lang/en_SI.res" 1371
"../../../Engine/Content/Internationalization/icudt64l/region/en_SI.res" 1372
"../../../Engine/Content/Internationalization/icudt64l/lang/en_SL.res" 1373
"../../../Engine/Content/Internationalization/icudt64l/region/en_SL.res" 1374
"../../../Engine/Content/Internationalization/icudt64l/lang/en_SS.res" 1375
"../../../Engine/Content/Internationalization/icudt64l/region/en_SS.res" 1376
"../../../Engine/Content/Internationalization/icudt64l/lang/en_SX.res" 1377
"../../../Engine/Content/Internationalization/icudt64l/region/en_SX.res" 1378
"../../../Engine/Content/Internationalization/icudt64l/lang/en_SZ.res" 1379
"../../../Engine/Content/Internationalization/icudt64l/region/en_SZ.res" 1380
"../../../Engine/Content/Internationalization/icudt64l/lang/en_TC.res" 1381
"../../../Engine/Content/Internationalization/icudt64l/region/en_TC.res" 1382
"../../../Engine/Content/Internationalization/icudt64l/lang/en_TK.res" 1383
"../../../Engine/Content/Internationalization/icudt64l/region/en_TK.res" 1384
"../../../Engine/Content/Internationalization/icudt64l/lang/en_TO.res" 1385
"../../../Engine/Content/Internationalization/icudt64l/region/en_TO.res" 1386
"../../../Engine/Content/Internationalization/icudt64l/lang/en_TT.res" 1387
"../../../Engine/Content/Internationalization/icudt64l/region/en_TT.res" 1388
"../../../Engine/Content/Internationalization/icudt64l/lang/en_TV.res" 1389
"../../../Engine/Content/Internationalization/icudt64l/region/en_TV.res" 1390
"../../../Engine/Content/Internationalization/icudt64l/lang/en_TZ.res" 1391
"../../../Engine/Content/Internationalization/icudt64l/region/en_TZ.res" 1392
"../../../Engine/Content/Internationalization/icudt64l/lang/en_UG.res" 1393
"../../../Engine/Content/Internationalization/icudt64l/region/en_UG.res" 1394
"../../../Engine/Content/Internationalization/icudt64l/lang/en_VC.res" 1395
"../../../Engine/Content/Internationalization/icudt64l/region/en_VC.res" 1396
"../../../Engine/Content/Internationalization/icudt64l/lang/en_VG.res" 1397
"../../../Engine/Content/Internationalization/icudt64l/region/en_VG.res" 1398
"../../../Engine/Content/Internationalization/icudt64l/lang/en_VU.res" 1399
"../../../Engine/Content/Internationalization/icudt64l/region/en_VU.res" 1400
"../../../Engine/Content/Internationalization/icudt64l/lang/en_WS.res" 1401
"../../../Engine/Content/Internationalization/icudt64l/region/en_WS.res" 1402
"../../../Engine/Content/Internationalization/icudt64l/lang/en_ZA.res" 1403
"../../../Engine/Content/Internationalization/icudt64l/region/en_ZA.res" 1404
"../../../Engine/Content/Internationalization/icudt64l/lang/en_ZM.res" 1405
"../../../Engine/Content/Internationalization/icudt64l/region/en_ZM.res" 1406
"../../../Engine/Content/Internationalization/icudt64l/lang/en_ZW.res" 1407
"../../../Engine/Content/Internationalization/icudt64l/region/en_ZW.res" 1408
"../../../Engine/Content/Internationalization/icudt64l/lang/eo.res" 1409
"../../../Engine/Content/Internationalization/icudt64l/region/eo.res" 1410
"../../../Engine/Content/Internationalization/icudt64l/lang/es.res" 1411
"../../../Engine/Content/Internationalization/icudt64l/lang/es_419.res" 1412
"../../../Engine/Content/Internationalization/icudt64l/region/es_419.res" 1413
"../../../Engine/Content/Internationalization/icudt64l/region/es.res" 1414
"../../../Engine/Content/Internationalization/icudt64l/lang/es_AR.res" 1415
"../../../Engine/Content/Internationalization/icudt64l/region/es_AR.res" 1416
"../../../Engine/Content/Internationalization/icudt64l/lang/es_BO.res" 1417
"../../../Engine/Content/Internationalization/icudt64l/region/es_BO.res" 1418
"../../../Engine/Content/Internationalization/icudt64l/lang/es_BR.res" 1419
"../../../Engine/Content/Internationalization/icudt64l/region/es_BR.res" 1420
"../../../Engine/Content/Internationalization/icudt64l/lang/es_BZ.res" 1421
"../../../Engine/Content/Internationalization/icudt64l/region/es_BZ.res" 1422
"../../../Engine/Content/Internationalization/icudt64l/lang/es_CL.res" 1423
"../../../Engine/Content/Internationalization/icudt64l/region/es_CL.res" 1424
"../../../Engine/Content/Internationalization/icudt64l/lang/es_CO.res" 1425
"../../../Engine/Content/Internationalization/icudt64l/region/es_CO.res" 1426
"../../../Engine/Content/Internationalization/icudt64l/lang/es_CR.res" 1427
"../../../Engine/Content/Internationalization/icudt64l/region/es_CR.res" 1428
"../../../Engine/Content/Internationalization/icudt64l/lang/es_CU.res" 1429
"../../../Engine/Content/Internationalization/icudt64l/region/es_CU.res" 1430
"../../../Engine/Content/Internationalization/icudt64l/lang/es_DO.res" 1431
"../../../Engine/Content/Internationalization/icudt64l/region/es_DO.res" 1432
"../../../Engine/Content/Internationalization/icudt64l/lang/es_EC.res" 1433
"../../../Engine/Content/Internationalization/icudt64l/region/es_EC.res" 1434
"../../../Engine/Content/Internationalization/icudt64l/lang/es_GT.res" 1435
"../../../Engine/Content/Internationalization/icudt64l/region/es_GT.res" 1436
"../../../Engine/Content/Internationalization/icudt64l/lang/es_HN.res" 1437
"../../../Engine/Content/Internationalization/icudt64l/region/es_HN.res" 1438
"../../../Engine/Content/Internationalization/icudt64l/lang/es_MX.res" 1439
"../../../Engine/Content/Internationalization/icudt64l/region/es_MX.res" 1440
"../../../Engine/Content/Internationalization/icudt64l/lang/es_NI.res" 1441
"../../../Engine/Content/Internationalization/icudt64l/region/es_NI.res" 1442
"../../../Engine/Content/Internationalization/icudt64l/lang/es_PA.res" 1443
"../../../Engine/Content/Internationalization/icudt64l/region/es_PA.res" 1444
"../../../Engine/Content/Internationalization/icudt64l/lang/es_PE.res" 1445
"../../../Engine/Content/Internationalization/icudt64l/region/es_PE.res" 1446
"../../../Engine/Content/Internationalization/icudt64l/lang/es_PR.res" 1447
"../../../Engine/Content/Internationalization/icudt64l/region/es_PR.res" 1448
"../../../Engine/Content/Internationalization/icudt64l/lang/es_PY.res" 1449
"../../../Engine/Content/Internationalization/icudt64l/region/es_PY.res" 1450
"../../../Engine/Content/Internationalization/icudt64l/lang/es_SV.res" 1451
"../../../Engine/Content/Internationalization/icudt64l/region/es_SV.res" 1452
"../../../Engine/Content/Internationalization/icudt64l/lang/es_US.res" 1453
"../../../Engine/Content/Internationalization/icudt64l/region/es_US.res" 1454
"../../../Engine/Content/Internationalization/icudt64l/lang/es_UY.res" 1455
"../../../Engine/Content/Internationalization/icudt64l/region/es_UY.res" 1456
"../../../Engine/Content/Internationalization/icudt64l/lang/es_VE.res" 1457
"../../../Engine/Content/Internationalization/icudt64l/region/es_VE.res" 1458
"../../../Engine/Content/Internationalization/icudt64l/lang/et.res" 1459
"../../../Engine/Content/Internationalization/icudt64l/region/et.res" 1460
"../../../Engine/Content/Internationalization/icudt64l/lang/eu.res" 1461
"../../../Engine/Content/Internationalization/icudt64l/region/eu.res" 1462
"../../../Engine/Content/Internationalization/icudt64l/lang/ewo.res" 1463
"../../../Engine/Content/Internationalization/icudt64l/region/ewo.res" 1464
"../../../Engine/Content/Internationalization/icudt64l/lang/fa.res" 1465
"../../../Engine/Content/Internationalization/icudt64l/lang/fa_AF.res" 1466
"../../../Engine/Content/Internationalization/icudt64l/region/fa_AF.res" 1467
"../../../Engine/Content/Internationalization/icudt64l/region/fa.res" 1468
"../../../Engine/Content/Internationalization/icudt64l/lang/ff.res" 1469
"../../../Engine/Content/Internationalization/icudt64l/lang/ff_Latn.res" 1470
"../../../Engine/Content/Internationalization/icudt64l/region/ff.res" 1471
"../../../Engine/Content/Internationalization/icudt64l/region/ff_Latn.res" 1472
"../../../Engine/Content/Internationalization/icudt64l/lang/ff_CM.res" 1473
"../../../Engine/Content/Internationalization/icudt64l/lang/ff_Latn_CM.res" 1474
"../../../Engine/Content/Internationalization/icudt64l/region/ff_CM.res" 1475
"../../../Engine/Content/Internationalization/icudt64l/region/ff_Latn_CM.res" 1476
"../../../Engine/Content/Internationalization/icudt64l/lang/ff_GN.res" 1477
"../../../Engine/Content/Internationalization/icudt64l/lang/ff_Latn_GN.res" 1478
"../../../Engine/Content/Internationalization/icudt64l/region/ff_GN.res" 1479
"../../../Engine/Content/Internationalization/icudt64l/region/ff_Latn_GN.res" 1480
"../../../Engine/Content/Internationalization/icudt64l/lang/ff_MR.res" 1481
"../../../Engine/Content/Internationalization/icudt64l/lang/ff_Latn_MR.res" 1482
"../../../Engine/Content/Internationalization/icudt64l/region/ff_MR.res" 1483
"../../../Engine/Content/Internationalization/icudt64l/region/ff_Latn_MR.res" 1484
"../../../Engine/Content/Internationalization/icudt64l/lang/ff_SN.res" 1485
"../../../Engine/Content/Internationalization/icudt64l/lang/ff_Latn_SN.res" 1486
"../../../Engine/Content/Internationalization/icudt64l/region/ff_SN.res" 1487
"../../../Engine/Content/Internationalization/icudt64l/region/ff_Latn_SN.res" 1488
"../../../Engine/Content/Internationalization/icudt64l/lang/fi.res" 1489
"../../../Engine/Content/Internationalization/icudt64l/region/fi.res" 1490
"../../../Engine/Content/Internationalization/icudt64l/lang/fil.res" 1491
"../../../Engine/Content/Internationalization/icudt64l/lang/fil_PH.res" 1492
"../../../Engine/Content/Internationalization/icudt64l/region/fil_PH.res" 1493
"../../../Engine/Content/Internationalization/icudt64l/region/fil.res" 1494
"../../../Engine/Content/Internationalization/icudt64l/lang/fo.res" 1495
"../../../Engine/Content/Internationalization/icudt64l/region/fo.res" 1496
"../../../Engine/Content/Internationalization/icudt64l/lang/fr.res" 1497
"../../../Engine/Content/Internationalization/icudt64l/lang/fr_BE.res" 1498
"../../../Engine/Content/Internationalization/icudt64l/region/fr_BE.res" 1499
"../../../Engine/Content/Internationalization/icudt64l/region/fr.res" 1500
"../../../Engine/Content/Internationalization/icudt64l/lang/fr_CA.res" 1501
"../../../Engine/Content/Internationalization/icudt64l/region/fr_CA.res" 1502
"../../../Engine/Content/Internationalization/icudt64l/lang/fr_CH.res" 1503
"../../../Engine/Content/Internationalization/icudt64l/lang/fur.res" 1504
"../../../Engine/Content/Internationalization/icudt64l/region/fur.res" 1505
"../../../Engine/Content/Internationalization/icudt64l/lang/fy.res" 1506
"../../../Engine/Content/Internationalization/icudt64l/region/fy.res" 1507
"../../../Engine/Content/Internationalization/icudt64l/lang/ga.res" 1508
"../../../Engine/Content/Internationalization/icudt64l/region/ga.res" 1509
"../../../Engine/Content/Internationalization/icudt64l/lang/gd.res" 1510
"../../../Engine/Content/Internationalization/icudt64l/region/gd.res" 1511
"../../../Engine/Content/Internationalization/icudt64l/lang/gl.res" 1512
"../../../Engine/Content/Internationalization/icudt64l/region/gl.res" 1513
"../../../Engine/Content/Internationalization/icudt64l/lang/gsw.res" 1514
"../../../Engine/Content/Internationalization/icudt64l/region/gsw.res" 1515
"../../../Engine/Content/Internationalization/icudt64l/lang/gu.res" 1516
"../../../Engine/Content/Internationalization/icudt64l/region/gu.res" 1517
"../../../Engine/Content/Internationalization/icudt64l/lang/guz.res" 1518
"../../../Engine/Content/Internationalization/icudt64l/region/guz.res" 1519
"../../../Engine/Content/Internationalization/icudt64l/lang/gv.res" 1520
"../../../Engine/Content/Internationalization/icudt64l/region/gv.res" 1521
"../../../Engine/Content/Internationalization/icudt64l/lang/ha.res" 1522
"../../../Engine/Content/Internationalization/icudt64l/region/ha.res" 1523
"../../../Engine/Content/Internationalization/icudt64l/lang/ha_NE.res" 1524
"../../../Engine/Content/Internationalization/icudt64l/region/ha_NE.res" 1525
"../../../Engine/Content/Internationalization/icudt64l/lang/haw.res" 1526
"../../../Engine/Content/Internationalization/icudt64l/region/haw.res" 1527
"../../../Engine/Content/Internationalization/icudt64l/lang/he.res" 1528
"../../../Engine/Content/Internationalization/icudt64l/lang/he_IL.res" 1529
"../../../Engine/Content/Internationalization/icudt64l/region/he_IL.res" 1530
"../../../Engine/Content/Internationalization/icudt64l/region/he.res" 1531
"../../../Engine/Content/Internationalization/icudt64l/lang/hi.res" 1532
"../../../Engine/Content/Internationalization/icudt64l/region/hi.res" 1533
"../../../Engine/Content/Internationalization/icudt64l/lang/hr.res" 1534
"../../../Engine/Content/Internationalization/icudt64l/region/hr.res" 1535
"../../../Engine/Content/Internationalization/icudt64l/lang/hsb.res" 1536
"../../../Engine/Content/Internationalization/icudt64l/region/hsb.res" 1537
"../../../Engine/Content/Internationalization/icudt64l/lang/hu.res" 1538
"../../../Engine/Content/Internationalization/icudt64l/region/hu.res" 1539
"../../../Engine/Content/Internationalization/icudt64l/lang/hy.res" 1540
"../../../Engine/Content/Internationalization/icudt64l/region/hy.res" 1541
"../../../Engine/Content/Internationalization/icudt64l/lang/ia.res" 1542
"../../../Engine/Content/Internationalization/icudt64l/region/ia.res" 1543
"../../../Engine/Content/Internationalization/icudt64l/lang/id.res" 1544
"../../../Engine/Content/Internationalization/icudt64l/lang/id_ID.res" 1545
"../../../Engine/Content/Internationalization/icudt64l/region/id_ID.res" 1546
"../../../Engine/Content/Internationalization/icudt64l/region/id.res" 1547
"../../../Engine/Content/Internationalization/icudt64l/lang/ig.res" 1548
"../../../Engine/Content/Internationalization/icudt64l/region/ig.res" 1549
"../../../Engine/Content/Internationalization/icudt64l/lang/ii.res" 1550
"../../../Engine/Content/Internationalization/icudt64l/region/ii.res" 1551
"../../../Engine/Content/Internationalization/icudt64l/lang/is.res" 1552
"../../../Engine/Content/Internationalization/icudt64l/region/is.res" 1553
"../../../Engine/Content/Internationalization/icudt64l/lang/it.res" 1554
"../../../Engine/Content/Internationalization/icudt64l/region/it.res" 1555
"../../../Engine/Content/Internationalization/icudt64l/lang/ja.res" 1556
"../../../Engine/Content/Internationalization/icudt64l/lang/ja_JP.res" 1557
"../../../Engine/Content/Internationalization/icudt64l/region/ja_JP.res" 1558
"../../../Engine/Content/Internationalization/icudt64l/region/ja.res" 1559
"../../../Engine/Content/Internationalization/icudt64l/lang/jgo.res" 1560
"../../../Engine/Content/Internationalization/icudt64l/region/jgo.res" 1561
"../../../Engine/Content/Internationalization/icudt64l/lang/jmc.res" 1562
"../../../Engine/Content/Internationalization/icudt64l/region/jmc.res" 1563
"../../../Engine/Content/Internationalization/icudt64l/lang/jv.res" 1564
"../../../Engine/Content/Internationalization/icudt64l/region/jv.res" 1565
"../../../Engine/Content/Internationalization/icudt64l/lang/ka.res" 1566
"../../../Engine/Content/Internationalization/icudt64l/region/ka.res" 1567
"../../../Engine/Content/Internationalization/icudt64l/lang/kab.res" 1568
"../../../Engine/Content/Internationalization/icudt64l/region/kab.res" 1569
"../../../Engine/Content/Internationalization/icudt64l/lang/kam.res" 1570
"../../../Engine/Content/Internationalization/icudt64l/region/kam.res" 1571
"../../../Engine/Content/Internationalization/icudt64l/lang/kde.res" 1572
"../../../Engine/Content/Internationalization/icudt64l/region/kde.res" 1573
"../../../Engine/Content/Internationalization/icudt64l/lang/kea.res" 1574
"../../../Engine/Content/Internationalization/icudt64l/region/kea.res" 1575
"../../../Engine/Content/Internationalization/icudt64l/lang/khq.res" 1576
"../../../Engine/Content/Internationalization/icudt64l/region/khq.res" 1577
"../../../Engine/Content/Internationalization/icudt64l/lang/ki.res" 1578
"../../../Engine/Content/Internationalization/icudt64l/region/ki.res" 1579
"../../../Engine/Content/Internationalization/icudt64l/lang/kk.res" 1580
"../../../Engine/Content/Internationalization/icudt64l/region/kk.res" 1581
"../../../Engine/Content/Internationalization/icudt64l/lang/kkj.res" 1582
"../../../Engine/Content/Internationalization/icudt64l/region/kkj.res" 1583
"../../../Engine/Content/Internationalization/icudt64l/lang/kl.res" 1584
"../../../Engine/Content/Internationalization/icudt64l/region/kl.res" 1585
"../../../Engine/Content/Internationalization/icudt64l/lang/kln.res" 1586
"../../../Engine/Content/Internationalization/icudt64l/region/kln.res" 1587
"../../../Engine/Content/Internationalization/icudt64l/lang/km.res" 1588
"../../../Engine/Content/Internationalization/icudt64l/region/km.res" 1589
"../../../Engine/Content/Internationalization/icudt64l/lang/kn.res" 1590
"../../../Engine/Content/Internationalization/icudt64l/region/kn.res" 1591
"../../../Engine/Content/Internationalization/icudt64l/lang/ko.res" 1592
"../../../Engine/Content/Internationalization/icudt64l/region/ko_KP.res" 1593
"../../../Engine/Content/Internationalization/icudt64l/region/ko.res" 1594
"../../../Engine/Content/Internationalization/icudt64l/lang/kok.res" 1595
"../../../Engine/Content/Internationalization/icudt64l/region/kok.res" 1596
"../../../Engine/Content/Internationalization/icudt64l/lang/ks.res" 1597
"../../../Engine/Content/Internationalization/icudt64l/region/ks.res" 1598
"../../../Engine/Content/Internationalization/icudt64l/lang/ksb.res" 1599
"../../../Engine/Content/Internationalization/icudt64l/region/ksb.res" 1600
"../../../Engine/Content/Internationalization/icudt64l/lang/ksf.res" 1601
"../../../Engine/Content/Internationalization/icudt64l/region/ksf.res" 1602
"../../../Engine/Content/Internationalization/icudt64l/lang/ksh.res" 1603
"../../../Engine/Content/Internationalization/icudt64l/region/ksh.res" 1604
"../../../Engine/Content/Internationalization/icudt64l/lang/ku.res" 1605
"../../../Engine/Content/Internationalization/icudt64l/region/ku.res" 1606
"../../../Engine/Content/Internationalization/icudt64l/lang/kw.res" 1607
"../../../Engine/Content/Internationalization/icudt64l/region/kw.res" 1608
"../../../Engine/Content/Internationalization/icudt64l/lang/ky.res" 1609
"../../../Engine/Content/Internationalization/icudt64l/region/ky.res" 1610
"../../../Engine/Content/Internationalization/icudt64l/lang/lag.res" 1611
"../../../Engine/Content/Internationalization/icudt64l/region/lag.res" 1612
"../../../Engine/Content/Internationalization/icudt64l/lang/lb.res" 1613
"../../../Engine/Content/Internationalization/icudt64l/region/lb.res" 1614
"../../../Engine/Content/Internationalization/icudt64l/lang/lg.res" 1615
"../../../Engine/Content/Internationalization/icudt64l/region/lg.res" 1616
"../../../Engine/Content/Internationalization/icudt64l/lang/lkt.res" 1617
"../../../Engine/Content/Internationalization/icudt64l/region/lkt.res" 1618
"../../../Engine/Content/Internationalization/icudt64l/lang/ln.res" 1619
"../../../Engine/Content/Internationalization/icudt64l/region/ln.res" 1620
"../../../Engine/Content/Internationalization/icudt64l/lang/lo.res" 1621
"../../../Engine/Content/Internationalization/icudt64l/region/lo.res" 1622
"../../../Engine/Content/Internationalization/icudt64l/lang/lrc.res" 1623
"../../../Engine/Content/Internationalization/icudt64l/region/lrc.res" 1624
"../../../Engine/Content/Internationalization/icudt64l/lang/lt.res" 1625
"../../../Engine/Content/Internationalization/icudt64l/region/lt.res" 1626
"../../../Engine/Content/Internationalization/icudt64l/lang/lu.res" 1627
"../../../Engine/Content/Internationalization/icudt64l/region/lu.res" 1628
"../../../Engine/Content/Internationalization/icudt64l/lang/luo.res" 1629
"../../../Engine/Content/Internationalization/icudt64l/region/luo.res" 1630
"../../../Engine/Content/Internationalization/icudt64l/lang/luy.res" 1631
"../../../Engine/Content/Internationalization/icudt64l/region/luy.res" 1632
"../../../Engine/Content/Internationalization/icudt64l/lang/lv.res" 1633
"../../../Engine/Content/Internationalization/icudt64l/region/lv.res" 1634
"../../../Engine/Content/Internationalization/icudt64l/lang/mas.res" 1635
"../../../Engine/Content/Internationalization/icudt64l/region/mas.res" 1636
"../../../Engine/Content/Internationalization/icudt64l/lang/mer.res" 1637
"../../../Engine/Content/Internationalization/icudt64l/region/mer.res" 1638
"../../../Engine/Content/Internationalization/icudt64l/lang/mfe.res" 1639
"../../../Engine/Content/Internationalization/icudt64l/region/mfe.res" 1640
"../../../Engine/Content/Internationalization/icudt64l/lang/mg.res" 1641
"../../../Engine/Content/Internationalization/icudt64l/region/mg.res" 1642
"../../../Engine/Content/Internationalization/icudt64l/lang/mgh.res" 1643
"../../../Engine/Content/Internationalization/icudt64l/region/mgh.res" 1644
"../../../Engine/Content/Internationalization/icudt64l/lang/mgo.res" 1645
"../../../Engine/Content/Internationalization/icudt64l/region/mgo.res" 1646
"../../../Engine/Content/Internationalization/icudt64l/lang/mi.res" 1647
"../../../Engine/Content/Internationalization/icudt64l/region/mi.res" 1648
"../../../Engine/Content/Internationalization/icudt64l/lang/mk.res" 1649
"../../../Engine/Content/Internationalization/icudt64l/region/mk.res" 1650
"../../../Engine/Content/Internationalization/icudt64l/lang/ml.res" 1651
"../../../Engine/Content/Internationalization/icudt64l/region/ml.res" 1652
"../../../Engine/Content/Internationalization/icudt64l/lang/mn.res" 1653
"../../../Engine/Content/Internationalization/icudt64l/region/mn.res" 1654
"../../../Engine/Content/Internationalization/icudt64l/lang/mr.res" 1655
"../../../Engine/Content/Internationalization/icudt64l/region/mr.res" 1656
"../../../Engine/Content/Internationalization/icudt64l/lang/ms.res" 1657
"../../../Engine/Content/Internationalization/icudt64l/region/ms.res" 1658
"../../../Engine/Content/Internationalization/icudt64l/lang/mt.res" 1659
"../../../Engine/Content/Internationalization/icudt64l/region/mt.res" 1660
"../../../Engine/Content/Internationalization/icudt64l/lang/mua.res" 1661
"../../../Engine/Content/Internationalization/icudt64l/region/mua.res" 1662
"../../../Engine/Content/Internationalization/icudt64l/lang/my.res" 1663
"../../../Engine/Content/Internationalization/icudt64l/region/my.res" 1664
"../../../Engine/Content/Internationalization/icudt64l/lang/mzn.res" 1665
"../../../Engine/Content/Internationalization/icudt64l/region/mzn.res" 1666
"../../../Engine/Content/Internationalization/icudt64l/lang/naq.res" 1667
"../../../Engine/Content/Internationalization/icudt64l/region/naq.res" 1668
"../../../Engine/Content/Internationalization/icudt64l/lang/nb.res" 1669
"../../../Engine/Content/Internationalization/icudt64l/lang/nb_NO.res" 1670
"../../../Engine/Content/Internationalization/icudt64l/region/nb_NO.res" 1671
"../../../Engine/Content/Internationalization/icudt64l/region/nb.res" 1672
"../../../Engine/Content/Internationalization/icudt64l/lang/nd.res" 1673
"../../../Engine/Content/Internationalization/icudt64l/region/nd.res" 1674
"../../../Engine/Content/Internationalization/icudt64l/lang/nds.res" 1675
"../../../Engine/Content/Internationalization/icudt64l/region/nds.res" 1676
"../../../Engine/Content/Internationalization/icudt64l/lang/ne.res" 1677
"../../../Engine/Content/Internationalization/icudt64l/region/ne.res" 1678
"../../../Engine/Content/Internationalization/icudt64l/lang/nl.res" 1679
"../../../Engine/Content/Internationalization/icudt64l/region/nl.res" 1680
"../../../Engine/Content/Internationalization/icudt64l/lang/nmg.res" 1681
"../../../Engine/Content/Internationalization/icudt64l/region/nmg.res" 1682
"../../../Engine/Content/Internationalization/icudt64l/lang/nn.res" 1683
"../../../Engine/Content/Internationalization/icudt64l/lang/nn_NO.res" 1684
"../../../Engine/Content/Internationalization/icudt64l/region/nn_NO.res" 1685
"../../../Engine/Content/Internationalization/icudt64l/region/nn.res" 1686
"../../../Engine/Content/Internationalization/icudt64l/lang/nnh.res" 1687
"../../../Engine/Content/Internationalization/icudt64l/region/nnh.res" 1688
"../../../Engine/Content/Internationalization/icudt64l/lang/nus.res" 1689
"../../../Engine/Content/Internationalization/icudt64l/region/nus.res" 1690
"../../../Engine/Content/Internationalization/icudt64l/lang/nyn.res" 1691
"../../../Engine/Content/Internationalization/icudt64l/region/nyn.res" 1692
"../../../Engine/Content/Internationalization/icudt64l/lang/om.res" 1693
"../../../Engine/Content/Internationalization/icudt64l/region/om.res" 1694
"../../../Engine/Content/Internationalization/icudt64l/lang/or.res" 1695
"../../../Engine/Content/Internationalization/icudt64l/region/or.res" 1696
"../../../Engine/Content/Internationalization/icudt64l/lang/os.res" 1697
"../../../Engine/Content/Internationalization/icudt64l/region/os.res" 1698
"../../../Engine/Content/Internationalization/icudt64l/lang/pa.res" 1699
"../../../Engine/Content/Internationalization/icudt64l/lang/pa_Arab.res" 1700
"../../../Engine/Content/Internationalization/icudt64l/lang/pa_PK.res" 1701
"../../../Engine/Content/Internationalization/icudt64l/lang/pa_Arab_PK.res" 1702
"../../../Engine/Content/Internationalization/icudt64l/region/pa_PK.res" 1703
"../../../Engine/Content/Internationalization/icudt64l/region/pa_Arab_PK.res" 1704
"../../../Engine/Content/Internationalization/icudt64l/region/pa_Arab.res" 1705
"../../../Engine/Content/Internationalization/icudt64l/lang/pa_Guru.res" 1706
"../../../Engine/Content/Internationalization/icudt64l/lang/pa_IN.res" 1707
"../../../Engine/Content/Internationalization/icudt64l/lang/pa_Guru_IN.res" 1708
"../../../Engine/Content/Internationalization/icudt64l/region/pa_IN.res" 1709
"../../../Engine/Content/Internationalization/icudt64l/region/pa_Guru_IN.res" 1710
"../../../Engine/Content/Internationalization/icudt64l/region/pa_Guru.res" 1711
"../../../Engine/Content/Internationalization/icudt64l/region/pa.res" 1712
"../../../Engine/Content/Internationalization/icudt64l/lang/pl.res" 1713
"../../../Engine/Content/Internationalization/icudt64l/region/pl.res" 1714
"../../../Engine/Content/Internationalization/icudt64l/lang/ps.res" 1715
"../../../Engine/Content/Internationalization/icudt64l/region/ps.res" 1716
"../../../Engine/Content/Internationalization/icudt64l/lang/ps_PK.res" 1717
"../../../Engine/Content/Internationalization/icudt64l/region/ps_PK.res" 1718
"../../../Engine/Content/Internationalization/icudt64l/lang/pt.res" 1719
"../../../Engine/Content/Internationalization/icudt64l/lang/pt_AO.res" 1720
"../../../Engine/Content/Internationalization/icudt64l/lang/pt_PT.res" 1721
"../../../Engine/Content/Internationalization/icudt64l/region/pt_AO.res" 1722
"../../../Engine/Content/Internationalization/icudt64l/region/pt_PT.res" 1723
"../../../Engine/Content/Internationalization/icudt64l/region/pt.res" 1724
"../../../Engine/Content/Internationalization/icudt64l/lang/pt_CH.res" 1725
"../../../Engine/Content/Internationalization/icudt64l/region/pt_CH.res" 1726
"../../../Engine/Content/Internationalization/icudt64l/lang/pt_CV.res" 1727
"../../../Engine/Content/Internationalization/icudt64l/region/pt_CV.res" 1728
"../../../Engine/Content/Internationalization/icudt64l/lang/pt_GQ.res" 1729
"../../../Engine/Content/Internationalization/icudt64l/region/pt_GQ.res" 1730
"../../../Engine/Content/Internationalization/icudt64l/lang/pt_GW.res" 1731
"../../../Engine/Content/Internationalization/icudt64l/region/pt_GW.res" 1732
"../../../Engine/Content/Internationalization/icudt64l/lang/pt_LU.res" 1733
"../../../Engine/Content/Internationalization/icudt64l/region/pt_LU.res" 1734
"../../../Engine/Content/Internationalization/icudt64l/lang/pt_MO.res" 1735
"../../../Engine/Content/Internationalization/icudt64l/region/pt_MO.res" 1736
"../../../Engine/Content/Internationalization/icudt64l/lang/pt_MZ.res" 1737
"../../../Engine/Content/Internationalization/icudt64l/region/pt_MZ.res" 1738
"../../../Engine/Content/Internationalization/icudt64l/lang/pt_ST.res" 1739
"../../../Engine/Content/Internationalization/icudt64l/region/pt_ST.res" 1740
"../../../Engine/Content/Internationalization/icudt64l/lang/pt_TL.res" 1741
"../../../Engine/Content/Internationalization/icudt64l/region/pt_TL.res" 1742
"../../../Engine/Content/Internationalization/icudt64l/lang/qu.res" 1743
"../../../Engine/Content/Internationalization/icudt64l/region/qu.res" 1744
"../../../Engine/Content/Internationalization/icudt64l/lang/rm.res" 1745
"../../../Engine/Content/Internationalization/icudt64l/region/rm.res" 1746
"../../../Engine/Content/Internationalization/icudt64l/lang/rn.res" 1747
"../../../Engine/Content/Internationalization/icudt64l/region/rn.res" 1748
"../../../Engine/Content/Internationalization/icudt64l/lang/ro.res" 1749
"../../../Engine/Content/Internationalization/icudt64l/lang/ro_MD.res" 1750
"../../../Engine/Content/Internationalization/icudt64l/region/ro_MD.res" 1751
"../../../Engine/Content/Internationalization/icudt64l/region/ro.res" 1752
"../../../Engine/Content/Internationalization/icudt64l/lang/rof.res" 1753
"../../../Engine/Content/Internationalization/icudt64l/region/rof.res" 1754
"../../../Engine/Content/Internationalization/icudt64l/lang/ru.res" 1755
"../../../Engine/Content/Internationalization/icudt64l/region/ru.res" 1756
"../../../Engine/Content/Internationalization/icudt64l/region/ru_UA.res" 1757
"../../../Engine/Content/Internationalization/icudt64l/lang/rw.res" 1758
"../../../Engine/Content/Internationalization/icudt64l/region/rw.res" 1759
"../../../Engine/Content/Internationalization/icudt64l/lang/rwk.res" 1760
"../../../Engine/Content/Internationalization/icudt64l/region/rwk.res" 1761
"../../../Engine/Content/Internationalization/icudt64l/lang/sah.res" 1762
"../../../Engine/Content/Internationalization/icudt64l/region/sah.res" 1763
"../../../Engine/Content/Internationalization/icudt64l/lang/saq.res" 1764
"../../../Engine/Content/Internationalization/icudt64l/region/saq.res" 1765
"../../../Engine/Content/Internationalization/icudt64l/lang/sbp.res" 1766
"../../../Engine/Content/Internationalization/icudt64l/region/sbp.res" 1767
"../../../Engine/Content/Internationalization/icudt64l/lang/sd.res" 1768
"../../../Engine/Content/Internationalization/icudt64l/region/sd.res" 1769
"../../../Engine/Content/Internationalization/icudt64l/lang/se.res" 1770
"../../../Engine/Content/Internationalization/icudt64l/lang/se_FI.res" 1771
"../../../Engine/Content/Internationalization/icudt64l/region/se_FI.res" 1772
"../../../Engine/Content/Internationalization/icudt64l/region/se.res" 1773
"../../../Engine/Content/Internationalization/icudt64l/lang/seh.res" 1774
"../../../Engine/Content/Internationalization/icudt64l/region/seh.res" 1775
"../../../Engine/Content/Internationalization/icudt64l/lang/ses.res" 1776
"../../../Engine/Content/Internationalization/icudt64l/region/ses.res" 1777
"../../../Engine/Content/Internationalization/icudt64l/lang/sg.res" 1778
"../../../Engine/Content/Internationalization/icudt64l/region/sg.res" 1779
"../../../Engine/Content/Internationalization/icudt64l/lang/shi.res" 1780
"../../../Engine/Content/Internationalization/icudt64l/lang/shi_Latn.res" 1781
"../../../Engine/Content/Internationalization/icudt64l/lang/shi_MA.res" 1782
"../../../Engine/Content/Internationalization/icudt64l/lang/shi_Tfng_MA.res" 1783
"../../../Engine/Content/Internationalization/icudt64l/lang/shi_Tfng.res" 1784
"../../../Engine/Content/Internationalization/icudt64l/region/shi_MA.res" 1785
"../../../Engine/Content/Internationalization/icudt64l/region/shi_Tfng_MA.res" 1786
"../../../Engine/Content/Internationalization/icudt64l/region/shi_Tfng.res" 1787
"../../../Engine/Content/Internationalization/icudt64l/region/shi.res" 1788
"../../../Engine/Content/Internationalization/icudt64l/region/shi_Latn.res" 1789
"../../../Engine/Content/Internationalization/icudt64l/lang/si.res" 1790
"../../../Engine/Content/Internationalization/icudt64l/region/si.res" 1791
"../../../Engine/Content/Internationalization/icudt64l/lang/sk.res" 1792
"../../../Engine/Content/Internationalization/icudt64l/region/sk.res" 1793
"../../../Engine/Content/Internationalization/icudt64l/lang/sl.res" 1794
"../../../Engine/Content/Internationalization/icudt64l/region/sl.res" 1795
"../../../Engine/Content/Internationalization/icudt64l/lang/smn.res" 1796
"../../../Engine/Content/Internationalization/icudt64l/region/smn.res" 1797
"../../../Engine/Content/Internationalization/icudt64l/lang/sn.res" 1798
"../../../Engine/Content/Internationalization/icudt64l/region/sn.res" 1799
"../../../Engine/Content/Internationalization/icudt64l/lang/so.res" 1800
"../../../Engine/Content/Internationalization/icudt64l/region/so.res" 1801
"../../../Engine/Content/Internationalization/icudt64l/lang/sq.res" 1802
"../../../Engine/Content/Internationalization/icudt64l/region/sq.res" 1803
"../../../Engine/Content/Internationalization/icudt64l/lang/sr.res" 1804
"../../../Engine/Content/Internationalization/icudt64l/lang/sr_Cyrl.res" 1805
"../../../Engine/Content/Internationalization/icudt64l/lang/sr_BA.res" 1806
"../../../Engine/Content/Internationalization/icudt64l/lang/sr_Cyrl_BA.res" 1807
"../../../Engine/Content/Internationalization/icudt64l/region/sr_BA.res" 1808
"../../../Engine/Content/Internationalization/icudt64l/region/sr_Cyrl_BA.res" 1809
"../../../Engine/Content/Internationalization/icudt64l/region/sr_Cyrl.res" 1810
"../../../Engine/Content/Internationalization/icudt64l/region/sr.res" 1811
"../../../Engine/Content/Internationalization/icudt64l/lang/sr_ME.res" 1812
"../../../Engine/Content/Internationalization/icudt64l/lang/sr_Latn_ME.res" 1813
"../../../Engine/Content/Internationalization/icudt64l/lang/sr_Latn.res" 1814
"../../../Engine/Content/Internationalization/icudt64l/region/sr_ME.res" 1815
"../../../Engine/Content/Internationalization/icudt64l/region/sr_Latn_ME.res" 1816
"../../../Engine/Content/Internationalization/icudt64l/region/sr_Latn.res" 1817
"../../../Engine/Content/Internationalization/icudt64l/lang/sr_Cyrl_ME.res" 1818
"../../../Engine/Content/Internationalization/icudt64l/region/sr_Cyrl_ME.res" 1819
"../../../Engine/Content/Internationalization/icudt64l/lang/sr_RS.res" 1820
"../../../Engine/Content/Internationalization/icudt64l/lang/sr_Cyrl_RS.res" 1821
"../../../Engine/Content/Internationalization/icudt64l/region/sr_RS.res" 1822
"../../../Engine/Content/Internationalization/icudt64l/region/sr_Cyrl_RS.res" 1823
"../../../Engine/Content/Internationalization/icudt64l/lang/sr_XK.res" 1824
"../../../Engine/Content/Internationalization/icudt64l/lang/sr_Cyrl_XK.res" 1825
"../../../Engine/Content/Internationalization/icudt64l/region/sr_XK.res" 1826
"../../../Engine/Content/Internationalization/icudt64l/region/sr_Cyrl_XK.res" 1827
"../../../Engine/Content/Internationalization/icudt64l/lang/sr_Latn_BA.res" 1828
"../../../Engine/Content/Internationalization/icudt64l/region/sr_Latn_BA.res" 1829
"../../../Engine/Content/Internationalization/icudt64l/lang/sr_Latn_RS.res" 1830
"../../../Engine/Content/Internationalization/icudt64l/region/sr_Latn_RS.res" 1831
"../../../Engine/Content/Internationalization/icudt64l/lang/sr_Latn_XK.res" 1832
"../../../Engine/Content/Internationalization/icudt64l/region/sr_Latn_XK.res" 1833
"../../../Engine/Content/Internationalization/icudt64l/lang/sv.res" 1834
"../../../Engine/Content/Internationalization/icudt64l/region/sv.res" 1835
"../../../Engine/Content/Internationalization/icudt64l/lang/sv_FI.res" 1836
"../../../Engine/Content/Internationalization/icudt64l/lang/sw.res" 1837
"../../../Engine/Content/Internationalization/icudt64l/lang/sw_CD.res" 1838
"../../../Engine/Content/Internationalization/icudt64l/region/sw_CD.res" 1839
"../../../Engine/Content/Internationalization/icudt64l/region/sw.res" 1840
"../../../Engine/Content/Internationalization/icudt64l/lang/sw_KE.res" 1841
"../../../Engine/Content/Internationalization/icudt64l/region/sw_KE.res" 1842
"../../../Engine/Content/Internationalization/icudt64l/lang/ta.res" 1843
"../../../Engine/Content/Internationalization/icudt64l/region/ta.res" 1844
"../../../Engine/Content/Internationalization/icudt64l/lang/te.res" 1845
"../../../Engine/Content/Internationalization/icudt64l/region/te.res" 1846
"../../../Engine/Content/Internationalization/icudt64l/lang/teo.res" 1847
"../../../Engine/Content/Internationalization/icudt64l/region/teo.res" 1848
"../../../Engine/Content/Internationalization/icudt64l/lang/tg.res" 1849
"../../../Engine/Content/Internationalization/icudt64l/region/tg.res" 1850
"../../../Engine/Content/Internationalization/icudt64l/lang/th.res" 1851
"../../../Engine/Content/Internationalization/icudt64l/lang/th_TH.res" 1852
"../../../Engine/Content/Internationalization/icudt64l/region/th_TH.res" 1853
"../../../Engine/Content/Internationalization/icudt64l/region/th.res" 1854
"../../../Engine/Content/Internationalization/icudt64l/lang/ti.res" 1855
"../../../Engine/Content/Internationalization/icudt64l/region/ti.res" 1856
"../../../Engine/Content/Internationalization/icudt64l/lang/tk.res" 1857
"../../../Engine/Content/Internationalization/icudt64l/region/tk.res" 1858
"../../../Engine/Content/Internationalization/icudt64l/lang/to.res" 1859
"../../../Engine/Content/Internationalization/icudt64l/region/to.res" 1860
"../../../Engine/Content/Internationalization/icudt64l/lang/tr.res" 1861
"../../../Engine/Content/Internationalization/icudt64l/region/tr.res" 1862
"../../../Engine/Content/Internationalization/icudt64l/lang/tt.res" 1863
"../../../Engine/Content/Internationalization/icudt64l/region/tt.res" 1864
"../../../Engine/Content/Internationalization/icudt64l/lang/twq.res" 1865
"../../../Engine/Content/Internationalization/icudt64l/region/twq.res" 1866
"../../../Engine/Content/Internationalization/icudt64l/lang/tzm.res" 1867
"../../../Engine/Content/Internationalization/icudt64l/region/tzm.res" 1868
"../../../Engine/Content/Internationalization/icudt64l/lang/ug.res" 1869
"../../../Engine/Content/Internationalization/icudt64l/region/ug.res" 1870
"../../../Engine/Content/Internationalization/icudt64l/lang/uk.res" 1871
"../../../Engine/Content/Internationalization/icudt64l/region/uk.res" 1872
"../../../Engine/Content/Internationalization/icudt64l/lang/ur.res" 1873
"../../../Engine/Content/Internationalization/icudt64l/lang/ur_IN.res" 1874
"../../../Engine/Content/Internationalization/icudt64l/region/ur_IN.res" 1875
"../../../Engine/Content/Internationalization/icudt64l/region/ur.res" 1876
"../../../Engine/Content/Internationalization/icudt64l/lang/uz.res" 1877
"../../../Engine/Content/Internationalization/icudt64l/lang/uz_Arab.res" 1878
"../../../Engine/Content/Internationalization/icudt64l/lang/uz_AF.res" 1879
"../../../Engine/Content/Internationalization/icudt64l/lang/uz_Arab_AF.res" 1880
"../../../Engine/Content/Internationalization/icudt64l/region/uz_AF.res" 1881
"../../../Engine/Content/Internationalization/icudt64l/region/uz_Arab_AF.res" 1882
"../../../Engine/Content/Internationalization/icudt64l/region/uz_Arab.res" 1883
"../../../Engine/Content/Internationalization/icudt64l/lang/uz_Cyrl.res" 1884
"../../../Engine/Content/Internationalization/icudt64l/lang/uz_UZ.res" 1885
"../../../Engine/Content/Internationalization/icudt64l/lang/uz_Latn_UZ.res" 1886
"../../../Engine/Content/Internationalization/icudt64l/lang/uz_Latn.res" 1887
"../../../Engine/Content/Internationalization/icudt64l/region/uz_UZ.res" 1888
"../../../Engine/Content/Internationalization/icudt64l/region/uz_Latn_UZ.res" 1889
"../../../Engine/Content/Internationalization/icudt64l/region/uz_Latn.res" 1890
"../../../Engine/Content/Internationalization/icudt64l/region/uz.res" 1891
"../../../Engine/Content/Internationalization/icudt64l/region/uz_Cyrl.res" 1892
"../../../Engine/Content/Internationalization/icudt64l/lang/vai.res" 1893
"../../../Engine/Content/Internationalization/icudt64l/lang/vai_Latn.res" 1894
"../../../Engine/Content/Internationalization/icudt64l/lang/vai_LR.res" 1895
"../../../Engine/Content/Internationalization/icudt64l/lang/vai_Vaii_LR.res" 1896
"../../../Engine/Content/Internationalization/icudt64l/lang/vai_Vaii.res" 1897
"../../../Engine/Content/Internationalization/icudt64l/region/vai_LR.res" 1898
"../../../Engine/Content/Internationalization/icudt64l/region/vai_Vaii_LR.res" 1899
"../../../Engine/Content/Internationalization/icudt64l/region/vai_Vaii.res" 1900
"../../../Engine/Content/Internationalization/icudt64l/region/vai.res" 1901
"../../../Engine/Content/Internationalization/icudt64l/region/vai_Latn.res" 1902
"../../../Engine/Content/Internationalization/icudt64l/lang/vi.res" 1903
"../../../Engine/Content/Internationalization/icudt64l/region/vi.res" 1904
"../../../Engine/Content/Internationalization/icudt64l/lang/vun.res" 1905
"../../../Engine/Content/Internationalization/icudt64l/region/vun.res" 1906
"../../../Engine/Content/Internationalization/icudt64l/lang/wae.res" 1907
"../../../Engine/Content/Internationalization/icudt64l/region/wae.res" 1908
"../../../Engine/Content/Internationalization/icudt64l/lang/wo.res" 1909
"../../../Engine/Content/Internationalization/icudt64l/region/wo.res" 1910
"../../../Engine/Content/Internationalization/icudt64l/lang/xh.res" 1911
"../../../Engine/Content/Internationalization/icudt64l/region/xh.res" 1912
"../../../Engine/Content/Internationalization/icudt64l/lang/xog.res" 1913
"../../../Engine/Content/Internationalization/icudt64l/region/xog.res" 1914
"../../../Engine/Content/Internationalization/icudt64l/lang/yav.res" 1915
"../../../Engine/Content/Internationalization/icudt64l/region/yav.res" 1916
"../../../Engine/Content/Internationalization/icudt64l/lang/yi.res" 1917
"../../../Engine/Content/Internationalization/icudt64l/region/yi.res" 1918
"../../../Engine/Content/Internationalization/icudt64l/lang/yo.res" 1919
"../../../Engine/Content/Internationalization/icudt64l/lang/yo_BJ.res" 1920
"../../../Engine/Content/Internationalization/icudt64l/region/yo_BJ.res" 1921
"../../../Engine/Content/Internationalization/icudt64l/region/yo.res" 1922
"../../../Engine/Content/Internationalization/icudt64l/lang/yue.res" 1923
"../../../Engine/Content/Internationalization/icudt64l/lang/yue_Hans.res" 1924
"../../../Engine/Content/Internationalization/icudt64l/lang/yue_CN.res" 1925
"../../../Engine/Content/Internationalization/icudt64l/lang/yue_Hans_CN.res" 1926
"../../../Engine/Content/Internationalization/icudt64l/region/yue_CN.res" 1927
"../../../Engine/Content/Internationalization/icudt64l/region/yue_Hans_CN.res" 1928
"../../../Engine/Content/Internationalization/icudt64l/region/yue_Hans.res" 1929
"../../../Engine/Content/Internationalization/icudt64l/lang/yue_Hant.res" 1930
"../../../Engine/Content/Internationalization/icudt64l/lang/yue_HK.res" 1931
"../../../Engine/Content/Internationalization/icudt64l/lang/yue_Hant_HK.res" 1932
"../../../Engine/Content/Internationalization/icudt64l/region/yue_HK.res" 1933
"../../../Engine/Content/Internationalization/icudt64l/region/yue_Hant_HK.res" 1934
"../../../Engine/Content/Internationalization/icudt64l/region/yue_Hant.res" 1935
"../../../Engine/Content/Internationalization/icudt64l/region/yue.res" 1936
"../../../Engine/Content/Internationalization/icudt64l/lang/zgh.res" 1937
"../../../Engine/Content/Internationalization/icudt64l/region/zgh.res" 1938
"../../../Engine/Content/Internationalization/icudt64l/lang/zh.res" 1939
"../../../Engine/Content/Internationalization/icudt64l/lang/zh_Hans.res" 1940
"../../../Engine/Content/Internationalization/icudt64l/lang/zh_CN.res" 1941
"../../../Engine/Content/Internationalization/icudt64l/lang/zh_Hans_CN.res" 1942
"../../../Engine/Content/Internationalization/icudt64l/region/zh_CN.res" 1943
"../../../Engine/Content/Internationalization/icudt64l/region/zh_Hans_CN.res" 1944
"../../../Engine/Content/Internationalization/icudt64l/region/zh_Hans.res" 1945
"../../../Engine/Content/Internationalization/icudt64l/region/zh.res" 1946
"../../../Engine/Content/Internationalization/icudt64l/lang/zh_HK.res" 1947
"../../../Engine/Content/Internationalization/icudt64l/lang/zh_Hant_HK.res" 1948
"../../../Engine/Content/Internationalization/icudt64l/lang/zh_Hant.res" 1949
"../../../Engine/Content/Internationalization/icudt64l/region/zh_HK.res" 1950
"../../../Engine/Content/Internationalization/icudt64l/region/zh_Hant_HK.res" 1951
"../../../Engine/Content/Internationalization/icudt64l/region/zh_Hant.res" 1952
"../../../Engine/Content/Internationalization/icudt64l/lang/zh_MO.res" 1953
"../../../Engine/Content/Internationalization/icudt64l/lang/zh_Hant_MO.res" 1954
"../../../Engine/Content/Internationalization/icudt64l/region/zh_MO.res" 1955
"../../../Engine/Content/Internationalization/icudt64l/region/zh_Hant_MO.res" 1956
"../../../Engine/Content/Internationalization/icudt64l/lang/zh_SG.res" 1957
"../../../Engine/Content/Internationalization/icudt64l/lang/zh_Hans_SG.res" 1958
"../../../Engine/Content/Internationalization/icudt64l/region/zh_SG.res" 1959
"../../../Engine/Content/Internationalization/icudt64l/region/zh_Hans_SG.res" 1960
"../../../Engine/Content/Internationalization/icudt64l/lang/zh_TW.res" 1961
"../../../Engine/Content/Internationalization/icudt64l/lang/zh_Hant_TW.res" 1962
"../../../Engine/Content/Internationalization/icudt64l/region/zh_TW.res" 1963
"../../../Engine/Content/Internationalization/icudt64l/region/zh_Hant_TW.res" 1964
"../../../Engine/Content/Internationalization/icudt64l/lang/zu.res" 1965
"../../../Engine/Content/Internationalization/icudt64l/region/zu.res" 1966
"../../../Engine/Content/Internationalization/icudt64l/lang/no.res" 1967
"../../../Engine/Content/Internationalization/icudt64l/lang/tl.res" 1968
"../../../Engine/Config/Android/DataDrivenPlatformInfo.ini" 1969
"../../../Engine/Config/IOS/DataDrivenPlatformInfo.ini" 1970
"../../../Engine/Config/Linux/DataDrivenPlatformInfo.ini" 1971
"../../../Engine/Config/Mac/DataDrivenPlatformInfo.ini" 1972
"../../../Engine/Config/TVOS/DataDrivenPlatformInfo.ini" 1973
"../../../Engine/Config/Unix/DataDrivenPlatformInfo.ini" 1974
"../../../Engine/Config/VulkanPC/DataDrivenPlatformInfo.ini" 1975
"../../../Engine/Config/Windows/DataDrivenPlatformInfo.ini" 1976
"../../../Engine/Platforms/VisionOS/Config/DataDrivenPlatformInfo.ini" 1977
"../../../Engine/Content/Renderer/TessellationTable.bin" 1978
"../../../Engine/DerivedDataCache/Compressed.ddp" 1979
"C:/Users/Chris/AppData/Local/UnrealEngine/5.6/Saved/Zen/zen.version" 1980
"C:/Users/Chris/AppData/Local/UnrealEngine/Common/Zen/Install/zen.version" 1981
"C:/Users/Chris/AppData/Local/UnrealEngine/Common/Zen/Install/zenserver.runcontext" 1982
"C:/Users/Chris/AppData/Local/UnrealEngine/Common/DerivedDataCache/TestData/0/TestData_4kb.dat" 1983
"C:/Users/Chris/AppData/Local/UnrealEngine/Common/DerivedDataCache/TestData/1/TestData_4kb.dat" 1984
"C:/Users/Chris/AppData/Local/UnrealEngine/Common/DerivedDataCache/TestData/0/TestData_8kb.dat" 1985
"C:/Users/Chris/AppData/Local/UnrealEngine/Common/DerivedDataCache/TestData/1/TestData_8kb.dat" 1986
"C:/Users/Chris/AppData/Local/UnrealEngine/Common/DerivedDataCache/TestData/0/TestData_16kb.dat" 1987
"C:/Users/Chris/AppData/Local/UnrealEngine/Common/DerivedDataCache/TestData/1/TestData_16kb.dat" 1988
"C:/Users/Chris/AppData/Local/UnrealEngine/Common/DerivedDataCache/TestData/0/TestData_64kb.dat" 1989
"C:/Users/Chris/AppData/Local/UnrealEngine/Common/DerivedDataCache/TestData/1/TestData_64kb.dat" 1990
"C:/Users/Chris/AppData/Local/UnrealEngine/Common/DerivedDataCache/TestData/0/TestData_128kb.dat" 1991
"C:/Users/Chris/AppData/Local/UnrealEngine/Common/DerivedDataCache/TestData/1/TestData_128kb.dat" 1992
"C:/Users/Chris/AppData/Local/UnrealEngine/Common/DerivedDataCache/TestData/0/TestData_256kb.dat" 1993
"C:/Users/Chris/AppData/Local/UnrealEngine/Common/DerivedDataCache/TestData/1/TestData_256kb.dat" 1994
"C:/Users/Chris/AppData/Roaming/Unreal Engine/UnrealBuildTool/BuildConfiguration.xml" 1995
"../../../../../../Users/Chris/Desktop/Sem 2 Github/Games-Prototyping/Games Prototyping2/Intermediate/ShaderAutogen/PCD3D_SM6/AutogenShaderHeaders.ush" 1996
"../../../Engine/Shaders/Private/HairStrands/HairStrandsVertexFactory.ush" 1997
"../../../Engine/Shaders/Private/VertexFactoryCommon.ush" 1998
"../../../Engine/Shaders/Private/Common.ush" 1999
"../../../Engine/Shaders/Public/Platform.ush" 2000
"../../../Engine/Shaders/Public/FP16Math.ush" 2001
"../../../Engine/Shaders/Public/Platform/D3D/D3DCommon.ush" 2002
"../../../Engine/Shaders/Shared/HLSLReservedSpaces.h" 2003
"../../../Engine/Shaders/Public/BindlessResources.ush" 2004
"../../../Engine/Shaders/Public/Platform/D3D/PlatformBindlessResources.ush" 2005
"../../../Engine/Shaders/Shared/RayTracingBuiltInResources.h" 2006
"../../../Engine/Shaders/Shared/RayTracingDefinitions.h" 2007
"../../../Engine/Shaders/Public/OverloadMacros.ush" 2008
"../../../Engine/Shaders/Public/ShaderVersion.ush" 2009
"../../../Engine/Shaders/Shared/ThirdParty/NVIDIA/nvHLSLExtns.h" 2010
"../../../Engine/Shaders/Shared/ThirdParty/NVIDIA/nvHLSLExtnsInternal.h" 2011
"../../../Engine/Shaders/Shared/ThirdParty/NVIDIA/nvShaderExtnEnums.h" 2012
"../../../Engine/Shaders/Private/PackUnpack.ush" 2013
"../../../Engine/Shaders/Private/GeneratedUniformBufferTypes.ush" 2014
"../../../Engine/Shaders/Private/Nanite/NanitePackedNaniteView.ush" 2015
"../../../Engine/Shaders/Private/HairStrands/HairStrandsVisibilityCommonStruct.ush" 2016
"../../../Engine/Shaders/Private/HairStrands/HairStrandsVoxelPageCommonStruct.ush" 2017
"../../../Engine/Shaders/Private/HairStrands/HairStrandsDeepShadowCommonStruct.ush" 2018
"../../../Engine/Shaders/Shared/LightSceneData.h" 2019
"../../../Engine/Shaders/Shared/HLSLTypeAliases.h" 2020
"../../../Engine/Shaders/Private/LargeWorldCoordinates.ush" 2021
"../../../Engine/Shaders/Private/DoubleFloat.ush" 2022
"../../../Engine/Shaders/Private/RandomPCG.ush" 2023
"../../../Engine/Shaders/Private/DoubleFloatOperations.ush" 2024
"../../../Engine/Shaders/Private/DoubleFloatVectorDefinition.ush" 2025
"../../../Engine/Shaders/Private/LWCOperations.ush" 2026
"../../../Engine/Shaders/Shared/LightViewData.h" 2027
"../../../Engine/Shaders/Shared/RayTracingTypes.h" 2028
"../../../Engine/Shaders/Shared/HLSLStaticAssert.h" 2029
"../../../Engine/Shaders/Private/CommonViewUniformBuffer.ush" 2030
"../../../Engine/Shaders/Private/InstancedStereo.ush" 2031
"../../../Engine/Shaders/Private/Definitions.usf" 2032
"../../../Engine/Shaders/Private/AssertionMacros.ush" 2033
"../../../Engine/Shaders/Private/FastMath.ush" 2034
"../../../Engine/Shaders/Private/FastMathThirdParty.ush" 2035
"../../../Engine/Shaders/Private/Random.ush" 2036
"../../../Engine/Shaders/Private/RandomInterleavedGradientNoise.ush" 2037
"../../../Engine/Shaders/Private/SceneData.ush" 2038
"../../../Engine/Shaders/Private/OctahedralCommon.ush" 2039
"../../../Engine/Shaders/Private/WaveOpUtil.ush" 2040
"../../../Engine/Shaders/Private/ByteBuffer.ush" 2041
"../../../Engine/Shaders/Shared/SceneDefinitions.h" 2042
"../../../Engine/Shaders/Private/SceneDataMobileLoader.ush" 2043
"../../../Engine/Shaders/Private/LocalVertexFactoryCommon.ush" 2044
"../../../Engine/Shaders/Private/HairStrands/HairStrandsVisibilityCommon.ush" 2045
"../../../Engine/Shaders/Shared/HairStrandsDefinitions.h" 2046
"../../../Engine/Shaders/Private/HairStrands/HairStrandsVertexFactoryCommon.ush" 2047
"../../../Engine/Shaders/Private/HairStrands/HairStrandsPack.ush" 2048
"../../../Engine/Shaders/Private/HairStrands/HairStrandsAttributeCommon.ush" 2049
"../../../Engine/Shaders/Private/HairStrands/HairStrandsAttributeTemplate.ush" 2050
"../../../Engine/Shaders/Private/VertexFactoryDefaultInterface.ush" 2051
"../../../Engine/Shaders/Private/HairStrands/HairCardsVertexFactory.ush" 2052
"../../../Engine/Shaders/Private/HairStrands/HairCardsAttributeCommon.ush" 2053
"../../../Engine/Shaders/Private/RayTracing/RayTracingCommon.ush" 2054
"../../../Engine/Shaders/Private/ShadingCommon.ush" 2055
"../../../Engine/Shaders/Shared/RayTracingPayloadType.h" 2056
"../../../Engine/Shaders/Private/RayTracing/RayTracingRayCone.ush" 2057
"../../../Engine/Shaders/Private/Substrate/Substrate.ush" 2058
"../../../Engine/Shaders/Private/ShadingEnergyConservation.ush" 2059
"../../../Engine/Shaders/Private/ShadingEnergyConservationTemplate.ush" 2060
"../../../Engine/Shaders/Private/BRDF.ush" 2061
"../../../Engine/Shaders/Private/ColorSpace.ush" 2062
"../../../Engine/Shaders/Private/DeferredShadingCommon.ush" 2063
"../../../Engine/Shaders/Private/LightAccumulator.ush" 2064
"../../../Engine/Shaders/Private/SceneTexturesCommon.ush" 2065
"../../../Engine/Shaders/Private/MonteCarlo.ush" 2066
"../../../Engine/Shaders/Private/GBufferHelpers.ush" 2067
"../../../Engine/Shaders/Private/SceneTextureParameters.ush" 2068
"C:/Users/Chris/Desktop/Sem 2 Github/Games-Prototyping/Games Prototyping2/Intermediate/ShaderAutogen/PCD3D_SM6/AutogenShaderHeaders.ush" 2069
"../../../Engine/Shaders/Private/ParticipatingMediaCommon.ush" 2070
"../../../Engine/Shaders/Private/ThinFilmBSDF.ush" 2071
"../../../Engine/Shaders/Private/MortonCode.ush" 2072
"../../../Engine/Shaders/Private/SubsurfaceProfileCommon.ush" 2073
"../../../Engine/Shaders/Private/BurleyNormalizedSSSCommon.ush" 2074
"../../../Engine/Shaders/Private/GammaCorrectionCommon.ush" 2075
"../../../Engine/Shaders/Shared/SubstrateDefinitions.h" 2076
"../../../Engine/Shaders/Private/Substrate/SubstrateStatisticalOperators.ush" 2077
"../../../Engine/Shaders/Private/Substrate/SubstrateSubsurface.ush" 2078
"../../../Engine/Shaders/Private/TransmissionCommon.ush" 2079
"../../../Engine/Shaders/Private/Substrate/SubstrateExportCommon.ush" 2080
"../../../Engine/Shaders/Private/SpecularProfileCommon.ush" 2081
"../../../Engine/Shaders/Private/RayTracing/RayTracingCommonMetal.ush" 2082
"../../../Engine/Shaders/Private/PositionReconstructionCommon.ush" 2083
"../../../Engine/Shaders/Private/RayTracing/TraceRayInline.ush" 2084
"../../../Engine/Shaders/Private/RayTracing/TraceRayInlineCommon.ush" 2085
"../../../Engine/Shaders/Private/RayTracing/TraceRayInlineVulkan.ush" 2086
"../../../Engine/Shaders/Private/RayTracing/TraceRayInlineMetal.ush" 2087
"../../../Engine/Shaders/Private/RayTracing/TraceRayInlineD3D12.ush" 2088
"../../../Engine/Shaders/Private/RayTracing/RayTracingHitGroupCommon.ush" 2089
"../../../Engine/Shaders/Private/Nanite/NaniteRayTrace.ush" 2090
"../../../Engine/Shaders/Private/Nanite/NaniteDataDecode.ush" 2091
"../../../Engine/Shaders/Private/BitPacking.ush" 2092
"../../../Engine/Shaders/Private/BitStreamReaderImplementation.ush" 2093
"../../../Engine/Shaders/Private/BoneTransform.ush" 2094
"../../../Engine/Shaders/Private/Quaternion.ush" 2095
"../../../Engine/Shaders/Shared/NaniteDefinitions.h" 2096
"../../../Engine/Shaders/Shared/SkinningDefinitions.h" 2097
"../../../Engine/Shaders/Private/Nanite/NaniteAttributeDecode.ush" 2098
"../../../Engine/Shaders/Private/Barycentrics.ush" 2099
"../../../Engine/Shaders/Private/DualNumber.ush" 2100
"../../../Engine/Shaders/Shared/ThirdParty/RayTriangleIntersection.h" 2101
"../../../Engine/Shaders/Private/Nanite/NaniteVertexFetch.ush" 2102
"../../../Engine/Shaders/Private/Nanite/NaniteSceneCommon.ush" 2103
"../../../Engine/Plugins/FX/Niagara/Shaders/Private/NiagaraSpriteVertexFactory.ush" 2104
"../../../Engine/Shaders/Private/ParticleVertexFactoryCommon.ush" 2105
"../../../Engine/Plugins/FX/Niagara/Shaders/Private/NiagaraVFCommon.usf" 2106
"../../../Engine/Plugins/FX/Niagara/Shaders/Private/NiagaraVFParticleAccess.usf" 2107
"../../../Engine/Plugins/FX/Niagara/Shaders/Private/NiagaraParticleAccess.ush" 2108
"../../../Engine/Plugins/FX/Niagara/Shaders/Private/NiagaraRibbonVertexFactory.ush" 2109
"../../../Engine/Plugins/FX/Niagara/Shaders/Private/NiagaraMeshVertexFactory.ush" 2110
"../../../Engine/Plugins/FX/Niagara/Shaders/Private/NiagaraCommon.ush" 2111
"../../../Engine/Plugins/FX/Niagara/Shaders/Private/NiagaraMeshParticleUtils.ush" 2112
"../../../Engine/Shaders/Private/VectorFieldVisualizationVertexFactory.ush" 2113
"../../../Engine/Shaders/Private/Nanite/NaniteVertexFactory.ush" 2114
"../../../Engine/Shaders/Private/LightmapData.ush" 2115
"../../../Engine/Shaders/Private/SplineMeshCommon.ush" 2116
"../../../Engine/Shaders/Shared/SplineMeshShaderParams.h" 2117
"../../../Engine/Shaders/Private/ShaderPrint.ush" 2118
"../../../Engine/Shaders/Private/ShaderPrintCommon.ush" 2119
"../../../Engine/Shaders/Private/MiniFontCommon.ush" 2120
"../../../Engine/Shaders/Private/MaterialCache/MaterialCacheCommon.ush" 2121
"../../../Engine/Shaders/Shared/MaterialCacheDefinitions.h" 2122
"../../../Engine/Shaders/Private/Nanite/NaniteVertexDeformation.ush" 2123
"../../../Engine/Shaders/Private/ViewData.ush" 2124
"../../../Engine/Shaders/Shared/ViewDefinitions.h" 2125
"../../../Engine/Shaders/Private/Matrices.ush" 2126
"../../../Engine/Shaders/Private/ParticleSpriteVertexFactory.ush" 2127
"../../../Engine/Shaders/Private/ParticleGPUSpriteVertexFactory.ush" 2128
"../../../Engine/Shaders/Private/ParticleSimulationCommon.ush" 2129
"../../../Engine/Shaders/Private/ParticleBeamTrailVertexFactory.ush" 2130
"../../../Engine/Shaders/Private/MeshParticleVertexFactory.ush" 2131
"../../../Engine/Shaders/Private/LocalVertexFactory.ush" 2132
"../../../Engine/Shaders/Private/GpuSkinCommon.ush" 2133
"../../../Engine/Shaders/Private/GpuSkinVertexFactory.ush" 2134
"../../../Engine/Shaders/Private/GeometryCollectionVertexFactory.ush" 2135
"../../../Engine/Shaders/Private/GeometryCacheVertexFactory.ush" 2136
"../../../Engine/Shaders/Private/LandscapeVertexFactory.ush" 2137
"../../../Engine/Plugins/Experimental/Compositing/CompositeCore/Shaders/Private/CompositeCoreMerge.usf" 2138
"../../../Engine/Shaders/Private/ScreenPass.ush" 2139
"../../../Engine/Shaders/Private/LensDistortion.ush" 2140
"../../../Engine/Plugins/Experimental/Compositing/CompositeCore/Shaders/Private/CompositeCoreDisplayTransform.usf" 2141
"../../../Engine/Plugins/Experimental/Compositing/CompositeCore/Shaders/Private/CompositeCoreDilate.usf" 2142
"../../../Engine/Plugins/Media/WmfMedia/Shaders/Private/MediaHardwareVideoDecoding.usf" 2143
"../../../Engine/Shaders/Private/ColorUtils.ush" 2144
"../../../Engine/Plugins/Media/ImgMedia/Shaders/Private/ExrSwizzler.usf" 2145
"../../../Engine/Plugins/Experimental/NFORDenoise/Shaders/NFORDenoise.usf" 2146
"../../../Engine/Plugins/Experimental/NFORDenoise/Shaders/NFORRegressionCommon.ush" 2147
"../../../Engine/Plugins/Experimental/NFORDenoise/Shaders/NFORRegression.ush" 2148
"../../../Engine/Plugins/Enterprise/GLTFExporter/Shaders/Private/SimpleTexture2DPS.usf" 2149
"../../../Engine/Shaders/Private/SimpleElementNormalMapPixelShader.usf" 2150
"../../../Engine/Plugins/VirtualProduction/CameraCalibrationCore/Shaders/Private/CrosshairOverlay.usf" 2151
"../../../Engine/Plugins/VirtualProduction/CameraCalibrationCore/Shaders/Private/DisplacementMapBlending.usf" 2152
"../../../Engine/Plugins/VirtualProduction/CameraCalibrationCore/Shaders/Private/RecenterSTDisplacementMaps.usf" 2153
"../../../Engine/Plugins/VirtualProduction/CameraCalibrationCore/Shaders/Private/FillSTDisplacementMap.usf" 2154
"../../../Engine/Plugins/VirtualProduction/CameraCalibrationCore/Shaders/Private/InvertDisplacementMap.usf" 2155
"../../../Engine/Plugins/VirtualProduction/CameraCalibrationCore/Shaders/Private/CropDisplacementMap.usf" 2156
"../../../Engine/Plugins/VirtualProduction/CameraCalibrationCore/Shaders/Private/BlendDisplacementMaps.usf" 2157
"../../../Engine/Plugins/VirtualProduction/CameraCalibrationCore/Shaders/Private/DrawDisplacementMaps.usf" 2158
"../../../Engine/Plugins/VirtualProduction/CameraCalibrationCore/Shaders/Private/UndistortImagePoints.usf" 2159
"../../../Engine/Plugins/VirtualProduction/CameraCalibrationCore/Shaders/Private/DistortionSTMapProcessor.usf" 2160
"../../../Engine/Plugins/Runtime/HairStrands/Shaders/Private/NiagaraCopyVelocityGrid.usf" 2161
"../../../Engine/Plugins/Runtime/HairStrands/Shaders/Private/NiagaraClearVelocityGrid.usf" 2162
"../../../Engine/Plugins/Runtime/HairStrands/Shaders/Private/NiagaraClearPressureGrid.usf" 2163
"../../../Engine/Plugins/Runtime/HairStrands/Shaders/Private/NiagaraInterpolateGroomGuides.usf" 2164
"../../../Engine/Plugins/Runtime/HairStrands/Shaders/Private/NiagaraGroomInterpolationUtils.ush" 2165
"../../../Engine/Plugins/FX/Niagara/Shaders/Private/NiagaraQuaternionUtils.ush" 2166
"../../../Engine/Shaders/Private/HairStrands/HairStrandsMesh.usf" 2167
"../../../Engine/Shaders/Private/HairStrands/HairStrandsBindingCommon.ush" 2168
"../../../Engine/Shaders/Private/HairStrands/HairStrandsFollicleMask.usf" 2169
"../../../Engine/Shaders/Private/HairStrands/HairStrandsSkinUpdate.usf" 2170
"../../../Engine/Shaders/Private/HairStrands/HairStrandsClusterCulling.usf" 2171
"../../../Engine/Shaders/Private/ColorMap.ush" 2172
"../../../Engine/Shaders/Private/HairStrands/HairStrandsAABBCommon.ush" 2173
"../../../Engine/Shaders/Private/HairStrands/HairStrandsClusterCommon.ush" 2174
"../../../Engine/Shaders/Private/ThreadGroupPrefixSum.ush" 2175
"../../../Engine/Shaders/Private/HairStrands/HairStrandsRaytracingGeometry.usf" 2176
"../../../Engine/Shaders/Private/HairStrands/HairStrandsTangent.usf" 2177
"../../../Engine/Shaders/Private/HairStrands/HairCardsDeformation.usf" 2178
"../../../Engine/Shaders/Private/HairStrands/HairStrandsInterpolation.usf" 2179
"../../../Engine/Shaders/Private/HairStrands/HairStrandsGuideDeform.usf" 2180
"../../../Engine/Shaders/Private/HairStrands/HairStrandsTexturesGeneration.usf" 2181
"../../../Engine/Shaders/Private/HairStrands/HairCardsTextureCommon.ush" 2182
"../../../Engine/Shaders/Private/HairStrands/HairStrandsTranscode.usf" 2183
"../../../Engine/Shaders/Private/HairStrands/HairStrandsDebug.usf" 2184
"../../../Engine/Shaders/Private/HairShadingCommon.ush" 2185
"../../../Engine/Shaders/Private/PostProcessCommon.ush" 2186
"../../../Engine/Shaders/Private/ShadingModels.ush" 2187
"../../../Engine/Shaders/Private/CapsuleLight.ush" 2188
"../../../Engine/Shaders/Private/RectLight.ush" 2189
"../../../Engine/Shaders/Private/LightData.ush" 2190
"../../../Engine/Shaders/Shared/LightDefinitions.h" 2191
"../../../Engine/Shaders/Private/AreaLightCommon.ush" 2192
"../../../Engine/Shaders/Private/HairBsdf.ush" 2193
"../../../Engine/Shaders/Private/MobileGGX.ush" 2194
"../../../Engine/Shaders/Private/HairStrands/HairStrandsCommon.ush" 2195
"../../../Engine/Shaders/Private/HairStrands/HairStrandsEnvironmentLightingCommon.ush" 2196
"../../../Engine/Shaders/Private/HairStrands/HairStrandsDeepTransmittanceCommon.ush" 2197
"../../../Engine/Shaders/Private/HairStrands/HairStrandsDeepTransmittanceDualScattering.ush" 2198
"../../../Engine/Shaders/Private/HairStrands/HairStrandsDeepShadowCommon.ush" 2199
"../../../Engine/Shaders/Private/HairStrands/HairStrandsDebugCommonStruct.ush" 2200
"../../../Engine/Plugins/Runtime/ComputeFramework/Shaders/Private/ComputeKernel.usf" 2201
"../../../Engine/Plugins/Runtime/ComputeFramework/Shaders/Private/ComputeKernelCommon.ush" 2202
"../../../Engine/Plugins/NNE/NNEDenoiser/Shaders/NNEDenoiserShadersTransferFunctionOidn.usf" 2203
"../../../Engine/Plugins/NNE/NNEDenoiser/Shaders/NNEDenoiserShadersMappedCopy.usf" 2204
"../../../Engine/Plugins/NNE/NNEDenoiser/Shaders/NNEDenoiserShadersDefaultIOProcess.usf" 2205
"../../../Engine/Plugins/NNE/NNEDenoiser/Shaders/NNEDenoiserShadersAutoExposureReduceFinal.usf" 2206
"../../../Engine/Plugins/NNE/NNEDenoiser/Shaders/NNEDenoiserShadersAutoExposureReduce.usf" 2207
"../../../Engine/Plugins/NNE/NNEDenoiser/Shaders/NNEDenoiserShadersAutoExposureDownsample.usf" 2208
"../../../Engine/Plugins/FX/Niagara/Shaders/Private/NiagaraVertexFactoryExport.usf" 2209
"../../../Engine/Shaders/Private/ComputeShaderUtils.ush" 2210
"../../../Engine/Shaders/Private/MaterialTemplate.ush" 2211
"../../../Engine/Shaders/Private/WorldSpaceMath.ush" 2212
"../../../Engine/Shaders/Private/EyeAdaptationCommon.ush" 2213
"../../../Engine/Shaders/Private/SobolRandom.ush" 2214
"../../../Engine/Shaders/Private/DepthOfFieldCommon.ush" 2215
"../../../Engine/Shaders/Private/CircleDOFCommon.ush" 2216
"../../../Engine/Shaders/Private/DistanceField/GlobalDistanceFieldShared.ush" 2217
"../../../Engine/Shaders/Private/PhysicsFieldSampler.ush" 2218
"../../../Engine/Shaders/Private/PhysicsFieldShared.ush" 2219
"../../../Engine/Shaders/Private/SparseVolumeTexture/SparseVolumeTextureCommon.ush" 2220
"../../../Engine/Shaders/Shared/EnvironmentComponentsFlags.h" 2221
"../../../Engine/Shaders/Private/MeshPaintTextureCommon.ush" 2222
"../../../Engine/Shaders/Private/VirtualTextureMaterial.ush" 2223
"../../../Engine/Shaders/Private/MaterialCache/MaterialCacheMaterialCommon.ush" 2224
"../../../Engine/Shaders/Private/MaterialCache/MaterialCacheABuffer.ush" 2225
"../../../Engine/Shaders/Private/SpeedTreeCommon.ush" 2226
"../../../Engine/Shaders/Private/VirtualTextureCommon.ush" 2227
"../../../Engine/Shaders/Private/MaterialTexture.ush" 2228
"../../../Engine/Shaders/Private/MinMaterialTexCoords.ush" 2229
"../../../Engine/Shaders/Private/SkyAtmosphereCommon.ush" 2230
"../../../Engine/Shaders/Private/SingleLayerWaterCommon.ush" 2231
"../../../Engine/Shaders/Private/TextureSampling.ush" 2232
"../../../Engine/Shaders/Private/PaniniProjection.ush" 2233
"../../../Engine/Shaders/Private/DBufferNormalReprojection.ush" 2234
"../../../Engine/Shaders/Public/SubstratePublic.ush" 2235
"../../../Engine/Shaders/Private/Substrate/SubstrateTree.ush" 2236
"../../../Engine/Shaders/Private/Substrate/SubstrateEvaluation.ush" 2237
"../../../Engine/Shaders/Private/Substrate/Glint/GlintThirdParty.ush" 2238
"../../../Engine/Shaders/Private/BlueNoise.ush" 2239
"../../../Engine/Shaders/Private/SHCommon.ush" 2240
"../../../Engine/Shaders/Private/ShadingModelsSampling.ush" 2241
"../../../Engine/Shaders/Private/HairStrands/HairBsdfSample.ush" 2242
"../../../Engine/Shaders/Private/Substrate/SubstrateLegacyConversion.ush" 2243
"../../../Engine/Shaders/Private/DBufferDecalShared.ush" 2244
"../../../Engine/Plugins/FX/Niagara/Shaders/Private/NiagaraSortKeyGen.usf" 2245
"../../../Engine/Plugins/FX/Niagara/Shaders/Private/NiagaraGPURayTracingTransforms.usf" 2246
"../../../Engine/Plugins/FX/Niagara/Shaders/Private/NiagaraDrawIndirectArgsGen.usf" 2247
"../../../Engine/Plugins/FX/Niagara/Shaders/Private/NiagaraDispatchIndirectArgsGen.usf" 2248
"../../../Engine/Plugins/FX/Niagara/Shaders/Private/Stateless/NiagaraStatelessSimulationDefault.usf" 2249
"../../../Engine/Plugins/FX/Niagara/Shaders/Private/Stateless/NiagaraStatelessSimulationTemplate.ush" 2250
"../../../Engine/Plugins/FX/Niagara/Shaders/Private/Stateless/NiagaraStatelessCommon.ush" 2251
"../../../Engine/Plugins/FX/Niagara/Shaders/Shared/NiagaraStatelessDefinitions.h" 2252
"../../../Engine/Plugins/FX/Niagara/Shaders/Shared/NiagaraStatelessBuiltDistribution.h" 2253
"../../../Engine/Plugins/FX/Niagara/Shaders/Private/Stateless/NiagaraStatelessDistribution.ush" 2254
"../../../Engine/Plugins/FX/Niagara/Shaders/Private/Stateless/Modules/NiagaraStatelessModule_CalculateAccurateVelocity.ush" 2255
"../../../Engine/Plugins/FX/Niagara/Shaders/Private/Stateless/Modules/NiagaraStatelessModule_CameraOffset.ush" 2256
"../../../Engine/Plugins/FX/Niagara/Shaders/Private/Stateless/Modules/NiagaraStatelessModule_DynamicMaterialParameters.ush" 2257
"../../../Engine/Plugins/FX/Niagara/Shaders/Private/Stateless/Modules/NiagaraStatelessModule_InitializeParticle.ush" 2258
"../../../Engine/Plugins/FX/Niagara/Shaders/Private/Stateless/Modules/NiagaraStatelessModule_InitialMeshOrientation.ush" 2259
"../../../Engine/Plugins/FX/Niagara/Shaders/Private/Stateless/Modules/NiagaraStatelessModule_MeshIndex.ush" 2260
"../../../Engine/Plugins/FX/Niagara/Shaders/Private/Stateless/Modules/NiagaraStatelessModule_MeshRotationRate.ush" 2261
"../../../Engine/Plugins/FX/Niagara/Shaders/Private/Stateless/Modules/NiagaraStatelessModule_RotateAroundPoint.ush" 2262
"../../../Engine/Plugins/FX/Niagara/Shaders/Private/Stateless/Modules/NiagaraStatelessModule_ShapeLocation.ush" 2263
"../../../Engine/Plugins/FX/Niagara/Shaders/Private/Stateless/Modules/NiagaraStatelessModule_ScaleColor.ush" 2264
"../../../Engine/Plugins/FX/Niagara/Shaders/Private/Stateless/Modules/NiagaraStatelessModule_ScaleRibbonWidth.ush" 2265
"../../../Engine/Plugins/FX/Niagara/Shaders/Private/Stateless/Modules/NiagaraStatelessModule_ScaleSpriteSize.ush" 2266
"../../../Engine/Plugins/FX/Niagara/Shaders/Private/Stateless/Modules/NiagaraStatelessModule_ScaleSpriteSizeBySpeed.ush" 2267
"../../../Engine/Plugins/FX/Niagara/Shaders/Private/Stateless/Modules/NiagaraStatelessModule_ScaleMeshSize.ush" 2268
"../../../Engine/Plugins/FX/Niagara/Shaders/Private/Stateless/Modules/NiagaraStatelessModule_ScaleMeshSizebySpeed.ush" 2269
"../../../Engine/Plugins/FX/Niagara/Shaders/Private/Stateless/Modules/NiagaraStatelessModule_SolveVelocitiesAndForces.ush" 2270
"../../../Engine/Plugins/FX/Niagara/Shaders/Private/Stateless/Modules/NiagaraStatelessModule_SpriteFacingAndAlignment.ush" 2271
"../../../Engine/Plugins/FX/Niagara/Shaders/Private/Stateless/Modules/NiagaraStatelessModule_SpriteRotationRate.ush" 2272
"../../../Engine/Plugins/FX/Niagara/Shaders/Private/Stateless/Modules/NiagaraStatelessModule_SubUVAnimation.ush" 2273
"../../../Engine/Plugins/FX/Niagara/Shaders/Private/NiagaraBlendSVTsToDenseBuffer.usf" 2274
"../../../Engine/Plugins/FX/Niagara/Shaders/Private/NiagaraSVTToDenseBuffer.usf" 2275
"../../../Engine/Plugins/FX/Niagara/Shaders/Private/NiagaraFillIntBuffer.usf" 2276
"../../../Engine/Plugins/FX/Niagara/Shaders/Private/NiagaraComputeFreeIDs.usf" 2277
"../../../Engine/Plugins/FX/Niagara/Shaders/Private/NiagaraInitFreeIDBuffer.usf" 2278
"../../../Engine/Plugins/FX/Niagara/Shaders/Private/NiagaraEmitterInstanceShader.usf" 2279
"../../../Engine/Plugins/FX/Niagara/Shaders/Private/NiagaraShaderVersion.ush" 2280
"../../../Engine/Plugins/FX/Niagara/Shaders/Private/NiagaraPhysicsCommon.ush" 2281
"../../../Engine/Plugins/FX/Niagara/Shaders/Private/Ribbons/NiagaraRibbonAggregationApply.usf" 2282
"../../../Engine/Plugins/FX/Niagara/Shaders/Private/Ribbons/NiagaraRibbonCommon.ush" 2283
"../../../Engine/Plugins/FX/Niagara/Shaders/Private/Ribbons/NiagaraRibbonAggregationStep.usf" 2284
"../../../Engine/Plugins/FX/Niagara/Shaders/Private/Ribbons/NiagaraRibbonGenerateIndices.usf" 2285
"../../../Engine/Plugins/FX/Niagara/Shaders/Private/Ribbons/NiagaraRibbonInitializeIndices.usf" 2286
"../../../Engine/Plugins/FX/Niagara/Shaders/Private/Ribbons/NiagaraRibbonRibbonUVParamCalculation.usf" 2287
"../../../Engine/Plugins/FX/Niagara/Shaders/Private/Ribbons/NiagaraRibbonVertexReductionFinalization.usf" 2288
"../../../Engine/Plugins/FX/Niagara/Shaders/Private/Ribbons/NiagaraRibbonVertexReductionInitialization.usf" 2289
"../../../Engine/Plugins/FX/Niagara/Shaders/Private/Ribbons/NiagaraRibbonSortParticles.usf" 2290
"../../../Engine/Plugins/FX/Niagara/Shaders/Private/NiagaraLWCHelper.usf" 2291
"../../../Engine/Plugins/FX/Niagara/Shaders/Private/NiagaraUpdateMeshGPUSceneInstances.usf" 2292
"../../../Engine/Shaders/Private/GPUScene/GPUSceneWriter.ush" 2293
"../../../Engine/Plugins/FX/Niagara/Shaders/Private/NiagaraGenerateMips.usf" 2294
"../../../Engine/Plugins/FX/Niagara/Shaders/Private/NiagaraDebugDraw.usf" 2295
"../../../Engine/Plugins/FX/Niagara/Shaders/Private/NiagaraDebugDraw.ush" 2296
"../../../Engine/Plugins/FX/Niagara/Shaders/Private/NiagaraVisualizeTexture.usf" 2297
"../../../Engine/Plugins/FX/Niagara/Shaders/Private/NiagaraClearCounts.usf" 2298
"../../../Engine/Plugins/FX/Niagara/Shaders/Private/NiagaraBatchedElements.usf" 2299
"../../../Engine/Plugins/FX/Niagara/Shaders/Private/NiagaraRayTracingShaders.usf" 2300
"../../../Engine/Plugins/FX/Niagara/Shaders/Private/NiagaraAsyncGpuTraceCommon.ush" 2301
"../../../Engine/Shaders/Private/HashTable.ush" 2302
"../../../Engine/Shaders/Private/Hash.ush" 2303
"../../../Engine/Shaders/Private/RayTracing/VFXTraceRay.ush" 2304
"../../../Engine/Plugins/FX/Niagara/Shaders/Private/NiagaraRayMarchingShaders.usf" 2305
"../../../Engine/Plugins/FX/Niagara/Shaders/Private/NiagaraRayTraceCollisionGroupShaders.usf" 2306
"../../../Engine/Plugins/FX/Niagara/Shaders/Private/NiagaraAsyncGpuTraceUtils.usf" 2307
"../../../Engine/Shaders/Private/VirtualTextureAdapter.usf" 2308
"../../../Engine/Shaders/Private/BlockCompressionCommon.ush" 2309
"../../../Engine/Shaders/Private/BCCompressionCommon.ush" 2310
"../../../Engine/Shaders/Private/TranslucentLightingShaders.usf" 2311
"../../../Engine/Shaders/Private/CubemapCommon.ush" 2312
"../../../Engine/Shaders/Private/VectorFieldCompositeShaders.usf" 2313
"../../../Engine/Shaders/Private/UpdateTextureShaders.usf" 2314
"../../../Engine/Shaders/Private/StereoLayerShader.usf" 2315
"../../../Engine/Shaders/Private/SparseVolumeTexture/UpdateSparseVolumeTexture.usf" 2316
"../../../Engine/Shaders/Private/MorphTargets.usf" 2317
"../../../Engine/Shaders/Private/SimpleElementColorChannelMaskPixelShader.usf" 2318
"../../../Engine/Shaders/Private/SimpleElementHitProxyPixelShader.usf" 2319
"../../../Engine/Shaders/Private/SimpleElementPixelShader.usf" 2320
"../../../Engine/Shaders/Private/IESLightProfilesCommon.ush" 2321
"../../../Engine/Shaders/Private/SimpleElementVertexShader.usf" 2322
"../../../Engine/Shaders/Private/ScreenPixelShaderOES.usf" 2323
"../../../Engine/Shaders/Private/ScreenVertexShader.usf" 2324
"../../../Engine/Shaders/Private/ScreenPixelShader.usf" 2325
"../../../Engine/Shaders/Private/SSProfilePreIntegratedMobile.usf" 2326
"../../../Engine/Shaders/Private/SpecularProfile.usf" 2327
"../../../Engine/Shaders/Private/Nanite/NaniteStreaming.usf" 2328
"../../../Engine/Shaders/Private/Nanite/NaniteStreaming.ush" 2329
"../../../Engine/Shaders/Private/Nanite/NaniteTranscode.usf" 2330
"../../../Engine/Shaders/Private/VolumetricLightmapStreaming.usf" 2331
"../../../Engine/Shaders/Private/PhysicsFieldReset.usf" 2332
"../../../Engine/Shaders/Private/PhysicsFieldBuilder.usf" 2333
"../../../Engine/Shaders/Private/PhysicsFieldEval.ush" 2334
"../../../Engine/Shaders/Private/ParticleSortKeyGen.usf" 2335
"../../../Engine/Shaders/Private/ParticleBoundsShader.usf" 2336
"../../../Engine/Shaders/Private/ParticleSimVisualizeShader.usf" 2337
"../../../Engine/Shaders/Private/ParticleInjectionShader.usf" 2338
"../../../Engine/Shaders/Private/ParticleSimulationShader.usf" 2339
"../../../Engine/Shaders/Private/ParticleCurveInjectionShader.usf" 2340
"../../../Engine/Shaders/Private/CopyUIntBuffer.usf" 2341
"../../../Engine/Shaders/Private/RadixSortShaders.usf" 2342
"../../../Engine/Shaders/Private/RecomputeTangentsPerVertexPass.usf" 2343
"../../../Engine/Shaders/Private/RecomputeTangentsCommon.ush" 2344
"../../../Engine/Shaders/Private/RecomputeTangentsPerTrianglePass.usf" 2345
"../../../Engine/Shaders/Private/GpuSkinCacheComputeShader.usf" 2346
"../../../Engine/Shaders/Private/HeightFieldAtlasManagement.usf" 2347
"../../../Engine/Shaders/Private/Landscape/LandscapeEditLayersUtils.usf" 2348
"../../../Engine/Shaders/Private/Landscape/LandscapeCommon.ush" 2349
"../../../Engine/Shaders/Private/Landscape/LandscapeEditLayersWeightmaps.usf" 2350
"../../../Engine/Shaders/Private/Landscape/LandscapeEditLayersHeightmaps.usf" 2351
"../../../Engine/Shaders/Private/Landscape/LandscapeLayersWeightmapsPS.usf" 2352
"../../../Engine/Shaders/Private/Landscape/LandscapeLayersHeightmapsPS.usf" 2353
"../../../Engine/Shaders/Private/LandscapeLayersCS.usf" 2354
"../../../Engine/Shaders/Private/LandscapeLayersPS.usf" 2355
"../../../Engine/Shaders/Private/LandscapeLayersVS.usf" 2356
"../../../Engine/Shaders/Private/LandscapePhysicalMaterial.usf" 2357
"../../../Engine/Shaders/Private/LandscapeGrassWeight.usf" 2358
"../../../Engine/Shaders/Private/Landscape/LandscapeCulling.usf" 2359
"../../../Engine/Shaders/Private/Nanite/NaniteHZBCull.ush" 2360
"../../../Engine/Shaders/Private/HZB.ush" 2361
"../../../Engine/Shaders/Private/Landscape/LandscapeMergeTexturesPS.usf" 2362
"../../../Engine/Shaders/Private/WideCustomResolveShaders.usf" 2363
"../../../Engine/Shaders/Private/WideCustomResolve_Wide.ush" 2364
"../../../Engine/Shaders/Private/WideCustomResolve_Wider.ush" 2365
"../../../Engine/Shaders/Private/WideCustomResolve_Widest.ush" 2366
"../../../Engine/Shaders/Private/WaterInfoTextureBlur.usf" 2367
"../../../Engine/Shaders/Private/WaterInfoTextureMerge.usf" 2368
"../../../Engine/Shaders/Private/PageTableUpdate.usf" 2369
"../../../Engine/Shaders/Private/VirtualTextureCompress.usf" 2370
"../../../Engine/Shaders/Private/ASTCCompressionCommon.ush" 2371
"../../../Engine/Shaders/Private/IntegerSequenceEncoding.ush" 2372
"../../../Engine/Shaders/Private/ETCCompressionCommon.ush" 2373
"../../../Engine/Shaders/Private/VirtualTextureMaterial.usf" 2374
"../../../Engine/Shaders/Private/PixelShaderOutputCommon.ush" 2375
"../../../Engine/Shaders/Private/ShaderOutputCommon.ush" 2376
"../../../Engine/Shaders/Private/VolumetricRenderTarget.usf" 2377
"../../../Engine/Shaders/Private/HeightFogCommon.ush" 2378
"../../../Engine/Shaders/Private/LocalFogVolumes/LocalFogVolumeCommon.ush" 2379
"../../../Engine/Shaders/Private/ReflectionEnvironmentShared.ush" 2380
"../../../Engine/Shaders/Private/VolumetricFogVoxelization.usf" 2381
"../../../Engine/Shaders/Private/VolumetricCloudMaterialPixelCommon.ush" 2382
"../../../Engine/Shaders/Private/VolumetricFogLightFunction.usf" 2383
"../../../Engine/Shaders/Private/LightFunctionCommon.ush" 2384
"../../../Engine/Shaders/Private/VolumetricFog.usf" 2385
"../../../Engine/Shaders/Private/DeferredLightingCommon.ush" 2386
"../../../Engine/Shaders/Private/DynamicLightingCommon.ush" 2387
"../../../Engine/Shaders/Private/CapsuleLightIntegrate.ush" 2388
"../../../Engine/Shaders/Private/CapsuleLightSampling.ush" 2389
"../../../Engine/Shaders/Private/RectLightIntegrate.ush" 2390
"../../../Engine/Shaders/Private/ScreenSpaceShadowRayCast.ush" 2391
"../../../Engine/Shaders/Private/LightFunctionAtlas/LightFunctionAtlasCommon.usf" 2392
"../../../Engine/Shaders/Private/HeterogeneousVolumes/HeterogeneousVolumesAdaptiveVolumetricShadowMapSampling.ush" 2393
"../../../Engine/Shaders/Private/HeterogeneousVolumes/HeterogeneousVolumesAdaptiveVolumetricShadowMapUtils.ush" 2394
"../../../Engine/Shaders/Private/HeterogeneousVolumes/HeterogeneousVolumesRayMarchingUtils.ush" 2395
"../../../Engine/Shaders/Private/HeterogeneousVolumes/HeterogeneousVolumesRayMarchingTypes.ush" 2396
"../../../Engine/Shaders/Private/PathTracing/Utilities/PathTracingRandomSequence.ush" 2397
"../../../Engine/Shaders/Private/HeterogeneousVolumes/HeterogeneousVolumesTracingUtils.ush" 2398
"../../../Engine/Shaders/Private/VelocityCommon.ush" 2399
"../../../Engine/Shaders/Private/HeterogeneousVolumes/HeterogeneousVolumesTransmittanceVolumeUtils.ush" 2400
"../../../Engine/Shaders/Private/ForwardShadowingCommon.ush" 2401
"../../../Engine/Shaders/Private/ShadowFilteringCommon.ush" 2402
"../../../Engine/Shaders/Private/PixelQuadMessagePassing.ush" 2403
"../../../Engine/Shaders/Private/VolumeLightingCommon.ush" 2404
"../../../Engine/Shaders/Private/ShadowProjectionCommon.ush" 2405
"../../../Engine/Shaders/Private/VolumeLightingCommonSampling.ush" 2406
"../../../Engine/Shaders/Private/Lumen/LumenTranslucencyVolumeShared.ush" 2407
"../../../Engine/Shaders/Private/Lumen/LumenRadianceCacheInterpolation.ush" 2408
"../../../Engine/Shaders/Private/HeterogeneousVolumes/HeterogeneousVolumesAdaptiveVolumetricShadowMapSampler.ush" 2409
"../../../Engine/Shaders/Private/LightGridCommon.ush" 2410
"../../../Engine/Shaders/Private/DistanceFieldAOShared.ush" 2411
"../../../Engine/Shaders/Private/IntersectionUtils.ush" 2412
"../../../Engine/Shaders/Private/VolumetricLightmapShared.ush" 2413
"../../../Engine/Shaders/Private/LightDataUniforms.ush" 2414
"../../../Engine/Shaders/Private/VirtualShadowMaps/VirtualShadowMapProjectionCommon.ush" 2415
"../../../Engine/Shaders/Private/VirtualShadowMaps/VirtualShadowMapPageAccessCommon.ush" 2416
"../../../Engine/Shaders/Shared/VirtualShadowMapDefinitions.h" 2417
"../../../Engine/Shaders/Shared/HLSLMathAliases.h" 2418
"../../../Engine/Shaders/Private/VirtualShadowMaps/VirtualShadowMapProjectionStructs.ush" 2419
"../../../Engine/Shaders/Private/VolumetricCloudCommon.ush" 2420
"../../../Engine/Shaders/Private/VolumetricCloud.usf" 2421
"../../../Engine/Shaders/Private/VisualizeVolumetricLightmap.usf" 2422
"../../../Engine/Shaders/Private/VirtualShadowMaps/VirtualShadowMapProjectionComposite.usf" 2423
"../../../Engine/Shaders/Private/LightShaderParameters.ush" 2424
"../../../Engine/Shaders/Private/VirtualShadowMaps/VirtualShadowMapMaskBitsCommon.ush" 2425
"../../../Engine/Shaders/Private/VirtualShadowMaps/VirtualShadowMapLightGrid.ush" 2426
"../../../Engine/Shaders/Private/VirtualShadowMaps/VirtualShadowMapProjection.usf" 2427
"../../../Engine/Shaders/Private/Visualization.ush" 2428
"../../../Engine/Shaders/Private/VirtualShadowMaps/VirtualShadowMapProjectionFilter.ush" 2429
"../../../Engine/Shaders/Private/VirtualShadowMaps/VirtualShadowMapProjectionDirectional.ush" 2430
"../../../Engine/Shaders/Private/VirtualShadowMaps/VirtualShadowMapSMRTCommon.ush" 2431
"../../../Engine/Shaders/Private/VirtualShadowMaps/VirtualShadowMapSMRTTemplate.ush" 2432
"../../../Engine/Shaders/Private/VirtualShadowMaps/VirtualShadowMapProjectionSpot.ush" 2433
"../../../Engine/Shaders/Private/VirtualShadowMaps/VirtualShadowMapTransmissionCommon.ush" 2434
"../../../Engine/Shaders/Private/VirtualShadowMaps/VirtualShadowMapScreenRayTrace.ush" 2435
"../../../Engine/Shaders/Private/VirtualShadowMaps/VirtualShadowMapStats.ush" 2436
"../../../Engine/Shaders/Private/HairStrands/HairStrandsVoxelPageCommon.ush" 2437
"../../../Engine/Shaders/Private/HairStrands/HairStrandsVoxelPageTraversal.ush" 2438
"../../../Engine/Shaders/Private/VirtualShadowMaps/VirtualShadowMapCacheGPUInvalidation.usf" 2439
"../../../Engine/Shaders/Private/VirtualShadowMaps/VirtualShadowMapPageCacheCommon.ush" 2440
"../../../Engine/Shaders/Private/VirtualShadowMaps/VirtualShadowMapCacheInvalidation.ush" 2441
"../../../Engine/Shaders/Private/VirtualShadowMaps/VirtualShadowMapPageOverlap.ush" 2442
"../../../Engine/Shaders/Private/ScreenSpaceDenoise/SSDDefinitions.ush" 2443
"../../../Engine/Shaders/Private/InstanceCulling/InstanceCullingLoadBalancer.ush" 2444
"../../../Engine/Shaders/Private/VirtualShadowMaps/VirtualShadowMapCacheLoadBalancer.usf" 2445
"../../../Engine/Shaders/Private/VirtualShadowMaps/VirtualShadowMapCopyStats.usf" 2446
"../../../Engine/Shaders/Private/VirtualShadowMaps/VirtualShadowMapDebug.usf" 2447
"../../../Engine/Shaders/Private/VirtualShadowMaps/Desaturate.usf" 2448
"../../../Engine/Shaders/Private/VirtualShadowMaps/VirtualShadowMapPhysicalPageManagement.usf" 2449
"../../../Engine/Shaders/Private/ReductionCommon.ush" 2450
"../../../Engine/Shaders/Private/GPUMessaging.ush" 2451
"../../../Engine/Shaders/Private/VirtualShadowMaps/VirtualShadowMapPerPageDispatch.ush" 2452
"../../../Engine/Shaders/Private/VirtualShadowMaps/VirtualShadowMapCompactViews.usf" 2453
"../../../Engine/Shaders/Shared/SceneCullingDefinitions.h" 2454
"../../../Engine/Shaders/Private/VirtualShadowMaps/VirtualShadowMapBuildPerPageDrawCommands.usf" 2455
"../../../Engine/Shaders/Private/Nanite/NaniteCullingCommon.ush" 2456
"../../../Engine/Shaders/Private/Nanite/NaniteCulling.ush" 2457
"../../../Engine/Shaders/Private/Nanite/NaniteHierarchyTraversalCommon.ush" 2458
"../../../Engine/Shaders/Private/InstanceCulling/InstanceCullingCommon.ush" 2459
"../../../Engine/Shaders/Shared/InstanceCullingDefinitions.h" 2460
"../../../Engine/Shaders/Private/VirtualShadowMaps/VirtualShadowMapPrintStats.usf" 2461
"../../../Engine/Shaders/Private/VirtualShadowMaps/VirtualShadowMapPageManagement.usf" 2462
"../../../Engine/Shaders/Private/VirtualShadowMaps/VirtualShadowMapPageMarking.usf" 2463
"../../../Engine/Shaders/Shared/SingleLayerWaterDefinitions.h" 2464
"../../../Engine/Shaders/Private/HairStrands/HairStrandsTileCommon.ush" 2465
"../../../Engine/Shaders/Private/Froxel/Froxel.ush" 2466
"../../../Engine/Shaders/Shared/FroxelDefinitions.h" 2467
"../../../Engine/Shaders/Private/DiaphragmDOF/DOFCommon.ush" 2468
"../../../Engine/Shaders/Private/VariableRateShading/VRSShadingRatePreview.usf" 2469
"../../../Engine/Shaders/Private/VariableRateShading/VRSShadingRateCommon.ush" 2470
"../../../Engine/Shaders/Private/VariableRateShading/VRSShadingRateCombine.usf" 2471
"../../../Engine/Shaders/Private/VariableRateShading/VRSShadingRateFoveated.usf" 2472
"../../../Engine/Shaders/Private/VariableRateShading/VRSShadingRateReproject.usf" 2473
"../../../Engine/Shaders/Private/VariableRateShading/VRSShadingRateCalculate.usf" 2474
"../../../Engine/Shaders/Private/TranslucencyUpsampling.usf" 2475
"../../../Engine/Shaders/Private/ComposeSeparateTranslucency.usf" 2476
"../../../Engine/Shaders/Private/SeparateTranslucency.ush" 2477
"../../../Engine/Shaders/Private/TranslucentLightInjectionShaders.usf" 2478
"../../../Engine/Shaders/Private/TranslucentShadowDepthShaders.usf" 2479
"../../../Engine/Shaders/Private/ShadowDepthCommon.ush" 2480
"../../../Engine/Shaders/Private/RayTracing/RayTracingTest.usf" 2481
"../../../Engine/Shaders/Private/PostprocessSubsurfaceTile.usf" 2482
"../../../Engine/Shaders/Private/PostProcessSubsurfaceCommon.ush" 2483
"../../../Engine/Shaders/Private/Substrate/SubstrateVisualize.usf" 2484
"../../../Engine/Shaders/Private/Substrate/SubstrateTile.ush" 2485
"../../../Engine/Shaders/Shared/SubstrateVisualizeDefinitions.h" 2486
"../../../Engine/Shaders/Private/Substrate/SubstrateVisualizeCommon.ush" 2487
"../../../Engine/Shaders/Private/SkyLightingDiffuseShared.ush" 2488
"../../../Engine/Shaders/Private/SkyLightingShared.ush" 2489
"../../../Engine/Shaders/Private/ClearCoatCommon.ush" 2490
"../../../Engine/Shaders/Private/ReflectionEnvironmentComposite.ush" 2491
"../../../Engine/Shaders/Private/Substrate/SubstrateLightingCommon.ush" 2492
"../../../Engine/Shaders/Private/Substrate/SubstrateRoughRefraction.usf" 2493
"../../../Engine/Shaders/Private/PathTracing/Material/PathTracingFresnel.ush" 2494
"../../../Engine/Shaders/Private/PathTracing/Material/PathTracingGlossy.ush" 2495
"../../../Engine/Shaders/Private/Substrate/SubstrateMaterialSampling.usf" 2496
"../../../Engine/Shaders/Private/Substrate/SubstrateMaterialSampling.ush" 2497
"../../../Engine/Shaders/Private/Lumen/LumenPosition.ush" 2498
"../../../Engine/Shaders/Private/Substrate/SubstrateTile.usf" 2499
"../../../Engine/Shaders/Private/Substrate/SubstrateMaterialClassification.usf" 2500
"../../../Engine/Shaders/Private/Substrate/SubstrateDBuffer.usf" 2501
"../../../Engine/Shaders/Private/StochasticLighting/StochasticLightingDenoising.usf" 2502
"../../../Engine/Shaders/Private/Lumen/LumenMaterial.ush" 2503
"../../../Engine/Shaders/Private/StochasticLighting/StochasticLightingCommon.ush" 2504
"../../../Engine/Shaders/Private/SplineMeshSceneTexture.usf" 2505
"../../../Engine/Shaders/Private/SparseVolumeTexture/VisualizeSparseVolumeTexture.usf" 2506
"../../../Engine/Shaders/Private/SkyAtmosphere.usf" 2507
"../../../Engine/Shaders/Private/Skinning/SkinnedMeshDebug.usf" 2508
"../../../Engine/Shaders/Private/Skinning/AnimBankEval.usf" 2509
"../../../Engine/Shaders/Private/SingleLayerWaterComposite.usf" 2510
"../../../Engine/Shaders/Private/Froxel/FroxelBuild.ush" 2511
"../../../Engine/Shaders/Private/SingleLayerWaterRefractionCulling.usf" 2512
"../../../Engine/Shaders/Private/ScreenSpaceShadows.usf" 2513
"../../../Engine/Shaders/Private/bend_sss_gpu.ush" 2514
"../../../Engine/Shaders/Private/ShadowFactorsUpsampleCommon.ush" 2515
"../../../Engine/Shaders/Private/FirstPersonSelfShadow.usf" 2516
"../../../Engine/Shaders/Private/HZBTracing.ush" 2517
"../../../Engine/Shaders/Private/ShadowProjectionVertexShader.usf" 2518
"../../../Engine/Shaders/Private/ShadowProjectionPixelShader.usf" 2519
"../../../Engine/Shaders/Private/MobileLightingCommon.ush" 2520
"../../../Engine/Shaders/Private/PlanarReflectionShared.ush" 2521
"../../../Engine/Shaders/Private/MobileSSR.ush" 2522
"../../../Engine/Shaders/Private/SSRT/SSRTRayCast.ush" 2523
"../../../Engine/Shaders/Private/ShadowPercentageCloserFiltering.ush" 2524
"../../../Engine/Shaders/Private/TransmissionThickness.ush" 2525
"../../../Engine/Shaders/Private/CopyShadowMaps.usf" 2526
"../../../Engine/Shaders/Private/ShadowDepthPixelShader.usf" 2527
"../../../Engine/Shaders/Private/ShadowDepthVertexShader.usf" 2528
"../../../Engine/Shaders/Private/ShadingEnergyConservationTable.usf" 2529
"../../../Engine/Shaders/Shared/PathTracingDefinitions.h" 2530
"../../../Engine/Shaders/Private/ShadingFurnaceTest.usf" 2531
"../../../Engine/Shaders/Private/Substrate/SubstrateDeferredLighting.ush" 2532
"../../../Engine/Shaders/Private/ShaderPrintDraw.usf" 2533
"../../../Engine/Shaders/Private/ShaderPrintDrawPrimitive.usf" 2534
"../../../Engine/Shaders/Private/DefaultSSRTiles.usf" 2535
"../../../Engine/Shaders/Private/ScreenSpaceReflectionTileCommons.ush" 2536
"../../../Engine/Shaders/Private/SSRT/SSRTDiffuseIndirect.usf" 2537
"../../../Engine/Shaders/Private/SSRT/SSRTTileClassificationBuffer.ush" 2538
"../../../Engine/Shaders/Private/SSRT/SSRTReflections.usf" 2539
"../../../Engine/Shaders/Private/ScreenSpaceDenoise/SSDPublic.ush" 2540
"../../../Engine/Shaders/Private/SSRT/SSRTTileClassification.usf" 2541
"../../../Engine/Shaders/Private/SSRT/SSRTPrevFrameReduction.usf" 2542
"../../../Engine/Shaders/Private/ScreenSpaceDenoise/SSDComposeHarmonics.usf" 2543
"../../../Engine/Shaders/Private/ScreenSpaceDenoise/SSDPublicHarmonics.ush" 2544
"../../../Engine/Shaders/Private/ScreenSpaceDenoise/SSDSignalFramework.ush" 2545
"../../../Engine/Shaders/Private/ScreenSpaceDenoise/SSDCommon.ush" 2546
"../../../Engine/Shaders/Private/SphericalGaussian.ush" 2547
"../../../Engine/Shaders/Public/WaveBroadcastIntrinsics.ush" 2548
"../../../Engine/Shaders/Private/ScreenSpaceDenoise/SSDMetadata.ush" 2549
"../../../Engine/Shaders/Private/ScreenSpaceDenoise/SSDSignalCore.ush" 2550
"../../../Engine/Shaders/Private/ScreenSpaceDenoise/DenoisingCommon.ush" 2551
"../../../Engine/Shaders/Private/ScreenSpaceDenoise/SSDSignalArray.ush" 2552
"../../../Engine/Shaders/Private/ScreenSpaceDenoise/SSDSignalBufferEncoding.ush" 2553
"../../../Engine/Shaders/Private/ScreenSpaceDenoise/SSDPublicBufferEncoding.ush" 2554
"../../../Engine/Shaders/Private/Lumen/LumenBufferEncoding.ush" 2555
"../../../Engine/Shaders/Private/ScreenSpaceDenoise/SSDTemporalAccumulation.usf" 2556
"../../../Engine/Shaders/Private/ScreenSpaceDenoise/SSDSpatialKernel.ush" 2557
"../../../Engine/Shaders/Private/ScreenSpaceDenoise/SSDSignalAccumulatorArray.ush" 2558
"../../../Engine/Shaders/Private/ScreenSpaceDenoise/SSDSignalAccumulator.ush" 2559
"../../../Engine/Shaders/Private/ScreenSpaceDenoise/SSDSignalCompression.ush" 2560
"../../../Engine/Shaders/Private/ScreenSpaceDenoise/SSDSpatialAccumulation.usf" 2561
"../../../Engine/Shaders/Private/ScreenSpaceDenoise/SSDInjest.usf" 2562
"../../../Engine/Shaders/Private/ScreenSpaceDenoise/SSDCompressMetadata.usf" 2563
"../../../Engine/Shaders/Private/DownsampleDepthPixelShader.usf" 2564
"../../../Engine/Shaders/Private/ScreenPass.usf" 2565
"../../../Engine/Shaders/Private/HZB.usf" 2566
"../../../Engine/Shaders/Private/OcclusionFeedbackShaders.usf" 2567
"../../../Engine/Shaders/Private/HZBOcclusion.usf" 2568
"../../../Engine/Shaders/Private/OcclusionQueryPixelShader.usf" 2569
"../../../Engine/Shaders/Private/OcclusionQueryVertexShader.usf" 2570
"../../../Engine/Shaders/Private/HitProxyCopy.usf" 2571
"../../../Engine/Shaders/Private/HitProxyPixelShader.usf" 2572
"../../../Engine/Shaders/Private/HitProxyVertexShader.usf" 2573
"../../../Engine/Shaders/Private/SceneCulling/SceneCullingDebugRender.usf" 2574
"../../../Engine/Shaders/Private/SceneCulling/SceneCulling.ush" 2575
"../../../Engine/Shaders/Private/SceneCulling/SceneCullingBuildExplicitBounds.usf" 2576
"../../../Engine/Shaders/Private/SceneCapturePixelShader.usf" 2577
"../../../Engine/Shaders/Private/RendererUtils.usf" 2578
"../../../Engine/Shaders/Private/RTWriteMaskDecode.usf" 2579
"../../../Engine/Shaders/Private/ReflectionEnvironmentShaders.usf" 2580
"../../../Engine/Shaders/Private/RectLightAtlas.usf" 2581
"../../../Engine/Shaders/Private/RayTracing/TraceRayInlineStatistics.usf" 2582
"../../../Engine/Shaders/Private/RayTracing/CompositeSkyLightPS.usf" 2583
"../../../Engine/Shaders/Private/RayTracing/GenerateSkyLightVisibilityRaysCS.usf" 2584
"../../../Engine/Shaders/Private/RayTracing/RayTracingSkyLightCommon.ush" 2585
"../../../Engine/Shaders/Private/RayTracing/SkyLightVisibilityRaysData.ush" 2586
"../../../Engine/Shaders/Private/Raytracing/RaytracingSkylightRGS.usf" 2587
"../../../Engine/Shaders/Private/HairStrands/HairStrandsRaytracing.ush" 2588
"../../../Engine/Shaders/Private/Raytracing/RayTracingSkyLightEvaluation.ush" 2589
"../../../Engine/Shaders/Private/Raytracing/RayTracingDeferredShadingCommon.ush" 2590
"../../../Engine/Shaders/Private/RayTracing/RayTracingOcclusionRGS.usf" 2591
"../../../Engine/Shaders/Private/RayTracing/RayTracingDirectionalLight.ush" 2592
"../../../Engine/Shaders/Private/RayTracing/RayTracingRectLight.ush" 2593
"../../../Engine/Shaders/Private/RayTracing/RayTracingSphereLight.ush" 2594
"../../../Engine/Shaders/Private/RayTracing/RayTracingCapsuleLight.ush" 2595
"../../../Engine/Shaders/Private/Raytracing/RayTracingFeedback.usf" 2596
"../../../Engine/Shaders/Shared/RayTracingDebugTypes.h" 2597
"../../../Engine/Shaders/Private/RayTracing/RayTracingPrimaryRays.usf" 2598
"../../../Engine/Shaders/Private/RayTracing/RayTracingLightingCommon.ush" 2599
"../../../Engine/Shaders/Private/RayTracing/RayTracingLightCullingCommon.ush" 2600
"../../../Engine/Shaders/Private/RayTracing/RayTracingMaterialDefaultHitShaders.usf" 2601
"../../../Engine/Shaders/Private/RayTracing/RayTracingMaterialHitShaders.usf" 2602
"../../../Engine/Shaders/Private/RayTracing/RayTracingShaderUtils.ush" 2603
"../../../Engine/Shaders/Private/RayTracing/RayTracingCalcInterpolants.ush" 2604
"../../../Engine/Shaders/Private/LightmapCommon.ush" 2605
"../../../Engine/Shaders/Private/Lumen/LumenHardwareRayTracingPayloadCommon.ush" 2606
"../../../Engine/Shaders/Shared/LumenDefinitions.h" 2607
"../../../Engine/Shaders/Private/Substrate/SubstrateExport.ush" 2608
"../../../Engine/Shaders/Private/RayTracing/RayTracingLightingMS.usf" 2609
"../../../Engine/Shaders/Private/Lumen/LumenDiffuseColorBoost.ush" 2610
"../../../Engine/Shaders/Private/RayTracing/RayTracingLightFunctionCommon.ush" 2611
"../../../Engine/Shaders/Private/RayTracing/RayTracingBuildLightGrid.usf" 2612
"../../../Engine/Shaders/Private/Raytracing/RayTracingInstanceBufferUtil.usf" 2613
"../../../Engine/Shaders/Private/RayTracing/RayTracingDynamicMesh.usf" 2614
"../../../Engine/Shaders/Private/RayTracing/RayTracingDefaultDecalHitShader.usf" 2615
"../../../Engine/Shaders/Private/RayTracing/RayTracingDecalMaterialShader.usf" 2616
"../../../Engine/Shaders/Private/PathTracing/PathTracingShaderUtils.ush" 2617
"../../../Engine/Shaders/Private/PathTracing/PathTracingCommon.ush" 2618
"../../../Engine/Shaders/Private/PathTracing/Material/PathTracingMaterialCommon.ush" 2619
"../../../Engine/Shaders/Private/PathTracing/Utilities/PathTracingRIS.ush" 2620
"../../../Engine/Shaders/Private/RayTracing/RayTracingBuildDecalGrid.usf" 2621
"../../../Engine/Shaders/Private/RayTracing/RayTracingDebugHitStatsUtils.usf" 2622
"../../../Engine/Shaders/Private/RayTracing/RayTracingDebugInstanceOverlap.usf" 2623
"../../../Engine/Shaders/Private/RayTracing/RayTracingDebugPicking.usf" 2624
"../../../Engine/Shaders/Private/RayTracing/RayTracingDebugUtils.ush" 2625
"../../../Engine/Shaders/Private/RayTracing/RayTracingDebugTraversal.usf" 2626
"../../../Engine/Shaders/Private/RayTracing/RayTracingDeferredMaterials.ush" 2627
"../../../Engine/Shaders/Shared/ThirdParty/AMD/ags_shader_intrinsics_dx12.h" 2628
"../../../Engine/Shaders/Shared/RayTracingDebugDefinitions.h" 2629
"../../../Engine/Shaders/Private/RayTracing/RayTracingDebugHitStatsCHS.usf" 2630
"../../../Engine/Shaders/Private/RayTracing/RayTracingDebugHitStats.usf" 2631
"../../../Engine/Shaders/Private/RayTracing/RayTracingDebugMS.usf" 2632
"../../../Engine/Shaders/Private/RayTracing/RayTracingDebugCHS.usf" 2633
"../../../Engine/Shaders/Private/RayTracing/RayTracingDebug.usf" 2634
"../../../Engine/Shaders/Private/RayTracing/RayTracingBuiltInShaders.usf" 2635
"../../../Engine/Shaders/Private/RayTracing/RayTracingBarycentrics.usf" 2636
"../../../Engine/Shaders/Private/RayTracing/RayTracingAmbientOcclusionRGS.usf" 2637
"../../../Engine/Shaders/Private/VisualizeShadingModels.usf" 2638
"../../../Engine/Shaders/Private/MotionBlur/VisualizeMotionVectors.usf" 2639
"../../../Engine/Shaders/Private/TemporalSuperResolution/TSRVisualize.usf" 2640
"../../../Engine/Shaders/Private/TemporalSuperResolution/TSRColorSpace.ush" 2641
"../../../Engine/Shaders/Private/TemporalSuperResolution/TSRCommon.ush" 2642
"../../../Engine/Shaders/Public/DualPixelVectorization.ush" 2643
"../../../Engine/Shaders/Private/TemporalSuperResolution/TSRReprojectionField.ush" 2644
"../../../Engine/Shaders/Private/TemporalSuperResolution/TSRResolveHistory.usf" 2645
"../../../Engine/Shaders/Private/TemporalSuperResolution/TSRConvolutionNetwork.ush" 2646
"../../../Engine/Shaders/Private/TemporalSuperResolution/TSRKernels.ush" 2647
"../../../Engine/Shaders/Public/LaneVectorization.ush" 2648
"../../../Engine/Shaders/Private/TemporalSuperResolution/TSRUpdateHistory.usf" 2649
"../../../Engine/Shaders/Private/TemporalSuperResolution/TSRSpatialAntiAliasing.ush" 2650
"../../../Engine/Shaders/Private/TemporalSuperResolution/TSRSpatialAntiAliasing.usf" 2651
"../../../Engine/Shaders/Private/TemporalSuperResolution/TSRRejectShading.usf" 2652
"../../../Engine/Shaders/Private/TemporalSuperResolution/TSRShadingAnalysis.ush" 2653
"../../../Engine/Shaders/Private/TemporalSuperResolution/TSRConvolutionNetworkPass.ush" 2654
"../../../Engine/Shaders/Private/TemporalSuperResolution/TSRDecimateHistory.usf" 2655
"../../../Engine/Shaders/Private/TemporalSuperResolution/TSRDepthVelocityAnalysis.ush" 2656
"../../../Engine/Shaders/Private/TemporalSuperResolution/TSRClosestOccluder.ush" 2657
"../../../Engine/Shaders/Private/TemporalSuperResolution/TSRWeightRelaxation.usf" 2658
"../../../Engine/Shaders/Private/TemporalSuperResolution/TSRThinGeometryCommon.ush" 2659
"../../../Engine/Shaders/Private/TemporalSuperResolution/TSRDetectThinGeometry.usf" 2660
"../../../Engine/Shaders/Private/TemporalSuperResolution/TSRDilateVelocity.usf" 2661
"../../../Engine/Shaders/Private/MotionBlur/MotionBlurVelocityFlatten.ush" 2662
"../../../Engine/Shaders/Private/MotionBlur/MotionBlurCommon.ush" 2663
"../../../Engine/Shaders/Private/TemporalSuperResolution/TSRClearPrevTextures.usf" 2664
"../../../Engine/Shaders/Private/TemporalSuperResolution/TSRMeasureCoverage.usf" 2665
"../../../Engine/Shaders/Private/TemporalSuperResolution/TSRMeasureFlickeringLuma.usf" 2666
"../../../Engine/Shaders/Private/TemporalAA.usf" 2667
"../../../Engine/Shaders/Private/FilterPixelShader.usf" 2668
"../../../Engine/Shaders/Private/FilterVertexShader.usf" 2669
"../../../Engine/Shaders/Private/VisualizeVirtualTexture.usf" 2670
"../../../Engine/Shaders/Private/PostProcessVisualizeBuffer.usf" 2671
"../../../Engine/Shaders/Private/PostProcessVisualizeLocalExposure.usf" 2672
"../../../Engine/Shaders/Private/PostProcessHistogramCommon.ush" 2673
"../../../Engine/Shaders/Private/TonemapCommon.ush" 2674
"../../../Engine/Shaders/Private/ACES/ACESCommon.ush" 2675
"../../../Engine/Shaders/Private/ACES/ACESOutputTransform.ush" 2676
"../../../Engine/Shaders/Private/ACES/ACESUtilities.ush" 2677
"../../../Engine/Shaders/Private/ACES/ACESTonescale.ush" 2678
"../../../Engine/Shaders/Private/ACES/ACESDisplayEncoding.ush" 2679
"../../../Engine/Shaders/Private/ACES/ACES_v1.3.ush" 2680
"../../../Engine/Shaders/Private/PostProcessVisualizeLevelInstance.usf" 2681
"../../../Engine/Shaders/Private/PostProcessVisualizeHDR.usf" 2682
"../../../Engine/Shaders/Private/ShaderComplexityApplyPixelShader.usf" 2683
"../../../Engine/Shaders/Private/QuadOverdraw.ush" 2684
"../../../Engine/Shaders/Private/PostProcessUpscale.usf" 2685
"../../../Engine/Shaders/Private/PostProcessTonemap.usf" 2686
"../../../Engine/Shaders/Private/PostProcessing/FilmGrainPackConstants.usf" 2687
"../../../Engine/Shaders/Private/PostProcessing/FilmGrainReduce.usf" 2688
"../../../Engine/Shaders/Private/PostProcessTestImage.usf" 2689
"../../../Engine/Shaders/Private/PostProcessSubsurface.usf" 2690
"../../../Engine/Shaders/Private/SeparableSSS.ush" 2691
"../../../Engine/Shaders/Private/SubsurfaceBurleyNormalized.ush" 2692
"../../../Engine/Shaders/Private/PostProcessSelectionOutline.usf" 2693
"../../../Engine/Shaders/Private/MotionBlur/MotionBlurVisualize.usf" 2694
"../../../Engine/Shaders/Private/MotionBlur/MotionBlurApply.usf" 2695
"../../../Engine/Shaders/Private/MotionBlur/MotionBlurFilterTileClassify.usf" 2696
"../../../Engine/Shaders/Private/MotionBlur/MotionBlurTileScatter.usf" 2697
"../../../Engine/Shaders/Private/MotionBlur/MotionBlurTileGather.usf" 2698
"../../../Engine/Shaders/Private/MotionBlur/MotionBlurVelocityFlatten.usf" 2699
"../../../Engine/Shaders/Private/PostProcessMobile.usf" 2700
"../../../Engine/Shaders/Private/PostProcessMitchellNetravali.usf" 2701
"../../../Engine/Shaders/Private/PostProcessMaterialShaders.usf" 2702
"../../../Engine/Shaders/Private/NeuralPostProcessCommon.usf" 2703
"../../../Engine/Shaders/Private/PostProcessLocalExposure.usf" 2704
"../../../Engine/Shaders/Private/PostProcessLensFlares.usf" 2705
"../../../Engine/Shaders/Private/PostProcessGBufferHints.usf" 2706
"../../../Engine/Shaders/Private/PostProcessHMD.usf" 2707
"../../../Engine/Shaders/Private/Histogram.usf" 2708
"../../../Engine/Shaders/Private/PostProcessHistogramReduce.usf" 2709
"../../../Engine/Shaders/Private/PostProcessHistogram.usf" 2710
"../../../Engine/Shaders/Private/Bloom/BloomFinalizeApplyConstants.usf" 2711
"../../../Engine/Shaders/Private/Bloom/BloomCommon.ush" 2712
"../../../Engine/Shaders/Private/Bloom/BloomResizeKernel.usf" 2713
"../../../Engine/Shaders/Private/Bloom/BloomDownsampleKernel.usf" 2714
"../../../Engine/Shaders/Private/Bloom/BloomClampKernel.usf" 2715
"../../../Engine/Shaders/Private/Bloom/BloomPackKernelConstants.usf" 2716
"../../../Engine/Shaders/Private/Bloom/BloomSumScatterDispersionEnergy.usf" 2717
"../../../Engine/Shaders/Private/Bloom/BloomReduceKernelSurvey.usf" 2718
"../../../Engine/Shaders/Private/Bloom/BloomSurveyKernelCenterEnergy.usf" 2719
"../../../Engine/Shaders/Private/Bloom/BloomSurveyMaxScatterDispersion.usf" 2720
"../../../Engine/Shaders/Private/Bloom/BloomFindKernelCenter.usf" 2721
"../../../Engine/Shaders/Private/PostProcessEyeAdaptation.usf" 2722
"../../../Engine/Shaders/Private/TranslucencyVolumeCommon.ush" 2723
"../../../Engine/Shaders/Private/PostProcessEyeAdaptationUtils.usf" 2724
"../../../Engine/Shaders/Private/PostProcessDownsample.usf" 2725
"../../../Engine/Shaders/Private/PostProcessDOF.usf" 2726
"../../../Engine/Shaders/Private/PostProcessDeviceEncodingOnly.usf" 2727
"../../../Engine/Shaders/Private/PostProcessCompositePrimitives.usf" 2728
"../../../Engine/Shaders/Private/PostProcessCombineLUTs.usf" 2729
"../../../Engine/Shaders/Private/PostProcessVisualizeDOF.usf" 2730
"../../../Engine/Shaders/Private/PostProcessBloom.usf" 2731
"../../../Engine/Shaders/Private/PostProcessAmbientOcclusionMobile.usf" 2732
"../../../Engine/Shaders/Private/PostProcessAmbientOcclusionCommon.ush" 2733
"../../../Engine/Shaders/Private/FXAAShader.usf" 2734
"../../../Engine/Shaders/Private/Fxaa3_11.ush" 2735
"../../../Engine/Shaders/Private/PaniniProjection.usf" 2736
"../../../Engine/Shaders/Private/DiaphragmDOF/DOFRecombine.usf" 2737
"../../../Engine/Shaders/Private/DiaphragmDOF/DOFHybridScatterPixelShader.usf" 2738
"../../../Engine/Shaders/Private/DiaphragmDOF/DOFHybridScatterCommon.ush" 2739
"../../../Engine/Shaders/Private/DiaphragmDOF/DOFVignetteCommon.ush" 2740
"../../../Engine/Shaders/Private/DiaphragmDOF/DOFHybridScatterVertexShader.usf" 2741
"../../../Engine/Shaders/Private/DiaphragmDOF/DOFPostfiltering.usf" 2742
"../../../Engine/Shaders/Private/DiaphragmDOF/DOFGatherTileSuggest.ush" 2743
"../../../Engine/Shaders/Private/DiaphragmDOF/DOFCocTileCommon.ush" 2744
"../../../Engine/Shaders/Private/DiaphragmDOF/DOFGatherPass.usf" 2745
"../../../Engine/Shaders/Private/DiaphragmDOF/DOFGatherCommon.ush" 2746
"../../../Engine/Shaders/Private/DiaphragmDOF/DOFGatherAccumulator.ush" 2747
"../../../Engine/Shaders/Private/DiaphragmDOF/DOFGatherKernel.ush" 2748
"../../../Engine/Shaders/Private/DiaphragmDOF/DOFBokehLUT.usf" 2749
"../../../Engine/Shaders/Private/DiaphragmDOF/DOFHybridScatterCompilation.usf" 2750
"../../../Engine/Shaders/Private/DiaphragmDOF/DOFReduce.usf" 2751
"../../../Engine/Shaders/Private/DiaphragmDOF/DOFDownsample.ush" 2752
"../../../Engine/Shaders/Private/DiaphragmDOF/DOFHybridScatterCompilation.ush" 2753
"../../../Engine/Shaders/Private/DiaphragmDOF/DOFDownsample.usf" 2754
"../../../Engine/Shaders/Private/DiaphragmDOF/DOFCocTileDilate.usf" 2755
"../../../Engine/Shaders/Private/DiaphragmDOF/DOFCocTileFlatten.usf" 2756
"../../../Engine/Shaders/Private/DiaphragmDOF/DOFSetup.usf" 2757
"../../../Engine/Shaders/Private/Tools/DebugAlphaChannel.usf" 2758
"../../../Engine/Shaders/Private/PostProcessAlphaInvert.usf" 2759
"../../../Engine/Shaders/Private/PlanarReflectionShaders.usf" 2760
"../../../Engine/Shaders/Private/PhysicsFieldVisualizer.usf" 2761
"../../../Engine/Shaders/Private/PathTracing/PathTracingSpatialTemporalDenoising.usf" 2762
"../../../Engine/Shaders/Private/ColorDifference.ush" 2763
"../../../Engine/Shaders/Private/PathTracing/PathTracingCompositingPixelShader.usf" 2764
"../../../Engine/Shaders/Private/PathTracing/PathTracingAdaptiveUtils.ush" 2765
"../../../Engine/Shaders/Private/PathTracing/PathTracingDefaultHitShader.usf" 2766
"../../../Engine/Shaders/Private/PathTracing/PathTracingGPULightmassMaterialHitShader.usf" 2767
"../../../Engine/Shaders/Private/PathTracing/PathTracingMaterialHitShader.usf" 2768
"../../../Engine/Shaders/Private/PathTracing/Material/PathTracingSubstrateCommon.ush" 2769
"../../../Engine/Shaders/Private/PathTracing/PathTracingLightingMissShader.usf" 2770
"../../../Engine/Shaders/Private/PathTracing/PathTracingMissShader.usf" 2771
"../../../Engine/Shaders/Private/PathTracing/PathTracingAdaptiveStart.usf" 2772
"../../../Engine/Shaders/Private/PathTracing/PathTracingBuildAdaptiveError.usf" 2773
"../../../Engine/Shaders/Private/PathTracing/PathTracingVolumetricCloudMaterialShader.usf" 2774
"../../../Engine/Shaders/Private/PathTracing/Volume/PathTracingCloudsMaterialCommon.ush" 2775
"../../../Engine/Shaders/Private/PathTracing/Volume/PathTracingVolumeCommon.ush" 2776
"../../../Engine/Shaders/Private/PathTracing/Volume/PathTracingCloudsCommon.ush" 2777
"../../../Engine/Shaders/Private/PathTracing/Volume/PathTracingFog.ush" 2778
"../../../Engine/Shaders/Private/PathTracing/Volume/PathTracingAtmosphere.ush" 2779
"../../../Engine/Shaders/Private/PathTracing/Volume/PathTracingAtmosphereCommon.ush" 2780
"../../../Engine/Shaders/Private/PathTracing/Volume/PathTracingVolumeSampling.ush" 2781
"../../../Engine/Shaders/Private/PathTracing/PathTracingBuildCloudAccelerationMap.usf" 2782
"../../../Engine/Shaders/Private/PathTracing/PathTracingBuildAtmosphereLUT.usf" 2783
"../../../Engine/Shaders/Private/PathTracing/PathTracingSwizzleScanlines.usf" 2784
"../../../Engine/Shaders/Private/PathTracing/PathTracingInitExtinctionCoefficient.usf" 2785
"../../../Engine/Shaders/Private/PathTracing/PathTracingCopyDepth.usf" 2786
"../../../Engine/Shaders/Private/PathTracing/PathTracingDebug.usf" 2787
"../../../Engine/Shaders/Private/RayTracing/RayTracingDecalGrid.ush" 2788
"../../../Engine/Shaders/Private/PathTracing/Material/PathTracingMaterialSampling.ush" 2789
"../../../Engine/Shaders/Private/PathTracing/Material/PathTracingLambert.ush" 2790
"../../../Engine/Shaders/Private/PathTracing/Material/PathTracingSubstrate.ush" 2791
"../../../Engine/Shaders/Private/PathTracing/Material/PathTracingSubstrateFoliage.ush" 2792
"../../../Engine/Shaders/Private/PathTracing/Material/PathTracingSubstrateSolidGlass.ush" 2793
"../../../Engine/Shaders/Private/PathTracing/Material/PathTracingSubstrateThinGlass.ush" 2794
"../../../Engine/Shaders/Private/PathTracing/Material/PathTracingSolidGlass.ush" 2795
"../../../Engine/Shaders/Private/PathTracing/Material/PathTracingEnergyConservation.ush" 2796
"../../../Engine/Shaders/Private/PathTracing/Material/PathTracingThinGlass.ush" 2797
"../../../Engine/Shaders/Private/PathTracing/Material/PathTracingDefaultLit.ush" 2798
"../../../Engine/Shaders/Private/PathTracing/Material/PathTracingClearCoat.ush" 2799
"../../../Engine/Shaders/Private/PathTracing/Material/PathTracingTwoSidedFoliage.ush" 2800
"../../../Engine/Shaders/Private/PathTracing/Material/PathTracingCloth.ush" 2801
"../../../Engine/Shaders/Private/PathTracing/Material/PathTracingSubsurfaceProfile.ush" 2802
"../../../Engine/Shaders/Private/PathTracing/Material/PathTracingEye.ush" 2803
"../../../Engine/Shaders/Private/PathTracing/Material/PathTracingHair.ush" 2804
"../../../Engine/Shaders/Private/PathTracing/Material/PathTracingMedium.ush" 2805
"../../../Engine/Shaders/Private/PathTracing/Light/PathTracingLightSampling.ush" 2806
"../../../Engine/Shaders/Private/PathTracing/Light/PathTracingLightCommon.ush" 2807
"../../../Engine/Shaders/Private/PathTracing/Light/PathTracingDirectionalLight.ush" 2808
"../../../Engine/Shaders/Private/PathTracing/Light/PathTracingPointLight.ush" 2809
"../../../Engine/Shaders/Private/PathTracing/Light/PathTracingCapsuleLight.ush" 2810
"../../../Engine/Shaders/Private/PathTracing/Light/PathTracingRectLight.ush" 2811
"../../../Engine/Shaders/Private/PathTracing/Light/PathTracingSkyLight.ush" 2812
"../../../Engine/Shaders/Private/PathTracing/Light/PathTracingLightGrid.ush" 2813
"../../../Engine/Shaders/Private/PathTracing/PathTracing.usf" 2814
"../../../Engine/Shaders/Private/PathTracing/PathTracingCore.ush" 2815
"../../../Engine/Shaders/Private/HeterogeneousVolumes/HeterogeneousVolumesVoxelGridTypes.ush" 2816
"../../../Engine/Shaders/Private/PathTracing/Volume/PathTracingVolume.ush" 2817
"../../../Engine/Shaders/Private/PathTracing/Volume/PathTracingClouds.ush" 2818
"../../../Engine/Shaders/Private/PathTracing/Volume/PathTracingHeterogeneousVolumes.ush" 2819
"../../../Engine/Shaders/Private/HeterogeneousVolumes/HeterogeneousVolumesVoxelGridTraversal.ush" 2820
"../../../Engine/Shaders/Private/HeterogeneousVolumes/HeterogeneousVolumesVoxelGridUtils.ush" 2821
"../../../Engine/Shaders/Private/HeterogeneousVolumes/HeterogeneousVolumesFrustumVoxelGridUtils.ush" 2822
"../../../Engine/Shaders/Private/PathTracing/PathTracingBuildLightGrid.usf" 2823
"../../../Engine/Shaders/Private/PathTracing/PathTracingSkylightMISCompensation.usf" 2824
"../../../Engine/Shaders/Private/PathTracing/PathTracingSkylightPrepare.usf" 2825
"../../../Engine/Shaders/Private/OIT/OITSorting.usf" 2826
"../../../Engine/Shaders/Private/OITCombine.usf" 2827
"../../../Engine/Shaders/Private/OITCommon.ush" 2828
"../../../Engine/Shaders/Private/Nanite/Voxel/RasterizeBricks.usf" 2829
"../../../Engine/Shaders/Private/Nanite/Voxel/Brick.ush" 2830
"../../../Engine/Shaders/Private/Nanite/Voxel/Voxel.ush" 2831
"../../../Engine/Shaders/Private/Nanite/Voxel/ScatterBricks.usf" 2832
"../../../Engine/Shaders/Private/Nanite/Voxel/TileBricks.usf" 2833
"../../../Engine/Shaders/Private/Nanite/Voxel/AutoVoxel.usf" 2834
"../../../Engine/Shaders/Private/Nanite/NaniteDebugViews.usf" 2835
"../../../Engine/Shaders/Private/Nanite/NaniteEditorCommon.ush" 2836
"../../../Engine/Shaders/Private/BinarySearch.ush" 2837
"../../../Engine/Shaders/Private/Nanite/NaniteDepthDecode.usf" 2838
"../../../Engine/Shaders/Private/HTileEncoding.ush" 2839
"../../../Engine/Shaders/Private/Nanite/NaniteVisualize.usf" 2840
"../../../Engine/Shaders/Private/Nanite/NaniteStreamOut.usf" 2841
"../../../Engine/Shaders/Private/Nanite/NaniteHierarchyTraversal.ush" 2842
"../../../Engine/Shaders/Private/Nanite/NaniteSkinningUpdateViewData.usf" 2843
"../../../Engine/Shaders/Private/Skinning/TransformProviders.usf" 2844
"../../../Engine/Shaders/Private/Nanite/NaniteShadeBinning.usf" 2845
"../../../Engine/Shaders/Private/Nanite/NaniteShadeCommon.ush" 2846
"../../../Engine/Shaders/Private/Nanite/NaniteFastClear.usf" 2847
"../../../Engine/Shaders/Private/Nanite/NaniteExportGBuffer.usf" 2848
"../../../Engine/Shaders/Private/Nanite/NaniteClusterCulling.usf" 2849
"../../../Engine/Shaders/Private/Nanite/NanitePrintStats.usf" 2850
"../../../Engine/Shaders/Private/Nanite/NaniteRasterizer.usf" 2851
"../../../Engine/Shaders/Private/Nanite/NaniteRasterizationCommon.ush" 2852
"../../../Engine/Shaders/Private/Nanite/NaniteRasterizer.ush" 2853
"../../../Engine/Shaders/Private/Nanite/NaniteWritePixel.ush" 2854
"../../../Engine/Shaders/Private/Nanite/NaniteTessellation.ush" 2855
"../../../Engine/Shaders/Private/WorkDistribution.ush" 2856
"../../../Engine/Shaders/Private/Nanite/NaniteDice.ush" 2857
"../../../Engine/Shaders/Private/ShaderBundleWorkGraphCommon.ush" 2858
"../../../Engine/Shaders/Public/RootConstants.ush" 2859
"../../../Engine/Shaders/Public/Platform/D3D/D3DRootConstants.ush" 2860
"../../../Engine/Shaders/Private/Nanite/NaniteSplit.usf" 2861
"../../../Engine/Shaders/Private/Nanite/NaniteRasterBinning.usf" 2862
"../../../Engine/Shaders/Private/Nanite/NaniteInstanceCulling.usf" 2863
"../../../Engine/Shaders/Private/Nanite/NaniteImposter.ush" 2864
"../../../Engine/Shaders/Private/Nanite/NaniteInstanceHierarchyCulling.usf" 2865
"../../../Engine/Shaders/Private/WorkGroupLoadBalancer.ush" 2866
"../../../Engine/Shaders/Private/Nanite/NanitePrimitiveFilter.usf" 2867
"../../../Engine/Shaders/Private/Nanite/NaniteRasterClear.usf" 2868
"../../../Engine/Shaders/Private/Nanite/NaniteDepthExport.usf" 2869
"../../../Engine/Shaders/Private/Nanite/NaniteEmitShadow.usf" 2870
"../../../Engine/Shaders/Private/MobileDeferredUtils.usf" 2871
"../../../Engine/Shaders/Private/MobileLocalLightsBuffer.usf" 2872
"../../../Engine/Shaders/Private/MobileFog.usf" 2873
"../../../Engine/Shaders/Private/DistortApplyScreenPS.usf" 2874
"../../../Engine/Shaders/Private/MobileDeferredShading.usf" 2875
"../../../Engine/Shaders/Private/MobileBasePassPixelShader.usf" 2876
"../../../Engine/Shaders/Private/MobileBasePassCommon.ush" 2877
"../../../Engine/Shaders/Private/BasePassCommon.ush" 2878
"../../../Engine/Shaders/Private/ShadingModelsMaterial.ush" 2879
"../../../Engine/Shaders/Private/ThinTranslucentCommon.ush" 2880
"../../../Engine/Shaders/Private/SingleLayerWaterShading.ush" 2881
"../../../Engine/Shaders/Private/DistortionCommon.ush" 2882
"../../../Engine/Shaders/Private/Substrate/SubstrateMobileForwardLighting.ush" 2883
"../../../Engine/Shaders/Private/MobileBasePassVertexShader.usf" 2884
"../../../Engine/Shaders/Private/MeshEdges.usf" 2885
"../../../Engine/Shaders/Private/MegaLights/MegaLightsVSMTracing.usf" 2886
"../../../Engine/Shaders/Private/MegaLights/MegaLights.ush" 2887
"../../../Engine/Shaders/Shared/MegaLightsDefinitions.h" 2888
"../../../Engine/Shaders/Private/HairStrands/HairStrandsVisibilityUtils.ush" 2889
"../../../Engine/Shaders/Private/MegaLights/MegaLightsRayTracing.ush" 2890
"../../../Engine/Shaders/Private/MegaLights/MegaLightsRayTracing.usf" 2891
"../../../Engine/Shaders/Private/DistanceField/GlobalDistanceFieldUtils.ush" 2892
"../../../Engine/Shaders/Private/Lumen/LumenScreenTracing.ush" 2893
"../../../Engine/Shaders/Private/MegaLights/MegaLightsVolumeRayTracing.usf" 2894
"../../../Engine/Shaders/Private/MegaLights/MegaLightsVolume.ush" 2895
"../../../Engine/Shaders/Private/MegaLights/MegaLightsVolumeHardwareRayTracing.usf" 2896
"../../../Engine/Shaders/Private/Lumen/LumenHardwareRayTracingCommon.ush" 2897
"../../../Engine/Shaders/Private/RayTracing/RayTracingReflectionEnvironment.ush" 2898
"../../../Engine/Shaders/Private/Lumen/LumenHardwareRayTracingPlatformCommon.ush" 2899
"../../../Engine/Shaders/Private/Lumen/LumenReflectionsCombine.ush" 2900
"../../../Engine/Shaders/Private/Lumen/LumenTracingCommon.ush" 2901
"../../../Engine/Shaders/Private/Lumen/SurfaceCache/LumenSurfaceCacheSampling.ush" 2902
"../../../Engine/Shaders/Private/Lumen/SurfaceCache/LumenSurfaceCache.ush" 2903
"../../../Engine/Shaders/Private/Lumen/LumenCardCommon.ush" 2904
"../../../Engine/Shaders/Private/Lumen/LumenCardTileShadowDownsampleFactor.ush" 2905
"../../../Engine/Shaders/Private/MegaLights/MegaLightsHardwareRayTracing.usf" 2906
"../../../Engine/Shaders/Private/MegaLights/MegaLights.usf" 2907
"../../../Engine/Shaders/Private/MegaLights/MegaLightsShading.ush" 2908
"../../../Engine/Shaders/Private/MegaLights/MegaLightsFilterVisibleLightHash.usf" 2909
"../../../Engine/Shaders/Private/MegaLights/MegaLightsDenoiserSpatial.usf" 2910
"../../../Engine/Shaders/Private/Lumen/LumenReflectionDenoiserCommon.ush" 2911
"../../../Engine/Shaders/Private/MegaLights/MegaLightsDenoiserTemporal.usf" 2912
"../../../Engine/Shaders/Private/MegaLights/MegaLightsShading.usf" 2913
"../../../Engine/Shaders/Private/StochasticLighting/StochasticLightingUpsample.ush" 2914
"../../../Engine/Shaders/Private/MegaLights/MegaLightsVisibleLightHash.usf" 2915
"../../../Engine/Shaders/Private/MegaLights/MegaLightsVolumeShading.usf" 2916
"../../../Engine/Shaders/Private/MegaLights/MegaLightsSampling.usf" 2917
"../../../Engine/Shaders/Private/MegaLights/MegaLightsSampling.ush" 2918
"../../../Engine/Shaders/Private/MegaLights/MegaLightsVolumeSampling.usf" 2919
"../../../Engine/Shaders/Private/MaterialCache/MaterialCacheABufferPages.usf" 2920
"../../../Engine/Shaders/Private/MaterialCache/MaterialCacheShade.usf" 2921
"../../../Engine/Shaders/Private/MaterialCache/MaterialCacheUnwrapNaniteShade.usf" 2922
"../../../Engine/Shaders/Private/MaterialCache/MaterialCacheUnwrapPixelShader.usf" 2923
"../../../Engine/Shaders/Private/MaterialCache/MaterialCacheUnwrapVertexShader.usf" 2924
"../../../Engine/Shaders/Private/Lumen/LumenVisualizeRadianceCache.usf" 2925
"../../../Engine/Shaders/Private/Lumen/LumenRadianceCacheCommon.ush" 2926
"../../../Engine/Shaders/Private/Lumen/LumenVisualizeHardwareRayTracing.usf" 2927
"../../../Engine/Shaders/Private/Lumen/LumenVisualize.ush" 2928
"../../../Engine/Shaders/Private/Lumen/LumenHairTracing.ush" 2929
"../../../Engine/Shaders/Private/Lumen/LumenVisualize.usf" 2930
"../../../Engine/Shaders/Private/Lumen/LumenSoftwareRayTracing.ush" 2931
"../../../Engine/Shaders/Private/DistanceField/GlobalDistanceFieldObjectGrid.ush" 2932
"../../../Engine/Shaders/Private/DistanceFieldLightingShared.ush" 2933
"../../../Engine/Shaders/Private/Lumen/LumenVisualizeTraces.ush" 2934
"../../../Engine/Shaders/Private/Lumen/LumenTranslucencyVolumeLighting.usf" 2935
"../../../Engine/Shaders/Private/Lumen/LumenRadianceCacheMarkCommon.ush" 2936
"../../../Engine/Shaders/Private/Lumen/LumenTranslucencyVolumeLightingShared.ush" 2937
"../../../Engine/Shaders/Private/Lumen/LumenScreenProbeCommon.ush" 2938
"../../../Engine/Shaders/Private/RayTracing/RayGenUtils.ush" 2939
"../../../Engine/Shaders/Private/Lumen/LumenRadianceCacheTracingCommon.ush" 2940
"../../../Engine/Shaders/Private/Lumen/LumenTranslucencyVolumeHardwareRayTracing.usf" 2941
"../../../Engine/Shaders/Private/Lumen/LumenTranslucencyRadianceCacheMarkShaders.usf" 2942
"../../../Engine/Shaders/Private/Lumen/SurfaceCache/LumenSurfaceCache.usf" 2943
"../../../Engine/Shaders/Private/Lumen/LumenShortRangeAOHardwareRayTracing.usf" 2944
"../../../Engine/Shaders/Private/Lumen/LumenScreenSpaceBentNormal.ush" 2945
"../../../Engine/Shaders/Private/Lumen/LumenScreenSpaceBentNormal.usf" 2946
"../../../Engine/Shaders/Private/Lumen/LumenScreenProbeTracing.usf" 2947
"../../../Engine/Shaders/Private/Lumen/LumenScreenProbeTracingCommon.ush" 2948
"../../../Engine/Shaders/Private/Lumen/LumenFloatQuantization.ush" 2949
"../../../Engine/Shaders/Private/Lumen/LumenScreenProbeImportanceSampling.usf" 2950
"../../../Engine/Shaders/Private/Lumen/LumenScreenProbeImportanceSamplingShared.ush" 2951
"../../../Engine/Shaders/Private/Lumen/LumenScreenProbeHardwareRayTracing.usf" 2952
"../../../Engine/Shaders/Private/Lumen/LumenScreenProbeDebug.usf" 2953
"../../../Engine/Shaders/Private/Lumen/LumenScreenProbeGather.usf" 2954
"../../../Engine/Shaders/Private/Lumen/LumenScreenProbeGatherTemporal.usf" 2955
"../../../Engine/Shaders/Private/Lumen/LumenScreenProbeFiltering.usf" 2956
"../../../Engine/Shaders/Private/Lumen/LumenSceneLighting.usf" 2957
"../../../Engine/Shaders/Private/Lumen/LumenCardTile.ush" 2958
"../../../Engine/Shaders/Private/Lumen/LumenSceneLighting.ush" 2959
"../../../Engine/Shaders/Private/Lumen/Radiosity/LumenRadiosity.ush" 2960
"../../../Engine/Shaders/Private/Lumen/LumenSceneLightingDebug.usf" 2961
"../../../Engine/Shaders/Private/Lumen/LumenScene.usf" 2962
"../../../Engine/Shaders/Private/Lumen/LumenSceneDirectLightingHardwareRayTracing.usf" 2963
"../../../Engine/Shaders/Private/Lumen/LumenSceneDirectLightingStochastic.ush" 2964
"../../../Engine/Shaders/Private/Lumen/LumenReflectionCommon.ush" 2965
"../../../Engine/Shaders/Private/Lumen/LumenSceneDirectLighting.ush" 2966
"../../../Engine/Shaders/Private/Lumen/LumenSceneDebugHardwareRayTracing.usf" 2967
"../../../Engine/Shaders/Private/Lumen/LumenSceneDirectLightingStochastic.usf" 2968
"../../../Engine/Shaders/Private/Lumen/LumenSceneDirectLightingSoftwareRayTracing.usf" 2969
"../../../Engine/Shaders/Private/DistanceFieldShadowingShared.ush" 2970
"../../../Engine/Shaders/Private/Lumen/LumenSceneDirectLightingPerLightShadowCommon.ush" 2971
"../../../Engine/Shaders/Private/Lumen/LumenSceneDirectLightingShadowMask.usf" 2972
"../../../Engine/Shaders/Private/Lumen/LumenSceneDirectLighting.usf" 2973
"../../../Engine/Shaders/Private/Lumen/LumenSceneDirectLightingCulling.usf" 2974
"../../../Engine/Shaders/Private/Lumen/LumenCardComputeShader.usf" 2975
"../../../Engine/Shaders/Private/Lumen/LumenCardBasePass.ush" 2976
"../../../Engine/Shaders/Private/Lumen/LumenCardPixelShader.usf" 2977
"../../../Engine/Shaders/Private/Lumen/LumenCardVertexShader.usf" 2978
"../../../Engine/Shaders/Private/Lumen/LumenReSTIRGather.usf" 2979
"../../../Engine/Shaders/Private/Lumen/LumenReflectionTracing.usf" 2980
"../../../Engine/Shaders/Private/Lumen/LumenReflectionDenoiserSpatial.usf" 2981
"../../../Engine/Shaders/Private/Lumen/LumenReflectionDenoiserClear.usf" 2982
"../../../Engine/Shaders/Private/Lumen/LumenReflectionDenoiserTemporal.usf" 2983
"../../../Engine/Shaders/Private/Lumen/LumenReflectionResolve.usf" 2984
"../../../Engine/Shaders/Private/Lumen/LumenReflections.usf" 2985
"../../../Engine/Shaders/Private/Lumen/RayTracedTranslucency.usf" 2986
"../../../Engine/Shaders/Private/Lumen/LumenReflectionHardwareRayTracing.usf" 2987
"../../../Engine/Shaders/Private/Lumen/Radiosity/LumenVisualizeRadiosityProbes.usf" 2988
"../../../Engine/Shaders/Private/Lumen/Radiosity/LumenRadiosity.usf" 2989
"../../../Engine/Shaders/Private/Lumen/Radiosity/LumenRadiosityHardwareRayTracing.usf" 2990
"../../../Engine/Shaders/Private/Lumen/Radiosity/LumenRadiosityCulling.usf" 2991
"../../../Engine/Shaders/Private/Lumen/LumenRadianceCacheHardwareRayTracing.usf" 2992
"../../../Engine/Shaders/Private/Lumen/LumenRadianceCache.usf" 2993
"../../../Engine/Shaders/Private/Lumen/LumenRadianceCacheUpdate.ush" 2994
"../../../Engine/Shaders/Private/Lumen/LumenRadianceCacheDebug.usf" 2995
"../../../Engine/Shaders/Private/Lumen/LumenRadianceCacheUpdate.usf" 2996
"../../../Engine/Shaders/Private/Lumen/LumenMeshSDFCulling.usf" 2997
"../../../Engine/Shaders/Private/HybridIndirectLighting.ush" 2998
"../../../Engine/Shaders/Private/MeshDistanceFieldCommon.ush" 2999
"../../../Engine/Shaders/Private/Lumen/LumenIrradianceFieldGather.usf" 3000
"../../../Engine/Shaders/Private/Lumen/LumenHardwareRayTracingMaterials.usf" 3001
"../../../Engine/Shaders/Private/Lumen/LumenFrontLayerTranslucency.usf" 3002
"../../../Engine/Shaders/Private/LocalFogVolumes/LocalFogVolumeSplat.usf" 3003
"../../../Engine/Shaders/Private/LocalFogVolumes/LocalFogVolumeTiledCulling.usf" 3004
"../../../Engine/Shaders/Private/LightShaftShader.usf" 3005
"../../../Engine/Shaders/Private/StationaryLightOverlapShaders.usf" 3006
"../../../Engine/Shaders/Private/DeferredLightPixelShaders.usf" 3007
"../../../Engine/Shaders/Private/DeferredLightVertexShaders.usf" 3008
"../../../Engine/Shaders/Private/LightMapDensityShader.usf" 3009
"../../../Engine/Shaders/Private/LightGridInjection.usf" 3010
"../../../Engine/Shaders/Shared/LightGridDefinitions.h" 3011
"../../../Engine/Shaders/Private/LightFunctionPixelShader.usf" 3012
"../../../Engine/Shaders/Private/LightFunctionVertexShader.usf" 3013
"../../../Engine/Shaders/Private/LightFunctionAtlas/LightFunctionAtlasRender.usf" 3014
"../../../Engine/Shaders/Private/InstanceCulling/InstanceCullingOcclusionQuery.usf" 3015
"../../../Engine/Shaders/Private/InstanceCulling/InstanceCullingSetup.ush" 3016
"../../../Engine/Shaders/Private/InstanceCulling/BuildInstanceDrawCommands.usf" 3017
"../../../Engine/Shaders/Private/InstanceCulling/InstanceCompactionCommon.ush" 3018
"../../../Engine/Shaders/Private/SceneDataMobileWriter.ush" 3019
"../../../Engine/Shaders/Private/InstanceCulling/CompactVisibleInstances.usf" 3020
"../../../Engine/Shaders/Private/ReflectionEnvironmentPixelShader.usf" 3021
"../../../Engine/Shaders/Private/AmbientCubemapComposite.usf" 3022
"../../../Engine/Shaders/Private/DiffuseIndirectComposite.usf" 3023
"../../../Engine/Shaders/Private/IESAtlas.usf" 3024
"../../../Engine/Shaders/Private/HeterogeneousVolumes/HeterogeneousVolumesVoxelGridShadows.usf" 3025
"../../../Engine/Shaders/Private/HeterogeneousVolumes/HeterogeneousVolumesStochasticFiltering.ush" 3026
"../../../Engine/Shaders/Private/HeterogeneousVolumes/HeterogeneousVolumesVoxelGridRenderingUtils.ush" 3027
"../../../Engine/Shaders/Private/HeterogeneousVolumes/HeterogeneousVolumesLightingUtils.ush" 3028
"../../../Engine/Shaders/Private/HeterogeneousVolumes/HeterogeneousVolumesVoxelGridRendering.usf" 3029
"../../../Engine/Shaders/Private/HeterogeneousVolumes/HeterogeneousVolumesVoxelGridPipeline.usf" 3030
"../../../Engine/Shaders/Private/HeterogeneousVolumes/HeterogeneousVolumesMaterialBakingPipeline.usf" 3031
"../../../Engine/Shaders/Private/HeterogeneousVolumes/HeterogeneousVolumesLiveShadingUtils.ush" 3032
"../../../Engine/Shaders/Private/HeterogeneousVolumes/HeterogeneousVolumesFrustumVoxelGrid.usf" 3033
"../../../Engine/Shaders/Private/HeterogeneousVolumes/HeterogeneousVolumesSparseVoxelPipeline.usf" 3034
"../../../Engine/Shaders/Private/HeterogeneousVolumes/HeterogeneousVolumesSparseVoxelUtils.ush" 3035
"../../../Engine/Shaders/Private/HeterogeneousVolumes/HeterogeneousVolumesSparseVoxelUniformBufferUtils.ush" 3036
"../../../Engine/Shaders/Private/HeterogeneousVolumes/HeterogeneousVolumesPreshadingPipeline.usf" 3037
"../../../Engine/Shaders/Private/HeterogeneousVolumes/HeterogeneousVolumesLiveShadingShadows.usf" 3038
"../../../Engine/Shaders/Private/HeterogeneousVolumes/HeterogeneousVolumesLiveShadingGlobalPipeline.usf" 3039
"../../../Engine/Shaders/Private/HeterogeneousVolumes/HeterogeneousVolumesLiveShadingPipeline.usf" 3040
"../../../Engine/Shaders/Private/HeterogeneousVolumes/HeterogeneousVolumesHardwareRayTracing.usf" 3041
"../../../Engine/Shaders/Private/HeterogeneousVolumes/HeterogeneousVolumesAmbientOcclusionPipeline.usf" 3042
"../../../Engine/Shaders/Private/HeterogeneousVolumes/HeterogeneousVolumesComposite.usf" 3043
"../../../Engine/Shaders/Private/HdrCustomResolveShaders.usf" 3044
"../../../Engine/Shaders/Private/HairStrands/RenderCurveRaster.usf" 3045
"../../../Engine/Shaders/Private/HairStrands/HairStrandsVoxelRasterCompute.usf" 3046
"../../../Engine/Shaders/Private/HairStrands/HairStrandsHitProxy.usf" 3047
"../../../Engine/Shaders/Private/HairStrands/HairStrandsVisibilityRasterComputeNaive.usf" 3048
"../../../Engine/Shaders/Private/HairStrands/HairStrandsVisibilityRasterHW.usf" 3049
"../../../Engine/Shaders/Private/HairStrands/HairStrandsVisibilityRasterCompute.usf" 3050
"../../../Engine/Shaders/Private/HairStrands/HairStrandsVisibilityRasterClassification.usf" 3051
"../../../Engine/Shaders/Private/HairStrands/HairStrandsCoverage.usf" 3052
"../../../Engine/Shaders/Private/HairStrands/HairStrandsVisibilityDepthPS.usf" 3053
"../../../Engine/Shaders/Private/HairStrands/HairStrandsVisibilityTransmittanceDepthPS.usf" 3054
"../../../Engine/Shaders/Private/HairStrands/HairStrandsVisibilityFillOpaqueDepthPS.usf" 3055
"../../../Engine/Shaders/Private/HairStrands/HairStrandsVisibilityCompactionComputeRaster.usf" 3056
"../../../Engine/Shaders/Private/HairStrands/HairStrandsVisibilityCompaction.usf" 3057
"../../../Engine/Shaders/Private/HairStrands/HairStrandsVisibilityCopyIndirectArg.usf" 3058
"../../../Engine/Shaders/Private/HairStrands/HairStrandsVisibilityClearPS.usf" 3059
"../../../Engine/Shaders/Private/HairStrands/HairStrandsVisibilityPS.usf" 3060
"../../../Engine/Shaders/Private/HairStrands/HairStrandsVisibilityVS.usf" 3061
"../../../Engine/Shaders/Private/HairStrands/HairStrandsVelocity.usf" 3062
"../../../Engine/Shaders/Private/HairStrands/HairStrandsVisibilityComputeSampleCoverage.usf" 3063
"../../../Engine/Shaders/Private/HairStrands/HairStrandsMaterialPS.usf" 3064
"../../../Engine/Shaders/Private/HairStrands/HairStrandsMaterialCommon.ush" 3065
"../../../Engine/Shaders/Private/HairStrands/HairStrandsMaterialVS.usf" 3066
"../../../Engine/Shaders/Private/HairStrands/HairStrandsLightSample.usf" 3067
"../../../Engine/Shaders/Private/HairStrands/HairStrandsDeepShadowMask.usf" 3068
"../../../Engine/Shaders/Private/HairStrands/HairStrandsDeepTransmittanceMask.usf" 3069
"../../../Engine/Shaders/Private/HairStrands/HairStrandsVisibilityTile.usf" 3070
"../../../Engine/Shaders/Private/HairStrands/HairStrandsDeepShadowPS.usf" 3071
"../../../Engine/Shaders/Private/HairStrands/HairStrandsDeepShadowVS.usf" 3072
"../../../Engine/Shaders/Private/HairStrands/HairStrandsAABB.usf" 3073
"../../../Engine/Shaders/Private/HairStrands/HairStrandsLUT.usf" 3074
"../../../Engine/Shaders/Private/HairStrands/HairStrandsForwardRaster.usf" 3075
"../../../Engine/Shaders/Private/HairStrands/HairStrandsForwardCulling.usf" 3076
"../../../Engine/Shaders/Private/HairStrands/HairStrandsEnvironmentLighting.usf" 3077
"../../../Engine/Shaders/Private/HairStrands/HairStrandsEnvironmentAO.usf" 3078
"../../../Engine/Shaders/Private/HairStrands/HairStrandsDeepShadowAllocation.usf" 3079
"../../../Engine/Shaders/Private/HairStrands/HairStrandsVoxelDebug.usf" 3080
"../../../Engine/Shaders/Private/HairStrands/HairStrandsComposition.usf" 3081
"../../../Engine/Shaders/Private/HairStrands/HairStrandsGBufferCommon.ush" 3082
"../../../Engine/Shaders/Private/GPUScene/GPUSceneDataManagement.usf" 3083
"../../../Engine/Shaders/Private/GPUSceneDebugRender.usf" 3084
"../../../Engine/Shaders/Private/GPUFeedbackCompaction.usf" 3085
"../../../Engine/Shaders/Private/GPUFastFourierTransform.usf" 3086
"../../../Engine/Shaders/Private/GPUFastFourierTransform2DCore.ush" 3087
"../../../Engine/Shaders/Private/GPUFastFourierTransformCore.ush" 3088
"../../../Engine/Shaders/Private/GPUBenchmark.usf" 3089
"../../../Engine/Shaders/Private/DistanceField/GlobalDistanceFieldDebug.usf" 3090
"../../../Engine/Shaders/Private/DistanceField/GlobalDistanceFieldUpdate.ush" 3091
"../../../Engine/Shaders/Private/DistanceField/GlobalDistanceFieldMip.usf" 3092
"../../../Engine/Shaders/Private/DistanceField/GlobalDistanceField.usf" 3093
"../../../Engine/Shaders/Private/DistanceField/GlobalDistanceFieldCompositeObjects.usf" 3094
"../../../Engine/Shaders/Private/DistanceField/GlobalDistanceFieldHeightfields.usf" 3095
"../../../Engine/Shaders/Private/HeightfieldLightingShared.ush" 3096
"../../../Engine/Shaders/Private/GenerateConservativeDepth.usf" 3097
"../../../Engine/Shaders/Private/HeightFogPixelShader.usf" 3098
"../../../Engine/Shaders/Private/HeightFogVertexShader.usf" 3099
"../../../Engine/Shaders/Private/DistortFiltering.usf" 3100
"../../../Engine/Shaders/Private/DistortAccumulatePS.usf" 3101
"../../../Engine/Shaders/Private/DistortAccumulateVS.usf" 3102
"../../../Engine/Shaders/Private/DistanceFieldVisualization.usf" 3103
"../../../Engine/Shaders/Private/DistanceFieldStreaming.usf" 3104
"../../../Engine/Shaders/Private/DistanceFieldShadowing.usf" 3105
"../../../Engine/Shaders/Private/DistanceFieldScreenGridLighting.usf" 3106
"../../../Engine/Shaders/Private/DistanceFieldObjectCulling.usf" 3107
"../../../Engine/Shaders/Private/DistanceFieldLightingPost.usf" 3108
"../../../Engine/Shaders/Private/DitheredTransitionStencil.usf" 3109
"../../../Engine/Shaders/Private/CopyDepthTexture.usf" 3110
"../../../Engine/Shaders/Private/CopyDepthTextureCS.usf" 3111
"../../../Engine/Shaders/Private/DeferredDecal.usf" 3112
"../../../Engine/Shaders/Private/DecalCommon.ush" 3113
"../../../Engine/Shaders/Private/DebugViewModeVertexShader.usf" 3114
"../../../Engine/Shaders/Private/DebugViewModeCommon.ush" 3115
"../../../Engine/Shaders/Private/DebugViewModePixelShader.usf" 3116
"../../../Engine/Shaders/Private/DebugProbes.usf" 3117
"../../../Engine/Shaders/Private/MeshDecals.usf" 3118
"../../../Engine/Shaders/Private/PostProcessAmbientOcclusion.usf" 3119
"../../../Engine/Shaders/Private/ClusteredDeferredShadingPixelShader.usf" 3120
"../../../Engine/Shaders/Private/ClusteredDeferredShadingVertexShader.usf" 3121
"../../../Engine/Shaders/Private/CapsuleShadowShaders.usf" 3122
"../../../Engine/Shaders/Private/BasePassPixelShader.usf" 3123
"../../../Engine/Shaders/Private/ForwardLightingCommon.ush" 3124
"../../../Engine/Shaders/Private/Substrate/SubstrateForwardLighting.ush" 3125
"../../../Engine/Shaders/Private/ComputeShaderOutputCommon.ush" 3126
"../../../Engine/Shaders/Private/BasePassVertexShader.usf" 3127
"../../../Engine/Shaders/Private/BasePassVertexCommon.ush" 3128
"../../../Engine/Shaders/Private/SimpleElementVolumeTexturePreviewPixelShader.usf" 3129
"../../../Engine/Shaders/Private/SimpleElementTexture2DPreviewPixelShader.usf" 3130
"../../../Engine/Shaders/Private/meshpaintdilatepixelshader.usf" 3131
"../../../Engine/Shaders/Private/meshpaintdilatevertexshader.usf" 3132
"../../../Engine/Shaders/Private/MeshPaintPixelShader.usf" 3133
"../../../Engine/Shaders/Private/MeshPaintVertexShader.usf" 3134
"../../../Engine/Shaders/Private/SlateElementPixelShader.usf" 3135
"../../../Engine/Shaders/Private/SlateShaderCommon.ush" 3136
"../../../Engine/Shaders/Private/SlateMaskingShader.usf" 3137
"../../../Engine/Shaders/Private/SlateVertexShader.usf" 3138
"../../../Engine/Shaders/Private/CompositeUIPixelShader.usf" 3139
"../../../Engine/Shaders/Private/ColorDeficiency.ush" 3140
"../../../Engine/Shaders/Private/SlatePostProcessColorDeficiencyPixelShader.usf" 3141
"../../../Engine/Shaders/Private/SlatePostProcessPixelShader.usf" 3142
"../../../Engine/Shaders/Private/Tools/VisualizeTexture.usf" 3143
"../../../Engine/Shaders/Private/UpdateDescriptorHandle.usf" 3144
"../../../Engine/Shaders/Private/ByteBuffer.usf" 3145
"../../../Engine/Shaders/Private/ShaderBundleWorkGraphDispatch.usf" 3146
"../../../Engine/Shaders/Private/ShaderBundleDispatch.usf" 3147
"../../../Engine/Shaders/Private/ResolveVertexShader.usf" 3148
"../../../Engine/Shaders/Private/ResolvePixelShader.usf" 3149
"../../../Engine/Shaders/Private/Tools/SetupIndirectArgs.usf" 3150
"../../../Engine/Shaders/Private/ClearReplacementShaders.usf" 3151
"../../../Engine/Shaders/Private/Tools/DrawTexture.usf" 3152
"../../../Engine/Shaders/Private/RayTracing/RayTracingValidation.usf" 3153
"../../../Engine/Shaders/Private/RenderGraphUtilities.usf" 3154
"../../../Engine/Shaders/Private/OneColorShader.usf" 3155
"../../../Engine/Shaders/Private/OculusShaders.usf" 3156
"../../../Engine/Shaders/Private/MediaShaders.usf" 3157
"../../../Engine/Shaders/Private/GPUMessaging.usf" 3158
"../../../Engine/Shaders/Private/Tools/GPUDebugCrashUtils.usf" 3159
"../../../Engine/Shaders/Private/NullPixelShader.usf" 3160
"../../../Engine/Shaders/Private/ComputeGenerateMips.usf" 3161
"../../../Engine/Shaders/Private/Tools/DumpTexture.usf" 3162
"../../../Engine/Shaders/Private/CopyTextureShaders.usf" 3163
"../../../Engine/Shaders/Private/Tools/FullscreenVertexShader.usf" 3164
"../../../Engine/Shaders/Private/RayTracing/RayTracingDispatchDesc.usf" 3165
"../../../Engine/Shaders/Private/Bink.usf" 3166
"../../../Engine/Shaders/Private/VelocityShader.usf" 3167
"../../../Engine/Shaders/Private/DepthOnlyPixelShader.usf" 3168
"../../../Engine/Shaders/Private/PositionOnlyDepthVertexShader.usf" 3169
"../../../Engine/Shaders/Private/DepthOnlyVertexShader.usf" 3170
"../../../Engine/Shaders/Private/AnisotropyPassShader.usf" 3171
"C:/Users/Chris/Desktop/Sem 2 Github/Games-Prototyping/Games Prototyping2/Content/ExpressFarmin_Project/GS_MazeProject/Map_MainMenu.umap" 3172
"C:/Users/Chris/Desktop/Sem 2 Github/Games-Prototyping/Games Prototyping2/Content/ExpressFarmin_Project/GS_MazeProject/Resources/AnimalBlueprints/BP_PigCharacter.uasset" 3173
"C:/Users/Chris/Desktop/Sem 2 Github/Games-Prototyping/Games Prototyping2/Content/ExpressFarmin_Project/GS_MazeProject/Resources/AnimalBlueprints/BP_CowCharacter.uasset" 3174
"C:/Users/Chris/Desktop/Sem 2 Github/Games-Prototyping/Games Prototyping2/Content/ExpressFarmin_Project/GS_MazeProject/Resources/AnimalBlueprints/BP_ChickenCharacter.uasset" 3175
"C:/Users/Chris/Desktop/Sem 2 Github/Games-Prototyping/Games Prototyping2/Content/ExpressFarmin_Project/GS_MazeProject/Resources/AnimalBlueprints/BP_BullCharacter.uasset" 3176
"C:/Users/Chris/Desktop/Sem 2 Github/Games-Prototyping/Games Prototyping2/Content/ExpressFarmin_Project/GS_MazeProject/Resources/UI/WB_PlayerHUD.uasset" 3177
"C:/Users/Chris/Desktop/Sem 2 Github/Games-Prototyping/Games Prototyping2/Content/ExpressFarmin_Project/GS_MazeProject/Resources/GameInstance/BP_EF_GameInstance.uasset" 3178
"C:/Users/Chris/Desktop/Sem 2 Github/Games-Prototyping/Games Prototyping2/Content/ExpressFarmin_Project/GS_MazeProject/Resources/UI/Tutorial/WB_Tutorial.uasset" 3179
"C:/Users/Chris/Desktop/Sem 2 Github/Games-Prototyping/Games Prototyping2/Content/ExpressFarmin_Project/GS_MazeProject/Resources/UI/OtherMenus/WB_PauseMenu.uasset" 3180
"C:/Users/Chris/Desktop/Sem 2 Github/Games-Prototyping/Games Prototyping2/Content/ExpressFarmin_Project/GS_MazeProject/Resources/UI/OtherMenus/WB_MainMenu.uasset" 3181
"C:/Users/Chris/Desktop/Sem 2 Github/Games-Prototyping/Games Prototyping2/Content/ExpressFarmin_Project/GS_MazeProject/Resources/Blueprints/Interactables/BP_Well.uasset" 3182
"C:/Users/Chris/Desktop/Sem 2 Github/Games-Prototyping/Games Prototyping2/Content/ExpressFarmin_Project/GS_MazeProject/Resources/Blueprints/Interactables/BP_ChickenFeed.uasset" 3183
"C:/Users/Chris/Desktop/Sem 2 Github/Games-Prototyping/Games Prototyping2/Content/ExpressFarmin_Project/GS_MazeProject/Resources/Blueprints/Interactables/BP_Hay.uasset" 3184
"C:/Users/Chris/Desktop/Sem 2 Github/Games-Prototyping/Games Prototyping2/Content/ExpressFarmin_Project/GS_MazeProject/Resources/Blueprints/Interactables/BP_AnimalPoop.uasset" 3185
"C:/Users/Chris/Desktop/Sem 2 Github/Games-Prototyping/Games Prototyping2/Content/ExpressFarmin_Project/GS_MazeProject/Resources/Blueprints/Farming/BP_Wheat.uasset" 3186
"C:/Users/Chris/Desktop/Sem 2 Github/Games-Prototyping/Games Prototyping2/Content/ExpressFarmin_Project/GS_MazeProject/Resources/Blueprints/Farming/BP_CropLot2.uasset" 3187
"C:/Users/Chris/Desktop/Sem 2 Github/Games-Prototyping/Games Prototyping2/Content/ExpressFarmin_Project/GS_MazeProject/Resources/Blueprints/Farming/BP_CropLot.uasset" 3188
"C:/Users/Chris/Desktop/Sem 2 Github/Games-Prototyping/Games Prototyping2/Content/ExpressFarmin_Project/GS_MazeProject/Resources/Blueprints/CoreBPs/BP_ShippingPoint.uasset" 3189
"C:/Users/Chris/Desktop/Sem 2 Github/Games-Prototyping/Games Prototyping2/Content/ExpressFarmin_Project/GS_MazeProject/Resources/Blueprints/CoreBPs/BP_TrashBarrel.uasset" 3190
"C:/Users/Chris/Desktop/Sem 2 Github/Games-Prototyping/Games Prototyping2/Content/ExpressFarmin_Project/GS_MazeProject/Resources/Blueprints/CoreBPs/BP_DeliveryPoint.uasset" 3191
"C:/Users/Chris/Desktop/Sem 2 Github/Games-Prototyping/Games Prototyping2/Content/ExpressFarmin_Project/GS_MazeProject/Resources/Blueprints/CoreBPs/BP_CollectionBox.uasset" 3192
"C:/Users/Chris/Desktop/Sem 2 Github/Games-Prototyping/Games Prototyping2/Content/ExpressFarmin_Project/GS_MazeProject/Resources/Blueprints/CoreBPs/BP_AnimalSpawner2.uasset" 3193
"C:/Users/Chris/Desktop/Sem 2 Github/Games-Prototyping/Games Prototyping2/Content/ExpressFarmin_Project/GS_MazeProject/Resources/Blueprints/CoreBPs/BP_AnimalSpawner.uasset" 3194
"C:/Users/Chris/Desktop/Sem 2 Github/Games-Prototyping/Games Prototyping2/Content/ExpressFarmin_Project/GS_MazeProject/Resources/Blueprints/Character/BP_MazeCharacter.uasset" 3195
"C:/Users/Chris/Desktop/Sem 2 Github/Games-Prototyping/Games Prototyping2/Content/ExpressFarmin_Project/GS_MazeProject/Resources/AnimalBlueprints/ShedNames/BP_SPName.uasset" 3196
"C:/Users/Chris/Desktop/Sem 2 Github/Games-Prototyping/Games Prototyping2/Content/ExpressFarmin_Project/GS_MazeProject/Resources/AnimalBlueprints/ShedNames/BP_DPName.uasset" 3197
"C:/Users/Chris/Desktop/Sem 2 Github/Games-Prototyping/Games Prototyping2/Content/ExpressFarmin_Project/GS_MazeProject/Resources/UI/Tutorial/Tutorial_boxes/BP_Tut_UIBox9.uasset" 3198
"C:/Users/Chris/Desktop/Sem 2 Github/Games-Prototyping/Games Prototyping2/Content/ExpressFarmin_Project/GS_MazeProject/Resources/UI/Tutorial/Tutorial_boxes/BP_Tut_UIBox7.uasset" 3199
"C:/Users/Chris/Desktop/Sem 2 Github/Games-Prototyping/Games Prototyping2/Content/ExpressFarmin_Project/GS_MazeProject/Resources/UI/Tutorial/Tutorial_boxes/BP_Tut_UIBox6.uasset" 3200
"/Engine/EngineResources/WhiteSquareTexture" 3201
"../../../Engine/Content/EngineResources/WhiteSquareTexture.uasset" 3202
"/Engine/EngineResources/GradientTexture0" 3203
"../../../Engine/Content/EngineResources/GradientTexture0.uasset" 3204
"/Engine/EngineResources/Black" 3205
"../../../Engine/Content/EngineResources/Black.uasset" 3206
"/Engine/EditorResources/S_Actor" 3207
"../../../Engine/Content/EditorResources/S_Actor.uasset" 3208
"/Engine/EngineFonts/RobotoDistanceField" 3209
"../../../Engine/Content/EngineFonts/RobotoDistanceField.uasset" 3210
"/Engine/EngineMaterials/DefaultTextMaterialOpaque" 3211
"../../../Engine/Content/EngineMaterials/DefaultTextMaterialOpaque.uasset" 3212
"/Engine/Functions/Engine_MaterialFunctions01/Shading/PowerToRoughness" 3213
"../../../Engine/Content/Functions/Engine_MaterialFunctions01/Shading/PowerToRoughness.uasset" 3214
"/Engine/Functions/Engine_MaterialFunctions01/Shading/ConvertFromDiffSpec" 3215
"../../../Engine/Content/Functions/Engine_MaterialFunctions01/Shading/ConvertFromDiffSpec.uasset" 3216
"/Engine/EngineMaterials/WorldGridMaterial" 3217
"../../../Engine/Content/EngineMaterials/WorldGridMaterial.uasset" 3218
"../../../Engine/Content/Functions/Engine_MaterialFunctions01/Opacity/CameraDepthFade.uasset" 3219
"../../../Engine/Content/EngineMaterials/T_Default_Material_Grid_M.uasset" 3220
"../../../Engine/Content/EngineMaterials/T_Default_Material_Grid_N.uasset" 3221
"/Engine/EngineMaterials/DefaultDeferredDecalMaterial" 3222
"../../../Engine/Content/EngineMaterials/DefaultDeferredDecalMaterial.uasset" 3223
"../../../Engine/Content/EngineMaterials/DefaultDiffuse.uasset" 3224
"/Engine/EngineMaterials/DefaultLightFunctionMaterial" 3225
"../../../Engine/Content/EngineMaterials/DefaultLightFunctionMaterial.uasset" 3226
"/Engine/EngineMaterials/DefaultPostProcessMaterial" 3227
"../../../Engine/Content/EngineMaterials/DefaultPostProcessMaterial.uasset" 3228
"../../../Engine/Content/Functions/Engine_MaterialFunctions02/Utility/BreakOutFloat2Components.uasset" 3229
"/Engine/EditorResources/S_Trigger" 3230
"../../../Engine/Content/EditorResources/S_Trigger.uasset" 3231
"/Engine/EditorResources/S_BoxReflectionCapture" 3232
"../../../Engine/Content/EditorResources/S_BoxReflectionCapture.uasset" 3233
"/Engine/EngineResources/DefaultTexture" 3234
"../../../Engine/Content/EngineResources/DefaultTexture.uasset" 3235
"/Engine/EditorResources/S_TriggerBox" 3236
"../../../Engine/Content/EditorResources/S_TriggerBox.uasset" 3237
"/Engine/EditorResources/S_TriggerCapsule" 3238
"../../../Engine/Content/EditorResources/S_TriggerCapsule.uasset" 3239
"/Engine/EditorResources/S_TriggerSphere" 3240
"../../../Engine/Content/EditorResources/S_TriggerSphere.uasset" 3241
"/Engine/EngineDamageTypes/DmgTypeBP_Environmental" 3242
"../../../Engine/Content/EngineDamageTypes/DmgTypeBP_Environmental.uasset" 3243
"/Engine/EngineMeshes/Sphere" 3244
"../../../Engine/Content/EngineMeshes/Sphere.uasset" 3245
"/Engine/EngineResources/DefaultTextureCube" 3246
"../../../Engine/Content/EngineResources/DefaultTextureCube.uasset" 3247
"/Engine/EngineResources/DefaultVolumeTexture" 3248
"../../../Engine/Content/EngineResources/DefaultVolumeTexture.uasset" 3249
"../../../Engine/Content/EngineResources/DefaultVolumeTexture2D.uasset" 3250
"/Engine/VREditor/TransformGizmo/SM_Sequencer_Node" 3251
"../../../Engine/Content/VREditor/TransformGizmo/SM_Sequencer_Node.uasset" 3252
"../../../Engine/Content/VREditor/TransformGizmo/Main.uasset" 3253
"../../../Engine/Content/VREditor/TransformGizmo/Xray.uasset" 3254
"/Engine/EditorResources/S_Solver" 3255
"../../../Engine/Content/EditorResources/S_Solver.uasset" 3256
"/Engine/EngineDebugMaterials/VolumeToRender" 3257
"../../../Engine/Content/EngineDebugMaterials/VolumeToRender.uasset" 3258
"/Engine/EngineDebugMaterials/M_VolumeRenderSphereTracePP" 3259
"../../../Engine/Content/EngineDebugMaterials/M_VolumeRenderSphereTracePP.uasset" 3260
"../../../Engine/Content/Functions/Engine_MaterialFunctions02/Utility/CameraDirectionVector.uasset" 3261
"/Engine/EditorMeshes/Camera/SM_CraneRig_Base" 3262
"../../../Engine/Content/EditorMeshes/Camera/SM_CraneRig_Base.uasset" 3263
"../../../Engine/Content/EditorMaterials/Camera/MI_CineMat_Rig.uasset" 3264
"../../../Engine/Content/EditorMaterials/Camera/CineMat.uasset" 3265
"/Engine/EditorMeshes/Camera/SM_CraneRig_Arm" 3266
"../../../Engine/Content/EditorMeshes/Camera/SM_CraneRig_Arm.uasset" 3267
"/Engine/EditorMeshes/Camera/SM_CraneRig_Mount" 3268
"../../../Engine/Content/EditorMeshes/Camera/SM_CraneRig_Mount.uasset" 3269
"/Engine/EditorMeshes/Camera/SM_CraneRig_Body" 3270
"../../../Engine/Content/EditorMeshes/Camera/SM_CraneRig_Body.uasset" 3271
"/Engine/EditorMeshes/Camera/SM_RailRig_Track" 3272
"../../../Engine/Content/EditorMeshes/Camera/SM_RailRig_Track.uasset" 3273
"/Engine/EditorMeshes/Camera/SM_RailRig_Mount" 3274
"../../../Engine/Content/EditorMeshes/Camera/SM_RailRig_Mount.uasset" 3275
"/Engine/EditorLandscapeResources/SplineEditorMesh" 3276
"../../../Engine/Content/EditorLandscapeResources/SplineEditorMesh.uasset" 3277
"../../../Engine/Content/EditorLandscapeResources/SplineEditorMeshMat.uasset" 3278
"/HairStrands/Materials/HairDebugMaterial" 3279
"../../Plugins/Runtime/HairStrands/Content/Materials/HairDebugMaterial.uasset" 3280
"../../../Engine/Content/Functions/Engine_MaterialFunctions02/Utility/MakeFloat2.uasset" 3281
"../../../Engine/Content/Functions/Engine_MaterialFunctions02/Utility/MakeFloat3.uasset" 3282
"../../../Engine/Content/EngineMaterials/HairColorMap.uasset" 3283
"../../../Engine/Content/EngineMaterials/HairDebugColor.uasset" 3284
"../../Plugins/Runtime/HairStrands/Content/Materials/HairGroupColors.uasset" 3285
"/HairStrands/Materials/HairDefaultMaterial" 3286
"../../Plugins/Runtime/HairStrands/Content/Materials/HairDefaultMaterial.uasset" 3287
"/HairStrands/Materials/HairCardsDefaultMaterial" 3288
"../../Plugins/Runtime/HairStrands/Content/Materials/HairCardsDefaultMaterial.uasset" 3289
"/HairStrands/Materials/HairMeshesDefaultMaterial" 3290
"../../Plugins/Runtime/HairStrands/Content/Materials/HairMeshesDefaultMaterial.uasset" 3291
"/Engine/BasicShapes/Cube" 3292
"../../../Engine/Content/BasicShapes/Cube.uasset" 3293
"/CameraCalibrationCore/Materials/M_DefaultOddSquare" 3294
"../../Plugins/VirtualProduction/CameraCalibrationCore/Content/Materials/M_DefaultOddSquare.uasset" 3295
"/CameraCalibrationCore/Materials/M_DefaultEvenSquare" 3296
"../../Plugins/VirtualProduction/CameraCalibrationCore/Content/Materials/M_DefaultEvenSquare.uasset" 3297
"/Engine/EngineMaterials/Widget3DPassThrough_Translucent" 3298
"../../../Engine/Content/EngineMaterials/Widget3DPassThrough_Translucent.uasset" 3299
"../../../Engine/Content/EngineMaterials/Widget3DPassThrough.uasset" 3300
"/Engine/EngineMaterials/Widget3DPassThrough_Translucent_OneSided" 3301
"../../../Engine/Content/EngineMaterials/Widget3DPassThrough_Translucent_OneSided.uasset" 3302
"/Engine/EngineMaterials/Widget3DPassThrough_Opaque" 3303
"../../../Engine/Content/EngineMaterials/Widget3DPassThrough_Opaque.uasset" 3304
"/Engine/EngineMaterials/Widget3DPassThrough_Opaque_OneSided" 3305
"../../../Engine/Content/EngineMaterials/Widget3DPassThrough_Opaque_OneSided.uasset" 3306
"/Engine/EngineMaterials/Widget3DPassThrough_Masked" 3307
"../../../Engine/Content/EngineMaterials/Widget3DPassThrough_Masked.uasset" 3308
"/Engine/EngineMaterials/Widget3DPassThrough_Masked_OneSided" 3309
"../../../Engine/Content/EngineMaterials/Widget3DPassThrough_Masked_OneSided.uasset" 3310
"/Engine/VREditor/ViewportInteractionAssetContainerData" 3311
"../../../Engine/Content/VREditor/ViewportInteractionAssetContainerData.uasset" 3312
"../../../Engine/Content/VREditor/SnapGrid/SnapGridMaterial.uasset" 3313
"../../../Engine/Content/VREditor/TransformGizmo/TransformGizmoMaterial_Inst.uasset" 3314
"../../../Engine/Content/VREditor/TransformGizmo/TranslucentTransformGizmoMaterial_Inst.uasset" 3315
"../../../Engine/Content/VREditor/SnapGrid/SnapGridPlaneMesh.uasset" 3316
"../../../Engine/Content/VREditor/Sounds/UI/Drop_Item_From_ContentBrowser.uasset" 3317
"../../../Engine/Content/VREditor/Sounds/UI/Gizmo_Handle_Clicked.uasset" 3318
"../../../Engine/Content/VREditor/Sounds/UI/Object_PickUp.uasset" 3319
"../../../Engine/Content/VREditor/Sounds/UI/Object_Snaps_To_Another_Actor.uasset" 3320
"../../../Engine/Content/VREditor/Sounds/UI/Object_Snaps_To_Grid.uasset" 3321
"../../../Engine/Content/VREditor/Sounds/UI/Scaling_Down.uasset" 3322
"../../../Engine/Content/VREditor/Sounds/UI/Scaling_Up.uasset" 3323
"../../../Engine/Content/VREditor/Sounds/UI/Selection_Changes.uasset" 3324
"../../../Engine/Content/VREditor/TransformGizmo/PlaneTranslationHandle.uasset" 3325
"../../../Engine/Content/VREditor/TransformGizmo/RotationHandleFull.uasset" 3326
"../../../Engine/Content/VREditor/TransformGizmo/RotationHandleIndicator.uasset" 3327
"../../../Engine/Content/VREditor/TransformGizmo/RotationHandleQuarter.uasset" 3328
"../../../Engine/Content/VREditor/TransformGizmo/StartRotationHandleIndicator.uasset" 3329
"../../../Engine/Content/VREditor/TransformGizmo/TransformGizmoFreeRotation.uasset" 3330
"../../../Engine/Content/VREditor/TransformGizmo/TranslateArrowHandle.uasset" 3331
"../../../Engine/Content/VREditor/TransformGizmo/UniformScaleHandle.uasset" 3332
"../../../Engine/Content/Functions/Engine_MaterialFunctions02/Math/Transform3x3Matrix.uasset" 3333
"../../../Engine/Content/Functions/Engine_MaterialFunctions02/SplitComponents.uasset" 3334
"../../../Engine/Content/VREditor/TransformGizmo/TransformGizmoMaterial.uasset" 3335
"../../../Engine/Content/VREditor/TransformGizmo/TranslucentTransformGizmoMaterial.uasset" 3336
"../../../Engine/Content/Functions/Engine_MaterialFunctions02/Utility/BreakOutFloat3Components.uasset" 3337
"../../../Engine/Content/VREditor/LaserPointer/VR_LaserPower_01.uasset" 3338
"/Engine/VREditor/TransformGizmo/BoundingBoxCorner" 3339
"../../../Engine/Content/VREditor/TransformGizmo/BoundingBoxCorner.uasset" 3340
"/Engine/VREditor/TransformGizmo/BoundingBoxEdge" 3341
"../../../Engine/Content/VREditor/TransformGizmo/BoundingBoxEdge.uasset" 3342
"/Engine/ArtTools/RenderToTexture/Meshes/S_1_Unit_Plane" 3343
"../../../Engine/Content/ArtTools/RenderToTexture/Meshes/S_1_Unit_Plane.uasset" 3344
"/Engine/EngineDebugMaterials/M_SimpleUnlitTranslucent" 3345
"../../../Engine/Content/EngineDebugMaterials/M_SimpleUnlitTranslucent.uasset" 3346
"/Engine/EngineFonts/Roboto" 3347
"../../../Engine/Content/EngineFonts/Roboto.uasset" 3348
"../../../Engine/Content/EngineFonts/Faces/DroidSansFallback.uasset" 3349
"../../../Engine/Content/EngineFonts/Faces/RobotoBold.uasset" 3350
"../../../Engine/Content/EngineFonts/Faces/RobotoBoldItalic.uasset" 3351
"../../../Engine/Content/EngineFonts/Faces/RobotoItalic.uasset" 3352
"../../../Engine/Content/EngineFonts/Faces/RobotoLight.uasset" 3353
"../../../Engine/Content/EngineFonts/Faces/RobotoRegular.uasset" 3354
"/Engine/EditorMaterials/ParticleSystems/PSysThumbnail_NoImage" 3355
"../../../Engine/Content/EditorMaterials/ParticleSystems/PSysThumbnail_NoImage.uasset" 3356
"/Engine/EditorMaterials/ParticleSystems/PSysThumbnail_OOD" 3357
"../../../Engine/Content/EditorMaterials/ParticleSystems/PSysThumbnail_OOD.uasset" 3358
"/Engine/EngineResources/LandscapeVisibilityLayerInfo" 3359
"../../../Engine/Content/EngineResources/LandscapeVisibilityLayerInfo.uasset" 3360
"/ACLPlugin/ACLAnimBoneCompressionSettings" 3361
"../../Plugins/Animation/ACLPlugin/Content/ACLAnimBoneCompressionSettings.uasset" 3362
"/Engine/Animation/DefaultRecorderBoneCompression" 3363
"../../../Engine/Content/Animation/DefaultRecorderBoneCompression.uasset" 3364
"/ACLPlugin/ACLAnimCurveCompressionSettings" 3365
"../../Plugins/Animation/ACLPlugin/Content/ACLAnimCurveCompressionSettings.uasset" 3366
"/Engine/Animation/DefaultVariableFrameStrippingSettings" 3367
"../../../Engine/Content/Animation/DefaultVariableFrameStrippingSettings.uasset" 3368
"/AudioWidgets/Resources/ScrubHandleDown_Clamped" 3369
"../../Plugins/Runtime/AudioWidgets/Content/Resources/ScrubHandleDown_Clamped.uasset" 3370
"/Paper2D/MaskedUnlitSpriteMaterial" 3371
"../../Plugins/2D/Paper2D/Content/MaskedUnlitSpriteMaterial.uasset" 3372
"../../Plugins/2D/Paper2D/Content/DefaultSpriteMaterial.uasset" 3373
"../../Plugins/2D/Paper2D/Content/PlaceholderTextures/DummySpriteTexture.uasset" 3374
"/Paper2D/OpaqueUnlitSpriteMaterial" 3375
"../../Plugins/2D/Paper2D/Content/OpaqueUnlitSpriteMaterial.uasset" 3376
"/Paper2D/DefaultPaperTerrainMaterial" 3377
"../../Plugins/2D/Paper2D/Content/DefaultPaperTerrainMaterial.uasset" 3378
"../../Plugins/2D/Paper2D/Content/DummySprite.uasset" 3379
"/ControlRig/Controls/ControlRigXRayMaterial" 3380
"../../Plugins/Animation/ControlRig/Content/Controls/ControlRigXRayMaterial.uasset" 3381
"/ControlRig/Controls/DefaultGizmoLibraryNormalized" 3382
"../../Plugins/Animation/ControlRig/Content/Controls/DefaultGizmoLibraryNormalized.uasset" 3383
"/ControlRig/M_Manip" 3384
"../../Plugins/Animation/ControlRig/Content/M_Manip.uasset" 3385
"../../../Engine/Content/Functions/Engine_MaterialFunctions02/WorldPositionOffset/CameraOffset.uasset" 3386
"C:/Program Files/Epic Games/UE_5.6/Engine/Binaries/ThirdParty/USD/UsdResources/Win64/plugins/plugInfo.json" 3387
"C:/Program Files/Epic Games/UE_5.6/Engine/Binaries/ThirdParty/USD/UsdResources/Win64/plugins/glf/resources/plugInfo.json" 3388
"C:/Program Files/Epic Games/UE_5.6/Engine/Binaries/ThirdParty/USD/UsdResources/Win64/plugins/hgiGL/resources/plugInfo.json" 3389
"C:/Program Files/Epic Games/UE_5.6/Engine/Binaries/ThirdParty/USD/UsdResources/Win64/plugins/hdStorm/resources/plugInfo.json" 3390
"C:/Program Files/Epic Games/UE_5.6/Engine/Binaries/ThirdParty/USD/UsdResources/Win64/plugins/ndr/resources/plugInfo.json" 3391
"C:/Program Files/Epic Games/UE_5.6/Engine/Binaries/ThirdParty/USD/UsdResources/Win64/plugins/usd/resources/plugInfo.json" 3392
"C:/Program Files/Epic Games/UE_5.6/Engine/Binaries/ThirdParty/USD/UsdResources/Win64/plugins/usdGeomValidators/resources/plugInfo.json" 3393
"C:/Program Files/Epic Games/UE_5.6/Engine/Binaries/ThirdParty/USD/UsdResources/Win64/plugins/usdMtlx/resources/plugInfo.json" 3394
"C:/Program Files/Epic Games/UE_5.6/Engine/Binaries/ThirdParty/USD/UsdResources/Win64/plugins/usdImagingGL/resources/plugInfo.json" 3395
"C:/Program Files/Epic Games/UE_5.6/Engine/Binaries/ThirdParty/USD/UsdResources/Win64/plugins/usdProcImaging/resources/plugInfo.json" 3396
"C:/Program Files/Epic Games/UE_5.6/Engine/Binaries/ThirdParty/USD/UsdResources/Win64/plugins/usdRiPxrImaging/resources/plugInfo.json" 3397
"C:/Program Files/Epic Games/UE_5.6/Engine/Binaries/ThirdParty/USD/UsdResources/Win64/plugins/usdShade/resources/plugInfo.json" 3398
"C:/Program Files/Epic Games/UE_5.6/Engine/Binaries/ThirdParty/USD/UsdResources/Win64/plugins/usdSkel/resources/plugInfo.json" 3399
"C:/Program Files/Epic Games/UE_5.6/Engine/Binaries/ThirdParty/USD/UsdResources/Win64/plugins/usdUI/resources/plugInfo.json" 3400
"C:/Program Files/Epic Games/UE_5.6/Engine/Binaries/ThirdParty/USD/UsdResources/Win64/plugins/hdGp/resources/plugInfo.json" 3401
"C:/Program Files/Epic Games/UE_5.6/Engine/Binaries/ThirdParty/USD/UsdResources/Win64/plugins/hio/resources/plugInfo.json" 3402
"C:/Program Files/Epic Games/UE_5.6/Engine/Binaries/ThirdParty/USD/UsdResources/Win64/plugins/sdf/resources/plugInfo.json" 3403
"C:/Program Files/Epic Games/UE_5.6/Engine/Binaries/ThirdParty/USD/UsdResources/Win64/plugins/unreal/resources/plugInfo.json" 3404
"C:/Program Files/Epic Games/UE_5.6/Engine/Binaries/ThirdParty/USD/UsdResources/Win64/plugins/usdGeom/resources/plugInfo.json" 3405
"C:/Program Files/Epic Games/UE_5.6/Engine/Binaries/ThirdParty/USD/UsdResources/Win64/plugins/usdImaging/resources/plugInfo.json" 3406
"C:/Program Files/Epic Games/UE_5.6/Engine/Binaries/ThirdParty/USD/UsdResources/Win64/plugins/usdMedia/resources/plugInfo.json" 3407
"C:/Program Files/Epic Games/UE_5.6/Engine/Binaries/ThirdParty/USD/UsdResources/Win64/plugins/usdProc/resources/plugInfo.json" 3408
"C:/Program Files/Epic Games/UE_5.6/Engine/Binaries/ThirdParty/USD/UsdResources/Win64/plugins/usdRender/resources/plugInfo.json" 3409
"C:/Program Files/Epic Games/UE_5.6/Engine/Binaries/ThirdParty/USD/UsdResources/Win64/plugins/usdSemantics/resources/plugInfo.json" 3410
"C:/Program Files/Epic Games/UE_5.6/Engine/Binaries/ThirdParty/USD/UsdResources/Win64/plugins/usdShadeValidators/resources/plugInfo.json" 3411
"C:/Program Files/Epic Games/UE_5.6/Engine/Binaries/ThirdParty/USD/UsdResources/Win64/plugins/usdSkelValidators/resources/plugInfo.json" 3412
"C:/Program Files/Epic Games/UE_5.6/Engine/Binaries/ThirdParty/USD/UsdResources/Win64/plugins/usdVol/resources/plugInfo.json" 3413
"C:/Program Files/Epic Games/UE_5.6/Engine/Binaries/ThirdParty/USD/UsdResources/Win64/plugins/usdRi/resources/plugInfo.json" 3414
"C:/Program Files/Epic Games/UE_5.6/Engine/Binaries/ThirdParty/USD/UsdResources/Win64/plugins/usdShaders/resources/plugInfo.json" 3415
"C:/Program Files/Epic Games/UE_5.6/Engine/Binaries/ThirdParty/USD/UsdResources/Win64/plugins/usdSkelImaging/resources/plugInfo.json" 3416
"C:/Program Files/Epic Games/UE_5.6/Engine/Binaries/ThirdParty/USD/UsdResources/Win64/plugins/usdUtilsValidators/resources/plugInfo.json" 3417
"C:/Program Files/Epic Games/UE_5.6/Engine/Binaries/ThirdParty/USD/UsdResources/Win64/plugins/usdVolImaging/resources/plugInfo.json" 3418
"C:/Program Files/Epic Games/UE_5.6/Engine/Binaries/ThirdParty/USD/UsdResources/Win64/plugins/ar/resources/plugInfo.json" 3419
"C:/Program Files/Epic Games/UE_5.6/Engine/Binaries/ThirdParty/USD/UsdResources/Win64/plugins/hd/resources/plugInfo.json" 3420
"C:/Program Files/Epic Games/UE_5.6/Engine/Binaries/ThirdParty/USD/UsdResources/Win64/plugins/hdSt/resources/plugInfo.json" 3421
"C:/Program Files/Epic Games/UE_5.6/Engine/Binaries/ThirdParty/USD/UsdResources/Win64/plugins/hdx/resources/plugInfo.json" 3422
"C:/Program Files/Epic Games/UE_5.6/Engine/Binaries/ThirdParty/USD/UsdResources/Win64/plugins/sdrGlslfx/resources/plugInfo.json" 3423
"C:/Program Files/Epic Games/UE_5.6/Engine/Binaries/ThirdParty/USD/UsdResources/Win64/plugins/usdAbc/resources/plugInfo.json" 3424
"C:/Program Files/Epic Games/UE_5.6/Engine/Binaries/ThirdParty/USD/UsdResources/Win64/plugins/hioAvif/resources/plugInfo.json" 3425
"C:/Program Files/Epic Games/UE_5.6/Engine/Binaries/ThirdParty/USD/UsdResources/Win64/plugins/usdHydra/resources/plugInfo.json" 3426
"C:/Program Files/Epic Games/UE_5.6/Engine/Binaries/ThirdParty/USD/UsdResources/Win64/plugins/usdLux/resources/plugInfo.json" 3427
"C:/Program Files/Epic Games/UE_5.6/Engine/Binaries/ThirdParty/USD/UsdResources/Win64/plugins/usdPhysics/resources/plugInfo.json" 3428
"C:/Program Files/Epic Games/UE_5.6/Engine/Binaries/ThirdParty/USD/UsdResources/Win64/plugins/ueCloth/resources/plugInfo.json" 3429
"C:/Program Files/Epic Games/UE_5.6/Engine/Binaries/ThirdParty/USD/UsdResources/Win64/plugins/usdValidation/resources/plugInfo.json" 3430
"C:/Program Files/Epic Games/UE_5.6/Engine/Binaries/ThirdParty/USD/UsdResources/Win64/plugins/usd/resources/codegenTemplates/plugInfo.json" 3431
"/SpeedTreeImporter/SpeedTree9/SpeedTreeMaster" 3432
"../../Plugins/Editor/SpeedTreeImporter/Content/SpeedTree9/SpeedTreeMaster.uasset" 3433
"../../../Engine/Content/Functions/Engine_MaterialFunctions02/ObjectLocalBounds.uasset" 3434
"../../../Engine/Content/Functions/Engine_MaterialFunctions02/SafeNormalize.uasset" 3435
"../../../Engine/Content/Functions/Engine_MaterialFunctions02/Utility/VectorLength.uasset" 3436
"../../../Engine/Content/Functions/Engine_MaterialFunctions02/UVs/BoundingBoxBased_0-1_UVW.uasset" 3437
"../../../Engine/Content/Functions/Engine_MaterialFunctions02/WorldPositionOffset/ObjectScale.uasset" 3438
"../../Plugins/Editor/SpeedTreeImporter/Content/SpeedTree9/SpeedTreeBranchMotion.uasset" 3439
"../../Plugins/Editor/SpeedTreeImporter/Content/SpeedTree9/SpeedTreeCameraFacing.uasset" 3440
"../../Plugins/Editor/SpeedTreeImporter/Content/SpeedTree9/SpeedTreeWind.uasset" 3441
"../../Plugins/Editor/SpeedTreeImporter/Content/SpeedTree9/SpeedTreeWindMotion.uasset" 3442
"../../Plugins/Editor/SpeedTreeImporter/Content/SpeedTree9/UnpackDirection.uasset" 3443
"../../Plugins/Editor/SpeedTreeImporter/Content/SpeedTree9/UnpackInteger3.uasset" 3444
"../../Plugins/Editor/SpeedTreeImporter/Content/SpeedTree9/Empty.uasset" 3445
"../../Plugins/Editor/SpeedTreeImporter/Content/SpeedTree9/EmptyNormal.uasset" 3446
"../../Plugins/Editor/SpeedTreeImporter/Content/SpeedTree9/game_wind_noise.uasset" 3447
"/SpeedTreeImporter/SpeedTree9/SpeedTreeBillboardMaster" 3448
"../../Plugins/Editor/SpeedTreeImporter/Content/SpeedTree9/SpeedTreeBillboardMaster.uasset" 3449
"../../Plugins/Editor/SpeedTreeImporter/Content/SpeedTree9/SpeedTreeBillboard.uasset" 3450
"/MediaPlate/SM_MediaPlateScreen" 3451
"../../Plugins/Media/MediaPlate/Content/SM_MediaPlateScreen.uasset" 3452
"/Engine/BasicShapes/BasicShapeMaterial" 3453
"../../../Engine/Content/BasicShapes/BasicShapeMaterial.uasset" 3454
"/Engine/EditorMaterials/Dataflow/DataflowVertexMaterial" 3455
"../../../Engine/Content/EditorMaterials/Dataflow/DataflowVertexMaterial.uasset" 3456
"/Engine/EditorMaterials/Dataflow/DataflowTwoSidedVertexMaterial" 3457
"../../../Engine/Content/EditorMaterials/Dataflow/DataflowTwoSidedVertexMaterial.uasset" 3458
"/Engine/EditorLandscapeResources/LayerVisMaterial" 3459
"../../../Engine/Content/EditorLandscapeResources/LayerVisMaterial.uasset" 3460
"../../../Engine/Content/EditorLandscapeResources/WhiteSquareTexture.uasset" 3461
"/Engine/EditorLandscapeResources/SelectBrushMaterial_Selected" 3462
"../../../Engine/Content/EditorLandscapeResources/SelectBrushMaterial_Selected.uasset" 3463
"../../../Engine/Content/EditorLandscapeResources/SelectBrushMaterial.uasset" 3464
"../../../Engine/Content/Functions/Engine_MaterialFunctions03/Math/WithinRangeFloat2.uasset" 3465
"../../../Engine/Content/EditorLandscapeResources/DefaultAlphaTexture.uasset" 3466
"/Engine/EditorLandscapeResources/SelectBrushMaterial_SelectedRegion" 3467
"../../../Engine/Content/EditorLandscapeResources/SelectBrushMaterial_SelectedRegion.uasset" 3468
"/Engine/EditorLandscapeResources/MaskBrushMaterial_MaskedRegion" 3469
"../../../Engine/Content/EditorLandscapeResources/MaskBrushMaterial_MaskedRegion.uasset" 3470
"../../../Engine/Content/EditorLandscapeResources/MaskBrushMaterial.uasset" 3471
"/Engine/EditorLandscapeResources/ColorMaskBrushMaterial_MaskedRegion" 3472
"../../../Engine/Content/EditorLandscapeResources/ColorMaskBrushMaterial_MaskedRegion.uasset" 3473
"../../../Engine/Content/EditorLandscapeResources/ColorMaskBrushMaterial.uasset" 3474
"/Engine/EditorLandscapeResources/LandscapeDirtyMaterial" 3475
"../../../Engine/Content/EditorLandscapeResources/LandscapeDirtyMaterial.uasset" 3476
"/Engine/EditorLandscapeResources/LandscapeLayerUsageMaterial" 3477
"../../../Engine/Content/EditorLandscapeResources/LandscapeLayerUsageMaterial.uasset" 3478
"../../../Engine/Content/Functions/Engine_MaterialFunctions01/Debug/DebugIntValues.uasset" 3479
"../../../Engine/Content/Functions/Engine_MaterialFunctions01/Texturing/ScaleUVsByCenter.uasset" 3480
"../../../Engine/Content/Functions/Engine_MaterialFunctions02/WorldPositionOffset/LocalPosition.uasset" 3481
"../../../Engine/Content/Functions/Engine_MaterialFunctions01/Texturing/TextureCropping.uasset" 3482
"../../../Engine/Content/Functions/Engine_MaterialFunctions02/ExampleContent/DebugNumberStrip.uasset" 3483
"C:/Users/Chris/AppData/Local/UnrealEngine/Editor/UInteractiveToolsPresetCollectionAsset_DefaultCollection.json" 3484
"/Engine/EngineMaterials/NaniteHiddenSectionMaterial" 3485
"../../../Engine/Content/EngineMaterials/NaniteHiddenSectionMaterial.uasset" 3486
"/Engine/EngineMaterials/RemoveSurfaceMaterial" 3487
"../../../Engine/Content/EngineMaterials/RemoveSurfaceMaterial.uasset" 3488
"/Engine/EngineDebugMaterials/DebugMeshMaterial" 3489
"../../../Engine/Content/EngineDebugMaterials/DebugMeshMaterial.uasset" 3490
"/Engine/EngineMaterials/EmissiveMeshMaterial" 3491
"../../../Engine/Content/EngineMaterials/EmissiveMeshMaterial.uasset" 3492
"../../../Engine/Content/EngineMaterials/DefaultWhiteGrid_Low.uasset" 3493
"/Engine/EngineMaterials/M_InvalidLightmapSettings" 3494
"../../../Engine/Content/EngineMaterials/M_InvalidLightmapSettings.uasset" 3495
"../../../Engine/Content/EngineMaterials/InvalidLightmapSettings.uasset" 3496
"/Engine/EngineMaterials/GizmoMaterial" 3497
"../../../Engine/Content/EngineMaterials/GizmoMaterial.uasset" 3498
"/Engine/EngineMaterials/PhAT_JointLimitMaterial" 3499
"../../../Engine/Content/EngineMaterials/PhAT_JointLimitMaterial.uasset" 3500
"/Engine/EngineMaterials/FlattenMaterial" 3501
"../../../Engine/Content/EngineMaterials/FlattenMaterial.uasset" 3502
"../../../Engine/Content/EngineMaterials/BaseFlattenDiffuseMap.uasset" 3503
"../../../Engine/Content/EngineMaterials/BaseFlattenEmissiveMap.uasset" 3504
"../../../Engine/Content/EngineMaterials/BaseFlattenGrayscaleMap.uasset" 3505
"../../../Engine/Content/EngineMaterials/BaseFlattenLinearColor.uasset" 3506
"../../../Engine/Content/EngineMaterials/BaseFlattenNormalMap.uasset" 3507
"../../../Engine/Content/Functions/Engine_MaterialFunctions02/PivotPainter2/Black_1x1_EXR_Texture.uasset" 3508
"/Engine/EngineMaterials/FlattenMaterial_VT" 3509
"../../../Engine/Content/EngineMaterials/FlattenMaterial_VT.uasset" 3510
"../../../Engine/Content/EngineMaterials/BaseFlattenDiffuseMap_VT.uasset" 3511
"../../../Engine/Content/EngineMaterials/BaseFlattenEmissiveMap_VT.uasset" 3512
"../../../Engine/Content/EngineMaterials/BaseFlattenGrayscaleMap_VT.uasset" 3513
"../../../Engine/Content/EngineMaterials/BaseFlattenLinearColor_VT.uasset" 3514
"../../../Engine/Content/EngineMaterials/BaseFlattenNormalMap_VT.uasset" 3515
"../../../Engine/Content/EngineMaterials/Black_1x1_EXR_Texture_VT.uasset" 3516
"/Engine/EngineMaterials/FlattenMaterial_WS_Normal_VT" 3517
"../../../Engine/Content/EngineMaterials/FlattenMaterial_WS_Normal_VT.uasset" 3518
"/Engine/EngineMaterials/Good64x64TilingNoiseHighFreq" 3519
"../../../Engine/Content/EngineMaterials/Good64x64TilingNoiseHighFreq.uasset" 3520
"/Engine/EngineMaterials/DefaultBokeh" 3521
"../../../Engine/Content/EngineMaterials/DefaultBokeh.uasset" 3522
"/Engine/EngineMaterials/MiniFont" 3523
"../../../Engine/Content/EngineMaterials/MiniFont.uasset" 3524
"/Engine/EngineMaterials/WeightMapPlaceholderTexture" 3525
"../../../Engine/Content/EngineMaterials/WeightMapPlaceholderTexture.uasset" 3526
"/Engine/EngineMaterials/WeightMapArrayPlaceholderTexture" 3527
"../../../Engine/Content/EngineMaterials/WeightMapArrayPlaceholderTexture.uasset" 3528
"/Engine/EngineMaterials/DefaultWhiteGrid" 3529
"../../../Engine/Content/EngineMaterials/DefaultWhiteGrid.uasset" 3530
"/Engine/EngineMaterials/PreintegratedSkinBRDF" 3531
"../../../Engine/Content/EngineMaterials/PreintegratedSkinBRDF.uasset" 3532
"/Engine/EngineMaterials/LTC/GGX_LTCAmp" 3533
"../../../Engine/Content/EngineMaterials/LTC/GGX_LTCAmp.uasset" 3534
"/Engine/EngineMaterials/LTC/GGX_LTCMat" 3535
"../../../Engine/Content/EngineMaterials/LTC/GGX_LTCMat.uasset" 3536
"/Engine/EngineMaterials/EnergyConservation/GGX_ReflectionEnergy" 3537
"../../../Engine/Content/EngineMaterials/EnergyConservation/GGX_ReflectionEnergy.uasset" 3538
"/Engine/EngineMaterials/EnergyConservation/GGX_TransmissionEnergyArray" 3539
"../../../Engine/Content/EngineMaterials/EnergyConservation/GGX_TransmissionEnergyArray.uasset" 3540
"/Engine/EngineMaterials/EnergyConservation/SheenLegacy_Energy" 3541
"../../../Engine/Content/EngineMaterials/EnergyConservation/SheenLegacy_Energy.uasset" 3542
"/Engine/EngineMaterials/DefaultPhysicalMaterial" 3543
"../../../Engine/Content/EngineMaterials/DefaultPhysicalMaterial.uasset" 3544
"/Engine/EngineMaterials/DefaultDestructiblePhysicalMaterial" 3545
"../../../Engine/Content/EngineMaterials/DefaultDestructiblePhysicalMaterial.uasset" 3546
"C:/Users/Chris/AppData/Local/UnrealEngine/Editor/ProjectEditorRecords.json" 3547
"/Niagara/ParameterDefinitions/SpriteRenderer" 3548
"../../Plugins/FX/Niagara/Content/ParameterDefinitions/SpriteRenderer.uasset" 3549
"/Niagara/ParameterDefinitions/RibbonRenderer" 3550
"../../Plugins/FX/Niagara/Content/ParameterDefinitions/RibbonRenderer.uasset" 3551
"/Niagara/ParameterDefinitions/MeshRenderer" 3552
"../../Plugins/FX/Niagara/Content/ParameterDefinitions/MeshRenderer.uasset" 3553
"/Niagara/ParameterDefinitions/LightRenderer" 3554
"../../Plugins/FX/Niagara/Content/ParameterDefinitions/LightRenderer.uasset" 3555
"/Niagara/ParameterDefinitions/DecalRenderer" 3556
"../../Plugins/FX/Niagara/Content/ParameterDefinitions/DecalRenderer.uasset" 3557
"/Niagara/ParameterDefinitions/CoreParameters" 3558
"../../Plugins/FX/Niagara/Content/ParameterDefinitions/CoreParameters.uasset" 3559
"/DeformerGraph/Deformers/DG_LinearBlendSkin_Morph_Cloth" 3560
"../../Plugins/Animation/DeformerGraph/Content/Deformers/DG_LinearBlendSkin_Morph_Cloth.uasset" 3561
"../../Plugins/Animation/DeformerGraph/Content/DeformerFunctions/DG_Function_LinearBlendSkin_Morph_Cloth.uasset" 3562
"/DeformerGraph/Deformers/DG_LinearBlendSkin_Morph_Cloth_RecomputeNormals" 3563
"../../Plugins/Animation/DeformerGraph/Content/Deformers/DG_LinearBlendSkin_Morph_Cloth_RecomputeNormals.uasset" 3564
"../../Plugins/Animation/DeformerGraph/Content/DeformerFunctions/DG_Function_ComputeNormalsTangents.uasset" 3565
"../../Plugins/Animation/DeformerGraph/Content/DeformerFunctions/DG_Function_LinearBlendSkin_Morph_Cloth_PositionOnly.uasset" 3566
"/Engine/BasicShapes/Sphere" 3567
"../../../Engine/Content/BasicShapes/Sphere.uasset" 3568
"../../../Engine/Content/EngineMaterials/DefaultMaterial.uasset" 3569
"/Engine/BasicShapes/Cylinder" 3570
"../../../Engine/Content/BasicShapes/Cylinder.uasset" 3571
"/Engine/BasicShapes/Cone" 3572
"../../../Engine/Content/BasicShapes/Cone.uasset" 3573
"/Engine/BasicShapes/Plane" 3574
"../../../Engine/Content/BasicShapes/Plane.uasset" 3575
"/Engine/EngineFonts/DroidSansMono" 3576
"../../../Engine/Content/EngineFonts/DroidSansMono.uasset" 3577
"../../../Engine/Content/EngineFonts/Faces/DroidSansMono.uasset" 3578
"../../../Engine/Documentation/Source/Shared/Types/ABrush/ABrush.INT.udn" 3579
"../../../Engine/Content/Internationalization/icudt64l/brkitr/en_US.res" 3580
"../../../Engine/Content/Internationalization/icudt64l/brkitr/en.res" 3581
"../../../Engine/Content/Internationalization/icudt64l/brkitr/root.res" 3582
"../../../Engine/Content/Internationalization/icudt64l/brkitr/char.brk" 3583
"../../../Engine/Content/Internationalization/icudt64l/brkitr/word.brk" 3584
"/Engine/EditorResources/SequenceRecorder/Countdown" 3585
"../../../Engine/Content/EditorResources/SequenceRecorder/Countdown.uasset" 3586
"/Engine/EditorResources/SequenceRecorder/RecordingIndicator" 3587
"../../../Engine/Content/EditorResources/SequenceRecorder/RecordingIndicator.uasset" 3588
"/Engine/EditorMaterials/PhAT_UnselectedMaterial" 3589
"../../../Engine/Content/EditorMaterials/PhAT_UnselectedMaterial.uasset" 3590
"/Engine/EditorMaterials/PhAT_NoCollisionMaterial" 3591
"../../../Engine/Content/EditorMaterials/PhAT_NoCollisionMaterial.uasset" 3592
"/Engine/EditorResources/S_Terrain" 3593
"../../../Engine/Content/EditorResources/S_Terrain.uasset" 3594
"../../../Engine/Plugins/FX/Niagara/Shaders/Private/NiagaraDataInterfaceTexture2DArrayTemplate.ush" 3595
"../../../Engine/Plugins/FX/Niagara/Shaders/Private/NiagaraDataInterfaceActorComponentTemplate.ush" 3596
"../../../Engine/Plugins/FX/Niagara/Shaders/Private/NiagaraDataInterfaceArrayTemplate.ush" 3597
"../../../Engine/Plugins/FX/Niagara/Shaders/Private/NiagaraDataInterfaceArrayRWTemplate.ush" 3598
"../../../Engine/Plugins/FX/Niagara/Shaders/Private/NiagaraDataInterfaceAsyncGpuTrace.ush" 3599
"../../../Engine/Plugins/FX/Niagara/Shaders/Private/NiagaraDataInterfaceAsyncGpuTraceTemplate.ush" 3600
"../../../Engine/Plugins/FX/Niagara/Shaders/Private/NiagaraDataInterfaceCamera.ush" 3601
"../../../Engine/Plugins/Experimental/ChaosNiagara/Shaders/NiagaraDataInterfaceChaosDestruction.ush" 3602
"../../../Engine/Plugins/FX/Niagara/Shaders/Private/NiagaraDataInterfaceCollisionQuery.ush" 3603
"C:/Users/Chris/Desktop/Sem 2 Github/Games-Prototyping/Games Prototyping2/Intermediate/ShaderAutogen/PCD3D_SM5/AutogenShaderHeaders.ush" 3604
"../../../Engine/Plugins/FX/Niagara/Shaders/Private/NiagaraDataInterfaceCollisionQueryTemplate.ush" 3605
"../../../Engine/Plugins/FX/Niagara/Shaders/Private/NiagaraDataInterfaceCurveTemplate.ush" 3606
"../../../Engine/Plugins/FX/Niagara/Shaders/Private/NiagaraDataInterfaceCubeTextureTemplate.ush" 3607
"../../../Engine/Plugins/FX/Niagara/Shaders/Private/DataChannel/NiagaraDataInterfaceDataChannelCommon.ush" 3608
"../../../Engine/Plugins/FX/Niagara/Shaders/Private/DataChannel/NiagaraDataInterfaceDataChannelTemplateCommon.ush" 3609
"../../../Engine/Plugins/FX/Niagara/Shaders/Private/DataChannel/NiagaraDataInterfaceDataChannelTemplateReadCommon.ush" 3610
"../../../Engine/Plugins/FX/Niagara/Shaders/Private/DataChannel/NiagaraDataInterfaceDataChannelTemplate_Read.ush" 3611
"../../../Engine/Plugins/FX/Niagara/Shaders/Private/DataChannel/NiagaraDataInterfaceDataChannelTemplate_Consume.ush" 3612
"../../../Engine/Plugins/FX/Niagara/Shaders/Private/DataChannel/NiagaraDataInterfaceDataChannelTemplateWriteCommon.ush" 3613
"../../../Engine/Plugins/FX/Niagara/Shaders/Private/DataChannel/NiagaraDataInterfaceDataChannelTemplate_Append.ush" 3614
"../../../Engine/Plugins/FX/Niagara/Shaders/Private/NiagaraDataInterfaceDataTableTemplate.ush" 3615
"../../../Engine/Plugins/FX/Niagara/Shaders/Private/NiagaraDataInterfaceDebugDraw.ush" 3616
"../../../Engine/Plugins/FX/Niagara/Shaders/Private/NiagaraDataInterfaceDebugDrawTemplate.ush" 3617
"../../../Engine/Plugins/FX/Niagara/Shaders/Private/NiagaraDataInterfaceDynamicMeshTemplate.ush" 3618
"../../../Engine/Plugins/FX/Niagara/Shaders/Private/NiagaraDataInterfaceEmitterPropertiesTemplate.ush" 3619
"../../../Engine/Plugins/FX/Niagara/Shaders/Private/NiagaraDataInterfaceExportTemplate.ush" 3620
"../../../Engine/Plugins/FX/Niagara/Shaders/Private/NiagaraDataInterfaceGBufferTemplate.ush" 3621
"../../../Engine/Plugins/Experimental/ChaosNiagara/Shaders/NiagaraDataInterfaceGeometryCollection.ush" 3622
"../../../Engine/Plugins/FX/Niagara/Shaders/Private/NiagaraTransformUtils.ush" 3623
"../../../Engine/Plugins/Runtime/HairStrands/Shaders/Private/NiagaraStrandsExternalForce.ush" 3624
"../../../Engine/Plugins/Runtime/HairStrands/Shaders/Private/NiagaraHookeSpringMaterial.ush" 3625
"../../../Engine/Plugins/Runtime/HairStrands/Shaders/Private/NiagaraAngularSpringMaterial.ush" 3626
"../../../Engine/Plugins/Runtime/HairStrands/Shaders/Private/NiagaraConstantVolumeMaterial.ush" 3627
"../../../Engine/Plugins/Runtime/HairStrands/Shaders/Private/NiagaraCosseratRodMaterial.ush" 3628
"../../../Engine/Plugins/Runtime/HairStrands/Shaders/Private/NiagaraStaticCollisionConstraint.ush" 3629
"../../../Engine/Plugins/Runtime/HairStrands/Shaders/Private/NiagaraDataInterfaceHairStrands.ush" 3630
"../../../Engine/Plugins/Runtime/HairStrands/Shaders/Private/NiagaraDataInterfaceHairStrandsTemplate.ush" 3631
"../../../Engine/Plugins/FX/Niagara/Shaders/Private/NiagaraDataInterfaceIntRenderTarget2D.ush" 3632
"../../../Engine/Plugins/FX/Niagara/Shaders/Private/NiagaraDataInterfaceLandscape.ush" 3633
"../../../Engine/Plugins/FX/Niagara/Shaders/Private/NiagaraDataInterfaceMemoryBufferTemplate.ush" 3634
"../../../Engine/Plugins/FX/Niagara/Shaders/Private/NiagaraDataInterfaceMeshRendererInfoTemplate.ush" 3635
"../../../Engine/Plugins/FX/Niagara/Shaders/Private/NiagaraDataInterfaceOcclusion.ush" 3636
"../../../Engine/Plugins/FX/Niagara/Shaders/Private/NiagaraDataInterfacePhysicsAsset.ush" 3637
"../../../Engine/Plugins/Experimental/ChaosNiagara/Shaders/NiagaraDataInterfacePhysicsField.ush" 3638
"../../../Engine/Plugins/FX/Niagara/Shaders/Private/NiagaraDataInterfacePlatformSetTemplate.ush" 3639
"../../../Engine/Plugins/Runtime/HairStrands/Shaders/Private/NiagaraDataInterfaceVelocityGrid.ush" 3640
"../../../Engine/Plugins/Runtime/HairStrands/Shaders/Private/NiagaraDataInterfaceVelocityGridTemplate.ush" 3641
"../../../Engine/Plugins/Runtime/HairStrands/Shaders/Private/NiagaraDataInterfacePressureGrid.ush" 3642
"../../../Engine/Plugins/Runtime/HairStrands/Shaders/Private/NiagaraDataInterfacePressureGridTemplate.ush" 3643
"../../../Engine/Plugins/FX/Niagara/Shaders/Private/NiagaraDataInterfaceRenderTarget2DTemplate.ush" 3644
"../../../Engine/Plugins/FX/Niagara/Shaders/Private/NiagaraDataInterfaceRenderTarget2DArrayTemplate.ush" 3645
"../../../Engine/Plugins/FX/Niagara/Shaders/Private/NiagaraDataInterfaceRenderTargetCubeTemplate.ush" 3646
"../../../Engine/Plugins/FX/Niagara/Shaders/Private/NiagaraDataInterfaceRenderTargetVolumeTemplate.ush" 3647
"../../../Engine/Plugins/FX/Niagara/Shaders/Private/NiagaraDataInterfaceRigidMeshCollisionQuery.ush" 3648
"../../../Engine/Plugins/FX/Niagara/Shaders/Private/NiagaraDistanceFieldQueries.ush" 3649
"../../../Engine/Plugins/FX/Niagara/Shaders/Private/NiagaraDataInterfaceSceneCapture2DTemplate.ush" 3650
"../../../Engine/Plugins/FX/Niagara/Shaders/Private/NiagaraDataInterfaceSimCacheReaderTemplate.ush" 3651
"../../../Engine/Plugins/FX/Niagara/Shaders/Private/NiagaraDataInterfaceSimpleCounterTemplate.ush" 3652
"../../../Engine/Plugins/FX/Niagara/Shaders/Private/NiagaraDataInterfaceSkeletalMesh.ush" 3653
"../../../Engine/Plugins/FX/Niagara/Shaders/Private/NiagaraBaryCentricUtils.ush" 3654
"../../../Engine/Plugins/FX/Niagara/Shaders/Private/NiagaraDataInterfaceSkeletalMeshTemplate.ush" 3655
"../../../Engine/Plugins/FX/Niagara/Shaders/Private/NiagaraDataInterfaceSocketReaderTemplate.ush" 3656
"../../../Engine/Plugins/FX/Niagara/Shaders/Private/NiagaraDataInterfaceSparseVolumeTextureTemplate.ush" 3657
"../../../Engine/Plugins/FX/Niagara/Shaders/Private/NiagaraDataInterfaceSplineTemplate.ush" 3658
"../../../Engine/Plugins/FX/Niagara/Shaders/Private/NiagaraDataInterfaceSpriteRendererInfoTemplate.ush" 3659
"../../../Engine/Plugins/FX/Niagara/Shaders/Private/NiagaraDataInterfaceStaticMeshTemplate.ush" 3660
"../../../Engine/Plugins/FX/Niagara/Shaders/Private/NiagaraDataInterfaceTextureTemplate.ush" 3661
"../../../Engine/Plugins/FX/Niagara/Shaders/Private/NiagaraDataInterfaceVirtualTexture.ush" 3662
"../../../Engine/Plugins/FX/Niagara/Shaders/Private/NiagaraDataInterfaceVirtualTextureTemplate.ush" 3663
"../../../Engine/Plugins/FX/Niagara/Shaders/Private/NiagaraDataInterfaceVolumeCache.ush" 3664
"../../../Engine/Plugins/FX/Niagara/Shaders/Private/NiagaraDataInterfaceVolumeTextureTemplate.ush" 3665
"../../../../../../Users/Chris/Desktop/Sem 2 Github/Games-Prototyping/Games Prototyping2/Intermediate/ShaderAutogen/PCD3D_SM5/AutogenShaderHeaders.ush" 3666
"C:/Users/Chris/Desktop/Sem 2 Github/Games-Prototyping/Games Prototyping2/Content/ExpressFarmin_Project/GS_MazeProject/Resources/UI/Handbook/Images/Icons/BullDecal.uasset" 3667
"C:/Users/Chris/Desktop/Sem 2 Github/Games-Prototyping/Games Prototyping2/Content/ExpressFarmin_Project/GS_MazeProject/Resources/UI/Widgets/ActorWidgets/WB_Well.uasset" 3668
"C:/Users/Chris/Desktop/Sem 2 Github/Games-Prototyping/Games Prototyping2/Content/ExpressFarmin_Project/GS_MazeProject/Resources/Assets/Downloaded_Assets/water_well_2.uasset" 3669
"C:/Users/Chris/Desktop/Sem 2 Github/Games-Prototyping/Games Prototyping2/Content/ExpressFarmin_Project/GS_MazeProject/Resources/Blueprints/Interactables/BP_GateAutomatic.uasset" 3670
"C:/Users/Chris/Desktop/Sem 2 Github/Games-Prototyping/Games Prototyping2/Content/ExpressFarmin_Project/GS_MazeProject/Resources/Blueprints/Interactables/BP_GateAutomaticLeft.uasset" 3671
"C:/Users/Chris/Desktop/Sem 2 Github/Games-Prototyping/Games Prototyping2/Content/ExpressFarmin_Project/GS_MazeProject/Resources/Audio/Other/SoundEffects/Actors/WoodenThud.uasset" 3672
"C:/Users/Chris/Desktop/Sem 2 Github/Games-Prototyping/Games Prototyping2/Content/ExpressFarmin_Project/GS_MazeProject/Resources/Assets/Downloaded_Assets/dirt.uasset" 3673
"C:/Users/Chris/Desktop/Sem 2 Github/Games-Prototyping/Games Prototyping2/Content/ExpressFarmin_Project/GS_MazeProject/Resources/Assets/Downloaded_Assets/wheat.uasset" 3674
"C:/Users/Chris/Desktop/Sem 2 Github/Games-Prototyping/Games Prototyping2/Content/ExpressFarmin_Project/GS_MazeProject/Resources/Assets/Downloaded_Assets/sprout.uasset" 3675
"C:/Users/Chris/Desktop/Sem 2 Github/Games-Prototyping/Games Prototyping2/Content/ExpressFarmin_Project/GS_MazeProject/Resources/Assets/Downloaded_Assets/mat_green.uasset" 3676
"C:/Users/Chris/Desktop/Sem 2 Github/Games-Prototyping/Games Prototyping2/Content/ExpressFarmin_Project/GS_MazeProject/Resources/Audio/Other/SoundEffects/Actors/Highbell.uasset" 3677
"C:/Users/Chris/Desktop/Sem 2 Github/Games-Prototyping/Games Prototyping2/Content/ExpressFarmin_Project/GS_MazeProject/Resources/UI/Widgets/ActorWidgets/WB_CropTimer.uasset" 3678
"C:/Users/Chris/Desktop/Sem 2 Github/Games-Prototyping/Games Prototyping2/Content/ExpressFarmin_Project/GS_MazeProject/Resources/Assets/Downloaded_Assets/wooden_bucket_water.uasset" 3679
"C:/Users/Chris/Desktop/Sem 2 Github/Games-Prototyping/Games Prototyping2/Content/ExpressFarmin_Project/GS_MazeProject/Resources/Blueprints/Interactables/BP_WATER_Bucket.uasset" 3680
"C:/Users/Chris/Desktop/Sem 2 Github/Games-Prototyping/Games Prototyping2/Content/ExpressFarmin_Project/GS_MazeProject/Resources/Audio/Other/SoundEffects/Actors/DoorCreak02.uasset" 3681
"C:/Users/Chris/Desktop/Sem 2 Github/Games-Prototyping/Games Prototyping2/Content/ExpressFarmin_Project/GS_MazeProject/Resources/Audio/Other/SoundEffects/Actors/DoorCreak01.uasset" 3682
"C:/Users/Chris/Desktop/Sem 2 Github/Games-Prototyping/Games Prototyping2/Content/ExpressFarmin_Project/GS_MazeProject/Resources/Audio/Other/SoundEffects/Actors/DoorCreak03.uasset" 3683
"C:/Users/Chris/Desktop/Sem 2 Github/Games-Prototyping/Games Prototyping2/Content/ExpressFarmin_Project/GS_MazeProject/Resources/Audio/Other/DoorCreak_Cue.uasset" 3684
"C:/Users/Chris/Desktop/Sem 2 Github/Games-Prototyping/Games Prototyping2/Content/ExpressFarmin_Project/GS_MazeProject/Resources/Audio/Ambiance_Music/LongAmbiance.uasset" 3685
"C:/Users/Chris/Desktop/Sem 2 Github/Games-Prototyping/Games Prototyping2/Content/ExpressFarmin_Project/GS_MazeProject/Resources/Audio/Ambiance_Music/Drops.uasset" 3686
"/Game/ExpressFarmin_Project/GS_MazeProject/Resources/UI/Handbook/Images/Icons/BullDecal" 3687
"C:/Users/Chris/Desktop/Sem 2 Github/Games-Prototyping/Games Prototyping2/Content/ExpressFarmin_Project/GS_MazeProject/Resources/Audio/Ambiance_Music/DustGuitar.uasset" 3688
"C:/Users/Chris/Desktop/Sem 2 Github/Games-Prototyping/Games Prototyping2/Content/ExpressFarmin_Project/GS_MazeProject/Resources/Audio/Ambiance_Music/BackgroundMusic.uasset" 3689
"C:/Users/Chris/Desktop/Sem 2 Github/Games-Prototyping/Games Prototyping2/Content/ExpressFarmin_Project/GS_MazeProject/Resources/Assets/Downloaded_Assets/mud_4.uasset" 3690
"C:/Users/Chris/Desktop/Sem 2 Github/Games-Prototyping/Games Prototyping2/Content/ExpressFarmin_Project/GS_MazeProject/Resources/Assets/Downloaded_Assets/mud.uasset" 3691
"C:/Users/Chris/Desktop/Sem 2 Github/Games-Prototyping/Games Prototyping2/Content/ExpressFarmin_Project/GS_MazeProject/Resources/Assets/Downloaded_Assets/mud_3.uasset" 3692
"C:/Users/Chris/Desktop/Sem 2 Github/Games-Prototyping/Games Prototyping2/Content/ExpressFarmin_Project/GS_MazeProject/Resources/UI/Handbook/Images/Icons/PigDecal.uasset" 3693
"C:/Users/Chris/Desktop/Sem 2 Github/Games-Prototyping/Games Prototyping2/Content/ExpressFarmin_Project/GS_MazeProject/Resources/Audio/Other/BP_CuePlayer.uasset" 3694
"/Game/ExpressFarmin_Project/GS_MazeProject/Resources/UI/Widgets/ActorWidgets/WB_Well" 3695
"../../../../../../Users/Chris/Desktop/Sem 2 Github/Games-Prototyping/Games Prototyping2/Content/ExpressFarmin_Project/GS_MazeProject/Resources/UI/Fonts/LuckiestGuy-Regular_Font.uasset" 3696
"../../../../../../Users/Chris/Desktop/Sem 2 Github/Games-Prototyping/Games Prototyping2/Content/ExpressFarmin_Project/GS_MazeProject/Resources/UI/Fonts/LuckiestGuy-Regular.uasset" 3697
"/Game/ExpressFarmin_Project/GS_MazeProject/Resources/Assets/Downloaded_Assets/water_well_2" 3698
"../../../../../../Users/Chris/Desktop/Sem 2 Github/Games-Prototyping/Games Prototyping2/Content/ExpressFarmin_Project/GS_MazeProject/Resources/Assets/Downloaded_Assets/mat_blue.uasset" 3699
"../../../../../../Users/Chris/Desktop/Sem 2 Github/Games-Prototyping/Games Prototyping2/Content/ExpressFarmin_Project/GS_MazeProject/Resources/Assets/Downloaded_Assets/mat_brown.uasset" 3700
"../../../../../../Users/Chris/Desktop/Sem 2 Github/Games-Prototyping/Games Prototyping2/Content/ExpressFarmin_Project/GS_MazeProject/Resources/Assets/Downloaded_Assets/mat_gray.uasset" 3701
"../../Plugins/Interchange/Assets/Content/Functions/MF_PhongToMetalRoughness.uasset" 3702
"/Game/ExpressFarmin_Project/GS_MazeProject/Resources/Blueprints/Interactables/BP_Well" 3703
"../../../../../../Users/Chris/Desktop/Sem 2 Github/Games-Prototyping/Games Prototyping2/Content/ExpressFarmin_Project/GS_MazeProject/Resources/Blueprints/Character/BP_MazeCharacter.uasset" 3704
"../../../../../../Users/Chris/Desktop/Sem 2 Github/Games-Prototyping/Games Prototyping2/Content/ExpressFarmin_Project/GS_MazeProject/Resources/Blueprints/Interactables/BP_EMPTY_Water.uasset" 3705
"../../../../../../Users/Chris/Desktop/Sem 2 Github/Games-Prototyping/Games Prototyping2/Content/ExpressFarmin_Project/GS_MazeProject/Resources/Audio/Other/SoundEffects/Actors/WaterSplash.uasset" 3706
"../../../Engine/Content/EditorBlueprintResources/StandardMacros.uasset" 3707
"../../../../../../Users/Chris/Desktop/Sem 2 Github/Games-Prototyping/Games Prototyping2/Content/ExpressFarmin_Project/GS_MazeProject/Resources/Blueprints/BPI_InteractObject.uasset" 3708
"../../../../../../Users/Chris/Desktop/Sem 2 Github/Games-Prototyping/Games Prototyping2/Content/ExpressFarmin_Project/GS_MazeProject/Resources/Blueprints/Gamemode/GM_MazeGamemode.uasset" 3709
"../../../../../../Users/Chris/Desktop/Sem 2 Github/Games-Prototyping/Games Prototyping2/Content/ExpressFarmin_Project/GS_MazeProject/Resources/GameInstance/BP_EF_GameInstance.uasset" 3710
"../../../../../../Users/Chris/Desktop/Sem 2 Github/Games-Prototyping/Games Prototyping2/Content/ExpressFarmin_Project/GS_MazeProject/Resources/Blueprints/Character/Inputs/IA_InteractObject.uasset" 3711
"../../../../../../Users/Chris/Desktop/Sem 2 Github/Games-Prototyping/Games Prototyping2/Content/ExpressFarmin_Project/GS_MazeProject/Resources/Blueprints/Character/Inputs/IA_Jump.uasset" 3712
"../../../../../../Users/Chris/Desktop/Sem 2 Github/Games-Prototyping/Games Prototyping2/Content/ExpressFarmin_Project/GS_MazeProject/Resources/Blueprints/Character/Inputs/IA_Look.uasset" 3713
"../../../../../../Users/Chris/Desktop/Sem 2 Github/Games-Prototyping/Games Prototyping2/Content/ExpressFarmin_Project/GS_MazeProject/Resources/Blueprints/Character/Inputs/IA_Move.uasset" 3714
"../../../../../../Users/Chris/Desktop/Sem 2 Github/Games-Prototyping/Games Prototyping2/Content/ExpressFarmin_Project/GS_MazeProject/Resources/Blueprints/Character/Inputs/IA_Pause.uasset" 3715
"../../../../../../Users/Chris/Desktop/Sem 2 Github/Games-Prototyping/Games Prototyping2/Content/ExpressFarmin_Project/GS_MazeProject/Resources/Blueprints/Character/Inputs/IA_Sprinting.uasset" 3716
"../../../../../../Users/Chris/Desktop/Sem 2 Github/Games-Prototyping/Games Prototyping2/Content/ExpressFarmin_Project/GS_MazeProject/Resources/Blueprints/Character/Inputs/IMC_PlayerCharacter.uasset" 3717
"../../../../../../Users/Chris/Desktop/Sem 2 Github/Games-Prototyping/Games Prototyping2/Content/ExpressFarmin_Project/GS_MazeProject/Resources/UI/Handbook/WB_Handbook.uasset" 3718
"../../../../../../Users/Chris/Desktop/Sem 2 Github/Games-Prototyping/Games Prototyping2/Content/ExpressFarmin_Project/GS_MazeProject/Resources/UI/Handbook/WB_HandbookPG1.uasset" 3719
"../../../../../../Users/Chris/Desktop/Sem 2 Github/Games-Prototyping/Games Prototyping2/Content/ExpressFarmin_Project/GS_MazeProject/Resources/UI/OtherMenus/WB_PauseMenu.uasset" 3720
"../../../../../../Users/Chris/Desktop/Sem 2 Github/Games-Prototyping/Games Prototyping2/Content/ExpressFarmin_Project/GS_MazeProject/Resources/UI/WB_PlayerHUD.uasset" 3721
"../../../../../../Users/Chris/Desktop/Sem 2 Github/Games-Prototyping/Games Prototyping2/Content/ExpressFarmin_Project/GS_MazeProject/Resources/Assets/Downloaded_Assets/wooden_bucket.uasset" 3722
"../../../../../../Users/Chris/Desktop/Sem 2 Github/Games-Prototyping/Games Prototyping2/Content/ExpressFarmin_Project/GS_MazeProject/Resources/AnimalBlueprints/BP_ChickenCharacter.uasset" 3723
"../../../../../../Users/Chris/Desktop/Sem 2 Github/Games-Prototyping/Games Prototyping2/Content/ExpressFarmin_Project/GS_MazeProject/Resources/SaveGame/BP_SaveGame.uasset" 3724
"../../../../../../Users/Chris/Desktop/Sem 2 Github/Games-Prototyping/Games Prototyping2/Content/ExpressFarmin_Project/GS_MazeProject/Resources/Audio/Other/SoundEffects/UI/Click2.uasset" 3725
"../../../../../../Users/Chris/Desktop/Sem 2 Github/Games-Prototyping/Games Prototyping2/Content/ExpressFarmin_Project/GS_MazeProject/Resources/Audio/Other/SoundEffects/UI/Click3.uasset" 3726
"../../../../../../Users/Chris/Desktop/Sem 2 Github/Games-Prototyping/Games Prototyping2/Content/ExpressFarmin_Project/GS_MazeProject/Resources/UI/Handbook/Images/Icons/BoxDecal.uasset" 3727
"../../../../../../Users/Chris/Desktop/Sem 2 Github/Games-Prototyping/Games Prototyping2/Content/ExpressFarmin_Project/GS_MazeProject/Resources/UI/Handbook/Images/Icons/ChickenDecal.uasset" 3728
"../../../../../../Users/Chris/Desktop/Sem 2 Github/Games-Prototyping/Games Prototyping2/Content/ExpressFarmin_Project/GS_MazeProject/Resources/UI/Handbook/Images/Icons/CowDecal.uasset" 3729
"../../../../../../Users/Chris/Desktop/Sem 2 Github/Games-Prototyping/Games Prototyping2/Content/ExpressFarmin_Project/GS_MazeProject/Resources/UI/Handbook/Images/Icons/CropsDecal.uasset" 3730
"../../../../../../Users/Chris/Desktop/Sem 2 Github/Games-Prototyping/Games Prototyping2/Content/ExpressFarmin_Project/GS_MazeProject/Resources/UI/Handbook/Images/Icons/DeliveryDecal.uasset" 3731
"../../../../../../Users/Chris/Desktop/Sem 2 Github/Games-Prototyping/Games Prototyping2/Content/ExpressFarmin_Project/GS_MazeProject/Resources/UI/Handbook/Images/Icons/HayDecal.uasset" 3732
"../../../../../../Users/Chris/Desktop/Sem 2 Github/Games-Prototyping/Games Prototyping2/Content/ExpressFarmin_Project/GS_MazeProject/Resources/UI/Handbook/Images/Icons/LaptopDecal.uasset" 3733
"../../../../../../Users/Chris/Desktop/Sem 2 Github/Games-Prototyping/Games Prototyping2/Content/ExpressFarmin_Project/GS_MazeProject/Resources/UI/Handbook/Images/Icons/SeedDecal.uasset" 3734
"../../../../../../Users/Chris/Desktop/Sem 2 Github/Games-Prototyping/Games Prototyping2/Content/ExpressFarmin_Project/GS_MazeProject/Resources/UI/Handbook/Images/Pages/First_Page__1_.uasset" 3735
"../../../../../../Users/Chris/Desktop/Sem 2 Github/Games-Prototyping/Games Prototyping2/Content/ExpressFarmin_Project/GS_MazeProject/Resources/UI/Handbook/Images/Pages/Pg1.uasset" 3736
"../../../../../../Users/Chris/Desktop/Sem 2 Github/Games-Prototyping/Games Prototyping2/Content/ExpressFarmin_Project/GS_MazeProject/Resources/UI/Tutorial/TutorialImages/Screenshot_2026-03-19_112952.uasset" 3737
"../../../../../../Users/Chris/Desktop/Sem 2 Github/Games-Prototyping/Games Prototyping2/Content/ExpressFarmin_Project/GS_MazeProject/Resources/UI/Tutorial/TutorialImages/Screenshot_2026-03-19_130517.uasset" 3738
"../../../../../../Users/Chris/Desktop/Sem 2 Github/Games-Prototyping/Games Prototyping2/Content/ExpressFarmin_Project/GS_MazeProject/Resources/UI/Tutorial/TutorialImages/Screenshot_2026-03-19_130636.uasset" 3739
"../../../../../../Users/Chris/Desktop/Sem 2 Github/Games-Prototyping/Games Prototyping2/Content/ExpressFarmin_Project/GS_MazeProject/Resources/UI/Tutorial/TutorialImages/Screenshot_2026-03-26_101425.uasset" 3740
"../../../../../../Users/Chris/Desktop/Sem 2 Github/Games-Prototyping/Games Prototyping2/Content/ExpressFarmin_Project/GS_MazeProject/Resources/UI/Tutorial/TutorialImages/Screenshot_2026-03-26_101432.uasset" 3741
"../../../../../../Users/Chris/Desktop/Sem 2 Github/Games-Prototyping/Games Prototyping2/Content/ExpressFarmin_Project/GS_MazeProject/Resources/UI/Tutorial/TutorialImages/Screenshot_2026-04-30_095243.uasset" 3742
"../../../../../../Users/Chris/Desktop/Sem 2 Github/Games-Prototyping/Games Prototyping2/Content/ExpressFarmin_Project/GS_MazeProject/Resources/UI/Tutorial/TutorialImages/Screenshot_2026-04-30_095307.uasset" 3743
"../../../../../../Users/Chris/Desktop/Sem 2 Github/Games-Prototyping/Games Prototyping2/Content/ExpressFarmin_Project/GS_MazeProject/Resources/UI/Tutorial/TutorialImages/Screenshot_2026-04-30_095344.uasset" 3744
"../../../../../../Users/Chris/Desktop/Sem 2 Github/Games-Prototyping/Games Prototyping2/Content/ExpressFarmin_Project/GS_MazeProject/Resources/UI/Tutorial/TutorialImages/Screenshot_2026-04-30_095446.uasset" 3745
"../../../../../../Users/Chris/Desktop/Sem 2 Github/Games-Prototyping/Games Prototyping2/Content/ExpressFarmin_Project/GS_MazeProject/Resources/UI/Tutorial/TutorialImages/Screenshot_2026-05-07_220556.uasset" 3746
"../../../../../../Users/Chris/Desktop/Sem 2 Github/Games-Prototyping/Games Prototyping2/Content/ExpressFarmin_Project/GS_MazeProject/Resources/UI/Tutorial/TutorialImages/Screenshot_2026-05-07_220625.uasset" 3747
"../../../../../../Users/Chris/Desktop/Sem 2 Github/Games-Prototyping/Games Prototyping2/Content/ExpressFarmin_Project/GS_MazeProject/Resources/UI/Tutorial/TutorialImages/Screenshot_2026-05-07_220701.uasset" 3748
"../../../../../../Users/Chris/Desktop/Sem 2 Github/Games-Prototyping/Games Prototyping2/Content/ExpressFarmin_Project/GS_MazeProject/Resources/UI/Tutorial/TutorialImages/Screenshot_2026-05-07_220744.uasset" 3749
"../../../../../../Users/Chris/Desktop/Sem 2 Github/Games-Prototyping/Games Prototyping2/Content/ExpressFarmin_Project/GS_MazeProject/Resources/UI/Tutorial/TutorialImages/Screenshot_2026-05-11_014250.uasset" 3750
"../../../../../../Users/Chris/Desktop/Sem 2 Github/Games-Prototyping/Games Prototyping2/Content/ExpressFarmin_Project/GS_MazeProject/Resources/UI/Tutorial/TutorialImages/Screenshot_2026-05-11_014301.uasset" 3751
"../../../../../../Users/Chris/Desktop/Sem 2 Github/Games-Prototyping/Games Prototyping2/Content/ExpressFarmin_Project/GS_MazeProject/Resources/UI/Widgets/UserMadeWBs/WB_BaseButton.uasset" 3752
"../../../../../../Users/Chris/Desktop/Sem 2 Github/Games-Prototyping/Games Prototyping2/Content/ExpressFarmin_Project/GS_MazeProject/Resources/UI/Tutorial/TutorialImages/Screenshot_2026-03-19_130622.uasset" 3753
"../../../../../../Users/Chris/Desktop/Sem 2 Github/Games-Prototyping/Games Prototyping2/Content/ExpressFarmin_Project/GS_MazeProject/Resources/UI/Handbook/Images/Pages/Controls2.uasset" 3754
"../../../../../../Users/Chris/Desktop/Sem 2 Github/Games-Prototyping/Games Prototyping2/Content/ExpressFarmin_Project/GS_MazeProject/Resources/UI/Images_General/UserMadeWB/Group_7.uasset" 3755
"../../../../../../Users/Chris/Desktop/Sem 2 Github/Games-Prototyping/Games Prototyping2/Content/ExpressFarmin_Project/GS_MazeProject/Resources/UI/Images_General/Wallet2.uasset" 3756
"../../../../../../Users/Chris/Desktop/Sem 2 Github/Games-Prototyping/Games Prototyping2/Content/ExpressFarmin_Project/GS_MazeProject/Resources/UI/Images_General/Wallet2__2_.uasset" 3757
"../../../../../../Users/Chris/Desktop/Sem 2 Github/Games-Prototyping/Games Prototyping2/Content/ExpressFarmin_Project/GS_MazeProject/Resources/Assets/Downloaded_Assets/mat_black.uasset" 3758
"../../../../../../Users/Chris/Desktop/Sem 2 Github/Games-Prototyping/Games Prototyping2/Content/ExpressFarmin_Project/GS_MazeProject/Resources/Assets/Downloaded_Assets/mat_brown_2.uasset" 3759
"../../../../../../Users/Chris/Desktop/Sem 2 Github/Games-Prototyping/Games Prototyping2/Content/ExpressFarmin_Project/GS_MazeProject/Resources/AnimalBlueprints/BP_ChickenController.uasset" 3760
"../../../../../../Users/Chris/Desktop/Sem 2 Github/Games-Prototyping/Games Prototyping2/Content/ExpressFarmin_Project/GS_MazeProject/Resources/Blueprints/Interactables/BP_ChickenFeed.uasset" 3761
"../../../../../../Users/Chris/Desktop/Sem 2 Github/Games-Prototyping/Games Prototyping2/Content/ExpressFarmin_Project/GS_MazeProject/Resources/Blueprints/Interactables/BP_Egg.uasset" 3762
"../../../../../../Users/Chris/Desktop/Sem 2 Github/Games-Prototyping/Games Prototyping2/Content/ExpressFarmin_Project/GS_MazeProject/Resources/Assets/Downloaded_Assets/chicken_texture_Mat.uasset" 3763
"../../../../../../Users/Chris/Desktop/Sem 2 Github/Games-Prototyping/Games Prototyping2/Content/ExpressFarmin_Project/GS_MazeProject/Resources/FX/EM_Munchies2_System.uasset" 3764
"../../../../../../Users/Chris/Desktop/Sem 2 Github/Games-Prototyping/Games Prototyping2/Content/ExpressFarmin_Project/GS_MazeProject/Resources/AnimalUI/WB_CowUI.uasset" 3765
"../../../../../../Users/Chris/Desktop/Sem 2 Github/Games-Prototyping/Games Prototyping2/Content/ExpressFarmin_Project/GS_MazeProject/Resources/Assets/Downloaded_Assets/chicken.uasset" 3766
"../../../../../../Users/Chris/Desktop/Sem 2 Github/Games-Prototyping/Games Prototyping2/Content/ExpressFarmin_Project/GS_MazeProject/Resources/Audio/Animals/Eating/Pop.uasset" 3767
"../../../../../../Users/Chris/Desktop/Sem 2 Github/Games-Prototyping/Games Prototyping2/Content/ExpressFarmin_Project/GS_MazeProject/Resources/Audio/Animals/Eating/SofterCrunch.uasset" 3768
"../../../../../../Users/Chris/Desktop/Sem 2 Github/Games-Prototyping/Games Prototyping2/Content/ExpressFarmin_Project/GS_MazeProject/Resources/UI/Widgets/ActorWidgets/WB_Nametag.uasset" 3769
"../../../../../../Users/Chris/Desktop/Sem 2 Github/Games-Prototyping/Games Prototyping2/Content/ExpressFarmin_Project/GS_MazeProject/Resources/UI/Images_General/UserMadeWB/Group_7__1_.uasset" 3770
"../../../../../../Users/Chris/Desktop/Sem 2 Github/Games-Prototyping/Games Prototyping2/Content/ExpressFarmin_Project/GS_MazeProject/Resources/AnimalBlueprints/BT_Chickens.uasset" 3771
"../../../../../../Users/Chris/Desktop/Sem 2 Github/Games-Prototyping/Games Prototyping2/Content/ExpressFarmin_Project/GS_MazeProject/Resources/Assets/Downloaded_Assets/seeds.uasset" 3772
"../../../../../../Users/Chris/Desktop/Sem 2 Github/Games-Prototyping/Games Prototyping2/Content/ExpressFarmin_Project/GS_MazeProject/Resources/UI/Widgets/ActorWidgets/WB_Seeds.uasset" 3773
"../../../../../../Users/Chris/Desktop/Sem 2 Github/Games-Prototyping/Games Prototyping2/Content/ExpressFarmin_Project/GS_MazeProject/Resources/Blueprints/Interactables/AC_IngredientType.uasset" 3774
"../../../../../../Users/Chris/Desktop/Sem 2 Github/Games-Prototyping/Games Prototyping2/Content/ExpressFarmin_Project/GS_MazeProject/Resources/Blueprints/Interactables/AC_MonetaryValue.uasset" 3775
"../../../../../../Users/Chris/Desktop/Sem 2 Github/Games-Prototyping/Games Prototyping2/Content/ExpressFarmin_Project/GS_MazeProject/Resources/Assets/Downloaded_Assets/egg.uasset" 3776
"../../../../../../Users/Chris/Desktop/Sem 2 Github/Games-Prototyping/Games Prototyping2/Content/ExpressFarmin_Project/GS_MazeProject/Resources/Assets/Downloaded_Assets/chicken_texture.uasset" 3777
"../../../../../../Users/Chris/Desktop/Sem 2 Github/Games-Prototyping/Games Prototyping2/Content/ExpressFarmin_Project/GS_MazeProject/Resources/FX/EM_Munchies2.uasset" 3778
"../../Plugins/FX/Niagara/Content/DynamicInputs/UniformRange/V2/RandomRangeFloat.uasset" 3779
"../../Plugins/FX/Niagara/Content/DynamicInputs/ValueFromCurve/FloatFromCurve.uasset" 3780
"../../Plugins/FX/Niagara/Content/Modules/Emitter/EmitterState.uasset" 3781
"../../Plugins/FX/Niagara/Content/Modules/Emitter/SpawnBurst_Instantaneous.uasset" 3782
"../../Plugins/FX/Niagara/Content/Modules/Solvers/SolveForcesAndVelocity.uasset" 3783
"../../Plugins/FX/Niagara/Content/Modules/Spawn/Initialization/V2/InitializeParticle.uasset" 3784
"../../Plugins/FX/Niagara/Content/Modules/Spawn/Velocity/AddVelocity.uasset" 3785
"../../Plugins/FX/Niagara/Content/Modules/System/SystemState.uasset" 3786
"../../Plugins/FX/Niagara/Content/Modules/Update/Color/ScaleColor.uasset" 3787
"../../Plugins/FX/Niagara/Content/Modules/Update/Forces/Drag.uasset" 3788
"../../Plugins/FX/Niagara/Content/Modules/Update/Forces/GravityForce.uasset" 3789
"../../Plugins/FX/Niagara/Content/Modules/Update/Lifetime/ParticleState.uasset" 3790
"../../Plugins/FX/Niagara/Content/Modules/Update/Size/ScaleSpriteSizeBySpeed.uasset" 3791
"../../../../../../Users/Chris/Desktop/Sem 2 Github/Games-Prototyping/Games Prototyping2/Content/ExpressFarmin_Project/GS_MazeProject/Resources/FX/Meshes/MunchieStarBigger.uasset" 3792
"../../Plugins/FX/Niagara/Content/Enums/Angles/ENiagara_AngleInput.uasset" 3793
"../../Plugins/FX/Niagara/Content/Enums/ENiagara_ColorInitializationMode.uasset" 3794
"../../Plugins/FX/Niagara/Content/Enums/ENiagara_EmitterStateOptions.uasset" 3795
"../../Plugins/FX/Niagara/Content/Enums/ENiagara_InfiniteLoopDuration.uasset" 3796
"../../Plugins/FX/Niagara/Content/Enums/ENiagara_LifetimeMode.uasset" 3797
"../../Plugins/FX/Niagara/Content/Enums/ENiagara_MassInitializationMode.uasset" 3798
"../../Plugins/FX/Niagara/Content/Enums/ENiagara_PositionInitializationMode.uasset" 3799
"../../Plugins/FX/Niagara/Content/Enums/ENiagara_SizeScaleMode.uasset" 3800
"../../Plugins/FX/Niagara/Content/Enums/ENiagara_SpriteRotationMode.uasset" 3801
"../../Plugins/FX/Niagara/Content/Enums/ENiagara_UVFlippingMode.uasset" 3802
"../../Plugins/FX/Niagara/Content/Enums/ENiagaraChannelCorrelation.uasset" 3803
"../../Plugins/FX/Niagara/Content/Enums/ENiagaraEmitterLifeCycleMode.uasset" 3804
"../../Plugins/FX/Niagara/Content/Enums/ENiagaraEmitterScalabilityMode_Limited.uasset" 3805
"../../Plugins/FX/Niagara/Content/Enums/ENiagaraInactiveMode.uasset" 3806
"../../Plugins/FX/Niagara/Content/Enums/ENiagaraRandomnessEvaluation.uasset" 3807
"../../Plugins/FX/Niagara/Content/Enums/ENiagaraRandomnessMode.uasset" 3808
"../../Plugins/FX/Niagara/Content/Enums/ENiagaraScaleColorMode.uasset" 3809
"../../Plugins/FX/Niagara/Content/Enums/ENiagaraSystemInactiveMode.uasset" 3810
"../../Plugins/FX/Niagara/Content/Enums/Ribbons/ENiagara_UnsetDirectSet.uasset" 3811
"../../Plugins/FX/Niagara/Content/Enums/Ribbons/ENiagara_UnsetDirectSetRandom.uasset" 3812
"../../Plugins/FX/Niagara/Content/Enums/Transforms/ENiagara_RotationMode.uasset" 3813
"../../Plugins/FX/Niagara/Content/Enums/Utility/ENiagara_VelocityMode.uasset" 3814
"../../../../../../Users/Chris/Desktop/Sem 2 Github/Games-Prototyping/Games Prototyping2/Content/ExpressFarmin_Project/GS_MazeProject/Resources/Assets/Downloaded_Assets/chicken_material.uasset" 3815
"../../../../../../Users/Chris/Desktop/Sem 2 Github/Games-Prototyping/Games Prototyping2/Content/ExpressFarmin_Project/GS_MazeProject/Resources/Assets/Downloaded_Assets/chicken_PhysicsAsset.uasset" 3816
"../../../../../../Users/Chris/Desktop/Sem 2 Github/Games-Prototyping/Games Prototyping2/Content/ExpressFarmin_Project/GS_MazeProject/Resources/Assets/Downloaded_Assets/chicken_Skeleton.uasset" 3817
"../../../../../../Users/Chris/Desktop/Sem 2 Github/Games-Prototyping/Games Prototyping2/Content/ExpressFarmin_Project/GS_MazeProject/Resources/AnimalBlueprints/BB_AnimalCharacter.uasset" 3818
"../../../../../../Users/Chris/Desktop/Sem 2 Github/Games-Prototyping/Games Prototyping2/Content/ExpressFarmin_Project/GS_MazeProject/Resources/AnimalBlueprints/T_RandomLocation.uasset" 3819
"../../../../../../Users/Chris/Desktop/Sem 2 Github/Games-Prototyping/Games Prototyping2/Content/ExpressFarmin_Project/GS_MazeProject/Resources/Audio/Animals/RandomCues/Cluck/RandomBawk.uasset" 3820
"../../../../../../Users/Chris/Desktop/Sem 2 Github/Games-Prototyping/Games Prototyping2/Content/ExpressFarmin_Project/GS_MazeProject/Resources/Assets/Downloaded_Assets/mat_seed.uasset" 3821
"../../../../../../Users/Chris/Desktop/Sem 2 Github/Games-Prototyping/Games Prototyping2/Content/ExpressFarmin_Project/GS_MazeProject/Resources/Assets/Downloaded_Assets/egg_material.uasset" 3822
"../../Plugins/FX/Niagara/Content/Functions/V2/CalculateRandomRangeFloat.uasset" 3823
"../../Plugins/FX/Niagara/Content/Functions/Emitter/EmitterChangeState.uasset" 3824
"../../Plugins/FX/Niagara/Content/Icons/Modules/T_Icon_Scalability_Emitter.uasset" 3825
"../../Plugins/FX/Niagara/Content/Icons/Modules/T_Icon_Scalability_System.uasset" 3826
"../../Plugins/FX/Niagara/Content/Functions/DirectionAndLengthSafe.uasset" 3827
"../../Plugins/FX/Niagara/Content/Functions/Drag/DragVelocity.uasset" 3828
"../../Plugins/FX/Niagara/Content/Functions/Math/CentimeterMeterConversion.uasset" 3829
"../../Plugins/FX/Niagara/Content/Functions/Rotation/MultiplyVectorWithQuaternion.uasset" 3830
"../../Plugins/FX/Niagara/Content/Modules/Solvers/ApplyRotationVector.uasset" 3831
"../../Plugins/FX/Niagara/Content/Icons/Modules/T_Icon_Solver_LimitAccel.uasset" 3832
"../../Plugins/FX/Niagara/Content/Icons/Modules/T_Icon_Solver_LimitSpeed.uasset" 3833
"../../Plugins/FX/Niagara/Content/Icons/Modules/T_Icon_Solver_RotationalSolve.uasset" 3834
"../../Plugins/FX/Niagara/Content/Functions/LinearColor/HueShiftLinearColor.uasset" 3835
"../../Plugins/FX/Niagara/Content/Functions/Localspace/SimulationPosition.uasset" 3836
"../../Plugins/FX/Niagara/Content/Functions/Localspace/TransformVector.uasset" 3837
"../../Plugins/FX/Niagara/Content/Functions/V2/CalculateRandomBool.uasset" 3838
"../../Plugins/FX/Niagara/Content/Functions/V2/CalculateRandomRange.uasset" 3839
"../../Plugins/FX/Niagara/Content/Functions/V2/CalculateRandomRangeInteger.uasset" 3840
"../../Plugins/FX/Niagara/Content/Functions/Math/CalculateRandomPointInConeSphereIntersection.uasset" 3841
"../../Plugins/FX/Niagara/Content/Functions/Math/SaturateFloat.uasset" 3842
"../../Plugins/FX/Niagara/Content/Functions/Rotation/AngleUnitConverter.uasset" 3843
"../../Plugins/FX/Niagara/Content/Functions/Rotation/AxisAngleToQuaternion.uasset" 3844
"../../Plugins/FX/Niagara/Content/Functions/Rotation/FindQuatBetween.uasset" 3845
"../../Plugins/FX/Niagara/Content/Functions/Rotation/InvertQuaternion.uasset" 3846
"../../Plugins/FX/Niagara/Content/Functions/Rotation/MakeQuaternionFrom3BasisVectors.uasset" 3847
"../../Plugins/FX/Niagara/Content/Functions/Rotation/MultiplyQuaternion.uasset" 3848
"../../Plugins/FX/Niagara/Content/Functions/Rotation/TransformStack/TransformStack_Rotation.uasset" 3849
"../../Plugins/FX/Niagara/Content/Functions/Rotation/XYZRotationToQuaternion.uasset" 3850
"../../Plugins/FX/Niagara/Content/Functions/V2/CalculateRandomUnitVector.uasset" 3851
"../../Plugins/FX/Niagara/Content/Functions/V2/DistanceBasedFalloff.uasset" 3852
"../../Plugins/FX/Niagara/Content/Functions/System/SystemChangeState.uasset" 3853
"../../Plugins/FX/Niagara/Content/Icons/Modules/T_Icon_Particle_InfiniteLife.uasset" 3854
"../../../../../../Users/Chris/Desktop/Sem 2 Github/Games-Prototyping/Games Prototyping2/Content/ExpressFarmin_Project/GS_MazeProject/Resources/FX/Meshes/MunchieStar_MAT.uasset" 3855
"../../../../../../Users/Chris/Desktop/Sem 2 Github/Games-Prototyping/Games Prototyping2/Content/ExpressFarmin_Project/GS_MazeProject/Resources/Audio/Animals/RandomCues/Cluck/CloserCuriousBawks.uasset" 3856
"../../../../../../Users/Chris/Desktop/Sem 2 Github/Games-Prototyping/Games Prototyping2/Content/ExpressFarmin_Project/GS_MazeProject/Resources/Audio/Animals/RandomCues/Cluck/QuieterBawking_Long.uasset" 3857
"../../../../../../Users/Chris/Desktop/Sem 2 Github/Games-Prototyping/Games Prototyping2/Content/ExpressFarmin_Project/GS_MazeProject/Resources/Audio/Animals/RandomCues/Cluck/SingBawk.uasset" 3858
"../../../../../../Users/Chris/Desktop/Sem 2 Github/Games-Prototyping/Games Prototyping2/Content/ExpressFarmin_Project/GS_MazeProject/Resources/Audio/Animals/RandomCues/Cluck/SingleBawk.uasset" 3859
"../../../../../../Users/Chris/Desktop/Sem 2 Github/Games-Prototyping/Games Prototyping2/Content/ExpressFarmin_Project/GS_MazeProject/Resources/Audio/Animals/RandomCues/Cluck/TalkativeBawks.uasset" 3860
"../../Plugins/FX/Niagara/Content/Functions/Localspace/TransformBase.uasset" 3861
"../../Plugins/FX/Niagara/Content/Functions/RandomRangeFloat.uasset" 3862
"../../Plugins/FX/Niagara/Content/Functions/Rotation/MatrixToQuaternion.uasset" 3863
"../../Plugins/FX/Niagara/Content/Functions/NormalizeDistanceRange.uasset" 3864
"../../Plugins/FX/Niagara/Content/Functions/GetRandomInfo.uasset" 3865
"/Game/ExpressFarmin_Project/GS_MazeProject/Resources/Blueprints/Interactables/BP_GateAutomaticLeft" 3866
"../../../../../../Users/Chris/Desktop/Sem 2 Github/Games-Prototyping/Games Prototyping2/Content/ExpressFarmin_Project/GS_MazeProject/Resources/Materials/MAT_Gate.uasset" 3867
"../../../../../../Users/Chris/Desktop/Sem 2 Github/Games-Prototyping/Games Prototyping2/Content/SI_Farm_Props/Meshes/SM_Fence_03.uasset" 3868
"../../../../../../Users/Chris/Desktop/Sem 2 Github/Games-Prototyping/Games Prototyping2/Content/SI_Farm_Props/Materials/MI_Fence.uasset" 3869
"../../../../../../Users/Chris/Desktop/Sem 2 Github/Games-Prototyping/Games Prototyping2/Content/SI_Farm_Props/Materials/M_Probs.uasset" 3870
"../../../../../../Users/Chris/Desktop/Sem 2 Github/Games-Prototyping/Games Prototyping2/Content/SI_Farm_Props/Textures/T_Feeder_01.uasset" 3871
"../../../../../../Users/Chris/Desktop/Sem 2 Github/Games-Prototyping/Games Prototyping2/Content/SI_Farm_Props/Textures/T_Feeder_01_N.uasset" 3872
"../../../../../../Users/Chris/Desktop/Sem 2 Github/Games-Prototyping/Games Prototyping2/Content/SI_Farm_Props/Textures/T_Feeder_01_R.uasset" 3873
"../../../../../../Users/Chris/Desktop/Sem 2 Github/Games-Prototyping/Games Prototyping2/Content/SI_Farm_Props/Textures/T_Fence.uasset" 3874
"../../../../../../Users/Chris/Desktop/Sem 2 Github/Games-Prototyping/Games Prototyping2/Content/SI_Farm_Props/Textures/T_Fence_N.uasset" 3875
"../../../../../../Users/Chris/Desktop/Sem 2 Github/Games-Prototyping/Games Prototyping2/Content/SI_Farm_Props/Textures/T_Fence_R.uasset" 3876
"/Game/ExpressFarmin_Project/GS_MazeProject/Resources/Blueprints/Interactables/BP_GateAutomatic" 3877
"/Game/ExpressFarmin_Project/GS_MazeProject/Resources/Audio/Other/SoundEffects/Actors/WoodenThud" 3878
"/Game/ExpressFarmin_Project/GS_MazeProject/Resources/Assets/Downloaded_Assets/dirt" 3879
"/Game/ExpressFarmin_Project/GS_MazeProject/Resources/Assets/Downloaded_Assets/wheat" 3880
"/Game/ExpressFarmin_Project/GS_MazeProject/Resources/Assets/Downloaded_Assets/mat_green" 3881
"/Game/ExpressFarmin_Project/GS_MazeProject/Resources/Assets/Downloaded_Assets/sprout" 3882
"/Game/ExpressFarmin_Project/GS_MazeProject/Resources/Audio/Other/SoundEffects/Actors/Highbell" 3883
"/Game/ExpressFarmin_Project/GS_MazeProject/Resources/UI/Widgets/ActorWidgets/WB_CropTimer" 3884
"/Game/ExpressFarmin_Project/GS_MazeProject/Resources/Blueprints/Farming/BP_Wheat" 3885
"/Game/ExpressFarmin_Project/GS_MazeProject/Resources/Blueprints/Farming/BP_CropLot" 3886
"../../../../../../Users/Chris/Desktop/Sem 2 Github/Games-Prototyping/Games Prototyping2/Content/ExpressFarmin_Project/GS_MazeProject/Resources/Materials/MAT_Mud.uasset" 3887
"/Game/ExpressFarmin_Project/GS_MazeProject/Resources/Audio/Other/SoundEffects/Actors/DoorCreak02" 3888
"C:/Users/Chris/Desktop/Sem 2 Github/Games-Prototyping/Games Prototyping2/Content/ExpressFarmin_Project/GS_MazeProject/Resources/Assets/Downloaded_Assets/barrel.uasset" 3889
"/Game/ExpressFarmin_Project/GS_MazeProject/Resources/UI/Handbook/Images/Icons/PigDecal" 3890
"C:/Users/Chris/Desktop/Sem 2 Github/Games-Prototyping/Games Prototyping2/Content/ExpressFarmin_Project/GS_MazeProject/Resources/UI/Widgets/ActorWidgets/WB_FeedShed.uasset" 3891
"C:/Users/Chris/Desktop/Sem 2 Github/Games-Prototyping/Games Prototyping2/Content/ExpressFarmin_Project/GS_MazeProject/Resources/AnimalBlueprints/ShedNames/BP_ShedName2.uasset" 3892
"C:/Users/Chris/Desktop/Sem 2 Github/Games-Prototyping/Games Prototyping2/Content/ExpressFarmin_Project/GS_MazeProject/Resources/UI/Widgets/ActorWidgets/WB_FeedShed1.uasset" 3893
"C:/Users/Chris/Desktop/Sem 2 Github/Games-Prototyping/Games Prototyping2/Content/ExpressFarmin_Project/GS_MazeProject/Resources/AnimalBlueprints/ShedNames/BP_ShedName.uasset" 3894
"C:/Users/Chris/Desktop/Sem 2 Github/Games-Prototyping/Games Prototyping2/Content/ExpressFarmin_Project/GS_MazeProject/Resources/UI/Widgets/ActorWidgets/WB_SP.uasset" 3895
"C:/Users/Chris/Desktop/Sem 2 Github/Games-Prototyping/Games Prototyping2/Content/ExpressFarmin_Project/GS_MazeProject/Resources/Audio/Animals/RandomCues/Oink/Snort2.uasset" 3896
"C:/Users/Chris/Desktop/Sem 2 Github/Games-Prototyping/Games Prototyping2/Content/ExpressFarmin_Project/GS_MazeProject/Resources/Audio/Animals/RandomCues/Oink/Snort3.uasset" 3897
"C:/Users/Chris/Desktop/Sem 2 Github/Games-Prototyping/Games Prototyping2/Content/ExpressFarmin_Project/GS_MazeProject/Resources/Audio/Animals/RandomCues/Oink/Snort4.uasset" 3898
"C:/Users/Chris/Desktop/Sem 2 Github/Games-Prototyping/Games Prototyping2/Content/ExpressFarmin_Project/GS_MazeProject/Resources/Audio/Animals/RandomCues/Oink/Snort5.uasset" 3899
"/Game/ExpressFarmin_Project/GS_MazeProject/Resources/UI/Tutorial/WB_Tutorial" 3900
"C:/Users/Chris/Desktop/Sem 2 Github/Games-Prototyping/Games Prototyping2/Content/ExpressFarmin_Project/GS_MazeProject/Resources/Audio/Animals/RandomCues/Oink/Snort6.uasset" 3901
"C:/Users/Chris/Desktop/Sem 2 Github/Games-Prototyping/Games Prototyping2/Content/ExpressFarmin_Project/GS_MazeProject/Resources/Audio/Animals/RandomCues/Oink/Snort_Cue.uasset" 3902
"C:/Users/Chris/Desktop/Sem 2 Github/Games-Prototyping/Games Prototyping2/Content/ExpressFarmin_Project/GS_MazeProject/Resources/AnimalBlueprints/BP_PigController.uasset" 3903
"C:/Users/Chris/Desktop/Sem 2 Github/Games-Prototyping/Games Prototyping2/Content/ExpressFarmin_Project/GS_MazeProject/Resources/UI/Widgets/ActorWidgets/WB_CB.uasset" 3904
"C:/Users/Chris/Desktop/Sem 2 Github/Games-Prototyping/Games Prototyping2/Content/ExpressFarmin_Project/GS_MazeProject/Resources/Audio/Animals/RandomCues/Oink/Snort1.uasset" 3905
"C:/Users/Chris/Desktop/Sem 2 Github/Games-Prototyping/Games Prototyping2/Content/ExpressFarmin_Project/GS_MazeProject/Resources/AnimalBlueprints/BT_Pigs.uasset" 3906
"/Game/ExpressFarmin_Project/GS_MazeProject/Resources/UI/Tutorial/Tutorial_boxes/BP_Tut_UIBox7" 3907
"/Game/ExpressFarmin_Project/GS_MazeProject/Resources/Audio/Other/SoundEffects/Actors/DoorCreak01" 3908
"/Game/ExpressFarmin_Project/GS_MazeProject/Resources/Audio/Other/SoundEffects/Actors/DoorCreak03" 3909
"/Game/ExpressFarmin_Project/GS_MazeProject/Resources/Audio/Other/DoorCreak_Cue" 3910
"/Game/ExpressFarmin_Project/GS_MazeProject/Resources/Audio/Other/BP_CuePlayer" 3911
"/Game/ExpressFarmin_Project/GS_MazeProject/Resources/Audio/Ambiance_Music/LongAmbiance" 3912
"/Game/ExpressFarmin_Project/GS_MazeProject/Resources/Audio/Ambiance_Music/Drops" 3913
"/Game/ExpressFarmin_Project/GS_MazeProject/Resources/Audio/Ambiance_Music/DustGuitar" 3914
"/Game/ExpressFarmin_Project/GS_MazeProject/Resources/Audio/Ambiance_Music/BackgroundMusic" 3915
"/Game/ExpressFarmin_Project/GS_MazeProject/Resources/Assets/Downloaded_Assets/mud_4" 3916
"/Game/ExpressFarmin_Project/GS_MazeProject/Resources/Assets/Downloaded_Assets/mud_3" 3917
"/Game/ExpressFarmin_Project/GS_MazeProject/Resources/Assets/Downloaded_Assets/mud" 3918
"C:/Users/Chris/Desktop/Sem 2 Github/Games-Prototyping/Games Prototyping2/Content/ExpressFarmin_Project/GS_MazeProject/Resources/Assets/Downloaded_Assets/pig2_texture_Mat.uasset" 3919
"C:/Users/Chris/Desktop/Sem 2 Github/Games-Prototyping/Games Prototyping2/Content/ExpressFarmin_Project/GS_MazeProject/Resources/Assets/Downloaded_Assets/pig_material.uasset" 3920
"C:/Users/Chris/Desktop/Sem 2 Github/Games-Prototyping/Games Prototyping2/Content/ExpressFarmin_Project/GS_MazeProject/Resources/Assets/Downloaded_Assets/pig_PhysicsAsset.uasset" 3921
"C:/Users/Chris/Desktop/Sem 2 Github/Games-Prototyping/Games Prototyping2/Content/ExpressFarmin_Project/GS_MazeProject/Resources/Assets/Downloaded_Assets/pig_Skeleton.uasset" 3922
"C:/Users/Chris/Desktop/Sem 2 Github/Games-Prototyping/Games Prototyping2/Content/ExpressFarmin_Project/GS_MazeProject/Resources/Assets/Downloaded_Assets/pig.uasset" 3923
"C:/Users/Chris/Desktop/Sem 2 Github/Games-Prototyping/Games Prototyping2/Content/ExpressFarmin_Project/GS_MazeProject/Resources/Assets/Downloaded_Assets/pig2_texture.uasset" 3924
"C:/Users/Chris/Desktop/Sem 2 Github/Games-Prototyping/Games Prototyping2/Content/ExpressFarmin_Project/GS_MazeProject/Resources/Assets/Downloaded_Assets/bull_material.uasset" 3925
"C:/Users/Chris/Desktop/Sem 2 Github/Games-Prototyping/Games Prototyping2/Content/ExpressFarmin_Project/GS_MazeProject/Resources/Assets/Downloaded_Assets/bull_texture.uasset" 3926
"C:/Users/Chris/Desktop/Sem 2 Github/Games-Prototyping/Games Prototyping2/Content/ExpressFarmin_Project/GS_MazeProject/Resources/Assets/Downloaded_Assets/bull_Skeleton.uasset" 3927
"/Game/ExpressFarmin_Project/GS_MazeProject/Resources/AnimalBlueprints/BP_PigController" 3928
"C:/Users/Chris/Desktop/Sem 2 Github/Games-Prototyping/Games Prototyping2/Content/ExpressFarmin_Project/GS_MazeProject/Resources/Assets/Downloaded_Assets/bull_PhysicsAsset.uasset" 3929
"C:/Users/Chris/Desktop/Sem 2 Github/Games-Prototyping/Games Prototyping2/Content/ExpressFarmin_Project/GS_MazeProject/Resources/Assets/Downloaded_Assets/bull.uasset" 3930
"C:/Users/Chris/Desktop/Sem 2 Github/Games-Prototyping/Games Prototyping2/Content/ExpressFarmin_Project/GS_MazeProject/Resources/Assets/Downloaded_Assets/bull_texture_Mat.uasset" 3931
"/Game/ExpressFarmin_Project/GS_MazeProject/Resources/AnimalBlueprints/ShedNames/BP_DPName" 3932
"/Game/ExpressFarmin_Project/GS_MazeProject/Resources/AnimalBlueprints/ShedNames/BP_ShedName" 3933
"/Game/ExpressFarmin_Project/GS_MazeProject/Resources/AnimalBlueprints/ShedNames/BP_ShedName2" 3934
"/Game/ExpressFarmin_Project/GS_MazeProject/Resources/AnimalBlueprints/ShedNames/BP_SPName" 3935
"/Game/ExpressFarmin_Project/GS_MazeProject/Resources/Assets/Downloaded_Assets/barrel" 3936
"../../../../../../Users/Chris/Desktop/Sem 2 Github/Games-Prototyping/Games Prototyping2/Content/ExpressFarmin_Project/GS_MazeProject/Resources/Assets/Downloaded_Assets/fence_material.uasset" 3937
"../../../../../../Users/Chris/Desktop/Sem 2 Github/Games-Prototyping/Games Prototyping2/Content/ExpressFarmin_Project/GS_MazeProject/Resources/Assets/Downloaded_Assets/mat_metal.uasset" 3938
"/Game/ExpressFarmin_Project/GS_MazeProject/Resources/AnimalBlueprints/BP_PigCharacter" 3939
"../../../../../../Users/Chris/Desktop/Sem 2 Github/Games-Prototyping/Games Prototyping2/Content/ExpressFarmin_Project/GS_MazeProject/Resources/Blueprints/Interactables/BP_AnimalPoop.uasset" 3940
"../../../../../../Users/Chris/Desktop/Sem 2 Github/Games-Prototyping/Games Prototyping2/Content/ExpressFarmin_Project/GS_MazeProject/Resources/Blueprints/Interactables/BP_Hay.uasset" 3941
"../../../../../../Users/Chris/Desktop/Sem 2 Github/Games-Prototyping/Games Prototyping2/Content/ExpressFarmin_Project/GS_MazeProject/Resources/Blueprints/Interactables/BP_Milk.uasset" 3942
"../../../../../../Users/Chris/Desktop/Sem 2 Github/Games-Prototyping/Games Prototyping2/Content/ExpressFarmin_Project/GS_MazeProject/Resources/Audio/Animals/Eating/LoudCrunch.uasset" 3943
"../../../../../../Users/Chris/Desktop/Sem 2 Github/Games-Prototyping/Games Prototyping2/Content/ExpressFarmin_Project/GS_MazeProject/Resources/Audio/Animals/Eating/SmallFart.uasset" 3944
"../../../../../../Users/Chris/Desktop/Sem 2 Github/Games-Prototyping/Games Prototyping2/Content/ExpressFarmin_Project/GS_MazeProject/Resources/Audio/Other/SoundEffects/Actors/Bucket.uasset" 3945
"../../../../../../Users/Chris/Desktop/Sem 2 Github/Games-Prototyping/Games Prototyping2/Content/ExpressFarmin_Project/GS_MazeProject/Resources/FX/EM_PoopFlies_System.uasset" 3946
"../../../../../../Users/Chris/Desktop/Sem 2 Github/Games-Prototyping/Games Prototyping2/Content/SI_Farm_Props/Meshes/SM_Poop_01.uasset" 3947
"../../../../../../Users/Chris/Desktop/Sem 2 Github/Games-Prototyping/Games Prototyping2/Content/ExpressFarmin_Project/GS_MazeProject/Resources/Assets/Downloaded_Assets/straw_2.uasset" 3948
"../../../../../../Users/Chris/Desktop/Sem 2 Github/Games-Prototyping/Games Prototyping2/Content/ExpressFarmin_Project/GS_MazeProject/Resources/UI/Widgets/ActorWidgets/WB_Hay.uasset" 3949
"../../../../../../Users/Chris/Desktop/Sem 2 Github/Games-Prototyping/Games Prototyping2/Content/ExpressFarmin_Project/GS_MazeProject/Resources/Assets/Downloaded_Assets/milk_bucket.uasset" 3950
"../../../../../../Users/Chris/Desktop/Sem 2 Github/Games-Prototyping/Games Prototyping2/Content/ExpressFarmin_Project/GS_MazeProject/Resources/FX/EM_PoopFlies.uasset" 3951
"../../Plugins/FX/Niagara/Content/DynamicInputs/TypeConversions/Vector2DFromFloat.uasset" 3952
"../../Plugins/FX/Niagara/Content/DynamicInputs/UniformRange/V2/RandomRangeVector.uasset" 3953
"../../Plugins/FX/Niagara/Content/DynamicInputs/ValueFromCurve/ColorFromCurve.uasset" 3954
"../../Plugins/FX/Niagara/Content/Modules/Emitter/SpawnRate.uasset" 3955
"../../Plugins/FX/Niagara/Content/Modules/Spawn/Location/V2/ShapeLocation.uasset" 3956
"../../Plugins/FX/Niagara/Content/Modules/Update/Color/Color.uasset" 3957
"../../Plugins/FX/Niagara/Content/Modules/Update/Forces/AerodynamicDrag.uasset" 3958
"../../Plugins/FX/Niagara/Content/Modules/Update/Forces/WindForce.uasset" 3959
"../../Plugins/FX/Niagara/Content/Modules/Update/Size/ScaleSpriteSize.uasset" 3960
"../../../../../../Users/Chris/Desktop/Sem 2 Github/Games-Prototyping/Games Prototyping2/Content/ExpressFarmin_Project/GS_MazeProject/Resources/FX/Meshes/Flea.uasset" 3961
"../../Plugins/FX/Niagara/Content/Enums/ENiagara_AttributeSamplingApplyOutput.uasset" 3962
"../../Plugins/FX/Niagara/Content/Enums/ENiagaraAerodynamicDragPivotMode.uasset" 3963
"../../Plugins/FX/Niagara/Content/Enums/ENiagaraCurlNoiseQuality.uasset" 3964
"../../Plugins/FX/Niagara/Content/Enums/ENiagaraDragCoefficientShapeMode.uasset" 3965
"../../Plugins/FX/Niagara/Content/Enums/ENiagaraShapeTorusMode.uasset" 3966
"../../Plugins/FX/Niagara/Content/Enums/ENiagaraSphereDistributionMode.uasset" 3967
"../../Plugins/FX/Niagara/Content/Enums/ENiagaraTorusDistributionMode.uasset" 3968
"../../Plugins/FX/Niagara/Content/Enums/Location/ENiagara_BoxPlaneMode.uasset" 3969
"../../Plugins/FX/Niagara/Content/Enums/Location/ENiagara_ConeMode.uasset" 3970
"../../Plugins/FX/Niagara/Content/Enums/Location/ENiagara_CylinderMode.uasset" 3971
"../../Plugins/FX/Niagara/Content/Enums/Location/ENiagara_LocationShapes.uasset" 3972
"../../Plugins/FX/Niagara/Content/Enums/Location/ENiagaraRingDiscMode.uasset" 3973
"../../Plugins/FX/Niagara/Content/Enums/Transforms/ENiagara_OffsetMode.uasset" 3974
"../../Plugins/FX/Niagara/Content/Enums/Transforms/ENiagara_ScaleMode.uasset" 3975
"../../Plugins/FX/Niagara/Content/Enums/Transforms/ENiagara_TransformOrder.uasset" 3976
"../../Plugins/FX/Niagara/Content/Enums/Transforms/ENiagara_TransformType.uasset" 3977
"../../Plugins/FX/Niagara/Content/Enums/Wind/ENiagaraWindCombingMode.uasset" 3978
"../../Plugins/FX/Niagara/Content/Enums/Wind/ENiagaraWindFrictionDistanceMode.uasset" 3979
"../../Plugins/FX/Niagara/Content/Enums/Wind/ENiagaraWindFrictionMode.uasset" 3980
"../../Plugins/FX/Niagara/Content/Enums/Wind/ENiagaraWindGroundMaskMode.uasset" 3981
"../../Plugins/FX/Niagara/Content/Enums/Wind/ENiagaraWindOffsetMode.uasset" 3982
"../../Plugins/FX/Niagara/Content/Enums/Wind/ENiagaraWindTurbulenceContributionMode.uasset" 3983
"../../Plugins/FX/Niagara/Content/Enums/Wind/ENiagaraWindTurbulenceFrequencyMode.uasset" 3984
"../../Plugins/FX/Niagara/Content/Enums/Wind/ENiagaraWindTurbulenceMode.uasset" 3985
"../../Plugins/FX/Niagara/Content/VectorFields/Assets/TilingCurl32.uasset" 3986
"../../../../../../Users/Chris/Desktop/Sem 2 Github/Games-Prototyping/Games Prototyping2/Content/SI_Farm_Props/Materials/MI_Poop_01.uasset" 3987
"../../../../../../Users/Chris/Desktop/Sem 2 Github/Games-Prototyping/Games Prototyping2/Content/ExpressFarmin_Project/GS_MazeProject/Resources/Assets/Downloaded_Assets/mat_red.uasset" 3988
"../../../../../../Users/Chris/Desktop/Sem 2 Github/Games-Prototyping/Games Prototyping2/Content/ExpressFarmin_Project/GS_MazeProject/Resources/Assets/Downloaded_Assets/nest_material.uasset" 3989
"../../../../../../Users/Chris/Desktop/Sem 2 Github/Games-Prototyping/Games Prototyping2/Content/ExpressFarmin_Project/GS_MazeProject/Resources/Assets/Downloaded_Assets/mat_white.uasset" 3990
"../../Plugins/FX/Niagara/Content/Functions/Localspace/TransformPosition.uasset" 3991
"../../Plugins/FX/Niagara/Content/Functions/NormalizedExecutionIndex.uasset" 3992
"../../Plugins/FX/Niagara/Content/Functions/ParametricTorus.uasset" 3993
"../../Plugins/FX/Niagara/Content/Functions/ParametricTorusKnot.uasset" 3994
"../../Plugins/FX/Niagara/Content/Functions/PolarToCartesianCoordinates.uasset" 3995
"../../Plugins/FX/Niagara/Content/Functions/RandomPointInBox.uasset" 3996
"../../Plugins/FX/Niagara/Content/Functions/Rotation/RotateVector2D.uasset" 3997
"../../Plugins/FX/Niagara/Content/Functions/SphericalToCartesianCoordinates.uasset" 3998
"../../Plugins/FX/Niagara/Content/Functions/V2/RemapRange.uasset" 3999
"../../Plugins/FX/Niagara/Content/Enums/ENiagaraExpansionMode.uasset" 4000
"../../Plugins/FX/Niagara/Content/Functions/Localspace/PositionToVector.uasset" 4001
"../../Plugins/FX/Niagara/Content/Functions/DirectionAndLength.uasset" 4002
"../../Plugins/FX/Niagara/Content/VectorFields/Assets/TilingCurl16.uasset" 4003
"../../Plugins/FX/Niagara/Content/VectorFields/Assets/TilingCurl64.uasset" 4004
"../../Plugins/FX/Niagara/Content/Enums/SpriteRenderer/ENiagara_ScaleSpriteSize.uasset" 4005
"../../../../../../Users/Chris/Desktop/Sem 2 Github/Games-Prototyping/Games Prototyping2/Content/ExpressFarmin_Project/GS_MazeProject/Resources/FX/Meshes/Flea_MAT.uasset" 4006
"../../../../../../Users/Chris/Desktop/Sem 2 Github/Games-Prototyping/Games Prototyping2/Content/SI_Farm_Props/Textures/T_Poop_01.uasset" 4007
"../../../../../../Users/Chris/Desktop/Sem 2 Github/Games-Prototyping/Games Prototyping2/Content/SI_Farm_Props/Textures/T_Poop_01_N.uasset" 4008
"../../../../../../Users/Chris/Desktop/Sem 2 Github/Games-Prototyping/Games Prototyping2/Content/SI_Farm_Props/Textures/T_Poop_01_R.uasset" 4009
"../../Plugins/FX/Niagara/Content/Functions/IsolateLongestVectorComponent.uasset" 4010
"../../Plugins/FX/Niagara/Content/Functions/ChannelMasks/SelectV4Channel.uasset" 4011
"../../Plugins/FX/Niagara/Content/Enums/ENiagaraVector4_Channels.uasset" 4012
"C:/Users/Chris/Desktop/Sem 2 Github/Games-Prototyping/Games Prototyping2/Content/SI_Farm_Props/Textures/T_Coop_01_Door.uasset" 4013
"C:/Users/Chris/Desktop/Sem 2 Github/Games-Prototyping/Games Prototyping2/Content/SI_Farm_Props/Textures/T_Coop_01_Door_N.uasset" 4014
"/Game/ExpressFarmin_Project/GS_MazeProject/Resources/AnimalBlueprints/BP_BullCharacter" 4015
"C:/Users/Chris/Desktop/Sem 2 Github/Games-Prototyping/Games Prototyping2/Content/SI_Farm_Props/Textures/T_Coop_01_Door_R.uasset" 4016
"C:/Users/Chris/Desktop/Sem 2 Github/Games-Prototyping/Games Prototyping2/Content/SI_Farm_Props/Materials/MI_Coop_01_Door.uasset" 4017
"C:/Users/Chris/Desktop/Sem 2 Github/Games-Prototyping/Games Prototyping2/Content/ExpressFarmin_Project/GS_MazeProject/Resources/Blueprints/Interactables/BP_DoorAutomaticLeft.uasset" 4018
"C:/Users/Chris/Desktop/Sem 2 Github/Games-Prototyping/Games Prototyping2/Content/SI_Farm_Props/Meshes/SM_Coop_01_Door.uasset" 4019
"C:/Users/Chris/Desktop/Sem 2 Github/Games-Prototyping/Games Prototyping2/Content/ExpressFarmin_Project/GS_MazeProject/Resources/Blueprints/Interactables/BP_DoorAutomatic.uasset" 4020
"C:/Users/Chris/Desktop/Sem 2 Github/Games-Prototyping/Games Prototyping2/Content/ExpressFarmin_Project/GS_MazeProject/Resources/Assets/Downloaded_Assets/barrel_empty.uasset" 4021
"C:/Users/Chris/Desktop/Sem 2 Github/Games-Prototyping/Games Prototyping2/Content/ExpressFarmin_Project/GS_MazeProject/Resources/Audio/Other/SoundEffects/Actors/TrashRustle.uasset" 4022
"C:/Users/Chris/Desktop/Sem 2 Github/Games-Prototyping/Games Prototyping2/Content/ExpressFarmin_Project/GS_MazeProject/Resources/Assets/Downloaded_Assets/fence_texture.uasset" 4023
"C:/Users/Chris/Desktop/Sem 2 Github/Games-Prototyping/Games Prototyping2/Content/ExpressFarmin_Project/GS_MazeProject/Resources/Assets/Downloaded_Assets/fence_texture_Mat.uasset" 4024
"C:/Users/Chris/Desktop/Sem 2 Github/Games-Prototyping/Games Prototyping2/Content/ExpressFarmin_Project/GS_MazeProject/Resources/Assets/Downloaded_Assets/tumbril_001.uasset" 4025
"../../../Engine/Plugins/FX/Niagara/Content/Modules/Update/Orientation/V2/MeshRotationForce.uasset" 4026
"C:/Users/Chris/Desktop/Sem 2 Github/Games-Prototyping/Games Prototyping2/Content/ExpressFarmin_Project/GS_MazeProject/Resources/FX/Meshes/PoundSign_MAT.uasset" 4027
"C:/Users/Chris/Desktop/Sem 2 Github/Games-Prototyping/Games Prototyping2/Content/ExpressFarmin_Project/GS_MazeProject/Resources/FX/Meshes/PoundSign.uasset" 4028
"../../../Engine/Plugins/FX/Niagara/Content/Enums/ENiagaraMeshTransforms.uasset" 4029
"C:/Users/Chris/Desktop/Sem 2 Github/Games-Prototyping/Games Prototyping2/Content/ExpressFarmin_Project/GS_MazeProject/Resources/FX/EM_MoneyMoney_System.uasset" 4030
"C:/Users/Chris/Desktop/Sem 2 Github/Games-Prototyping/Games Prototyping2/Content/ExpressFarmin_Project/GS_MazeProject/Resources/Audio/Other/SoundEffects/Actors/ComputerOn.uasset" 4031
"C:/Users/Chris/Desktop/Sem 2 Github/Games-Prototyping/Games Prototyping2/Content/ExpressFarmin_Project/GS_MazeProject/Resources/Assets/Downloaded_Assets/Bedroom_Set/Laptop.uasset" 4032
"C:/Users/Chris/Desktop/Sem 2 Github/Games-Prototyping/Games Prototyping2/Content/ExpressFarmin_Project/GS_MazeProject/Resources/UI/Images_General/Shop__1_.uasset" 4033
"C:/Users/Chris/Desktop/Sem 2 Github/Games-Prototyping/Games Prototyping2/Content/ExpressFarmin_Project/GS_MazeProject/Resources/Audio/Other/SoundEffects/Actors/ComputerOff.uasset" 4034
"C:/Users/Chris/Desktop/Sem 2 Github/Games-Prototyping/Games Prototyping2/Content/ExpressFarmin_Project/GS_MazeProject/Resources/FX/EM_MoneyMoney.uasset" 4035
"C:/Users/Chris/Desktop/Sem 2 Github/Games-Prototyping/Games Prototyping2/Content/ExpressFarmin_Project/GS_MazeProject/Resources/Audio/Other/SoundEffects/Actors/Collect.uasset" 4036
"../../../../../../Users/Chris/Desktop/Sem 2 Github/Games-Prototyping/Games Prototyping2/Content/ExpressFarmin_Project/GS_MazeProject/Resources/AnimalBlueprints/BP_CowController.uasset" 4037
"../../../../../../Users/Chris/Desktop/Sem 2 Github/Games-Prototyping/Games Prototyping2/Content/ExpressFarmin_Project/GS_MazeProject/Resources/AnimalBlueprints/BT_Cows.uasset" 4038
"../../../../../../Users/Chris/Desktop/Sem 2 Github/Games-Prototyping/Games Prototyping2/Content/ExpressFarmin_Project/GS_MazeProject/Resources/Audio/Animals/RandomCues/Moo/CowMoo.uasset" 4039
"../../../../../../Users/Chris/Desktop/Sem 2 Github/Games-Prototyping/Games Prototyping2/Content/ExpressFarmin_Project/GS_MazeProject/Resources/Audio/Animals/RandomCues/Moo/Moo0.uasset" 4040
"../../../../../../Users/Chris/Desktop/Sem 2 Github/Games-Prototyping/Games Prototyping2/Content/ExpressFarmin_Project/GS_MazeProject/Resources/Audio/Animals/RandomCues/Moo/Moo1.uasset" 4041
"../../../../../../Users/Chris/Desktop/Sem 2 Github/Games-Prototyping/Games Prototyping2/Content/ExpressFarmin_Project/GS_MazeProject/Resources/Audio/Animals/RandomCues/Moo/Moo2.uasset" 4042
"../../../../../../Users/Chris/Desktop/Sem 2 Github/Games-Prototyping/Games Prototyping2/Content/ExpressFarmin_Project/GS_MazeProject/Resources/Audio/Animals/RandomCues/Moo/Moo3.uasset" 4043
"../../../../../../Users/Chris/Desktop/Sem 2 Github/Games-Prototyping/Games Prototyping2/Content/ExpressFarmin_Project/GS_MazeProject/Resources/Audio/Animals/RandomCues/Moo/Moo4.uasset" 4044
"../../../../../../Users/Chris/Desktop/Sem 2 Github/Games-Prototyping/Games Prototyping2/Content/ExpressFarmin_Project/GS_MazeProject/Resources/Audio/Animals/RandomCues/Moo/Moo5.uasset" 4045
"/Game/SI_Farm_Props/Textures/T_Coop_01_Door" 4046
"/Game/ExpressFarmin_Project/GS_MazeProject/Resources/Assets/Downloaded_Assets/Bedroom_Set/Laptop" 4047
"C:/Users/Chris/Desktop/Sem 2 Github/Games-Prototyping/Games Prototyping2/Content/ExpressFarmin_Project/GS_MazeProject/Resources/Audio/Character/ShopBuying.uasset" 4048
"C:/Users/Chris/Desktop/Sem 2 Github/Games-Prototyping/Games Prototyping2/Content/ExpressFarmin_Project/GS_MazeProject/Resources/UI/Widgets/UserMadeWBs/WB_ShopBaseBttn.uasset" 4049
"C:/Users/Chris/Desktop/Sem 2 Github/Games-Prototyping/Games Prototyping2/Content/ExpressFarmin_Project/GS_MazeProject/Resources/UI/Widgets/UserMadeWBs/WB_ShopBaseBttn2.uasset" 4050
"C:/Users/Chris/Desktop/Sem 2 Github/Games-Prototyping/Games Prototyping2/Content/ExpressFarmin_Project/GS_MazeProject/Resources/UI/Actor_UIs/WB_EtoInteract.uasset" 4051
"C:/Users/Chris/Desktop/Sem 2 Github/Games-Prototyping/Games Prototyping2/Content/ExpressFarmin_Project/GS_MazeProject/Resources/UI/OtherMenus/WB_LaptopFinal.uasset" 4052
"C:/Users/Chris/Desktop/Sem 2 Github/Games-Prototyping/Games Prototyping2/Content/ExpressFarmin_Project/GS_MazeProject/Resources/Audio/Character/PlayerNoMoney.uasset" 4053
"C:/Users/Chris/Desktop/Sem 2 Github/Games-Prototyping/Games Prototyping2/Content/ExpressFarmin_Project/GS_MazeProject/Resources/UI/Widgets/UserMadeWBs/WB_BaseText.uasset" 4054
"C:/Users/Chris/Desktop/Sem 2 Github/Games-Prototyping/Games Prototyping2/Content/ExpressFarmin_Project/GS_MazeProject/Resources/Materials/MAT_Grass.uasset" 4055
"../../../../../../Users/Chris/Desktop/Sem 2 Github/Games-Prototyping/Games Prototyping2/Content/ExpressFarmin_Project/GS_MazeProject/Resources/Assets/Downloaded_Assets/Bedroom_Set/Material.uasset" 4056
"/Game/ExpressFarmin_Project/GS_MazeProject/Resources/Audio/Other/SoundEffects/Actors/ComputerOn" 4057
"/Game/ExpressFarmin_Project/GS_MazeProject/Resources/Blueprints/CoreBPs/BP_ShippingPoint" 4058
"/Game/ExpressFarmin_Project/GS_MazeProject/Resources/Blueprints/CoreBPs/BP_TrashBarrel" 4059
"/Game/ExpressFarmin_Project/GS_MazeProject/Resources/Blueprints/Interactables/BP_DoorAutomatic" 4060
"/Game/ExpressFarmin_Project/GS_MazeProject/Resources/Blueprints/Interactables/BP_DoorAutomaticLeft" 4061
"/Game/ExpressFarmin_Project/GS_MazeProject/Resources/UI/Images_General/Shop__1_" 4062
"/Game/ExpressFarmin_Project/GS_MazeProject/Resources/Audio/Other/SoundEffects/Actors/ComputerOff" 4063
"C:/Users/Chris/Desktop/Sem 2 Github/Games-Prototyping/Games Prototyping2/Content/ExpressFarmin_Project/GS_MazeProject/Resources/Assets/Downloaded_Assets/cow2_texture.uasset" 4064
"C:/Users/Chris/Desktop/Sem 2 Github/Games-Prototyping/Games Prototyping2/Content/ExpressFarmin_Project/GS_MazeProject/Resources/Assets/Downloaded_Assets/cow2_texture_Mat.uasset" 4065
"C:/Users/Chris/Desktop/Sem 2 Github/Games-Prototyping/Games Prototyping2/Content/ExpressFarmin_Project/GS_MazeProject/Resources/Assets/Downloaded_Assets/cow_PhysicsAsset.uasset" 4066
"C:/Users/Chris/Desktop/Sem 2 Github/Games-Prototyping/Games Prototyping2/Content/ExpressFarmin_Project/GS_MazeProject/Resources/Assets/Downloaded_Assets/cow.uasset" 4067
"C:/Users/Chris/Desktop/Sem 2 Github/Games-Prototyping/Games Prototyping2/Content/ExpressFarmin_Project/GS_MazeProject/Resources/Assets/Downloaded_Assets/mud_2.uasset" 4068
"/Game/ExpressFarmin_Project/GS_MazeProject/Resources/Assets/Downloaded_Assets/cow2_texture" 4069
"C:/Users/Chris/Desktop/Sem 2 Github/Games-Prototyping/Games Prototyping2/Content/ExpressFarmin_Project/GS_MazeProject/Resources/Blueprints/E_ProductsToBuy.uasset" 4070
"C:/Users/Chris/Desktop/Sem 2 Github/Games-Prototyping/Games Prototyping2/Content/ExpressFarmin_Project/GS_MazeProject/Resources/Blueprints/BPI_LaptopUse.uasset" 4071
"C:/Users/Chris/Desktop/Sem 2 Github/Games-Prototyping/Games Prototyping2/Content/ExpressFarmin_Project/GS_MazeProject/Resources/Assets/Downloaded_Assets/tumbril.uasset" 4072
"C:/Users/Chris/Desktop/Sem 2 Github/Games-Prototyping/Games Prototyping2/Content/ExpressFarmin_Project/GS_MazeProject/Resources/Assets/Downloaded_Assets/henhouse.uasset" 4073
"C:/Users/Chris/Desktop/Sem 2 Github/Games-Prototyping/Games Prototyping2/Content/ExpressFarmin_Project/GS_MazeProject/Resources/Assets/Downloaded_Assets/drinker.uasset" 4074
"C:/Users/Chris/Desktop/Sem 2 Github/Games-Prototyping/Games Prototyping2/Content/ExpressFarmin_Project/GS_MazeProject/Resources/Assets/Downloaded_Assets/dirt_001.uasset" 4075
"C:/Users/Chris/Desktop/Sem 2 Github/Games-Prototyping/Games Prototyping2/Content/ExpressFarmin_Project/GS_MazeProject/Resources/Assets/Downloaded_Assets/Bedroom_Set/Texture.uasset" 4076
"C:/Users/Chris/Desktop/Sem 2 Github/Games-Prototyping/Games Prototyping2/Content/ExpressFarmin_Project/GS_MazeProject/Resources/Assets/Downloaded_Assets/Bedroom_Set/Texture_Mat.uasset" 4077
"C:/Users/Chris/Desktop/Sem 2 Github/Games-Prototyping/Games Prototyping2/Content/ExpressFarmin_Project/GS_MazeProject/Resources/Assets/Downloaded_Assets/Bedroom_Set/Nightstand.uasset" 4078
"C:/Users/Chris/Desktop/Sem 2 Github/Games-Prototyping/Games Prototyping2/Content/ExpressFarmin_Project/GS_MazeProject/Resources/Assets/Downloaded_Assets/Bedroom_Set/DeskChair.uasset" 4079
"/Game/ExpressFarmin_Project/GS_MazeProject/Resources/Materials/MAT_Grass" 4080
"C:/Users/Chris/Desktop/Sem 2 Github/Games-Prototyping/Games Prototyping2/Content/ExpressFarmin_Project/GS_MazeProject/Resources/Assets/Downloaded_Assets/Bedroom_Set/Bed.uasset" 4081
"C:/Users/Chris/Desktop/Sem 2 Github/Games-Prototyping/Games Prototyping2/Content/ExpressFarmin_Project/GS_MazeProject/Resources/Assets/Downloaded_Assets/barn.uasset" 4082
"C:/Users/Chris/Desktop/Sem 2 Github/Games-Prototyping/Games Prototyping2/Content/ExpressFarmin_Project/GS_MazeProject/Resources/Blueprints/CoreBPs/BP_Laptop.uasset" 4083
"C:/Users/Chris/Desktop/Sem 2 Github/Games-Prototyping/Games Prototyping2/Content/ExpressFarmin_Project/GS_MazeProject/Resources/Assets/Downloaded_Assets/Bedroom_Set/Desk.uasset" 4084
"C:/Users/Chris/Desktop/Sem 2 Github/Games-Prototyping/Games Prototyping2/Content/ExpressFarmin_Project/GS_MazeProject/Resources/Assets/Downloaded_Assets/cow_Skeleton.uasset" 4085
"/Game/ExpressFarmin_Project/GS_MazeProject/Resources/UI/Actor_UIs/WB_EtoInteract" 4086
"/Game/ExpressFarmin_Project/GS_MazeProject/Resources/UI/Widgets/UserMadeWBs/WB_ShopBaseBttn2" 4087
"/Game/ExpressFarmin_Project/GS_MazeProject/Resources/UI/Widgets/UserMadeWBs/WB_ShopBaseBttn" 4088
"/Game/ExpressFarmin_Project/GS_MazeProject/Resources/UI/Widgets/UserMadeWBs/WB_BaseText" 4089
"/Game/ExpressFarmin_Project/GS_MazeProject/Resources/Audio/Character/PlayerNoMoney" 4090
"/Game/ExpressFarmin_Project/GS_MazeProject/Resources/Audio/Character/ShopBuying" 4091
"C:/Users/Chris/Desktop/Sem 2 Github/Games-Prototyping/Games Prototyping2/Content/_Practical_Sessions/SharedAssets/BlockOut/Materials_Textures/Grid_Materials/Master_Materials/Grid_Mat.uasset" 4092
"C:/Users/Chris/Desktop/Sem 2 Github/Games-Prototyping/Games Prototyping2/Content/_Practical_Sessions/SharedAssets/BlockOut/Materials_Textures/Grid_Materials/Grid_Mat_Simple.uasset" 4093
"C:/Users/Chris/Desktop/Sem 2 Github/Games-Prototyping/Games Prototyping2/Content/ExpressFarmin_Project/GS_MazeProject/Resources/Cube_Scale.uasset" 4094
"C:/Users/Chris/Desktop/Sem 2 Github/Games-Prototyping/Games Prototyping2/Content/Shared_Resources/Shapes/Static_Meshes/EnV_01.uasset" 4095
"C:/Users/Chris/Desktop/Sem 2 Github/Games-Prototyping/Games Prototyping2/Content/_Practical_Sessions/SharedAssets/BlockOut/Materials_Textures/Textures/Fine_Grid.uasset" 4096
"C:/Users/Chris/Desktop/Sem 2 Github/Games-Prototyping/Games Prototyping2/Content/Shared_Resources/Shapes/Natural/Bush.uasset" 4097
"C:/Users/Chris/Desktop/Sem 2 Github/Games-Prototyping/Games Prototyping2/Content/_Practical_Sessions/SharedAssets/BlockOut/Shapes/Static_Meshes/cube.uasset" 4098
"C:/Users/Chris/Desktop/Sem 2 Github/Games-Prototyping/Games Prototyping2/Content/Shared_Resources/Shapes/Static_Meshes/Bush.uasset" 4099
"/Game/ExpressFarmin_Project/GS_MazeProject/Resources/Assets/Downloaded_Assets/cow" 4100
"/Game/ExpressFarmin_Project/GS_MazeProject/Resources/UI/OtherMenus/WB_LaptopFinal" 4101
"/Game/ExpressFarmin_Project/GS_MazeProject/Resources/Blueprints/CoreBPs/BP_Laptop" 4102
"/Game/ExpressFarmin_Project/GS_MazeProject/Resources/Assets/Downloaded_Assets/henhouse" 4103
"/Game/ExpressFarmin_Project/GS_MazeProject/Resources/Assets/Downloaded_Assets/drinker" 4104
"/Game/ExpressFarmin_Project/GS_MazeProject/Resources/Assets/Downloaded_Assets/dirt_001" 4105
"/Game/ExpressFarmin_Project/GS_MazeProject/Resources/Assets/Downloaded_Assets/Bedroom_Set/Nightstand" 4106
"/Game/ExpressFarmin_Project/GS_MazeProject/Resources/Assets/Downloaded_Assets/Bedroom_Set/DeskChair" 4107
"/Game/ExpressFarmin_Project/GS_MazeProject/Resources/Assets/Downloaded_Assets/Bedroom_Set/Desk" 4108
"/Game/ExpressFarmin_Project/GS_MazeProject/Resources/Assets/Downloaded_Assets/Bedroom_Set/Bed" 4109
"/Game/ExpressFarmin_Project/GS_MazeProject/Resources/Assets/Downloaded_Assets/barn" 4110
"/Game/_Practical_Sessions/SharedAssets/BlockOut/Materials_Textures/Textures/Fine_Grid" 4111
"/Game/_Practical_Sessions/SharedAssets/BlockOut/Materials_Textures/Grid_Materials/Master_Materials/Grid_Mat" 4112
"../../../Engine/Content/Functions/Engine_MaterialFunctions01/Gradient/LinearGradient.uasset" 4113
"../../../Engine/Content/Functions/Engine_MaterialFunctions01/ImageAdjustment/CheapContrast.uasset" 4114
"../../../Engine/Content/Functions/Engine_MaterialFunctions01/Texturing/WorldAlignedTexture.uasset" 4115
"/Game/_Practical_Sessions/SharedAssets/BlockOut/Materials_Textures/Grid_Materials/Grid_Mat_Simple" 4116
"/Game/Shared_Resources/Shapes/Static_Meshes/EnV_01" 4117
"../../../../../../Users/Chris/Desktop/Sem 2 Github/Games-Prototyping/Games Prototyping2/Content/Shared_Resources/Materials_Textures/Plain_Materials/White_Mat.uasset" 4118
"C:/Users/Chris/Desktop/Sem 2 Github/Games-Prototyping/Games Prototyping2/Content/Shared_Resources/Shapes/Natural/Cliff.uasset" 4119
"C:/Users/Chris/Desktop/Sem 2 Github/Games-Prototyping/Games Prototyping2/Content/Shared_Resources/Shapes/Natural/Rock_2.uasset" 4120
"C:/Users/Chris/Desktop/Sem 2 Github/Games-Prototyping/Games Prototyping2/Content/Shared_Resources/Shapes/Natural/Rock_01.uasset" 4121
"/Game/_Practical_Sessions/SharedAssets/BlockOut/Shapes/Static_Meshes/cube" 4122
"C:/Users/Chris/Desktop/Sem 2 Github/Games-Prototyping/Games Prototyping2/Content/Shared_Resources/Shapes/Natural/Rock.uasset" 4123
"C:/Users/Chris/Desktop/Sem 2 Github/Games-Prototyping/Games Prototyping2/Content/Shared_Resources/Shapes/Natural/Rock_Multi.uasset" 4124
"C:/Users/Chris/Desktop/Sem 2 Github/Games-Prototyping/Games Prototyping2/Content/Shared_Resources/Shapes/Static_Meshes/Tree.uasset" 4125
"C:/Users/Chris/Desktop/Sem 2 Github/Games-Prototyping/Games Prototyping2/Content/Shared_Resources/Shapes/Natural/Tree.uasset" 4126
"C:/Users/Chris/Desktop/Sem 2 Github/Games-Prototyping/Games Prototyping2/Content/Shared_Resources/Materials_Textures/Plain_Materials/Plain_Mat.uasset" 4127
"C:/Users/Chris/Desktop/Sem 2 Github/Games-Prototyping/Games Prototyping2/Content/Shared_Resources/Materials_Textures/Plain_Materials/Plain_Mat_Inst.uasset" 4128
"C:/Users/Chris/Desktop/Sem 2 Github/Games-Prototyping/Games Prototyping2/Content/Shared_Resources/Shapes/Static_Meshes/cube.uasset" 4129
"C:/Users/Chris/Desktop/Sem 2 Github/Games-Prototyping/Games Prototyping2/Content/Shared_Resources/Materials_Textures/Textures/Fine_Grid.uasset" 4130
"C:/Users/Chris/Desktop/Sem 2 Github/Games-Prototyping/Games Prototyping2/Content/Shared_Resources/Materials_Textures/Grid_Materials/Grid_Mat_Simple.uasset" 4131
"C:/Users/Chris/Desktop/Sem 2 Github/Games-Prototyping/Games Prototyping2/Content/Shared_Resources/Shapes/Basic_Shapes/Cube_Scale.uasset" 4132
"C:/Users/Chris/Desktop/Sem 2 Github/Games-Prototyping/Games Prototyping2/Content/SI_Farm_Props/Textures/T_HayBale_01_Hay.uasset" 4133
"C:/Users/Chris/Desktop/Sem 2 Github/Games-Prototyping/Games Prototyping2/Content/SI_Farm_Props/Textures/T_HayBale_01_Hay_N.uasset" 4134
"C:/Users/Chris/Desktop/Sem 2 Github/Games-Prototyping/Games Prototyping2/Content/SI_Farm_Props/Textures/T_HayBale_01_Hay_R.uasset" 4135
"C:/Users/Chris/Desktop/Sem 2 Github/Games-Prototyping/Games Prototyping2/Content/SI_Farm_Props/Materials/MI_HayBale_01_Hay.uasset" 4136
"C:/Users/Chris/Desktop/Sem 2 Github/Games-Prototyping/Games Prototyping2/Content/SI_Farm_Props/Meshes/SM_HayBale_01.uasset" 4137
"C:/Users/Chris/Desktop/Sem 2 Github/Games-Prototyping/Games Prototyping2/Content/SI_Farm_Props/Textures/T_Shelter_02-2.uasset" 4138
"C:/Users/Chris/Desktop/Sem 2 Github/Games-Prototyping/Games Prototyping2/Content/SI_Farm_Props/Textures/T_Shelter_02-2_N.uasset" 4139
"C:/Users/Chris/Desktop/Sem 2 Github/Games-Prototyping/Games Prototyping2/Content/SI_Farm_Props/Textures/T_Shelter_02-2_R.uasset" 4140
"C:/Users/Chris/Desktop/Sem 2 Github/Games-Prototyping/Games Prototyping2/Content/SI_Farm_Props/Materials/MI_Shelter_02-2.uasset" 4141
"C:/Users/Chris/Desktop/Sem 2 Github/Games-Prototyping/Games Prototyping2/Content/SI_Farm_Props/Textures/T_Shelter_02-1.uasset" 4142
"C:/Users/Chris/Desktop/Sem 2 Github/Games-Prototyping/Games Prototyping2/Content/SI_Farm_Props/Textures/T_Shelter_02-1_N.uasset" 4143
"C:/Users/Chris/Desktop/Sem 2 Github/Games-Prototyping/Games Prototyping2/Content/SI_Farm_Props/Textures/T_Shelter_02-1_R.uasset" 4144
"C:/Users/Chris/Desktop/Sem 2 Github/Games-Prototyping/Games Prototyping2/Content/SI_Farm_Props/Materials/MI_Shelter_02-1.uasset" 4145
"C:/Users/Chris/Desktop/Sem 2 Github/Games-Prototyping/Games Prototyping2/Content/SI_Farm_Props/Meshes/SM_Shelter_02.uasset" 4146
"C:/Users/Chris/Desktop/Sem 2 Github/Games-Prototyping/Games Prototyping2/Content/Shared_Resources/Materials_Textures/Grid_Materials/Master_Materials/Grid_Mat.uasset" 4147
"/Game/ExpressFarmin_Project/GS_MazeProject/Resources/Cube_Scale" 4148
"C:/Users/Chris/Desktop/Sem 2 Github/Games-Prototyping/Games Prototyping2/Content/SI_Farm_Props/Textures/T_Shelter_03-2_N.uasset" 4149
"/Game/SI_Farm_Props/Meshes/SM_Shelter_02" 4150
"C:/Users/Chris/Desktop/Sem 2 Github/Games-Prototyping/Games Prototyping2/Content/SI_Farm_Props/Textures/T_Shelter_03-2.uasset" 4151
"/Game/SI_Farm_Props/Meshes/SM_HayBale_01" 4152
"/Game/Shared_Resources/Shapes/Basic_Shapes/Cube_Scale" 4153
"/Game/Shared_Resources/Materials_Textures/Plain_Materials/Plain_Mat_Inst" 4154
"/Game/Shared_Resources/Shapes/Natural/Tree" 4155
"/Game/Shared_Resources/Shapes/Natural/Rock_Multi" 4156
"/Game/Shared_Resources/Shapes/Static_Meshes/Bush" 4157
"/Game/Shared_Resources/Shapes/Natural/Bush" 4158
"/Game/Shared_Resources/Shapes/Natural/Cliff" 4159
"C:/Users/Chris/Desktop/Sem 2 Github/Games-Prototyping/Games Prototyping2/Content/SI_Farm_Props/Materials/MI_Shelter_03-2.uasset" 4160
"C:/Users/Chris/Desktop/Sem 2 Github/Games-Prototyping/Games Prototyping2/Content/SI_Farm_Props/Textures/T_Shelter_03-1_N.uasset" 4161
"C:/Users/Chris/Desktop/Sem 2 Github/Games-Prototyping/Games Prototyping2/Content/SI_Farm_Props/Textures/T_Shelter_03-1_R.uasset" 4162
"C:/Users/Chris/Desktop/Sem 2 Github/Games-Prototyping/Games Prototyping2/Content/SI_Farm_Props/Meshes/SM_Shelter_03.uasset" 4163
"C:/Users/Chris/Desktop/Sem 2 Github/Games-Prototyping/Games Prototyping2/Content/SI_Farm_Props/Textures/T_Watertrough_03.uasset" 4164
"C:/Users/Chris/Desktop/Sem 2 Github/Games-Prototyping/Games Prototyping2/Content/SI_Farm_Props/Textures/T_Watertrough_03_R.uasset" 4165
"C:/Users/Chris/Desktop/Sem 2 Github/Games-Prototyping/Games Prototyping2/Content/SI_Farm_Props/Materials/MI_Watertrough_03.uasset" 4166
"C:/Users/Chris/Desktop/Sem 2 Github/Games-Prototyping/Games Prototyping2/Content/SI_Farm_Props/Textures/T_Water.uasset" 4167
"C:/Users/Chris/Desktop/Sem 2 Github/Games-Prototyping/Games Prototyping2/Content/SI_Farm_Props/Textures/T_Water_N.uasset" 4168
"C:/Users/Chris/Desktop/Sem 2 Github/Games-Prototyping/Games Prototyping2/Content/SI_Farm_Props/Textures/T_Water_R.uasset" 4169
"C:/Users/Chris/Desktop/Sem 2 Github/Games-Prototyping/Games Prototyping2/Content/SI_Farm_Props/Meshes/SM_Watertrough_03_half.uasset" 4170
"../../../Engine/Content/Functions/Engine_MaterialFunctions01/Units/Km-to-Cm.uasset" 4171
"../../../Engine/Content/EngineSky/VolumetricClouds/VT_Lightning.uasset" 4172
"../../../Engine/Content/Functions/Engine_MaterialFunctions02/Utility/MakeFloat4.uasset" 4173
"../../../Engine/Content/Functions/Engine_MaterialFunctions02/Utility/BreakOutFloat4Components.uasset" 4174
"../../../Engine/Content/EngineSky/VolumetricClouds/m_SimpleVolumetricCloud.uasset" 4175
"../../../Engine/Content/EngineSky/VolumetricClouds/T_CloudPattern.uasset" 4176
"../../../Engine/Content/EngineSky/VolumetricClouds/T_CloudMask.uasset" 4177
"../../../Engine/Content/EngineSky/VolumetricClouds/T_Profile_08.uasset" 4178
"../../../Engine/Content/EngineSky/VolumetricClouds/VT_PerlinWorley_Balanced.uasset" 4179
"../../../Engine/Content/EngineSky/VolumetricClouds/m_SimpleVolumetricCloud_Inst.uasset" 4180
"C:/Users/Chris/Desktop/Sem 2 Github/Games-Prototyping/Games Prototyping2/Content/ExpressFarmin_Project/GS_MazeProject/Map_Ranch.umap" 4181
"C:/Users/Chris/Desktop/Sem 2 Github/Games-Prototyping/Games Prototyping2/Content/ExpressFarmin_Project/GS_MazeProject/Resources/UI/Images_General/Screenshot_2026-04-30_124909.uasset" 4182
"C:/Users/Chris/Desktop/Sem 2 Github/Games-Prototyping/Games Prototyping2/Content/ExpressFarmin_Project/GS_MazeProject/Resources/Blueprints/Gamemode/GM_MainMenu.uasset" 4183
"C:/Users/Chris/Desktop/Sem 2 Github/Games-Prototyping/Games Prototyping2/Content/SI_Farm_Props/Textures/T_Shelter_03-1.uasset" 4184
"C:/Users/Chris/Desktop/Sem 2 Github/Games-Prototyping/Games Prototyping2/Content/SI_Farm_Props/Textures/T_Shelter_03-2_R.uasset" 4185
"C:/Users/Chris/Desktop/Sem 2 Github/Games-Prototyping/Games Prototyping2/Content/SI_Farm_Props/Materials/MI_Shelter_03-1.uasset" 4186
"/Game/SI_Farm_Props/Textures/T_Shelter_03-2_N" 4187
"C:/Users/Chris/Desktop/Sem 2 Github/Games-Prototyping/Games Prototyping2/Content/SI_Farm_Props/Textures/T_Watertrough_03_N.uasset" 4188
"C:/Users/Chris/Desktop/Sem 2 Github/Games-Prototyping/Games Prototyping2/Content/SI_Farm_Props/Materials/MI_Water.uasset" 4189
"/Game/SI_Farm_Props/Textures/T_Shelter_03-2" 4190
"C:/Users/Chris/Desktop/Sem 2 Github/Games-Prototyping/Games Prototyping2/Content/ExpressFarmin_Project/GS_MazeProject/Resources/Assets/Downloaded_Assets/water_bucket.uasset" 4191
"C:/Users/Chris/Desktop/Sem 2 Github/Games-Prototyping/Games Prototyping2/Content/ExpressFarmin_Project/GS_MazeProject/Resources/Audio/Ambiance_Music/MainMenuAmbiance.uasset" 4192
"/Engine/EngineSky/VolumetricClouds/m_SimpleVolumetricCloud_Inst" 4193
"/Game/SI_Farm_Props/Meshes/SM_Watertrough_03_half" 4194
"/Game/ExpressFarmin_Project/GS_MazeProject/Resources/Blueprints/Gamemode/GM_MainMenu" 4195
"/Game/ExpressFarmin_Project/GS_MazeProject/Resources/UI/OtherMenus/WB_MainMenu" 4196
"/Game/SI_Farm_Props/Meshes/SM_Shelter_03" 4197
"/Game/ExpressFarmin_Project/GS_MazeProject/Map_Ranch" 4198
"../../../../../../Users/Chris/Desktop/Sem 2 Github/Games-Prototyping/Games Prototyping2/Content/ExpressFarmin_Project/GS_MazeProject/Map_Ranch.umap" 4199
"C:/Users/Chris/Desktop/Sem 2 Github/Games-Prototyping/Games Prototyping2/Content/ExpressFarmin_Project/GS_MazeProject/Resources/Assets/Downloaded_Assets/fence_1.uasset" 4200
"C:/Users/Chris/Desktop/Sem 2 Github/Games-Prototyping/Games Prototyping2/Content/ExpressFarmin_Project/GS_MazeProject/Resources/Assets/Downloaded_Assets/wheel.uasset" 4201
"/Game/ExpressFarmin_Project/GS_MazeProject/Resources/Assets/Downloaded_Assets/water_bucket" 4202
"C:/Users/Chris/Desktop/Sem 2 Github/Games-Prototyping/Games Prototyping2/Content/ExpressFarmin_Project/GS_MazeProject/Resources/Assets/Downloaded_Assets/Bedroom_Set/Lamp.uasset" 4203
"C:/Users/Chris/Desktop/Sem 2 Github/Games-Prototyping/Games Prototyping2/Content/SI_Farm_Props/Textures/T_Shelter_01-2.uasset" 4204
"C:/Users/Chris/Desktop/Sem 2 Github/Games-Prototyping/Games Prototyping2/Content/SI_Farm_Props/Textures/T_Shelter_01-2_N.uasset" 4205
"C:/Users/Chris/Desktop/Sem 2 Github/Games-Prototyping/Games Prototyping2/Content/SI_Farm_Props/Textures/T_Shelter_01-2_R.uasset" 4206
"C:/Users/Chris/Desktop/Sem 2 Github/Games-Prototyping/Games Prototyping2/Content/SI_Farm_Props/Materials/MI_Shelter_01-2.uasset" 4207
"C:/Users/Chris/Desktop/Sem 2 Github/Games-Prototyping/Games Prototyping2/Content/SI_Farm_Props/Textures/T_Shelter_01-1.uasset" 4208
"C:/Users/Chris/Desktop/Sem 2 Github/Games-Prototyping/Games Prototyping2/Content/SI_Farm_Props/Textures/T_Shelter_01-1_N.uasset" 4209
"C:/Users/Chris/Desktop/Sem 2 Github/Games-Prototyping/Games Prototyping2/Content/SI_Farm_Props/Materials/MI_Shelter_01-1.uasset" 4210
"C:/Users/Chris/Desktop/Sem 2 Github/Games-Prototyping/Games Prototyping2/Content/SI_Farm_Props/Meshes/SM_Shelter_01.uasset" 4211
"C:/Users/Chris/Desktop/Sem 2 Github/Games-Prototyping/Games Prototyping2/Content/ExpressFarmin_Project/GS_MazeProject/Map_LevelTutorial.umap" 4212
"../../../Engine/Content/EngineSounds/Submixes/MasterReverbEffectPreset.uasset" 4213
"../../../Engine/Content/EngineSounds/Submixes/MasterEQEffectPreset.uasset" 4214
"../../../Engine/Content/EngineSounds/Submixes/MasterEQSubmixDefault.uasset" 4215
"../../../Engine/Content/EngineSounds/Submixes/MasterSubmixDefault.uasset" 4216
"../../../Engine/Content/EngineSounds/Submixes/MasterReverbSubmixDefault.uasset" 4217
"C:/Users/Chris/Desktop/Sem 2 Github/Games-Prototyping/Games Prototyping2/Content/ExpressFarmin_Project/GS_MazeProject/Resources/Assets/Downloaded_Assets/barrel_water.uasset" 4218
"C:/Users/Chris/Desktop/Sem 2 Github/Games-Prototyping/Games Prototyping2/Content/ExpressFarmin_Project/GS_MazeProject/Resources/Assets/Downloaded_Assets/fence_2.uasset" 4219
"C:/Users/Chris/Desktop/Sem 2 Github/Games-Prototyping/Games Prototyping2/Content/ExpressFarmin_Project/GS_MazeProject/Resources/Assets/Downloaded_Assets/dirt_002.uasset" 4220
"C:/Users/Chris/Desktop/Sem 2 Github/Games-Prototyping/Games Prototyping2/Content/SI_Farm_Props/Textures/T_Shelter_01-1_R.uasset" 4221
"../../../Engine/Plugins/Interchange/Assets/Content/gltf/Textures/T_Anisotropy_Direction_Linear.uasset" 4222
"/Game/ExpressFarmin_Project/GS_MazeProject/Resources/Audio/Ambiance_Music/MainMenuAmbiance" 4223
"/InterchangeAssets/gltf/Textures/T_Anisotropy_Direction_Linear" 4224
"../../../Engine/Plugins/Interchange/Assets/Content/gltf/Textures/T_Generic_N.uasset" 4225
"/Engine/EngineSounds/Submixes/MasterReverbSubmixDefault" 4226
"/Game/ExpressFarmin_Project/GS_MazeProject/Map_LevelTutorial" 4227
"../../../Engine/Plugins/Interchange/Assets/Content/gltf/MaterialFunctions/MF_Emissive.uasset" 4228
"../../../Engine/Plugins/Interchange/Assets/Content/gltf/MaterialFunctions/MF_SpecularAnisotropy.uasset" 4229
"../../../Engine/Plugins/Interchange/Assets/Content/gltf/MaterialFunctions/MF_Specular.uasset" 4230
"../../../Engine/Plugins/Interchange/Assets/Content/gltf/MaterialFunctions/MF_Occlusion.uasset" 4231
"../../../Engine/Plugins/Interchange/Assets/Content/gltf/MaterialBodies/MF_ClearCoat_Body.uasset" 4232
"../../../Engine/Plugins/Interchange/Assets/Content/gltf/MaterialFunctions/MF_Clearcoat.uasset" 4233
"../../../../../../Users/Chris/Desktop/Sem 2 Github/Games-Prototyping/Games Prototyping2/Content/ExpressFarmin_Project/GS_MazeProject/Map_LevelTutorial.umap" 4234
"/Game/ExpressFarmin_Project/GS_MazeProject/Map_MainMenu" 4235
"../../../../../../Users/Chris/Desktop/Sem 2 Github/Games-Prototyping/Games Prototyping2/Content/ExpressFarmin_Project/GS_MazeProject/Map_MainMenu.umap" 4236
"../../../Engine/Plugins/Interchange/Assets/Content/gltf/Textures/T_White_Linear.uasset" 4237
"/InterchangeAssets/gltf/MaterialFunctions/MF_SpecularAnisotropy" 4238
"/InterchangeAssets/gltf/Textures/T_Generic_N" 4239
"/InterchangeAssets/gltf/Textures/T_White_Linear" 4240
"/InterchangeAssets/gltf/MaterialFunctions/MF_Occlusion" 4241
"../../../Engine/Plugins/Interchange/Assets/Content/gltf/MaterialFunctions/MF_ScaleNormal.uasset" 4242
"../../../Engine/Plugins/Interchange/Assets/Content/gltf/MaterialFunctions/MF_RotateNormals_TS.uasset" 4243
"../../../Engine/Plugins/Interchange/Assets/Content/gltf/MaterialFunctions/MF_Normals.uasset" 4244
"../../../Engine/Plugins/Interchange/Assets/Content/gltf/MaterialFunctions/MF_Iridescence.uasset" 4245
"../../../Engine/Plugins/Interchange/Assets/Content/gltf/MaterialFunctions/MF_MetallicRoughness.uasset" 4246
"../../../Engine/Plugins/Interchange/Assets/Content/gltf/Textures/T_White_srgb.uasset" 4247
"/InterchangeAssets/gltf/MaterialFunctions/MF_Normals" 4248
"../../../Engine/Plugins/Interchange/Assets/Content/Functions/MF_IridescenceNoLUT.uasset" 4249
"/InterchangeAssets/gltf/MaterialFunctions/MF_Specular" 4250
"../../../Engine/Plugins/Interchange/Assets/Content/gltf/MaterialFunctions/MF_IOR.uasset" 4251
"../../../Engine/Plugins/Interchange/Assets/Content/Utilities/New_LUT.uasset" 4252
"../../../Engine/Plugins/Interchange/Assets/Content/gltf/MaterialFunctions/MF_BaseColor.uasset" 4253
"../../../Engine/Plugins/Interchange/Assets/Content/gltf/MaterialFunctions/MF_RotateV2.uasset" 4254
"../../../Engine/Plugins/Interchange/Assets/Content/gltf/MaterialFunctions/MF_TransformUVs.uasset" 4255
"/InterchangeAssets/gltf/MaterialFunctions/MF_Emissive" 4256
"../../../Engine/Content/Functions/Engine_MaterialFunctions03/Math/RemapValueRange.uasset" 4257
"/InterchangeAssets/gltf/MaterialFunctions/MF_Iridescence" 4258
"/InterchangeAssets/gltf/MaterialFunctions/MF_MetallicRoughness" 4259
"../../../Engine/Content/Functions/Engine_MaterialFunctions01/Texturing/FlattenNormal.uasset" 4260
"../../../Engine/Plugins/Interchange/Assets/Content/gltf/M_ClearCoat.uasset" 4261
"../../../Engine/Plugins/Interchange/Assets/Content/Functions/MF_Iridescence.uasset" 4262
"/InterchangeAssets/gltf/MaterialBodies/MF_ClearCoat_Body" 4263
"../../../Engine/Plugins/Interchange/Assets/Content/gltf/MaterialInstances/MI_ClearCoat_Opaque.uasset" 4264
"../../../Engine/Plugins/Interchange/Assets/Content/gltf/MaterialInstances/MI_ClearCoat_Mask_DS.uasset" 4265
"../../../Engine/Plugins/Interchange/Assets/Content/gltf/MaterialInstances/MI_ClearCoat_Opaque_DS.uasset" 4266
"../../../Engine/Plugins/Interchange/Assets/Content/gltf/MaterialBodies/MF_Default_Body.uasset" 4267
"../../../Engine/Plugins/Interchange/Assets/Content/gltf/MaterialInstances/MI_ClearCoat_Mask.uasset" 4268
"../../../Engine/Plugins/Interchange/Assets/Content/gltf/M_Default.uasset" 4269
"../../../Engine/Plugins/Interchange/Assets/Content/gltf/MaterialInstances/MI_Default_Opaque.uasset" 4270
"/InterchangeAssets/gltf/M_ClearCoat" 4271
"../../../Engine/Plugins/Interchange/Assets/Content/gltf/MaterialInstances/MI_Default_Mask.uasset" 4272
"../../../Engine/Plugins/Interchange/Assets/Content/gltf/MaterialInstances/MI_Default_Blend_DS.uasset" 4273
"../../../Engine/Plugins/Interchange/Assets/Content/gltf/MaterialInstances/MI_ClearCoat_Blend.uasset" 4274
"../../../Engine/Plugins/Interchange/Assets/Content/gltf/MaterialInstances/MI_Default_Blend.uasset" 4275
"../../../Engine/Plugins/Interchange/Assets/Content/gltf/MaterialInstances/MI_Default_Mask_DS.uasset" 4276
"/InterchangeAssets/gltf/MaterialInstances/MI_Default_Mask" 4277
"../../../Engine/Plugins/Interchange/Assets/Content/gltf/MaterialBodies/MF_Sheen_Body.uasset" 4278
"../../../Engine/Plugins/Interchange/Assets/Content/gltf/MaterialInstances/MI_Default_Opaque_DS.uasset" 4279
"../../../Engine/Plugins/Interchange/Assets/Content/gltf/MaterialInstances/MI_Sheen_Mask.uasset" 4280
"../../../Engine/Plugins/Interchange/Assets/Content/gltf/MaterialInstances/MI_Sheen_Opaque_DS.uasset" 4281
"../../../Engine/Plugins/Interchange/Assets/Content/gltf/MaterialInstances/MI_Sheen_Blend_DS.uasset" 4282
"../../../Engine/Plugins/Interchange/Assets/Content/gltf/MaterialFunctions/MF_Sheen.uasset" 4283
"../../../Engine/Plugins/Interchange/Assets/Content/gltf/M_Sheen.uasset" 4284
"/InterchangeAssets/gltf/MaterialInstances/MI_ClearCoat_Mask_DS" 4285
"/InterchangeAssets/gltf/MaterialInstances/MI_ClearCoat_Opaque_DS" 4286
"../../../Engine/Plugins/Interchange/Assets/Content/gltf/MaterialFunctions/MF_Temporal_Blur.uasset" 4287
"/InterchangeAssets/gltf/MaterialInstances/MI_ClearCoat_Blend" 4288
"/InterchangeAssets/gltf/MaterialInstances/MI_ClearCoat_Mask" 4289
"/InterchangeAssets/gltf/MaterialInstances/MI_ClearCoat_Opaque" 4290
"../../../Engine/Plugins/Interchange/Assets/Content/gltf/MaterialFunctions/MF_Transmission.uasset" 4291
"/Engine/EditorResources/EmptyActor" 4292
"../../../Engine/Content/EditorResources/EmptyActor.uasset" 4293
"/Engine/EditorResources/LightIcons/S_LightError" 4294
"../../../Engine/Content/EditorResources/LightIcons/S_LightError.uasset" 4295
"../../../Engine/Plugins/Interchange/Assets/Content/gltf/MaterialInstances/MI_Sheen_Blend.uasset" 4296
"../../../Engine/Plugins/Interchange/Assets/Content/gltf/MaterialInstances/MI_Sheen_Opaque.uasset" 4297
"../../../Engine/Plugins/Interchange/Assets/Content/gltf/MaterialInstances/MI_Sheen_Mask_DS.uasset" 4298
"../../../Engine/Plugins/Interchange/Assets/Content/gltf/MaterialFunctions/MF_Fresnel_DS.uasset" 4299
"../../../Engine/Plugins/Interchange/Assets/Content/gltf/MaterialBodies/MF_Transmission_Body.uasset" 4300
"../../../Engine/Plugins/Interchange/Assets/Content/gltf/MaterialInstances/MI_ClearCoat_Blend_DS.uasset" 4301
"../../../Engine/Plugins/Interchange/Assets/Content/gltf/M_Transmission.uasset" 4302
"../../../Engine/Plugins/Interchange/Assets/Content/gltf/MaterialInstances/MI_Transmission_DS.uasset" 4303
"../../../Engine/Plugins/Interchange/Assets/Content/gltf/MaterialInstances/MI_Transmission.uasset" 4304
"../../../Engine/Content/Functions/Engine_MaterialFunctions02/Texturing/ScreenAlignedPixelToPixelUVs.uasset" 4305
"../../../Engine/Plugins/Interchange/Assets/Content/gltf/MaterialFunctions/MF_PerceivedBrightness.uasset" 4306
"/Engine/EditorResources/AudioIcons/S_AudioComponent_AutoActivate" 4307
"../../../Engine/Content/EditorResources/AudioIcons/S_AudioComponent_AutoActivate.uasset" 4308
"../../../Engine/Plugins/Interchange/Assets/Shaders/ThinFilmFunctions.usf" 4309
"/InterchangeAssets/gltf/MaterialInstances/MI_Default_Opaque" 4310
"/InterchangeAssets/gltf/MaterialInstances/MI_Default_Blend" 4311
"/InterchangeAssets/gltf/MaterialInstances/MI_Default_Blend_DS" 4312
"/InterchangeAssets/gltf/MaterialInstances/MI_Default_Mask_DS" 4313
"/InterchangeAssets/gltf/MaterialInstances/MI_Sheen_Opaque_DS" 4314
"../../../Engine/Plugins/Interchange/Assets/Content/gltf/MaterialInstances/MI_SpecularGlossiness_Opaque.uasset" 4315
"../../../Engine/Plugins/Interchange/Assets/Content/gltf/MaterialFunctions/MF_DiffuseSpecGloss.uasset" 4316
"../../../Engine/Content/Functions/Engine_MaterialFunctions02/Math/AddComponents.uasset" 4317
"../../../Engine/Plugins/Interchange/Assets/Content/gltf/MaterialInstances/MI_SpecularGlossiness_Mask.uasset" 4318
"../../../Engine/Plugins/Interchange/Assets/Content/gltf/MaterialBodies/MF_SpecularGlossiness_Body.uasset" 4319
"../../../Engine/Plugins/Interchange/Assets/Content/gltf/M_SpecularGlossiness.uasset" 4320
"../../../Engine/Plugins/Interchange/Assets/Content/gltf/MaterialInstances/MI_SpecularGlossiness_Opaque_DS.uasset" 4321
"../../../Engine/Plugins/Interchange/Assets/Content/gltf/MaterialInstances/MI_SpecularGlossiness_Blend.uasset" 4322
"../../../Engine/Plugins/Interchange/Assets/Content/gltf/MaterialFunctions/MF_MaxComponentValue.uasset" 4323
"../../../Engine/Plugins/Interchange/Assets/Content/gltf/MaterialFunctions/MF_SpecGlossToMetalRoughness.uasset" 4324
"../../../Engine/Plugins/Interchange/Assets/Content/gltf/MaterialInstances/MI_SpecularGlossiness_Mask_DS.uasset" 4325
"../../../Engine/Plugins/Interchange/Assets/Content/gltf/MaterialInstances/MI_SpecularGlossiness_Blend_DS.uasset" 4326
"/InterchangeAssets/gltf/MaterialInstances/MI_Sheen_Blend" 4327
"/InterchangeAssets/gltf/MaterialInstances/MI_Transmission_DS" 4328
"/InterchangeAssets/gltf/MaterialInstances/MI_ClearCoat_Blend_DS" 4329
"/InterchangeAssets/gltf/MaterialInstances/MI_Transmission" 4330
"/InterchangeAssets/gltf/MaterialInstances/MI_Sheen_Mask" 4331
"/InterchangeAssets/gltf/MaterialInstances/MI_Sheen_Blend_DS" 4332
"/InterchangeAssets/gltf/MaterialInstances/MI_Sheen_Mask_DS" 4333
"/InterchangeAssets/gltf/MaterialInstances/MI_Sheen_Opaque" 4334
"/InterchangeAssets/gltf/MaterialInstances/MI_Default_Opaque_DS" 4335
"../../../Engine/Plugins/Interchange/Assets/Content/Functions/MF_OrenNayerView.uasset" 4336
"../../../Engine/Plugins/Interchange/Assets/Content/gltf/M_Unlit.uasset" 4337
"../../../Engine/Plugins/Interchange/Assets/Content/Functions/MX_Transmission.uasset" 4338
"../../../Engine/Plugins/Interchange/Assets/Content/Functions/MX_TransmissionSurface.uasset" 4339
"../../../Engine/Plugins/Interchange/Assets/Content/Functions/MX_OpenPBR_Translucent.uasset" 4340
"../../../Engine/Plugins/Interchange/Assets/Content/Functions/MX_StandardSurface.uasset" 4341
"../../../Engine/Content/Functions/Engine_MaterialFunctions01/Volumetrics/BeersLaw.uasset" 4342
"../../../Engine/Plugins/Interchange/Assets/Content/gltf/MaterialBodies/MF_Unlit_Body.uasset" 4343
"../../../Engine/Content/Functions/Substrate/MF_SchlickInternal.uasset" 4344
"../../../Engine/Plugins/Interchange/Assets/Content/gltf/MaterialInstances/MI_Unlit_Mask.uasset" 4345
"../../../Engine/Plugins/Interchange/Assets/Content/gltf/MaterialInstances/MI_Unlit_Mask_DS.uasset" 4346
"../../../Engine/Plugins/Interchange/Assets/Content/gltf/MaterialInstances/MI_Unlit_Blend.uasset" 4347
"../../../Engine/Plugins/Interchange/Assets/Content/gltf/MaterialInstances/MI_Unlit_Blend_DS.uasset" 4348
"../../../Engine/Plugins/Interchange/Assets/Content/gltf/MaterialInstances/MI_Unlit_Opaque.uasset" 4349
"../../../Engine/Plugins/Interchange/Assets/Content/gltf/MaterialInstances/MI_Unlit_Opaque_DS.uasset" 4350
"/InterchangeAssets/gltf/MaterialInstances/MI_SpecularGlossiness_Blend_DS" 4351
"/InterchangeAssets/gltf/MaterialInstances/MI_SpecularGlossiness_Mask_DS" 4352
"/InterchangeAssets/gltf/MaterialInstances/MI_SpecularGlossiness_Opaque_DS" 4353
"/InterchangeAssets/gltf/MaterialInstances/MI_SpecularGlossiness_Blend" 4354
"/InterchangeAssets/gltf/MaterialInstances/MI_SpecularGlossiness_Mask" 4355
"/InterchangeAssets/gltf/MaterialInstances/MI_SpecularGlossiness_Opaque" 4356
"/InterchangeAssets/Functions/MX_OpenPBR_Translucent" 4357
"/InterchangeAssets/gltf/MaterialInstances/MI_Unlit_Blend_DS" 4358
"/InterchangeAssets/gltf/MaterialInstances/MI_Unlit_Mask_DS" 4359
"/InterchangeAssets/gltf/MaterialInstances/MI_Unlit_Opaque_DS" 4360
"/InterchangeAssets/gltf/MaterialInstances/MI_Unlit_Blend" 4361
"/InterchangeAssets/gltf/MaterialInstances/MI_Unlit_Mask" 4362
"/InterchangeAssets/gltf/MaterialInstances/MI_Unlit_Opaque" 4363
"../../../Engine/Plugins/Interchange/Assets/Content/Functions/MX_OpenPBR_Opaque.uasset" 4364
"../../../Engine/Plugins/Animation/ControlRig/Content/Controls/ControlRig_Sphere_solid.uasset" 4365
"../../../Engine/Plugins/Animation/ControlRig/Content/Controls/ControlRig_Arrow2_1mm.uasset" 4366
"../../../Engine/Plugins/Animation/ControlRig/Content/Controls/ControlRig_Arrow2_3mm.uasset" 4367
"../../../Engine/Plugins/Animation/ControlRig/Content/Controls/ControlRig_Arrow2_solid.uasset" 4368
"../../../Engine/Plugins/Animation/ControlRig/Content/Controls/ControlRig_Arrow4_1mm.uasset" 4369
"/ControlRig/Controls/ControlRig_Arrow4_1mm" 4370
"/ControlRig/Controls/ControlRig_Arrow2_solid" 4371
"/ControlRig/Controls/ControlRig_Arrow2_3mm" 4372
"/ControlRig/Controls/ControlRig_Arrow2_1mm" 4373
"/ControlRig/Controls/ControlRig_Sphere_solid" 4374
"/InterchangeAssets/Functions/MX_OpenPBR_Opaque" 4375
"../../../Engine/Plugins/Animation/ControlRig/Content/Controls/ControlRig_Arrow4_solid.uasset" 4376
"../../../Engine/Plugins/Animation/ControlRig/Content/Controls/ControlRig_Arrow_1mm.uasset" 4377
"../../../Engine/Plugins/Animation/ControlRig/Content/Controls/ControlRig_Arrow4_3mm.uasset" 4378
"../../../Engine/Plugins/Animation/ControlRig/Content/Controls/ControlRig_Arrow_3mm.uasset" 4379
"../../../Engine/Plugins/Animation/ControlRig/Content/Controls/ControlRig_Box_3mm.uasset" 4380
"../../../Engine/Plugins/Animation/ControlRig/Content/Controls/ControlRig_Circle_1mm.uasset" 4381
"../../../Engine/Plugins/Animation/ControlRig/Content/Controls/ControlRig_Arrow_solid.uasset" 4382
"../../../Engine/Plugins/Animation/ControlRig/Content/Controls/ControlRig_Box_1mm.uasset" 4383
"/ControlRig/Controls/ControlRig_Circle_1mm" 4384
"../../../Engine/Plugins/Animation/ControlRig/Content/Controls/ControlRig_Circle_3mm.uasset" 4385
"/ControlRig/Controls/ControlRig_Box_3mm" 4386
"/ControlRig/Controls/ControlRig_Box_1mm" 4387
"../../../Engine/Plugins/Animation/ControlRig/Content/Controls/ControlRig_Circle_solid.uasset" 4388
"/ControlRig/Controls/ControlRig_Arrow_solid" 4389
"/ControlRig/Controls/ControlRig_Arrow_3mm" 4390
"/ControlRig/Controls/ControlRig_Arrow_1mm" 4391
"/ControlRig/Controls/ControlRig_Arrow4_solid" 4392
"/ControlRig/Controls/ControlRig_Arrow4_3mm" 4393
"/ControlRig/Controls/ControlRig_Circle_solid" 4394
"/ControlRig/Controls/ControlRig_Circle_3mm" 4395
"../../../Engine/Plugins/Animation/ControlRig/Content/Controls/ControlRig_Diamond_3mm.uasset" 4396
"../../../Engine/Plugins/Animation/ControlRig/Content/Controls/ControlRig_Diamond_1mm.uasset" 4397
"../../../Engine/Plugins/Animation/ControlRig/Content/Controls/ControlRig_Diamond_solid.uasset" 4398
"../../../Engine/Plugins/Animation/ControlRig/Content/Controls/ControlRig_Box_solid.uasset" 4399
"../../../Engine/Plugins/Animation/ControlRig/Content/Controls/ControlRig_HalfCircle_1mm.uasset" 4400
"../../../Engine/Plugins/Animation/ControlRig/Content/Controls/ControlRig_HalfCircle_solid.uasset" 4401
"../../../Engine/Plugins/Animation/ControlRig/Content/Controls/ControlRig_Octagon_1mm.uasset" 4402
"../../../Engine/Plugins/Animation/ControlRig/Content/Controls/ControlRig_Hexagon_solid.uasset" 4403
"../../../Engine/Plugins/Animation/ControlRig/Content/Controls/ControlRig_Octagon_solid.uasset" 4404
"../../../Engine/Plugins/Animation/ControlRig/Content/Controls/ControlRig_Octagon_3mm.uasset" 4405
"../../../Engine/Plugins/Animation/ControlRig/Content/Controls/ControlRig_Hexagon_1mm.uasset" 4406
"../../../Engine/Plugins/Animation/ControlRig/Content/Controls/ControlRig_Pyramid_3mm.uasset" 4407
"../../../Engine/Plugins/Animation/ControlRig/Content/Controls/ControlRig_QuarterCircle_1mm.uasset" 4408
"/ControlRig/Controls/ControlRig_Box_solid" 4409
"../../../Engine/Plugins/Animation/ControlRig/Content/Controls/ControlRig_Pyramid_1mm.uasset" 4410
"/ControlRig/Controls/ControlRig_Hexagon_1mm" 4411
"/ControlRig/Controls/ControlRig_HalfCircle_solid" 4412
"/ControlRig/Controls/ControlRig_HalfCircle_1mm" 4413
"/ControlRig/Controls/ControlRig_Diamond_solid" 4414
"/ControlRig/Controls/ControlRig_Diamond_3mm" 4415
"/ControlRig/Controls/ControlRig_Diamond_1mm" 4416
"../../../Engine/Plugins/Animation/ControlRig/Content/Controls/ControlRig_HalfCircle_3mm.uasset" 4417
"../../../Engine/Plugins/Animation/ControlRig/Content/Controls/ControlRig_Hexagon_3mm.uasset" 4418
"/ControlRig/Controls/ControlRig_Pyramid_3mm" 4419
"/ControlRig/Controls/ControlRig_Octagon_solid" 4420
"../../../Engine/Plugins/Animation/ControlRig/Content/Controls/ControlRig_QuarterCircle_3mm.uasset" 4421
"../../../Engine/Plugins/Animation/ControlRig/Content/Controls/ControlRig_Pyramid_solid.uasset" 4422
"/ControlRig/Controls/ControlRig_Octagon_3mm" 4423
"/ControlRig/Controls/ControlRig_Octagon_1mm" 4424
"/ControlRig/Controls/ControlRig_Hexagon_solid" 4425
"/ControlRig/Controls/ControlRig_Hexagon_3mm" 4426
"/ControlRig/Controls/ControlRig_HalfCircle_3mm" 4427
"/ControlRig/Controls/ControlRig_Pyramid_1mm" 4428
"/ControlRig/Controls/ControlRig_QuarterCircle_3mm" 4429
"/ControlRig/Controls/ControlRig_QuarterCircle_1mm" 4430
"/ControlRig/Controls/ControlRig_Pyramid_solid" 4431
"../../../Engine/Plugins/Animation/ControlRig/Content/Controls/ControlRig_QuarterCircle_solid.uasset" 4432
"../../../Engine/Plugins/Animation/ControlRig/Content/Controls/ControlRig_RoundedSquare_3mm.uasset" 4433
"/ControlRig/Controls/ControlRig_RoundedSquare_3mm" 4434
"../../../Engine/Plugins/Animation/ControlRig/Content/Controls/ControlRig_RoundedTriangle_1mm.uasset" 4435
"/ControlRig/Controls/ControlRig_QuarterCircle_solid" 4436
"../../../Engine/Plugins/Animation/ControlRig/Content/Controls/ControlRig_RoundedSquare_1mm.uasset" 4437
"/ControlRig/Controls/ControlRig_RoundedTriangle_1mm" 4438
"/ControlRig/Controls/ControlRig_RoundedSquare_1mm" 4439
"../../../Engine/Plugins/Animation/ControlRig/Content/Controls/ControlRig_RoundedSquare_solid.uasset" 4440
"/ControlRig/Controls/ControlRig_RoundedSquare_solid" 4441
"../../../Engine/Plugins/Animation/ControlRig/Content/Controls/ControlRig_Square_1mm.uasset" 4442
"../../../Engine/Plugins/Animation/ControlRig/Content/Controls/ControlRig_Sphere_1mm.uasset" 4443
"../../../Engine/Plugins/Animation/ControlRig/Content/Controls/ControlRig_RoundedTriangle_3mm.uasset" 4444
"../../../Engine/Plugins/Animation/ControlRig/Content/Controls/ControlRig_RoundedTriangle_solid.uasset" 4445
"../../../Engine/Plugins/Animation/ControlRig/Content/Controls/ControlRig_Sphere_3mm.uasset" 4446
"../../../Engine/Plugins/Animation/ControlRig/Content/Controls/ControlRig_Square_3mm.uasset" 4447
"../../../Engine/Plugins/Animation/ControlRig/Content/Controls/ControlRig_Square_solid.uasset" 4448
"../../../Engine/Plugins/Animation/ControlRig/Content/Controls/ControlRig_Star4_solid.uasset" 4449
"../../../Engine/Plugins/Animation/ControlRig/Content/Controls/ControlRig_Triangle_1mm.uasset" 4450
"../../../Engine/Plugins/Animation/ControlRig/Content/Controls/ControlRig_Star4_1mm.uasset" 4451
"../../../Engine/Plugins/Animation/ControlRig/Content/Controls/ControlRig_Star4_3mm.uasset" 4452
"../../../Engine/Plugins/Animation/ControlRig/Content/Controls/ControlRig_Triangle_3mm.uasset" 4453
"../../../Engine/Content/Maps/Entry_BuiltData.uasset" 4454
"../../../Engine/Plugins/Animation/ControlRig/Content/Controls/ControlRig_Triangle_solid.uasset" 4455
"../../../Engine/Content/Maps/Entry.umap" 4456
"../../../Engine/Plugins/Animation/ControlRig/Content/Controls/ControlRig_Wedge_3mm.uasset" 4457
"../../../Engine/Plugins/Animation/ControlRig/Content/Controls/ControlRig_Wedge_1mm.uasset" 4458
"../../../Engine/Plugins/Animation/ControlRig/Content/Controls/ControlRig_Wedge_solid.uasset" 4459
"/ControlRig/Controls/ControlRig_Square_solid" 4460
"/Engine/Maps/Entry" 4461
"/ControlRig/Controls/ControlRig_Wedge_solid" 4462
"/ControlRig/Controls/ControlRig_Wedge_3mm" 4463
"/ControlRig/Controls/ControlRig_Wedge_1mm" 4464
"/ControlRig/Controls/ControlRig_Triangle_solid" 4465
"/ControlRig/Controls/ControlRig_Triangle_3mm" 4466
"/ControlRig/Controls/ControlRig_Square_3mm" 4467
"/ControlRig/Controls/ControlRig_Square_1mm" 4468
"/ControlRig/Controls/ControlRig_Triangle_1mm" 4469
"/ControlRig/Controls/ControlRig_Star4_solid" 4470
"/ControlRig/Controls/ControlRig_Sphere_3mm" 4471
"/ControlRig/Controls/ControlRig_Sphere_1mm" 4472
"/ControlRig/Controls/ControlRig_RoundedTriangle_solid" 4473
"/ControlRig/Controls/ControlRig_RoundedTriangle_3mm" 4474
"/ControlRig/Controls/ControlRig_Star4_3mm" 4475
"/ControlRig/Controls/ControlRig_Star4_1mm" 4476
"../../../Engine/Content/EditorMaterials/PreviewShadowIndicator.uasset" 4477
"../../../Engine/Content/EditorMaterials/PreviewShadowIndicatorMaterial.uasset" 4478
"../../../Engine/Content/EngineMaterials/Substrate/GLints/dict_16_192_64_0p5_0p02_0000_0000.uasset" 4479
"../../../Engine/Content/EngineMaterials/Substrate/GLints/dict_16_192_64_0p5_0p02_0000_0002.uasset" 4480
"../../../Engine/Content/EngineMaterials/Substrate/GLints/dict_16_192_64_0p5_0p02_0000_0001.uasset" 4481
"../../../Engine/Content/EngineMaterials/Substrate/GLints/dict_16_192_64_0p5_0p02_0000_0003.uasset" 4482
"../../../Engine/Content/EngineMaterials/Substrate/GLints/dict_16_192_64_0p5_0p02_0000_0004.uasset" 4483
"../../../Engine/Content/EngineMaterials/Substrate/GLints/dict_16_192_64_0p5_0p02_0000_0005.uasset" 4484
"../../../Engine/Content/EngineMaterials/Substrate/GLints/dict_16_192_64_0p5_0p02_0000_0006.uasset" 4485
"../../../Engine/Content/EngineMaterials/Substrate/GLints/dict_16_192_64_0p5_0p02_0000_0007.uasset" 4486
"../../../Engine/Content/EngineMaterials/Substrate/GLints/dict_16_192_64_0p5_0p02_0000_0008.uasset" 4487
"../../../Engine/Content/EngineMaterials/Substrate/GLints/dict_16_192_64_0p5_0p02_0000_0010.uasset" 4488
"../../../Engine/Content/EngineMaterials/Substrate/GLints/dict_16_192_64_0p5_0p02_0000_0011.uasset" 4489
"../../../Engine/Content/EngineMaterials/Substrate/GLints/dict_16_192_64_0p5_0p02_0000_0012.uasset" 4490
"../../../Engine/Content/EngineMaterials/Substrate/GLints/dict_16_192_64_0p5_0p02_0000_0009.uasset" 4491
"../../../Engine/Content/EngineMaterials/Substrate/GLints/dict_16_192_64_0p5_0p02_0000_0013.uasset" 4492
"../../../Engine/Content/EngineMaterials/Substrate/GLints/dict_16_192_64_0p5_0p02_0000_0015.uasset" 4493
"../../../Engine/Content/EngineMaterials/Substrate/GLints/dict_16_192_64_0p5_0p02_0000_0014.uasset" 4494
"../../../Engine/Content/EngineMaterials/Substrate/GLints/dict_16_192_64_0p5_0p02_0001_0000.uasset" 4495
"../../../Engine/Content/EngineMaterials/Substrate/GLints/dict_16_192_64_0p5_0p02_0001_0003.uasset" 4496
"../../../Engine/Content/EngineMaterials/Substrate/GLints/dict_16_192_64_0p5_0p02_0001_0001.uasset" 4497
"../../../Engine/Content/EngineMaterials/Substrate/GLints/dict_16_192_64_0p5_0p02_0001_0002.uasset" 4498
"../../../Engine/Content/EngineMaterials/Substrate/GLints/dict_16_192_64_0p5_0p02_0001_0004.uasset" 4499
"../../../Engine/Content/EngineMaterials/Substrate/GLints/dict_16_192_64_0p5_0p02_0001_0005.uasset" 4500
"../../../Engine/Content/EngineMaterials/Substrate/GLints/dict_16_192_64_0p5_0p02_0001_0006.uasset" 4501
"../../../Engine/Content/EngineMaterials/Substrate/GLints/dict_16_192_64_0p5_0p02_0001_0007.uasset" 4502
"../../../Engine/Content/EngineMaterials/Substrate/GLints/dict_16_192_64_0p5_0p02_0001_0010.uasset" 4503
"../../../Engine/Content/EngineMaterials/Substrate/GLints/dict_16_192_64_0p5_0p02_0001_0008.uasset" 4504
"../../../Engine/Content/EngineMaterials/Substrate/GLints/dict_16_192_64_0p5_0p02_0001_0011.uasset" 4505
"../../../Engine/Content/EngineMaterials/Substrate/GLints/dict_16_192_64_0p5_0p02_0001_0009.uasset" 4506
"../../../Engine/Content/EngineMaterials/Substrate/GLints/dict_16_192_64_0p5_0p02_0001_0012.uasset" 4507
"../../../Engine/Content/EngineMaterials/Substrate/GLints/dict_16_192_64_0p5_0p02_0001_0013.uasset" 4508
"/Engine/EditorMaterials/PreviewShadowIndicator" 4509
"/Engine/EngineMaterials/Substrate/GLints/dict_16_192_64_0p5_0p02_0001_0010" 4510
"/Engine/EngineMaterials/Substrate/GLints/dict_16_192_64_0p5_0p02_0001_0013" 4511
"/Engine/EngineMaterials/Substrate/GLints/dict_16_192_64_0p5_0p02_0001_0012" 4512
"/Engine/EngineMaterials/Substrate/GLints/dict_16_192_64_0p5_0p02_0001_0011" 4513
"/Engine/EngineMaterials/Substrate/GLints/dict_16_192_64_0p5_0p02_0000_0015" 4514
"/Engine/EngineMaterials/Substrate/GLints/dict_16_192_64_0p5_0p02_0001_0009" 4515
"/Engine/EngineMaterials/Substrate/GLints/dict_16_192_64_0p5_0p02_0000_0014" 4516
"/Engine/EngineMaterials/Substrate/GLints/dict_16_192_64_0p5_0p02_0000_0013" 4517
"/Engine/EngineMaterials/Substrate/GLints/dict_16_192_64_0p5_0p02_0000_0012" 4518
"/Engine/EngineMaterials/Substrate/GLints/dict_16_192_64_0p5_0p02_0000_0011" 4519
"/Engine/EngineMaterials/Substrate/GLints/dict_16_192_64_0p5_0p02_0000_0010" 4520
"/Engine/EngineMaterials/Substrate/GLints/dict_16_192_64_0p5_0p02_0001_0008" 4521
"/Engine/EngineMaterials/Substrate/GLints/dict_16_192_64_0p5_0p02_0000_0009" 4522
"/Engine/EngineMaterials/Substrate/GLints/dict_16_192_64_0p5_0p02_0000_0008" 4523
"/Engine/EngineMaterials/Substrate/GLints/dict_16_192_64_0p5_0p02_0000_0007" 4524
"/Engine/EngineMaterials/Substrate/GLints/dict_16_192_64_0p5_0p02_0000_0006" 4525
"../../../Engine/Content/EngineMaterials/Substrate/GLints/dict_16_192_64_0p5_0p02_0001_0014.uasset" 4526
"/Engine/EngineMaterials/Substrate/GLints/dict_16_192_64_0p5_0p02_0000_0005" 4527
"/Engine/EngineMaterials/Substrate/GLints/dict_16_192_64_0p5_0p02_0000_0004" 4528
"/Engine/EngineMaterials/Substrate/GLints/dict_16_192_64_0p5_0p02_0000_0003" 4529
"/Engine/EngineMaterials/Substrate/GLints/dict_16_192_64_0p5_0p02_0000_0002" 4530
"/Engine/EngineMaterials/Substrate/GLints/dict_16_192_64_0p5_0p02_0000_0001" 4531
"/Engine/EngineMaterials/Substrate/GLints/dict_16_192_64_0p5_0p02_0000_0000" 4532
"/Engine/EngineMaterials/Substrate/GLints/dict_16_192_64_0p5_0p02_0001_0002" 4533
"/Engine/EngineMaterials/Substrate/GLints/dict_16_192_64_0p5_0p02_0001_0000" 4534
"/Engine/EngineMaterials/Substrate/GLints/dict_16_192_64_0p5_0p02_0001_0004" 4535
"/Engine/EngineMaterials/Substrate/GLints/dict_16_192_64_0p5_0p02_0001_0001" 4536
"/Engine/EngineMaterials/Substrate/GLints/dict_16_192_64_0p5_0p02_0001_0003" 4537
"/Engine/EngineMaterials/Substrate/GLints/dict_16_192_64_0p5_0p02_0001_0007" 4538
"/Engine/EngineMaterials/Substrate/GLints/dict_16_192_64_0p5_0p02_0001_0006" 4539
"/Engine/EngineMaterials/Substrate/GLints/dict_16_192_64_0p5_0p02_0001_0005" 4540
"/Engine/EditorMaterials/PreviewShadowIndicatorMaterial" 4541
"/Engine/EngineMaterials/Substrate/GLints/dict_16_192_64_0p5_0p02_0001_0014" 4542
"../../../Engine/Content/EngineMaterials/Substrate/GLints/dict_16_192_64_0p5_0p02_0001_0015.uasset" 4543
"../../../Engine/Content/EngineMaterials/Substrate/GLints/dict_16_192_64_0p5_0p02_0002_0000.uasset" 4544
"../../../Engine/Content/EngineMaterials/Substrate/GLints/dict_16_192_64_0p5_0p02_0002_0002.uasset" 4545
"../../../Engine/Content/EngineMaterials/Substrate/GLints/dict_16_192_64_0p5_0p02_0002_0001.uasset" 4546
"../../../Engine/Content/EngineMaterials/Substrate/GLints/dict_16_192_64_0p5_0p02_0002_0003.uasset" 4547
"../../../Engine/Content/EngineMaterials/Substrate/GLints/dict_16_192_64_0p5_0p02_0002_0004.uasset" 4548
"../../../Engine/Content/EngineMaterials/Substrate/GLints/dict_16_192_64_0p5_0p02_0002_0007.uasset" 4549
"../../../Engine/Content/EngineMaterials/Substrate/GLints/dict_16_192_64_0p5_0p02_0002_0006.uasset" 4550
"../../../Engine/Content/EngineMaterials/Substrate/GLints/dict_16_192_64_0p5_0p02_0002_0008.uasset" 4551
"../../../Engine/Content/EngineMaterials/Substrate/GLints/dict_16_192_64_0p5_0p02_0002_0010.uasset" 4552
"../../../Engine/Content/EngineMaterials/Substrate/GLints/dict_16_192_64_0p5_0p02_0002_0009.uasset" 4553
"../../../Engine/Content/EngineMaterials/Substrate/GLints/dict_16_192_64_0p5_0p02_0002_0005.uasset" 4554
"../../../Engine/Content/EngineMaterials/Substrate/GLints/dict_16_192_64_0p5_0p02_0002_0012.uasset" 4555
"../../../Engine/Content/EngineMaterials/Substrate/GLints/dict_16_192_64_0p5_0p02_0002_0011.uasset" 4556
"../../../Engine/Content/EngineMaterials/Substrate/GLints/dict_16_192_64_0p5_0p02_0002_0015.uasset" 4557
"../../../Engine/Content/EngineMaterials/Substrate/GLints/dict_16_192_64_0p5_0p02_0002_0014.uasset" 4558
"../../../Engine/Content/EngineMaterials/Substrate/GLints/dict_16_192_64_0p5_0p02_0002_0013.uasset" 4559
"../../../Engine/Content/EngineMaterials/Substrate/GLints/dict_16_192_64_0p5_0p02_0003_0001.uasset" 4560
"../../../Engine/Content/EngineMaterials/Substrate/GLints/dict_16_192_64_0p5_0p02_0003_0002.uasset" 4561
"../../../Engine/Content/EngineMaterials/Substrate/GLints/dict_16_192_64_0p5_0p02_0003_0003.uasset" 4562
"../../../Engine/Content/EngineMaterials/Substrate/GLints/dict_16_192_64_0p5_0p02_0003_0004.uasset" 4563
"../../../Engine/Content/EngineMaterials/Substrate/GLints/dict_16_192_64_0p5_0p02_0003_0007.uasset" 4564
"../../../Engine/Content/EngineMaterials/Substrate/GLints/dict_16_192_64_0p5_0p02_0003_0000.uasset" 4565
"../../../Engine/Content/EngineMaterials/Substrate/GLints/dict_16_192_64_0p5_0p02_0003_0006.uasset" 4566
"../../../Engine/Content/EngineMaterials/Substrate/GLints/dict_16_192_64_0p5_0p02_0003_0008.uasset" 4567
"../../../Engine/Content/EngineMaterials/Substrate/GLints/dict_16_192_64_0p5_0p02_0003_0005.uasset" 4568
"../../../Engine/Content/EngineMaterials/Substrate/GLints/dict_16_192_64_0p5_0p02_0003_0011.uasset" 4569
"../../../Engine/Content/EngineMaterials/Substrate/GLints/dict_16_192_64_0p5_0p02_0003_0010.uasset" 4570
"../../../Engine/Content/EngineMaterials/Substrate/GLints/dict_16_192_64_0p5_0p02_0003_0009.uasset" 4571
"../../../Engine/Content/EngineMaterials/Substrate/GLints/dict_16_192_64_0p5_0p02_0003_0012.uasset" 4572
"../../../Engine/Content/EngineMaterials/Substrate/GLints/dict_16_192_64_0p5_0p02_0003_0014.uasset" 4573
"../../../Engine/Content/EngineMaterials/Substrate/GLints/dict_16_192_64_0p5_0p02_0003_0013.uasset" 4574
"/Engine/EngineMaterials/Substrate/GLints/dict_16_192_64_0p5_0p02_0003_0013" 4575
"/Engine/EngineMaterials/Substrate/GLints/dict_16_192_64_0p5_0p02_0003_0012" 4576
"/Engine/EngineMaterials/Substrate/GLints/dict_16_192_64_0p5_0p02_0003_0011" 4577
"/Engine/EngineMaterials/Substrate/GLints/dict_16_192_64_0p5_0p02_0003_0010" 4578
"/Engine/EngineMaterials/Substrate/GLints/dict_16_192_64_0p5_0p02_0003_0009" 4579
"/Engine/EngineMaterials/Substrate/GLints/dict_16_192_64_0p5_0p02_0003_0008" 4580
"/Engine/EngineMaterials/Substrate/GLints/dict_16_192_64_0p5_0p02_0003_0007" 4581
"/Engine/EngineMaterials/Substrate/GLints/dict_16_192_64_0p5_0p02_0003_0006" 4582
"/Engine/EngineMaterials/Substrate/GLints/dict_16_192_64_0p5_0p02_0003_0005" 4583
"/Engine/EngineMaterials/Substrate/GLints/dict_16_192_64_0p5_0p02_0003_0004" 4584
"/Engine/EngineMaterials/Substrate/GLints/dict_16_192_64_0p5_0p02_0003_0003" 4585
"/Engine/EngineMaterials/Substrate/GLints/dict_16_192_64_0p5_0p02_0003_0002" 4586
"/Engine/EngineMaterials/Substrate/GLints/dict_16_192_64_0p5_0p02_0003_0001" 4587
"/Engine/EngineMaterials/Substrate/GLints/dict_16_192_64_0p5_0p02_0003_0000" 4588
"/Engine/EngineMaterials/Substrate/GLints/dict_16_192_64_0p5_0p02_0002_0015" 4589
"/Engine/EngineMaterials/Substrate/GLints/dict_16_192_64_0p5_0p02_0002_0014" 4590
"/Engine/EngineMaterials/Substrate/GLints/dict_16_192_64_0p5_0p02_0002_0013" 4591
"/Engine/EngineMaterials/Substrate/GLints/dict_16_192_64_0p5_0p02_0002_0012" 4592
"/Engine/EngineMaterials/Substrate/GLints/dict_16_192_64_0p5_0p02_0002_0011" 4593
"/Engine/EngineMaterials/Substrate/GLints/dict_16_192_64_0p5_0p02_0002_0010" 4594
"/Engine/EngineMaterials/Substrate/GLints/dict_16_192_64_0p5_0p02_0002_0009" 4595
"/Engine/EngineMaterials/Substrate/GLints/dict_16_192_64_0p5_0p02_0002_0008" 4596
"/Engine/EngineMaterials/Substrate/GLints/dict_16_192_64_0p5_0p02_0002_0007" 4597
"/Engine/EngineMaterials/Substrate/GLints/dict_16_192_64_0p5_0p02_0002_0006" 4598
"/Engine/EngineMaterials/Substrate/GLints/dict_16_192_64_0p5_0p02_0002_0005" 4599
"/Engine/EngineMaterials/Substrate/GLints/dict_16_192_64_0p5_0p02_0002_0004" 4600
"/Engine/EngineMaterials/Substrate/GLints/dict_16_192_64_0p5_0p02_0002_0003" 4601
"/Engine/EngineMaterials/Substrate/GLints/dict_16_192_64_0p5_0p02_0002_0002" 4602
"/Engine/EngineMaterials/Substrate/GLints/dict_16_192_64_0p5_0p02_0002_0001" 4603
"/Engine/EngineMaterials/Substrate/GLints/dict_16_192_64_0p5_0p02_0002_0000" 4604
"/Engine/EngineMaterials/Substrate/GLints/dict_16_192_64_0p5_0p02_0001_0015" 4605
"/Engine/EngineMaterials/Substrate/GLints/dict_16_192_64_0p5_0p02_0003_0014" 4606
"../../../Engine/Content/EngineMaterials/Substrate/GLints/dict_16_192_64_0p5_0p02_0004_0000.uasset" 4607
"../../../Engine/Content/EngineMaterials/Substrate/GLints/dict_16_192_64_0p5_0p02_0003_0015.uasset" 4608
"../../../Engine/Content/EngineMaterials/Substrate/GLints/dict_16_192_64_0p5_0p02_0004_0002.uasset" 4609
"../../../Engine/Content/EngineMaterials/Substrate/GLints/dict_16_192_64_0p5_0p02_0004_0003.uasset" 4610
"../../../Engine/Content/EngineMaterials/Substrate/GLints/dict_16_192_64_0p5_0p02_0004_0004.uasset" 4611
"../../../Engine/Content/EngineMaterials/Substrate/GLints/dict_16_192_64_0p5_0p02_0004_0006.uasset" 4612
"../../../Engine/Content/EngineMaterials/Substrate/GLints/dict_16_192_64_0p5_0p02_0004_0005.uasset" 4613
"../../../Engine/Content/EngineMaterials/Substrate/GLints/dict_16_192_64_0p5_0p02_0004_0001.uasset" 4614
"../../../Engine/Content/EngineMaterials/Substrate/GLints/dict_16_192_64_0p5_0p02_0004_0008.uasset" 4615
"../../../Engine/Content/EngineMaterials/Substrate/GLints/dict_16_192_64_0p5_0p02_0004_0009.uasset" 4616
"../../../Engine/Content/EngineMaterials/Substrate/GLints/dict_16_192_64_0p5_0p02_0004_0007.uasset" 4617
"../../../Engine/Content/EngineMaterials/Substrate/GLints/dict_16_192_64_0p5_0p02_0004_0012.uasset" 4618
"../../../Engine/Content/EngineMaterials/Substrate/GLints/dict_16_192_64_0p5_0p02_0004_0011.uasset" 4619
"../../../Engine/Content/EngineMaterials/Substrate/GLints/dict_16_192_64_0p5_0p02_0004_0014.uasset" 4620
"../../../Engine/Content/EngineMaterials/Substrate/GLints/dict_16_192_64_0p5_0p02_0004_0015.uasset" 4621
"../../../Engine/Content/EngineMaterials/Substrate/GLints/dict_16_192_64_0p5_0p02_0004_0010.uasset" 4622
"../../../Engine/Content/EngineMaterials/Substrate/GLints/dict_16_192_64_0p5_0p02_0005_0000.uasset" 4623
"../../../Engine/Content/EngineMaterials/Substrate/GLints/dict_16_192_64_0p5_0p02_0004_0013.uasset" 4624
"../../../Engine/Plugins/Animation/DeformerGraph/Shaders/Private/DataInterfaceCustomComputeKernel.ush" 4625
"../../../Engine/Content/EngineMaterials/Substrate/GLints/dict_16_192_64_0p5_0p02_0005_0001.uasset" 4626
"../../../Engine/Content/EngineMaterials/Substrate/GLints/dict_16_192_64_0p5_0p02_0005_0002.uasset" 4627
"../../../Engine/Content/EngineMaterials/Substrate/GLints/dict_16_192_64_0p5_0p02_0005_0003.uasset" 4628
"../../../Engine/Content/EngineMaterials/Substrate/GLints/dict_16_192_64_0p5_0p02_0005_0004.uasset" 4629
"../../../Engine/Content/EngineMaterials/Substrate/GLints/dict_16_192_64_0p5_0p02_0005_0006.uasset" 4630
"../../../Engine/Plugins/Animation/DeformerGraph/Shaders/Private/DataInterfaceCloth.ush" 4631
"../../../Engine/Plugins/Animation/DeformerGraph/Shaders/Private/DataInterfaceSkinnedMeshRead.ush" 4632
"../../../Engine/Content/EngineMaterials/Substrate/GLints/dict_16_192_64_0p5_0p02_0005_0007.uasset" 4633
"../../../Engine/Content/EngineMaterials/Substrate/GLints/dict_16_192_64_0p5_0p02_0005_0009.uasset" 4634
"../../../Engine/Content/EngineMaterials/Substrate/GLints/dict_16_192_64_0p5_0p02_0005_0008.uasset" 4635
"../../../Engine/Content/EngineMaterials/Substrate/GLints/dict_16_192_64_0p5_0p02_0005_0005.uasset" 4636
"../../../Engine/Plugins/Animation/DeformerGraph/Shaders/Private/DataInterfaceSkeleton.ush" 4637
"../../../Engine/Content/EngineMaterials/Substrate/GLints/dict_16_192_64_0p5_0p02_0005_0011.uasset" 4638
"../../../Engine/Content/EngineMaterials/Substrate/GLints/dict_16_192_64_0p5_0p02_0005_0010.uasset" 4639
"../../../Engine/Content/EngineMaterials/Substrate/GLints/dict_16_192_64_0p5_0p02_0005_0012.uasset" 4640
"../../../Engine/Plugins/Animation/DeformerGraph/Shaders/Private/DataInterfaceSkeletonCommon.ush" 4641
"../../../Engine/Content/EngineMaterials/Substrate/GLints/dict_16_192_64_0p5_0p02_0005_0014.uasset" 4642
"../../../Engine/Content/EngineMaterials/Substrate/GLints/dict_16_192_64_0p5_0p02_0005_0013.uasset" 4643
"../../../Engine/Plugins/Animation/DeformerGraph/Shaders/Private/DataInterfaceMorphTarget.ush" 4644
"../../../Engine/Plugins/Animation/DeformerGraph/Shaders/Private/DataInterfaceSkinnedMeshWrite.ush" 4645
"../../../Engine/Plugins/Animation/DeformerGraph/Shaders/Private/DataInterfaceRawBuffer.ush" 4646
"../../../Engine/Plugins/Runtime/ComputeFramework/Shaders/Private/BufferAlias.ush" 4647
"../../../Engine/Plugins/Animation/DeformerGraph/Shaders/Private/DataInterfaceSkinnedMesh.ush" 4648
"../../../Engine/Plugins/Animation/DeformerGraph/Shaders/Private/DataInterfaceHalfEdge.ush" 4649
"/Engine/EngineMaterials/Substrate/GLints/dict_16_192_64_0p5_0p02_0005_0014" 4650
"/Engine/EngineMaterials/Substrate/GLints/dict_16_192_64_0p5_0p02_0005_0013" 4651
"/Engine/EngineMaterials/Substrate/GLints/dict_16_192_64_0p5_0p02_0005_0012" 4652
"/Engine/EngineMaterials/Substrate/GLints/dict_16_192_64_0p5_0p02_0005_0011" 4653
"/Engine/EngineMaterials/Substrate/GLints/dict_16_192_64_0p5_0p02_0005_0010" 4654
"/Engine/EngineMaterials/Substrate/GLints/dict_16_192_64_0p5_0p02_0005_0009" 4655
"/Engine/EngineMaterials/Substrate/GLints/dict_16_192_64_0p5_0p02_0005_0008" 4656
"/Engine/EngineMaterials/Substrate/GLints/dict_16_192_64_0p5_0p02_0005_0007" 4657
"/Engine/EngineMaterials/Substrate/GLints/dict_16_192_64_0p5_0p02_0005_0006" 4658
"/Engine/EngineMaterials/Substrate/GLints/dict_16_192_64_0p5_0p02_0005_0005" 4659
"/Engine/EngineMaterials/Substrate/GLints/dict_16_192_64_0p5_0p02_0005_0004" 4660
"/Engine/EngineMaterials/Substrate/GLints/dict_16_192_64_0p5_0p02_0005_0003" 4661
"/Engine/EngineMaterials/Substrate/GLints/dict_16_192_64_0p5_0p02_0005_0002" 4662
"/Engine/EngineMaterials/Substrate/GLints/dict_16_192_64_0p5_0p02_0005_0001" 4663
"/Engine/EngineMaterials/Substrate/GLints/dict_16_192_64_0p5_0p02_0005_0000" 4664
"/Engine/EngineMaterials/Substrate/GLints/dict_16_192_64_0p5_0p02_0004_0015" 4665
"/Engine/EngineMaterials/Substrate/GLints/dict_16_192_64_0p5_0p02_0004_0014" 4666
"/Engine/EngineMaterials/Substrate/GLints/dict_16_192_64_0p5_0p02_0004_0013" 4667
"/Engine/EngineMaterials/Substrate/GLints/dict_16_192_64_0p5_0p02_0004_0012" 4668
"/Engine/EngineMaterials/Substrate/GLints/dict_16_192_64_0p5_0p02_0004_0011" 4669
"/Engine/EngineMaterials/Substrate/GLints/dict_16_192_64_0p5_0p02_0004_0010" 4670
"/Engine/EngineMaterials/Substrate/GLints/dict_16_192_64_0p5_0p02_0004_0009" 4671
"/Engine/EngineMaterials/Substrate/GLints/dict_16_192_64_0p5_0p02_0004_0008" 4672
"/Engine/EngineMaterials/Substrate/GLints/dict_16_192_64_0p5_0p02_0004_0007" 4673
"/Engine/EngineMaterials/Substrate/GLints/dict_16_192_64_0p5_0p02_0004_0006" 4674
"/Engine/EngineMaterials/Substrate/GLints/dict_16_192_64_0p5_0p02_0004_0005" 4675
"/Engine/EngineMaterials/Substrate/GLints/dict_16_192_64_0p5_0p02_0004_0004" 4676
"/Engine/EngineMaterials/Substrate/GLints/dict_16_192_64_0p5_0p02_0004_0003" 4677
"/Engine/EngineMaterials/Substrate/GLints/dict_16_192_64_0p5_0p02_0004_0002" 4678
"/Engine/EngineMaterials/Substrate/GLints/dict_16_192_64_0p5_0p02_0004_0001" 4679
"/Engine/EngineMaterials/Substrate/GLints/dict_16_192_64_0p5_0p02_0004_0000" 4680
"/Engine/EngineMaterials/Substrate/GLints/dict_16_192_64_0p5_0p02_0003_0015" 4681
"../../../Engine/Content/EngineMaterials/Substrate/GLints/dict_16_192_64_0p5_0p02_0006_0000.uasset" 4682
"../../../Engine/Content/EngineMaterials/Substrate/GLints/dict_16_192_64_0p5_0p02_0005_0015.uasset" 4683
"../../../Engine/Content/EngineMaterials/Substrate/GLints/dict_16_192_64_0p5_0p02_0006_0002.uasset" 4684
"../../../Engine/Content/EngineMaterials/Substrate/GLints/dict_16_192_64_0p5_0p02_0006_0001.uasset" 4685
"/Engine/EngineMaterials/Substrate/GLints/dict_16_192_64_0p5_0p02_0006_0002" 4686
"/Engine/EngineMaterials/Substrate/GLints/dict_16_192_64_0p5_0p02_0006_0001" 4687
"/Engine/EngineMaterials/Substrate/GLints/dict_16_192_64_0p5_0p02_0006_0000" 4688
"/Engine/EngineMaterials/Substrate/GLints/dict_16_192_64_0p5_0p02_0005_0015" 4689
"../../../Engine/Content/EngineMaterials/Substrate/GLints/dict_16_192_64_0p5_0p02_0006_0004.uasset" 4690
"../../../Engine/Content/EngineMaterials/Substrate/GLints/dict_16_192_64_0p5_0p02_0006_0003.uasset" 4691
"/Engine/EngineMaterials/Substrate/GLints/dict_16_192_64_0p5_0p02_0006_0004" 4692
"/Engine/EngineMaterials/Substrate/GLints/dict_16_192_64_0p5_0p02_0006_0003" 4693
"../../../Engine/Content/EngineMaterials/Substrate/GLints/dict_16_192_64_0p5_0p02_0006_0005.uasset" 4694
"../../../Engine/Content/EngineMaterials/Substrate/GLints/dict_16_192_64_0p5_0p02_0006_0006.uasset" 4695
"/Engine/EngineMaterials/Substrate/GLints/dict_16_192_64_0p5_0p02_0006_0006" 4696
"/Engine/EngineMaterials/Substrate/GLints/dict_16_192_64_0p5_0p02_0006_0005" 4697
"../../../Engine/Content/EngineMaterials/Substrate/GLints/dict_16_192_64_0p5_0p02_0006_0008.uasset" 4698
"../../../Engine/Content/EngineMaterials/Substrate/GLints/dict_16_192_64_0p5_0p02_0006_0007.uasset" 4699
"../../../Engine/Content/EngineMaterials/Substrate/GLints/dict_16_192_64_0p5_0p02_0006_0011.uasset" 4700
"../../../Engine/Content/EngineMaterials/Substrate/GLints/dict_16_192_64_0p5_0p02_0006_0009.uasset" 4701
"../../../Engine/Content/EngineMaterials/Substrate/GLints/dict_16_192_64_0p5_0p02_0006_0010.uasset" 4702
"../../../Engine/Content/EngineMaterials/Substrate/GLints/dict_16_192_64_0p5_0p02_0006_0012.uasset" 4703
"/Engine/EngineMaterials/Substrate/GLints/dict_16_192_64_0p5_0p02_0006_0012" 4704
"/Engine/EngineMaterials/Substrate/GLints/dict_16_192_64_0p5_0p02_0006_0011" 4705
"/Engine/EngineMaterials/Substrate/GLints/dict_16_192_64_0p5_0p02_0006_0010" 4706
"/Engine/EngineMaterials/Substrate/GLints/dict_16_192_64_0p5_0p02_0006_0009" 4707
"/Engine/EngineMaterials/Substrate/GLints/dict_16_192_64_0p5_0p02_0006_0008" 4708
"/Engine/EngineMaterials/Substrate/GLints/dict_16_192_64_0p5_0p02_0006_0007" 4709
"../../../Engine/Content/EngineMaterials/Substrate/GLints/dict_16_192_64_0p5_0p02_0006_0015.uasset" 4710
"../../../Engine/Content/EngineMaterials/Substrate/GLints/dict_16_192_64_0p5_0p02_0006_0014.uasset" 4711
"../../../Engine/Content/EngineMaterials/Substrate/GLints/dict_16_192_64_0p5_0p02_0007_0000.uasset" 4712
"../../../Engine/Content/EngineMaterials/Substrate/GLints/dict_16_192_64_0p5_0p02_0006_0013.uasset" 4713
"../../../Engine/Content/EngineMaterials/Substrate/GLints/dict_16_192_64_0p5_0p02_0007_0001.uasset" 4714
"/Engine/EngineMaterials/Substrate/GLints/dict_16_192_64_0p5_0p02_0007_0000" 4715
"../../../Engine/Content/EngineMaterials/Substrate/GLints/dict_16_192_64_0p5_0p02_0007_0002.uasset" 4716
"/Engine/EngineMaterials/Substrate/GLints/dict_16_192_64_0p5_0p02_0006_0015" 4717
"/Engine/EngineMaterials/Substrate/GLints/dict_16_192_64_0p5_0p02_0006_0014" 4718
"/Engine/EngineMaterials/Substrate/GLints/dict_16_192_64_0p5_0p02_0006_0013" 4719
"/Engine/EngineMaterials/Substrate/GLints/dict_16_192_64_0p5_0p02_0007_0002" 4720
"/Engine/EngineMaterials/Substrate/GLints/dict_16_192_64_0p5_0p02_0007_0001" 4721
"../../../Engine/Content/EngineMaterials/Substrate/GLints/dict_16_192_64_0p5_0p02_0007_0007.uasset" 4722
"../../../Engine/Content/EngineMaterials/Substrate/GLints/dict_16_192_64_0p5_0p02_0007_0008.uasset" 4723
"../../../Engine/Content/EngineMaterials/Substrate/GLints/dict_16_192_64_0p5_0p02_0007_0006.uasset" 4724
"../../../Engine/Content/EngineMaterials/Substrate/GLints/dict_16_192_64_0p5_0p02_0007_0005.uasset" 4725
"../../../Engine/Content/EngineMaterials/Substrate/GLints/dict_16_192_64_0p5_0p02_0007_0003.uasset" 4726
"../../../Engine/Content/EngineMaterials/Substrate/GLints/dict_16_192_64_0p5_0p02_0007_0004.uasset" 4727
"/Engine/EngineMaterials/Substrate/GLints/dict_16_192_64_0p5_0p02_0007_0008" 4728
"/Engine/EngineMaterials/Substrate/GLints/dict_16_192_64_0p5_0p02_0007_0007" 4729
"/Engine/EngineMaterials/Substrate/GLints/dict_16_192_64_0p5_0p02_0007_0006" 4730
"../../../Engine/Content/EngineMaterials/Substrate/GLints/dict_16_192_64_0p5_0p02_0007_0009.uasset" 4731
"/Engine/EngineMaterials/Substrate/GLints/dict_16_192_64_0p5_0p02_0007_0005" 4732
"/Engine/EngineMaterials/Substrate/GLints/dict_16_192_64_0p5_0p02_0007_0004" 4733
"/Engine/EngineMaterials/Substrate/GLints/dict_16_192_64_0p5_0p02_0007_0003" 4734
"/Engine/EngineMaterials/Substrate/GLints/dict_16_192_64_0p5_0p02_0007_0009" 4735
"../../../Engine/Content/EngineMaterials/Substrate/GLints/dict_16_192_64_0p5_0p02_0007_0014.uasset" 4736
"../../../Engine/Content/EngineMaterials/Substrate/GLints/dict_16_192_64_0p5_0p02_0007_0013.uasset" 4737
"/Engine/EngineMaterials/Substrate/GLints/dict_16_192_64_0p5_0p02_0007_0014" 4738
"../../../Engine/Content/EngineMaterials/Substrate/GLints/dict_16_192_64_0p5_0p02_0007_0011.uasset" 4739
"../../../Engine/Content/EngineMaterials/Substrate/GLints/dict_16_192_64_0p5_0p02_0007_0012.uasset" 4740
"/Engine/EngineMaterials/Substrate/GLints/dict_16_192_64_0p5_0p02_0007_0013" 4741
"../../../Engine/Content/EngineMaterials/Substrate/GLints/dict_16_192_64_0p5_0p02_0007_0010.uasset" 4742
"/Engine/EngineMaterials/Substrate/GLints/dict_16_192_64_0p5_0p02_0007_0012" 4743
"/Engine/EngineMaterials/Substrate/GLints/dict_16_192_64_0p5_0p02_0007_0010" 4744
"../../../Engine/Content/EngineMaterials/Substrate/GLints/dict_16_192_64_0p5_0p02_0008_0000.uasset" 4745
"../../../Engine/Content/EngineMaterials/Substrate/GLints/dict_16_192_64_0p5_0p02_0008_0003.uasset" 4746
"../../../Engine/Content/EngineMaterials/Substrate/GLints/dict_16_192_64_0p5_0p02_0008_0002.uasset" 4747
"../../../Engine/Content/EngineMaterials/Substrate/GLints/dict_16_192_64_0p5_0p02_0008_0001.uasset" 4748
"../../../Engine/Content/EngineMaterials/Substrate/GLints/dict_16_192_64_0p5_0p02_0008_0006.uasset" 4749
"../../../Engine/Content/EngineMaterials/Substrate/GLints/dict_16_192_64_0p5_0p02_0008_0004.uasset" 4750
"../../../Engine/Content/EngineMaterials/Substrate/GLints/dict_16_192_64_0p5_0p02_0007_0015.uasset" 4751
"../../../Engine/Content/EngineMaterials/Substrate/GLints/dict_16_192_64_0p5_0p02_0008_0005.uasset" 4752
"../../../Engine/Content/EngineMaterials/Substrate/GLints/dict_16_192_64_0p5_0p02_0008_0008.uasset" 4753
"../../../Engine/Content/EngineMaterials/Substrate/GLints/dict_16_192_64_0p5_0p02_0008_0010.uasset" 4754
"../../../Engine/Content/EngineMaterials/Substrate/GLints/dict_16_192_64_0p5_0p02_0008_0007.uasset" 4755
"/Engine/EngineMaterials/Substrate/GLints/dict_16_192_64_0p5_0p02_0007_0011" 4756
"/Engine/EngineMaterials/Substrate/GLints/dict_16_192_64_0p5_0p02_0008_0010" 4757
"/Engine/EngineMaterials/Substrate/GLints/dict_16_192_64_0p5_0p02_0008_0008" 4758
"/Engine/EngineMaterials/Substrate/GLints/dict_16_192_64_0p5_0p02_0008_0007" 4759
"/Engine/EngineMaterials/Substrate/GLints/dict_16_192_64_0p5_0p02_0008_0006" 4760
"/Engine/EngineMaterials/Substrate/GLints/dict_16_192_64_0p5_0p02_0008_0005" 4761
"/Engine/EngineMaterials/Substrate/GLints/dict_16_192_64_0p5_0p02_0008_0004" 4762
"/Engine/EngineMaterials/Substrate/GLints/dict_16_192_64_0p5_0p02_0008_0003" 4763
"/Engine/EngineMaterials/Substrate/GLints/dict_16_192_64_0p5_0p02_0008_0002" 4764
"/Engine/EngineMaterials/Substrate/GLints/dict_16_192_64_0p5_0p02_0008_0001" 4765
"../../../Engine/Content/EngineMaterials/Substrate/GLints/dict_16_192_64_0p5_0p02_0008_0009.uasset" 4766
"/Engine/EngineMaterials/Substrate/GLints/dict_16_192_64_0p5_0p02_0008_0000" 4767
"../../../Engine/Content/EngineMaterials/Substrate/GLints/dict_16_192_64_0p5_0p02_0008_0012.uasset" 4768
"/Engine/EngineMaterials/Substrate/GLints/dict_16_192_64_0p5_0p02_0007_0015" 4769
"../../../Engine/Content/EngineMaterials/Substrate/GLints/dict_16_192_64_0p5_0p02_0008_0011.uasset" 4770
"/Engine/EngineMaterials/Substrate/GLints/dict_16_192_64_0p5_0p02_0008_0012" 4771
"/Engine/EngineMaterials/Substrate/GLints/dict_16_192_64_0p5_0p02_0008_0011" 4772
"/Engine/EngineMaterials/Substrate/GLints/dict_16_192_64_0p5_0p02_0008_0009" 4773
"../../../Engine/Content/EngineMaterials/Substrate/GLints/dict_16_192_64_0p5_0p02_0008_0013.uasset" 4774
"../../../Engine/Content/EngineMaterials/Substrate/GLints/dict_16_192_64_0p5_0p02_0008_0014.uasset" 4775
"../../../Engine/Content/EngineMaterials/Substrate/GLints/dict_16_192_64_0p5_0p02_0009_0001.uasset" 4776
"../../../Engine/Content/EngineMaterials/Substrate/GLints/dict_16_192_64_0p5_0p02_0008_0015.uasset" 4777
"../../../Engine/Content/EngineMaterials/Substrate/GLints/dict_16_192_64_0p5_0p02_0009_0002.uasset" 4778
"../../../Engine/Content/EngineMaterials/Substrate/GLints/dict_16_192_64_0p5_0p02_0009_0000.uasset" 4779
"../../../Engine/Content/EngineMaterials/Substrate/GLints/dict_16_192_64_0p5_0p02_0009_0003.uasset" 4780
"../../../Engine/Content/EngineMaterials/Substrate/GLints/dict_16_192_64_0p5_0p02_0009_0005.uasset" 4781
"../../../Engine/Content/EngineMaterials/Substrate/GLints/dict_16_192_64_0p5_0p02_0009_0006.uasset" 4782
"../../../Engine/Content/EngineMaterials/Substrate/GLints/dict_16_192_64_0p5_0p02_0009_0004.uasset" 4783
"/Engine/EngineMaterials/Substrate/GLints/dict_16_192_64_0p5_0p02_0009_0006" 4784
"/Engine/EngineMaterials/Substrate/GLints/dict_16_192_64_0p5_0p02_0009_0005" 4785
"/Engine/EngineMaterials/Substrate/GLints/dict_16_192_64_0p5_0p02_0009_0004" 4786
"/Engine/EngineMaterials/Substrate/GLints/dict_16_192_64_0p5_0p02_0009_0003" 4787
"/Engine/EngineMaterials/Substrate/GLints/dict_16_192_64_0p5_0p02_0009_0002" 4788
"/Engine/EngineMaterials/Substrate/GLints/dict_16_192_64_0p5_0p02_0009_0001" 4789
"/Engine/EngineMaterials/Substrate/GLints/dict_16_192_64_0p5_0p02_0009_0000" 4790
"../../../Engine/Content/EngineMaterials/Substrate/GLints/dict_16_192_64_0p5_0p02_0009_0010.uasset" 4791
"../../../Engine/Content/EngineMaterials/Substrate/GLints/dict_16_192_64_0p5_0p02_0009_0011.uasset" 4792
"/Engine/EngineMaterials/Substrate/GLints/dict_16_192_64_0p5_0p02_0008_0015" 4793
"../../../Engine/Content/EngineMaterials/Substrate/GLints/dict_16_192_64_0p5_0p02_0009_0008.uasset" 4794
"/Engine/EngineMaterials/Substrate/GLints/dict_16_192_64_0p5_0p02_0008_0014" 4795
"/Engine/EngineMaterials/Substrate/GLints/dict_16_192_64_0p5_0p02_0008_0013" 4796
"/Engine/EngineMaterials/Substrate/GLints/dict_16_192_64_0p5_0p02_0009_0011" 4797
"/Engine/EngineMaterials/Substrate/GLints/dict_16_192_64_0p5_0p02_0009_0010" 4798
"/Engine/EngineMaterials/Substrate/GLints/dict_16_192_64_0p5_0p02_0009_0008" 4799
"../../../Engine/Content/EngineMaterials/Substrate/GLints/dict_16_192_64_0p5_0p02_0009_0007.uasset" 4800
"../../../Engine/Content/EngineMaterials/Substrate/GLints/dict_16_192_64_0p5_0p02_0009_0009.uasset" 4801
"../../../Engine/Content/EngineMaterials/Substrate/GLints/dict_16_192_64_0p5_0p02_0009_0013.uasset" 4802
"../../../Engine/Content/EngineMaterials/Substrate/GLints/dict_16_192_64_0p5_0p02_0009_0014.uasset" 4803
"/Engine/EngineMaterials/Substrate/GLints/dict_16_192_64_0p5_0p02_0009_0013" 4804
"/Engine/EngineMaterials/Substrate/GLints/dict_16_192_64_0p5_0p02_0009_0009" 4805
"/Engine/EngineMaterials/Substrate/GLints/dict_16_192_64_0p5_0p02_0009_0007" 4806
"../../../Engine/Content/EngineMaterials/Substrate/GLints/dict_16_192_64_0p5_0p02_0009_0012.uasset" 4807
"/Engine/EngineMaterials/Substrate/GLints/dict_16_192_64_0p5_0p02_0009_0014" 4808
"/Engine/EngineMaterials/Substrate/GLints/dict_16_192_64_0p5_0p02_0009_0012" 4809
"../../../Engine/Content/EngineMaterials/Substrate/GLints/dict_16_192_64_0p5_0p02_0010_0001.uasset" 4810
"../../../Engine/Content/EngineMaterials/Substrate/GLints/dict_16_192_64_0p5_0p02_0010_0002.uasset" 4811
"../../../Engine/Content/EngineMaterials/Substrate/GLints/dict_16_192_64_0p5_0p02_0009_0015.uasset" 4812
"../../../Engine/Content/EngineMaterials/Substrate/GLints/dict_16_192_64_0p5_0p02_0010_0000.uasset" 4813
"../../../Engine/Content/EngineMaterials/Substrate/GLints/dict_16_192_64_0p5_0p02_0010_0006.uasset" 4814
"../../../Engine/Content/EngineMaterials/Substrate/GLints/dict_16_192_64_0p5_0p02_0010_0004.uasset" 4815
"/Engine/EngineMaterials/Substrate/GLints/dict_16_192_64_0p5_0p02_0010_0006" 4816
"/Engine/EngineMaterials/Substrate/GLints/dict_16_192_64_0p5_0p02_0010_0004" 4817
"/Engine/EngineMaterials/Substrate/GLints/dict_16_192_64_0p5_0p02_0010_0002" 4818
"/Engine/EngineMaterials/Substrate/GLints/dict_16_192_64_0p5_0p02_0010_0001" 4819
"/Engine/EngineMaterials/Substrate/GLints/dict_16_192_64_0p5_0p02_0010_0000" 4820
"/Engine/EngineMaterials/Substrate/GLints/dict_16_192_64_0p5_0p02_0009_0015" 4821
"../../../Engine/Content/EngineMaterials/Substrate/GLints/dict_16_192_64_0p5_0p02_0010_0003.uasset" 4822
"../../../Engine/Content/EngineMaterials/Substrate/GLints/dict_16_192_64_0p5_0p02_0010_0005.uasset" 4823
"../../../Engine/Content/EngineMaterials/Substrate/GLints/dict_16_192_64_0p5_0p02_0010_0008.uasset" 4824
"../../../Engine/Content/EngineMaterials/Substrate/GLints/dict_16_192_64_0p5_0p02_0010_0009.uasset" 4825
"../../../Engine/Content/EngineMaterials/Substrate/GLints/dict_16_192_64_0p5_0p02_0010_0007.uasset" 4826
"../../../Engine/Content/EngineMaterials/Substrate/GLints/dict_16_192_64_0p5_0p02_0010_0011.uasset" 4827
"../../../Engine/Content/EngineMaterials/Substrate/GLints/dict_16_192_64_0p5_0p02_0010_0010.uasset" 4828
"../../../Engine/Content/EngineMaterials/Substrate/GLints/dict_16_192_64_0p5_0p02_0010_0012.uasset" 4829
"/Engine/EngineMaterials/Substrate/GLints/dict_16_192_64_0p5_0p02_0010_0009" 4830
"/Engine/EngineMaterials/Substrate/GLints/dict_16_192_64_0p5_0p02_0010_0012" 4831
"/Engine/EngineMaterials/Substrate/GLints/dict_16_192_64_0p5_0p02_0010_0011" 4832
"../../../Engine/Content/EngineMaterials/Substrate/GLints/dict_16_192_64_0p5_0p02_0010_0015.uasset" 4833
"/Engine/EngineMaterials/Substrate/GLints/dict_16_192_64_0p5_0p02_0010_0008" 4834
"/Engine/EngineMaterials/Substrate/GLints/dict_16_192_64_0p5_0p02_0010_0010" 4835
"../../../Engine/Content/EngineMaterials/Substrate/GLints/dict_16_192_64_0p5_0p02_0010_0013.uasset" 4836
"/Engine/EngineMaterials/Substrate/GLints/dict_16_192_64_0p5_0p02_0010_0007" 4837
"../../../Engine/Content/EngineMaterials/Substrate/GLints/dict_16_192_64_0p5_0p02_0010_0014.uasset" 4838
"/Engine/EngineMaterials/Substrate/GLints/dict_16_192_64_0p5_0p02_0010_0005" 4839
"/Engine/EngineMaterials/Substrate/GLints/dict_16_192_64_0p5_0p02_0010_0003" 4840
"/Engine/EngineMaterials/Substrate/GLints/dict_16_192_64_0p5_0p02_0010_0015" 4841
"/Engine/EngineMaterials/Substrate/GLints/dict_16_192_64_0p5_0p02_0010_0014" 4842
"/Engine/EngineMaterials/Substrate/GLints/dict_16_192_64_0p5_0p02_0010_0013" 4843
"../../../Engine/Content/EngineMaterials/Substrate/GLints/dict_16_192_64_0p5_0p02_0011_0002.uasset" 4844
"../../../Engine/Content/EngineMaterials/Substrate/GLints/dict_16_192_64_0p5_0p02_0011_0000.uasset" 4845
"../../../Engine/Content/EngineMaterials/Substrate/GLints/dict_16_192_64_0p5_0p02_0011_0001.uasset" 4846
"../../../Engine/Content/EngineMaterials/Substrate/GLints/dict_16_192_64_0p5_0p02_0011_0007.uasset" 4847
"/Engine/EngineMaterials/Substrate/GLints/dict_16_192_64_0p5_0p02_0011_0007" 4848
"/Engine/EngineMaterials/Substrate/GLints/dict_16_192_64_0p5_0p02_0011_0002" 4849
"/Engine/EngineMaterials/Substrate/GLints/dict_16_192_64_0p5_0p02_0011_0001" 4850
"/Engine/EngineMaterials/Substrate/GLints/dict_16_192_64_0p5_0p02_0011_0000" 4851
"../../../Engine/Content/EngineMaterials/Substrate/GLints/dict_16_192_64_0p5_0p02_0011_0004.uasset" 4852
"../../../Engine/Content/EngineMaterials/Substrate/GLints/dict_16_192_64_0p5_0p02_0011_0003.uasset" 4853
"../../../Engine/Content/EngineMaterials/Substrate/GLints/dict_16_192_64_0p5_0p02_0011_0009.uasset" 4854
"../../../Engine/Content/EngineMaterials/Substrate/GLints/dict_16_192_64_0p5_0p02_0011_0006.uasset" 4855
"../../../Engine/Content/EngineMaterials/Substrate/GLints/dict_16_192_64_0p5_0p02_0011_0010.uasset" 4856
"/Engine/EngineMaterials/Substrate/GLints/dict_16_192_64_0p5_0p02_0011_0009" 4857
"/Engine/EngineMaterials/Substrate/GLints/dict_16_192_64_0p5_0p02_0011_0006" 4858
"/Engine/EngineMaterials/Substrate/GLints/dict_16_192_64_0p5_0p02_0011_0004" 4859
"../../../Engine/Content/EngineMaterials/Substrate/GLints/dict_16_192_64_0p5_0p02_0011_0013.uasset" 4860
"/Engine/EngineMaterials/Substrate/GLints/dict_16_192_64_0p5_0p02_0011_0003" 4861
"../../../Engine/Content/EngineMaterials/Substrate/GLints/dict_16_192_64_0p5_0p02_0011_0015.uasset" 4862
"/Engine/EngineMaterials/Substrate/GLints/dict_16_192_64_0p5_0p02_0011_0010" 4863
"/Engine/EngineMaterials/Substrate/GLints/dict_16_192_64_0p5_0p02_0011_0013" 4864
"/Engine/EngineMaterials/Substrate/GLints/dict_16_192_64_0p5_0p02_0011_0015" 4865
"../../../Engine/Content/EngineMaterials/Substrate/GLints/dict_16_192_64_0p5_0p02_0012_0000.uasset" 4866
"../../../Engine/Content/EngineMaterials/Substrate/GLints/dict_16_192_64_0p5_0p02_0012_0002.uasset" 4867
"/Engine/EngineMaterials/Substrate/GLints/dict_16_192_64_0p5_0p02_0012_0002" 4868
"/Engine/EngineMaterials/Substrate/GLints/dict_16_192_64_0p5_0p02_0012_0000" 4869
"../../../Engine/Content/EngineMaterials/Substrate/GLints/dict_16_192_64_0p5_0p02_0012_0003.uasset" 4870
"/Engine/EngineMaterials/Substrate/GLints/dict_16_192_64_0p5_0p02_0012_0003" 4871
"../../../Engine/Content/EngineMaterials/Substrate/GLints/dict_16_192_64_0p5_0p02_0012_0004.uasset" 4872
"../../../Engine/Content/EngineMaterials/Substrate/GLints/dict_16_192_64_0p5_0p02_0011_0008.uasset" 4873
"../../../Engine/Content/EngineMaterials/Substrate/GLints/dict_16_192_64_0p5_0p02_0011_0005.uasset" 4874
"../../../Engine/Content/EngineMaterials/Substrate/GLints/dict_16_192_64_0p5_0p02_0011_0012.uasset" 4875
"/Engine/EngineMaterials/Substrate/GLints/dict_16_192_64_0p5_0p02_0011_0008" 4876
"/Engine/EngineMaterials/Substrate/GLints/dict_16_192_64_0p5_0p02_0011_0012" 4877
"/Engine/EngineMaterials/Substrate/GLints/dict_16_192_64_0p5_0p02_0011_0005" 4878
"/Engine/EngineMaterials/Substrate/GLints/dict_16_192_64_0p5_0p02_0012_0004" 4879
"../../../Engine/Content/EngineMaterials/Substrate/GLints/dict_16_192_64_0p5_0p02_0012_0006.uasset" 4880
"../../../Engine/Content/EngineMaterials/Substrate/GLints/dict_16_192_64_0p5_0p02_0012_0001.uasset" 4881
"../../../Engine/Content/EngineMaterials/Substrate/GLints/dict_16_192_64_0p5_0p02_0012_0005.uasset" 4882
"../../../Engine/Content/EngineMaterials/Substrate/GLints/dict_16_192_64_0p5_0p02_0012_0008.uasset" 4883
"/Engine/EngineMaterials/Substrate/GLints/dict_16_192_64_0p5_0p02_0012_0008" 4884
"/Engine/EngineMaterials/Substrate/GLints/dict_16_192_64_0p5_0p02_0012_0006" 4885
"/Engine/EngineMaterials/Substrate/GLints/dict_16_192_64_0p5_0p02_0012_0005" 4886
"/Engine/EngineMaterials/Substrate/GLints/dict_16_192_64_0p5_0p02_0012_0001" 4887
"../../../Engine/Content/EngineMaterials/Substrate/GLints/dict_16_192_64_0p5_0p02_0012_0009.uasset" 4888
"../../../Engine/Content/EngineMaterials/Substrate/GLints/dict_16_192_64_0p5_0p02_0011_0014.uasset" 4889
"../../../Engine/Content/EngineMaterials/Substrate/GLints/dict_16_192_64_0p5_0p02_0011_0011.uasset" 4890
"../../../Engine/Content/EngineMaterials/Substrate/GLints/dict_16_192_64_0p5_0p02_0012_0012.uasset" 4891
"/Engine/EngineMaterials/Substrate/GLints/dict_16_192_64_0p5_0p02_0012_0012" 4892
"/Engine/EngineMaterials/Substrate/GLints/dict_16_192_64_0p5_0p02_0011_0014" 4893
"/Engine/EngineMaterials/Substrate/GLints/dict_16_192_64_0p5_0p02_0011_0011" 4894
"/Engine/EngineMaterials/Substrate/GLints/dict_16_192_64_0p5_0p02_0012_0009" 4895
"../../../Engine/Content/EngineMaterials/Substrate/GLints/dict_16_192_64_0p5_0p02_0012_0007.uasset" 4896
"../../../Engine/Content/EngineMaterials/Substrate/GLints/dict_16_192_64_0p5_0p02_0012_0011.uasset" 4897
"../../../Engine/Content/EngineMaterials/Substrate/GLints/dict_16_192_64_0p5_0p02_0012_0010.uasset" 4898
"../../../Engine/Content/EngineMaterials/Substrate/GLints/dict_16_192_64_0p5_0p02_0012_0014.uasset" 4899
"/Engine/EngineMaterials/Substrate/GLints/dict_16_192_64_0p5_0p02_0012_0014" 4900
"/Engine/EngineMaterials/Substrate/GLints/dict_16_192_64_0p5_0p02_0012_0011" 4901
"/Engine/EngineMaterials/Substrate/GLints/dict_16_192_64_0p5_0p02_0012_0010" 4902
"/Engine/EngineMaterials/Substrate/GLints/dict_16_192_64_0p5_0p02_0012_0007" 4903
"../../../Engine/Content/EngineMaterials/Substrate/GLints/dict_16_192_64_0p5_0p02_0013_0000.uasset" 4904
"../../../Engine/Content/EngineMaterials/Substrate/GLints/dict_16_192_64_0p5_0p02_0012_0013.uasset" 4905
"../../../Engine/Content/EngineMaterials/Substrate/GLints/dict_16_192_64_0p5_0p02_0013_0001.uasset" 4906
"../../../Engine/Content/EngineMaterials/Substrate/GLints/dict_16_192_64_0p5_0p02_0013_0007.uasset" 4907
"/Engine/EngineMaterials/Substrate/GLints/dict_16_192_64_0p5_0p02_0013_0007" 4908
"/Engine/EngineMaterials/Substrate/GLints/dict_16_192_64_0p5_0p02_0013_0001" 4909
"/Engine/EngineMaterials/Substrate/GLints/dict_16_192_64_0p5_0p02_0013_0000" 4910
"/Engine/EngineMaterials/Substrate/GLints/dict_16_192_64_0p5_0p02_0012_0013" 4911
"../../../Engine/Content/EngineMaterials/Substrate/GLints/dict_16_192_64_0p5_0p02_0013_0009.uasset" 4912
"../../../Engine/Content/EngineMaterials/Substrate/GLints/dict_16_192_64_0p5_0p02_0013_0003.uasset" 4913
"../../../Engine/Content/EngineMaterials/Substrate/GLints/dict_16_192_64_0p5_0p02_0013_0002.uasset" 4914
"/Engine/EngineMaterials/Substrate/GLints/dict_16_192_64_0p5_0p02_0013_0003" 4915
"/Engine/EngineMaterials/Substrate/GLints/dict_16_192_64_0p5_0p02_0013_0002" 4916
"/Engine/EngineMaterials/Substrate/GLints/dict_16_192_64_0p5_0p02_0013_0009" 4917
"../../../Engine/Content/EngineMaterials/Substrate/GLints/dict_16_192_64_0p5_0p02_0013_0004.uasset" 4918
"../../../Engine/Content/EngineMaterials/Substrate/GLints/dict_16_192_64_0p5_0p02_0013_0005.uasset" 4919
"../../../Engine/Content/EngineMaterials/Substrate/GLints/dict_16_192_64_0p5_0p02_0013_0010.uasset" 4920
"../../../Engine/Content/EngineMaterials/Substrate/GLints/dict_16_192_64_0p5_0p02_0013_0011.uasset" 4921
"../../../Engine/Content/EngineMaterials/Substrate/GLints/dict_16_192_64_0p5_0p02_0013_0012.uasset" 4922
"/Engine/EngineMaterials/Substrate/GLints/dict_16_192_64_0p5_0p02_0013_0010" 4923
"/Engine/EngineMaterials/Substrate/GLints/dict_16_192_64_0p5_0p02_0013_0005" 4924
"/Engine/EngineMaterials/Substrate/GLints/dict_16_192_64_0p5_0p02_0013_0011" 4925
"/Engine/EngineMaterials/Substrate/GLints/dict_16_192_64_0p5_0p02_0013_0004" 4926
"../../../Engine/Content/EngineMaterials/Substrate/GLints/dict_16_192_64_0p5_0p02_0012_0015.uasset" 4927
"../../../Engine/Content/EngineMaterials/Substrate/GLints/dict_16_192_64_0p5_0p02_0013_0008.uasset" 4928
"../../../Engine/Content/EngineMaterials/Substrate/GLints/dict_16_192_64_0p5_0p02_0013_0006.uasset" 4929
"../../../Engine/Content/EngineMaterials/Substrate/GLints/dict_16_192_64_0p5_0p02_0014_0000.uasset" 4930
"../../../Engine/Content/EngineMaterials/Substrate/GLints/dict_16_192_64_0p5_0p02_0013_0014.uasset" 4931
"/Engine/EngineMaterials/Substrate/GLints/dict_16_192_64_0p5_0p02_0013_0008" 4932
"/Engine/EngineMaterials/Substrate/GLints/dict_16_192_64_0p5_0p02_0014_0000" 4933
"/Engine/EngineMaterials/Substrate/GLints/dict_16_192_64_0p5_0p02_0013_0006" 4934
"../../../Engine/Content/EngineMaterials/Substrate/GLints/dict_16_192_64_0p5_0p02_0014_0005.uasset" 4935
"../../../Engine/Content/EngineMaterials/Substrate/GLints/dict_16_192_64_0p5_0p02_0014_0004.uasset" 4936
"/Engine/EngineMaterials/Substrate/GLints/dict_16_192_64_0p5_0p02_0012_0015" 4937
"../../../Engine/Content/EngineMaterials/Substrate/GLints/dict_16_192_64_0p5_0p02_0014_0003.uasset" 4938
"/Engine/EngineMaterials/Substrate/GLints/dict_16_192_64_0p5_0p02_0013_0014" 4939
"/Engine/EngineMaterials/Substrate/GLints/dict_16_192_64_0p5_0p02_0013_0012" 4940
"/Engine/EngineMaterials/Substrate/GLints/dict_16_192_64_0p5_0p02_0014_0005" 4941
"/Engine/EngineMaterials/Substrate/GLints/dict_16_192_64_0p5_0p02_0014_0004" 4942
"/Engine/EngineMaterials/Substrate/GLints/dict_16_192_64_0p5_0p02_0014_0003" 4943
"../../../Engine/Content/EngineMaterials/Substrate/GLints/dict_16_192_64_0p5_0p02_0014_0008.uasset" 4944
"../../../Engine/Content/EngineMaterials/Substrate/GLints/dict_16_192_64_0p5_0p02_0014_0007.uasset" 4945
"../../../Engine/Content/EngineMaterials/Substrate/GLints/dict_16_192_64_0p5_0p02_0013_0013.uasset" 4946
"../../../Engine/Content/EngineMaterials/Substrate/GLints/dict_16_192_64_0p5_0p02_0013_0015.uasset" 4947
"../../../Engine/Content/EngineMaterials/Substrate/GLints/dict_16_192_64_0p5_0p02_0014_0002.uasset" 4948
"../../../Engine/Content/EngineMaterials/Substrate/GLints/dict_16_192_64_0p5_0p02_0014_0009.uasset" 4949
"../../../Engine/Content/EngineMaterials/Substrate/GLints/dict_16_192_64_0p5_0p02_0014_0011.uasset" 4950
"../../../Engine/Content/EngineMaterials/Substrate/GLints/dict_16_192_64_0p5_0p02_0014_0006.uasset" 4951
"../../../Engine/Content/EngineMaterials/Substrate/GLints/dict_16_192_64_0p5_0p02_0014_0013.uasset" 4952
"../../../Engine/Content/EngineMaterials/Substrate/GLints/dict_16_192_64_0p5_0p02_0014_0010.uasset" 4953
"/Engine/EngineMaterials/Substrate/GLints/dict_16_192_64_0p5_0p02_0014_0009" 4954
"/Engine/EngineMaterials/Substrate/GLints/dict_16_192_64_0p5_0p02_0014_0008" 4955
"/Engine/EngineMaterials/Substrate/GLints/dict_16_192_64_0p5_0p02_0014_0007" 4956
"../../../Engine/Content/EngineMaterials/Substrate/GLints/dict_16_192_64_0p5_0p02_0014_0015.uasset" 4957
"/Engine/EngineMaterials/Substrate/GLints/dict_16_192_64_0p5_0p02_0013_0015" 4958
"/Engine/EngineMaterials/Substrate/GLints/dict_16_192_64_0p5_0p02_0014_0013" 4959
"/Engine/EngineMaterials/Substrate/GLints/dict_16_192_64_0p5_0p02_0014_0011" 4960
"/Engine/EngineMaterials/Substrate/GLints/dict_16_192_64_0p5_0p02_0014_0006" 4961
"/Engine/EngineMaterials/Substrate/GLints/dict_16_192_64_0p5_0p02_0014_0010" 4962
"/Engine/EngineMaterials/Substrate/GLints/dict_16_192_64_0p5_0p02_0013_0013" 4963
"/Engine/EngineMaterials/Substrate/GLints/dict_16_192_64_0p5_0p02_0014_0002" 4964
"/Engine/EngineMaterials/Substrate/GLints/dict_16_192_64_0p5_0p02_0014_0015" 4965
"../../../Engine/Content/EngineMaterials/Substrate/GLints/dict_16_192_64_0p5_0p02_0014_0001.uasset" 4966
"../../../Engine/Content/EngineMaterials/Substrate/GLints/dict_16_192_64_0p5_0p02_0015_0001.uasset" 4967
"../../../Engine/Content/EngineMaterials/Substrate/GLints/dict_16_192_64_0p5_0p02_0015_0003.uasset" 4968
"../../../Engine/Content/EngineMaterials/Substrate/GLints/dict_16_192_64_0p5_0p02_0014_0012.uasset" 4969
"../../../Engine/Content/EngineMaterials/Substrate/GLints/dict_16_192_64_0p5_0p02_0015_0008.uasset" 4970
"/Engine/EngineMaterials/Substrate/GLints/dict_16_192_64_0p5_0p02_0014_0001" 4971
"/Engine/EngineMaterials/Substrate/GLints/dict_16_192_64_0p5_0p02_0015_0008" 4972
"/Engine/EngineMaterials/Substrate/GLints/dict_16_192_64_0p5_0p02_0015_0001" 4973
"/Engine/EngineMaterials/Substrate/GLints/dict_16_192_64_0p5_0p02_0015_0003" 4974
"/Engine/EngineMaterials/Substrate/GLints/dict_16_192_64_0p5_0p02_0014_0012" 4975
"../../../Engine/Content/EngineMaterials/Substrate/GLints/dict_16_192_64_0p5_0p02_0015_0004.uasset" 4976
"../../../Engine/Content/EngineMaterials/Substrate/GLints/dict_16_192_64_0p5_0p02_0015_0000.uasset" 4977
"../../../Engine/Content/EngineMaterials/Substrate/GLints/dict_16_192_64_0p5_0p02_0015_0005.uasset" 4978
"../../../Engine/Content/EngineMaterials/Substrate/GLints/dict_16_192_64_0p5_0p02_0015_0009.uasset" 4979
"../../../Engine/Content/EngineMaterials/Substrate/GLints/dict_16_192_64_0p5_0p02_0015_0006.uasset" 4980
"/Engine/EngineMaterials/Substrate/GLints/dict_16_192_64_0p5_0p02_0015_0004" 4981
"/Engine/EngineMaterials/Substrate/GLints/dict_16_192_64_0p5_0p02_0015_0000" 4982
"/Engine/EngineMaterials/Substrate/GLints/dict_16_192_64_0p5_0p02_0015_0009" 4983
"/Engine/EngineMaterials/Substrate/GLints/dict_16_192_64_0p5_0p02_0015_0006" 4984
"/Engine/EngineMaterials/Substrate/GLints/dict_16_192_64_0p5_0p02_0015_0005" 4985
"../../../Engine/Content/EngineMaterials/Substrate/GLints/dict_16_192_64_0p5_0p02_0014_0014.uasset" 4986
"/Engine/EngineMaterials/Substrate/GLints/dict_16_192_64_0p5_0p02_0014_0014" 4987
"../../../Engine/Content/EngineMaterials/Substrate/GLints/dict_16_192_64_0p5_0p02_0015_0011.uasset" 4988
"../../../Engine/Content/EngineMaterials/Substrate/GLints/dict_16_192_64_0p5_0p02_0015_0007.uasset" 4989
"../../../Engine/Content/EngineMaterials/Substrate/GLints/dict_16_192_64_0p5_0p02_0015_0015.uasset" 4990
"../../../Engine/Content/EngineMaterials/Substrate/GLints/dict_16_192_64_0p5_0p02_0015_0013.uasset" 4991
"../../../Engine/Content/EngineMaterials/Substrate/GLints/dict_16_192_64_0p5_0p02_0015_0014.uasset" 4992
"../../../Engine/Content/EngineMaterials/Substrate/GLints/dict_16_192_64_0p5_0p02_0016_0000.uasset" 4993
"/Engine/EngineMaterials/Substrate/GLints/dict_16_192_64_0p5_0p02_0015_0014" 4994
"/Engine/EngineMaterials/Substrate/GLints/dict_16_192_64_0p5_0p02_0015_0013" 4995
"/Engine/EngineMaterials/Substrate/GLints/dict_16_192_64_0p5_0p02_0015_0007" 4996
"/Engine/EngineMaterials/Substrate/GLints/dict_16_192_64_0p5_0p02_0015_0011" 4997
"/Engine/EngineMaterials/Substrate/GLints/dict_16_192_64_0p5_0p02_0016_0000" 4998
"/Engine/EngineMaterials/Substrate/GLints/dict_16_192_64_0p5_0p02_0015_0015" 4999
"../../../Engine/Content/EngineMaterials/Substrate/GLints/dict_16_192_64_0p5_0p02_0016_0004.uasset" 5000
"../../../Engine/Content/EngineMaterials/Substrate/GLints/dict_16_192_64_0p5_0p02_0015_0002.uasset" 5001
"../../../Engine/Content/EngineMaterials/Substrate/GLints/dict_16_192_64_0p5_0p02_0016_0002.uasset" 5002
"/Engine/EngineMaterials/Substrate/GLints/dict_16_192_64_0p5_0p02_0016_0004" 5003
"/Engine/EngineMaterials/Substrate/GLints/dict_16_192_64_0p5_0p02_0016_0002" 5004
"/Engine/EngineMaterials/Substrate/GLints/dict_16_192_64_0p5_0p02_0015_0002" 5005
"../../../Engine/Content/EngineMaterials/Substrate/GLints/dict_16_192_64_0p5_0p02_0016_0007.uasset" 5006
"../../../Engine/Content/EngineMaterials/Substrate/GLints/dict_16_192_64_0p5_0p02_0016_0003.uasset" 5007
"../../../Engine/Content/EngineMaterials/Substrate/GLints/dict_16_192_64_0p5_0p02_0016_0005.uasset" 5008
"../../../Engine/Content/EngineMaterials/Substrate/GLints/dict_16_192_64_0p5_0p02_0016_0006.uasset" 5009
"/Engine/EngineMaterials/Substrate/GLints/dict_16_192_64_0p5_0p02_0016_0007" 5010
"/Engine/EngineMaterials/Substrate/GLints/dict_16_192_64_0p5_0p02_0016_0006" 5011
"/Engine/EngineMaterials/Substrate/GLints/dict_16_192_64_0p5_0p02_0016_0005" 5012
"../../../Engine/Content/EngineMaterials/Substrate/GLints/dict_16_192_64_0p5_0p02_0016_0010.uasset" 5013
"/Engine/EngineMaterials/Substrate/GLints/dict_16_192_64_0p5_0p02_0016_0003" 5014
"../../../Engine/Content/EngineMaterials/Substrate/GLints/dict_16_192_64_0p5_0p02_0016_0008.uasset" 5015
"/Engine/EngineMaterials/Substrate/GLints/dict_16_192_64_0p5_0p02_0016_0010" 5016
"/Engine/EngineMaterials/Substrate/GLints/dict_16_192_64_0p5_0p02_0016_0008" 5017
"../../../Engine/Content/EngineMaterials/Substrate/GLints/dict_16_192_64_0p5_0p02_0016_0001.uasset" 5018
"../../../Engine/Content/EngineMaterials/Substrate/GLints/dict_16_192_64_0p5_0p02_0016_0011.uasset" 5019
"../../../Engine/Content/EngineMaterials/Substrate/GLints/dict_16_192_64_0p5_0p02_0016_0012.uasset" 5020
"../../../Engine/Content/EngineMaterials/Substrate/GLints/dict_16_192_64_0p5_0p02_0015_0010.uasset" 5021
"../../../Engine/Content/EngineMaterials/Substrate/GLints/dict_16_192_64_0p5_0p02_0016_0009.uasset" 5022
"../../../Engine/Content/EngineMaterials/Substrate/GLints/dict_16_192_64_0p5_0p02_0017_0000.uasset" 5023
"../../../Engine/Content/EngineMaterials/Substrate/GLints/dict_16_192_64_0p5_0p02_0016_0013.uasset" 5024
"../../../Engine/Content/EngineMaterials/Substrate/GLints/dict_16_192_64_0p5_0p02_0016_0014.uasset" 5025
"../../../Engine/Content/EngineMaterials/Substrate/GLints/dict_16_192_64_0p5_0p02_0017_0003.uasset" 5026
"../../../Engine/Content/EngineMaterials/Substrate/GLints/dict_16_192_64_0p5_0p02_0016_0015.uasset" 5027
"/Engine/EngineMaterials/Substrate/GLints/dict_16_192_64_0p5_0p02_0017_0000" 5028
"/Engine/EngineMaterials/Substrate/GLints/dict_16_192_64_0p5_0p02_0016_0011" 5029
"/Engine/EngineMaterials/Substrate/GLints/dict_16_192_64_0p5_0p02_0016_0009" 5030
"/Engine/EngineMaterials/Substrate/GLints/dict_16_192_64_0p5_0p02_0016_0015" 5031
"/Engine/EngineMaterials/Substrate/GLints/dict_16_192_64_0p5_0p02_0016_0014" 5032
"/Engine/EngineMaterials/Substrate/GLints/dict_16_192_64_0p5_0p02_0016_0012" 5033
"/Engine/EngineMaterials/Substrate/GLints/dict_16_192_64_0p5_0p02_0016_0013" 5034
"/Engine/EngineMaterials/Substrate/GLints/dict_16_192_64_0p5_0p02_0016_0001" 5035
"/Engine/EngineMaterials/Substrate/GLints/dict_16_192_64_0p5_0p02_0015_0010" 5036
"/Engine/EngineMaterials/Substrate/GLints/dict_16_192_64_0p5_0p02_0017_0003" 5037
"../../../Engine/Content/EngineMaterials/Substrate/GLints/dict_16_192_64_0p5_0p02_0017_0002.uasset" 5038
"../../../Engine/Content/EngineMaterials/Substrate/GLints/dict_16_192_64_0p5_0p02_0017_0004.uasset" 5039
"../../../Engine/Content/EngineMaterials/Substrate/GLints/dict_16_192_64_0p5_0p02_0017_0001.uasset" 5040
"../../../Engine/Content/EngineMaterials/Substrate/GLints/dict_16_192_64_0p5_0p02_0017_0006.uasset" 5041
"../../../Engine/Content/EngineMaterials/Substrate/GLints/dict_16_192_64_0p5_0p02_0017_0010.uasset" 5042
"../../../Engine/Content/EngineMaterials/Substrate/GLints/dict_16_192_64_0p5_0p02_0017_0012.uasset" 5043
"../../../Engine/Content/EngineMaterials/Substrate/GLints/dict_16_192_64_0p5_0p02_0017_0011.uasset" 5044
"/Engine/EngineMaterials/Substrate/GLints/dict_16_192_64_0p5_0p02_0017_0001" 5045
"/Engine/EngineMaterials/Substrate/GLints/dict_16_192_64_0p5_0p02_0017_0012" 5046
"/Engine/EngineMaterials/Substrate/GLints/dict_16_192_64_0p5_0p02_0017_0006" 5047
"/Engine/EngineMaterials/Substrate/GLints/dict_16_192_64_0p5_0p02_0017_0011" 5048
"/Engine/EngineMaterials/Substrate/GLints/dict_16_192_64_0p5_0p02_0017_0010" 5049
"../../../Engine/Content/EngineMaterials/Substrate/GLints/dict_16_192_64_0p5_0p02_0018_0000.uasset" 5050
"/Engine/EngineMaterials/Substrate/GLints/dict_16_192_64_0p5_0p02_0017_0004" 5051
"../../../Engine/Content/EngineMaterials/Substrate/GLints/dict_16_192_64_0p5_0p02_0017_0014.uasset" 5052
"../../../Engine/Content/EngineMaterials/Substrate/GLints/dict_16_192_64_0p5_0p02_0015_0012.uasset" 5053
"../../../Engine/Content/EngineMaterials/Substrate/GLints/dict_16_192_64_0p5_0p02_0017_0005.uasset" 5054
"/Engine/EngineMaterials/Substrate/GLints/dict_16_192_64_0p5_0p02_0017_0002" 5055
"../../../Engine/Content/EngineMaterials/Substrate/GLints/dict_16_192_64_0p5_0p02_0017_0009.uasset" 5056
"/Engine/EngineMaterials/Substrate/GLints/dict_16_192_64_0p5_0p02_0015_0012" 5057
"/Engine/EngineMaterials/Substrate/GLints/dict_16_192_64_0p5_0p02_0017_0005" 5058
"/Engine/EngineMaterials/Substrate/GLints/dict_16_192_64_0p5_0p02_0018_0000" 5059
"/Engine/EngineMaterials/Substrate/GLints/dict_16_192_64_0p5_0p02_0017_0014" 5060
"/Engine/EngineMaterials/Substrate/GLints/dict_16_192_64_0p5_0p02_0017_0009" 5061
"../../../Engine/Content/EngineMaterials/Substrate/GLints/dict_16_192_64_0p5_0p02_0017_0008.uasset" 5062
"../../../Engine/Content/EngineMaterials/Substrate/GLints/dict_16_192_64_0p5_0p02_0018_0002.uasset" 5063
"/Engine/EngineMaterials/Substrate/GLints/dict_16_192_64_0p5_0p02_0018_0002" 5064
"/Engine/EngineMaterials/Substrate/GLints/dict_16_192_64_0p5_0p02_0017_0008" 5065
"../../../Engine/Content/EngineMaterials/Substrate/GLints/dict_16_192_64_0p5_0p02_0018_0004.uasset" 5066
"../../../Engine/Content/EngineMaterials/Substrate/GLints/dict_16_192_64_0p5_0p02_0018_0005.uasset" 5067
"../../../Engine/Content/EngineMaterials/Substrate/GLints/dict_16_192_64_0p5_0p02_0017_0007.uasset" 5068
"/Engine/EngineMaterials/Substrate/GLints/dict_16_192_64_0p5_0p02_0018_0005" 5069
"/Engine/EngineMaterials/Substrate/GLints/dict_16_192_64_0p5_0p02_0018_0004" 5070
"/Engine/EngineMaterials/Substrate/GLints/dict_16_192_64_0p5_0p02_0017_0007" 5071
"../../../Engine/Content/EngineMaterials/Substrate/GLints/dict_16_192_64_0p5_0p02_0018_0001.uasset" 5072
"../../../Engine/Content/EngineMaterials/Substrate/GLints/dict_16_192_64_0p5_0p02_0018_0003.uasset" 5073
"../../../Engine/Content/EngineMaterials/Substrate/GLints/dict_16_192_64_0p5_0p02_0017_0013.uasset" 5074
"../../../Engine/Content/EngineMaterials/Substrate/GLints/dict_16_192_64_0p5_0p02_0018_0006.uasset" 5075
"../../../Engine/Content/EngineMaterials/Substrate/GLints/dict_16_192_64_0p5_0p02_0018_0008.uasset" 5076
"/Engine/EngineMaterials/Substrate/GLints/dict_16_192_64_0p5_0p02_0017_0013" 5077
"../../../Engine/Content/EngineMaterials/Substrate/GLints/dict_16_192_64_0p5_0p02_0018_0013.uasset" 5078
"../../../Engine/Content/EngineMaterials/Substrate/GLints/dict_16_192_64_0p5_0p02_0018_0011.uasset" 5079
"/Engine/EngineMaterials/Substrate/GLints/dict_16_192_64_0p5_0p02_0018_0006" 5080
"../../../Engine/Content/EngineMaterials/Substrate/GLints/dict_16_192_64_0p5_0p02_0018_0014.uasset" 5081
"/Engine/EngineMaterials/Substrate/GLints/dict_16_192_64_0p5_0p02_0018_0003" 5082
"/Engine/EngineMaterials/Substrate/GLints/dict_16_192_64_0p5_0p02_0018_0008" 5083
"/Engine/EngineMaterials/Substrate/GLints/dict_16_192_64_0p5_0p02_0018_0001" 5084
"/Engine/EngineMaterials/Substrate/GLints/dict_16_192_64_0p5_0p02_0018_0014" 5085
"/Engine/EngineMaterials/Substrate/GLints/dict_16_192_64_0p5_0p02_0018_0013" 5086
"/Engine/EngineMaterials/Substrate/GLints/dict_16_192_64_0p5_0p02_0018_0011" 5087
"../../../Engine/Content/EngineMaterials/Substrate/GLints/dict_16_192_64_0p5_0p02_0019_0000.uasset" 5088
"../../../Engine/Content/EngineMaterials/Substrate/GLints/dict_16_192_64_0p5_0p02_0019_0001.uasset" 5089
"../../../Engine/Content/EngineMaterials/Substrate/GLints/dict_16_192_64_0p5_0p02_0018_0010.uasset" 5090
"../../../Engine/Content/EngineMaterials/Substrate/GLints/dict_16_192_64_0p5_0p02_0018_0015.uasset" 5091
"../../../Engine/Content/EngineMaterials/Substrate/GLints/dict_16_192_64_0p5_0p02_0018_0009.uasset" 5092
"../../../Engine/Content/EngineMaterials/Substrate/GLints/dict_16_192_64_0p5_0p02_0019_0004.uasset" 5093
"/Engine/EngineMaterials/Substrate/GLints/dict_16_192_64_0p5_0p02_0019_0000" 5094
"/Engine/EngineMaterials/Substrate/GLints/dict_16_192_64_0p5_0p02_0018_0015" 5095
"/Engine/EngineMaterials/Substrate/GLints/dict_16_192_64_0p5_0p02_0019_0004" 5096
"/Engine/EngineMaterials/Substrate/GLints/dict_16_192_64_0p5_0p02_0018_0010" 5097
"/Engine/EngineMaterials/Substrate/GLints/dict_16_192_64_0p5_0p02_0018_0009" 5098
"/Engine/EngineMaterials/Substrate/GLints/dict_16_192_64_0p5_0p02_0019_0001" 5099
"../../../Engine/Content/EngineMaterials/Substrate/GLints/dict_16_192_64_0p5_0p02_0019_0002.uasset" 5100
"../../../Engine/Content/EngineMaterials/Substrate/GLints/dict_16_192_64_0p5_0p02_0017_0015.uasset" 5101
"../../../Engine/Content/EngineMaterials/Substrate/GLints/dict_16_192_64_0p5_0p02_0019_0003.uasset" 5102
"/Engine/EngineMaterials/Substrate/GLints/dict_16_192_64_0p5_0p02_0019_0003" 5103
"/Engine/EngineMaterials/Substrate/GLints/dict_16_192_64_0p5_0p02_0019_0002" 5104
"/Engine/EngineMaterials/Substrate/GLints/dict_16_192_64_0p5_0p02_0017_0015" 5105
"../../../Engine/Content/EngineMaterials/Substrate/GLints/dict_16_192_64_0p5_0p02_0019_0010.uasset" 5106
"../../../Engine/Content/EngineMaterials/Substrate/GLints/dict_16_192_64_0p5_0p02_0019_0011.uasset" 5107
"../../../Engine/Content/EngineMaterials/Substrate/GLints/dict_16_192_64_0p5_0p02_0019_0008.uasset" 5108
"../../../Engine/Content/EngineMaterials/Substrate/GLints/dict_16_192_64_0p5_0p02_0019_0012.uasset" 5109
"/Engine/EngineMaterials/Substrate/GLints/dict_16_192_64_0p5_0p02_0019_0011" 5110
"/Engine/EngineMaterials/Substrate/GLints/dict_16_192_64_0p5_0p02_0019_0010" 5111
"/Engine/EngineMaterials/Substrate/GLints/dict_16_192_64_0p5_0p02_0019_0012" 5112
"../../../Engine/Content/EngineMaterials/Substrate/GLints/dict_16_192_64_0p5_0p02_0019_0013.uasset" 5113
"/Engine/EngineMaterials/Substrate/GLints/dict_16_192_64_0p5_0p02_0019_0008" 5114
"/Engine/EngineMaterials/Substrate/GLints/dict_16_192_64_0p5_0p02_0019_0013" 5115
"../../../Engine/Content/EngineMaterials/Substrate/GLints/dict_16_192_64_0p5_0p02_0018_0012.uasset" 5116
"../../../Engine/Content/EngineMaterials/Substrate/GLints/dict_16_192_64_0p5_0p02_0019_0006.uasset" 5117
"../../../Engine/Content/EngineMaterials/Substrate/GLints/dict_16_192_64_0p5_0p02_0019_0015.uasset" 5118
"../../../Engine/Content/EngineMaterials/Substrate/GLints/dict_16_192_64_0p5_0p02_0019_0005.uasset" 5119
"../../../Engine/Content/EngineMaterials/Substrate/GLints/dict_16_192_64_0p5_0p02_0020_0000.uasset" 5120
"/Engine/EngineMaterials/Substrate/GLints/dict_16_192_64_0p5_0p02_0019_0006" 5121
"/Engine/EngineMaterials/Substrate/GLints/dict_16_192_64_0p5_0p02_0018_0012" 5122
"/Engine/EngineMaterials/Substrate/GLints/dict_16_192_64_0p5_0p02_0020_0000" 5123
"/Engine/EngineMaterials/Substrate/GLints/dict_16_192_64_0p5_0p02_0019_0015" 5124
"../../../Engine/Content/EngineMaterials/Substrate/GLints/dict_16_192_64_0p5_0p02_0019_0007.uasset" 5125
"../../../Engine/Content/EngineMaterials/Substrate/GLints/dict_16_192_64_0p5_0p02_0020_0001.uasset" 5126
"../../../Engine/Content/EngineMaterials/Substrate/GLints/dict_16_192_64_0p5_0p02_0020_0002.uasset" 5127
"../../../Engine/Content/EngineMaterials/Substrate/GLints/dict_16_192_64_0p5_0p02_0018_0007.uasset" 5128
"/Engine/EngineMaterials/Substrate/GLints/dict_16_192_64_0p5_0p02_0019_0007" 5129
"/Engine/EngineMaterials/Substrate/GLints/dict_16_192_64_0p5_0p02_0019_0005" 5130
"/Engine/EngineMaterials/Substrate/GLints/dict_16_192_64_0p5_0p02_0020_0001" 5131
"../../../Engine/Content/EngineMaterials/Substrate/GLints/dict_16_192_64_0p5_0p02_0020_0009.uasset" 5132
"../../../Engine/Content/EngineMaterials/Substrate/GLints/dict_16_192_64_0p5_0p02_0020_0007.uasset" 5133
"/Engine/EngineMaterials/Substrate/GLints/dict_16_192_64_0p5_0p02_0020_0002" 5134
"/Engine/EngineMaterials/Substrate/GLints/dict_16_192_64_0p5_0p02_0018_0007" 5135
"/Engine/EngineMaterials/Substrate/GLints/dict_16_192_64_0p5_0p02_0020_0009" 5136
"../../../Engine/Content/EngineMaterials/Substrate/GLints/dict_16_192_64_0p5_0p02_0020_0008.uasset" 5137
"/Engine/EngineMaterials/Substrate/GLints/dict_16_192_64_0p5_0p02_0020_0007" 5138
"/Engine/EngineMaterials/Substrate/GLints/dict_16_192_64_0p5_0p02_0020_0008" 5139
"../../../Engine/Content/EngineMaterials/Substrate/GLints/dict_16_192_64_0p5_0p02_0020_0010.uasset" 5140
"../../../Engine/Content/EngineMaterials/Substrate/GLints/dict_16_192_64_0p5_0p02_0020_0011.uasset" 5141
"../../../Engine/Content/EngineMaterials/Substrate/GLints/dict_16_192_64_0p5_0p02_0020_0003.uasset" 5142
"../../../Engine/Content/EngineMaterials/Substrate/GLints/dict_16_192_64_0p5_0p02_0020_0012.uasset" 5143
"../../../Engine/Content/EngineMaterials/Substrate/GLints/dict_16_192_64_0p5_0p02_0020_0005.uasset" 5144
"../../../Engine/Content/EngineMaterials/Substrate/GLints/dict_16_192_64_0p5_0p02_0019_0014.uasset" 5145
"../../../Engine/Content/EngineMaterials/Substrate/GLints/dict_16_192_64_0p5_0p02_0020_0013.uasset" 5146
"/Engine/EngineMaterials/Substrate/GLints/dict_16_192_64_0p5_0p02_0020_0005" 5147
"/Engine/EngineMaterials/Substrate/GLints/dict_16_192_64_0p5_0p02_0020_0013" 5148
"/Engine/EngineMaterials/Substrate/GLints/dict_16_192_64_0p5_0p02_0020_0012" 5149
"/Engine/EngineMaterials/Substrate/GLints/dict_16_192_64_0p5_0p02_0019_0014" 5150
"../../../Engine/Content/EngineMaterials/Substrate/GLints/dict_16_192_64_0p5_0p02_0021_0001.uasset" 5151
"../../../Engine/Content/EngineMaterials/Substrate/GLints/dict_16_192_64_0p5_0p02_0019_0009.uasset" 5152
"/Engine/EngineMaterials/Substrate/GLints/dict_16_192_64_0p5_0p02_0020_0011" 5153
"/Engine/EngineMaterials/Substrate/GLints/dict_16_192_64_0p5_0p02_0020_0003" 5154
"/Engine/EngineMaterials/Substrate/GLints/dict_16_192_64_0p5_0p02_0020_0010" 5155
"../../../Engine/Content/EngineMaterials/Substrate/GLints/dict_16_192_64_0p5_0p02_0020_0004.uasset" 5156
"/Engine/EngineMaterials/Substrate/GLints/dict_16_192_64_0p5_0p02_0019_0009" 5157
"/Engine/EngineMaterials/Substrate/GLints/dict_16_192_64_0p5_0p02_0021_0001" 5158
"/Engine/EngineMaterials/Substrate/GLints/dict_16_192_64_0p5_0p02_0020_0004" 5159
"../../../Engine/Content/EngineMaterials/Substrate/GLints/dict_16_192_64_0p5_0p02_0020_0014.uasset" 5160
"../../../Engine/Content/EngineMaterials/Substrate/GLints/dict_16_192_64_0p5_0p02_0021_0000.uasset" 5161
"../../../Engine/Content/EngineMaterials/Substrate/GLints/dict_16_192_64_0p5_0p02_0020_0006.uasset" 5162
"../../../Engine/Content/EngineMaterials/Substrate/GLints/dict_16_192_64_0p5_0p02_0021_0003.uasset" 5163
"../../../Engine/Content/EngineMaterials/Substrate/GLints/dict_16_192_64_0p5_0p02_0020_0015.uasset" 5164
"../../../Engine/Content/EngineMaterials/Substrate/GLints/dict_16_192_64_0p5_0p02_0021_0002.uasset" 5165
"../../../Engine/Content/EngineMaterials/Substrate/GLints/dict_16_192_64_0p5_0p02_0021_0009.uasset" 5166
"../../../Engine/Content/EngineMaterials/Substrate/GLints/dict_16_192_64_0p5_0p02_0021_0007.uasset" 5167
"../../../Engine/Content/EngineMaterials/Substrate/GLints/dict_16_192_64_0p5_0p02_0021_0005.uasset" 5168
"/Engine/EngineMaterials/Substrate/GLints/dict_16_192_64_0p5_0p02_0020_0006" 5169
"/Engine/EngineMaterials/Substrate/GLints/dict_16_192_64_0p5_0p02_0020_0015" 5170
"/Engine/EngineMaterials/Substrate/GLints/dict_16_192_64_0p5_0p02_0020_0014" 5171
"/Engine/EngineMaterials/Substrate/GLints/dict_16_192_64_0p5_0p02_0021_0002" 5172
"/Engine/EngineMaterials/Substrate/GLints/dict_16_192_64_0p5_0p02_0021_0009" 5173
"/Engine/EngineMaterials/Substrate/GLints/dict_16_192_64_0p5_0p02_0021_0007" 5174
"/Engine/EngineMaterials/Substrate/GLints/dict_16_192_64_0p5_0p02_0021_0000" 5175
"/Engine/EngineMaterials/Substrate/GLints/dict_16_192_64_0p5_0p02_0021_0003" 5176
"/Engine/EngineMaterials/Substrate/GLints/dict_16_192_64_0p5_0p02_0021_0005" 5177
"../../../Engine/Content/EngineMaterials/Substrate/GLints/dict_16_192_64_0p5_0p02_0021_0011.uasset" 5178
"../../../Engine/Content/EngineMaterials/Substrate/GLints/dict_16_192_64_0p5_0p02_0021_0012.uasset" 5179
"../../../Engine/Content/EngineMaterials/Substrate/GLints/dict_16_192_64_0p5_0p02_0021_0004.uasset" 5180
"../../../Engine/Content/EngineMaterials/Substrate/GLints/dict_16_192_64_0p5_0p02_0021_0006.uasset" 5181
"../../../Engine/Content/EngineMaterials/Substrate/GLints/dict_16_192_64_0p5_0p02_0021_0008.uasset" 5182
"../../../Engine/Content/EngineMaterials/Substrate/GLints/dict_16_192_64_0p5_0p02_0022_0001.uasset" 5183
"../../../Engine/Content/EngineMaterials/Substrate/GLints/dict_16_192_64_0p5_0p02_0022_0000.uasset" 5184
"../../../Engine/Content/EngineMaterials/Substrate/GLints/dict_16_192_64_0p5_0p02_0021_0013.uasset" 5185
"/Engine/EngineMaterials/Substrate/GLints/dict_16_192_64_0p5_0p02_0022_0000" 5186
"/Engine/EngineMaterials/Substrate/GLints/dict_16_192_64_0p5_0p02_0021_0011" 5187
"/Engine/EngineMaterials/Substrate/GLints/dict_16_192_64_0p5_0p02_0021_0006" 5188
"/Engine/EngineMaterials/Substrate/GLints/dict_16_192_64_0p5_0p02_0022_0001" 5189
"/Engine/EngineMaterials/Substrate/GLints/dict_16_192_64_0p5_0p02_0021_0008" 5190
"/Engine/EngineMaterials/Substrate/GLints/dict_16_192_64_0p5_0p02_0021_0004" 5191
"/Engine/EngineMaterials/Substrate/GLints/dict_16_192_64_0p5_0p02_0021_0013" 5192
"/Engine/EngineMaterials/Substrate/GLints/dict_16_192_64_0p5_0p02_0021_0012" 5193
"../../../Engine/Content/EngineMaterials/Substrate/GLints/dict_16_192_64_0p5_0p02_0022_0005.uasset" 5194
"../../../Engine/Content/EngineMaterials/Substrate/GLints/dict_16_192_64_0p5_0p02_0022_0006.uasset" 5195
"../../../Engine/Content/EngineMaterials/Substrate/GLints/dict_16_192_64_0p5_0p02_0021_0010.uasset" 5196
"../../../Engine/Content/EngineMaterials/Substrate/GLints/dict_16_192_64_0p5_0p02_0022_0003.uasset" 5197
"../../../Engine/Content/EngineMaterials/Substrate/GLints/dict_16_192_64_0p5_0p02_0021_0015.uasset" 5198
"/Engine/EngineMaterials/Substrate/GLints/dict_16_192_64_0p5_0p02_0021_0015" 5199
"/Engine/EngineMaterials/Substrate/GLints/dict_16_192_64_0p5_0p02_0022_0003" 5200
"/Engine/EngineMaterials/Substrate/GLints/dict_16_192_64_0p5_0p02_0021_0010" 5201
"/Engine/EngineMaterials/Substrate/GLints/dict_16_192_64_0p5_0p02_0022_0006" 5202
"/Engine/EngineMaterials/Substrate/GLints/dict_16_192_64_0p5_0p02_0022_0005" 5203
"../../../Engine/Content/EngineMaterials/Substrate/GLints/dict_16_192_64_0p5_0p02_0022_0008.uasset" 5204
"../../../Engine/Content/EngineMaterials/Substrate/GLints/dict_16_192_64_0p5_0p02_0022_0007.uasset" 5205
"../../../Engine/Content/EngineMaterials/Substrate/GLints/dict_16_192_64_0p5_0p02_0022_0002.uasset" 5206
"../../../Engine/Content/EngineMaterials/Substrate/GLints/dict_16_192_64_0p5_0p02_0021_0014.uasset" 5207
"/Engine/EngineMaterials/Substrate/GLints/dict_16_192_64_0p5_0p02_0022_0002" 5208
"/Engine/EngineMaterials/Substrate/GLints/dict_16_192_64_0p5_0p02_0021_0014" 5209
"/Engine/EngineMaterials/Substrate/GLints/dict_16_192_64_0p5_0p02_0022_0008" 5210
"/Engine/EngineMaterials/Substrate/GLints/dict_16_192_64_0p5_0p02_0022_0007" 5211
"../../../Engine/Content/EngineMaterials/Substrate/GLints/dict_16_192_64_0p5_0p02_0022_0013.uasset" 5212
"../../../Engine/Content/EngineMaterials/Substrate/GLints/dict_16_192_64_0p5_0p02_0022_0014.uasset" 5213
"/Engine/EngineMaterials/Substrate/GLints/dict_16_192_64_0p5_0p02_0022_0013" 5214
"../../../Engine/Content/EngineMaterials/Substrate/GLints/dict_16_192_64_0p5_0p02_0022_0010.uasset" 5215
"../../../Engine/Content/EngineMaterials/Substrate/GLints/dict_16_192_64_0p5_0p02_0022_0009.uasset" 5216
"/Engine/EngineMaterials/Substrate/GLints/dict_16_192_64_0p5_0p02_0022_0014" 5217
"/Engine/EngineMaterials/Substrate/GLints/dict_16_192_64_0p5_0p02_0022_0010" 5218
"/Engine/EngineMaterials/Substrate/GLints/dict_16_192_64_0p5_0p02_0022_0009" 5219
"../../../Engine/Content/EngineMaterials/Substrate/GLints/dict_16_192_64_0p5_0p02_0023_0002.uasset" 5220
"/Engine/EngineMaterials/Substrate/GLints/dict_16_192_64_0p5_0p02_0023_0002" 5221
"../../../Engine/Content/EngineMaterials/Substrate/GLints/dict_16_192_64_0p5_0p02_0022_0011.uasset" 5222
"../../../Engine/Content/EngineMaterials/Substrate/GLints/dict_16_192_64_0p5_0p02_0023_0000.uasset" 5223
"../../../Engine/Content/EngineMaterials/Substrate/GLints/dict_16_192_64_0p5_0p02_0023_0005.uasset" 5224
"/Engine/EngineMaterials/Substrate/GLints/dict_16_192_64_0p5_0p02_0023_0005" 5225
"/Engine/EngineMaterials/Substrate/GLints/dict_16_192_64_0p5_0p02_0023_0000" 5226
"/Engine/EngineMaterials/Substrate/GLints/dict_16_192_64_0p5_0p02_0022_0011" 5227
"../../../Engine/Content/EngineMaterials/Substrate/GLints/dict_16_192_64_0p5_0p02_0023_0001.uasset" 5228
"../../../Engine/Content/EngineMaterials/Substrate/GLints/dict_16_192_64_0p5_0p02_0022_0012.uasset" 5229
"../../../Engine/Content/EngineMaterials/Substrate/GLints/dict_16_192_64_0p5_0p02_0023_0007.uasset" 5230
"../../../Engine/Content/EngineMaterials/Substrate/GLints/dict_16_192_64_0p5_0p02_0023_0003.uasset" 5231
"/Engine/EngineMaterials/Substrate/GLints/dict_16_192_64_0p5_0p02_0023_0003" 5232
"/Engine/EngineMaterials/Substrate/GLints/dict_16_192_64_0p5_0p02_0023_0001" 5233
"/Engine/EngineMaterials/Substrate/GLints/dict_16_192_64_0p5_0p02_0022_0012" 5234
"/Engine/EngineMaterials/Substrate/GLints/dict_16_192_64_0p5_0p02_0023_0007" 5235
"../../../Engine/Content/EngineMaterials/Substrate/GLints/dict_16_192_64_0p5_0p02_0023_0006.uasset" 5236
"../../../Engine/Content/EngineMaterials/Substrate/GLints/dict_16_192_64_0p5_0p02_0023_0012.uasset" 5237
"../../../Engine/Content/EngineMaterials/Substrate/GLints/dict_16_192_64_0p5_0p02_0023_0004.uasset" 5238
"../../../Engine/Content/EngineMaterials/Substrate/GLints/dict_16_192_64_0p5_0p02_0022_0004.uasset" 5239
"../../../Engine/Content/EngineMaterials/Substrate/GLints/dict_16_192_64_0p5_0p02_0023_0010.uasset" 5240
"/Engine/EngineMaterials/Substrate/GLints/dict_16_192_64_0p5_0p02_0023_0004" 5241
"/Engine/EngineMaterials/Substrate/GLints/dict_16_192_64_0p5_0p02_0023_0012" 5242
"/Engine/EngineMaterials/Substrate/GLints/dict_16_192_64_0p5_0p02_0023_0006" 5243
"/Engine/EngineMaterials/Substrate/GLints/dict_16_192_64_0p5_0p02_0023_0010" 5244
"/Engine/EngineMaterials/Substrate/GLints/dict_16_192_64_0p5_0p02_0022_0004" 5245
"../../../Engine/Content/EngineMaterials/Substrate/GLints/dict_16_192_64_0p5_0p02_0023_0014.uasset" 5246
"../../../Engine/Content/EngineMaterials/Substrate/GLints/dict_16_192_64_0p5_0p02_0023_0008.uasset" 5247
"../../../Engine/Content/EngineMaterials/Substrate/GLints/dict_16_192_64_0p5_0p02_0023_0011.uasset" 5248
"../../../Engine/Content/EngineMaterials/Substrate/GLints/dict_16_192_64_0p5_0p02_0023_0013.uasset" 5249
"/Engine/EngineMaterials/Substrate/GLints/dict_16_192_64_0p5_0p02_0023_0014" 5250
"/Engine/EngineMaterials/Substrate/GLints/dict_16_192_64_0p5_0p02_0023_0013" 5251
"/Engine/EngineMaterials/Substrate/GLints/dict_16_192_64_0p5_0p02_0023_0011" 5252
"/Engine/EngineMaterials/Substrate/GLints/dict_16_192_64_0p5_0p02_0023_0008" 5253
"../../../Engine/Content/EngineMaterials/Substrate/GLints/dict_16_192_64_0p5_0p02_0024_0002.uasset" 5254
"../../../Engine/Content/EngineMaterials/Substrate/GLints/dict_16_192_64_0p5_0p02_0022_0015.uasset" 5255
"../../../Engine/Content/EngineMaterials/Substrate/GLints/dict_16_192_64_0p5_0p02_0023_0009.uasset" 5256
"../../../Engine/Content/EngineMaterials/Substrate/GLints/dict_16_192_64_0p5_0p02_0024_0000.uasset" 5257
"../../../Engine/Content/EngineMaterials/Substrate/GLints/dict_16_192_64_0p5_0p02_0024_0003.uasset" 5258
"/Engine/EngineMaterials/Substrate/GLints/dict_16_192_64_0p5_0p02_0024_0003" 5259
"/Engine/EngineMaterials/Substrate/GLints/dict_16_192_64_0p5_0p02_0024_0002" 5260
"/Engine/EngineMaterials/Substrate/GLints/dict_16_192_64_0p5_0p02_0024_0000" 5261
"/Engine/EngineMaterials/Substrate/GLints/dict_16_192_64_0p5_0p02_0023_0009" 5262
"/Engine/EngineMaterials/Substrate/GLints/dict_16_192_64_0p5_0p02_0022_0015" 5263
"../../../Engine/Content/EngineMaterials/Substrate/GLints/dict_16_192_64_0p5_0p02_0024_0004.uasset" 5264
"../../../Engine/Content/EngineMaterials/Substrate/GLints/dict_16_192_64_0p5_0p02_0024_0006.uasset" 5265
"../../../Engine/Content/EngineMaterials/Substrate/GLints/dict_16_192_64_0p5_0p02_0024_0001.uasset" 5266
"/Engine/EngineMaterials/Substrate/GLints/dict_16_192_64_0p5_0p02_0024_0006" 5267
"/Engine/EngineMaterials/Substrate/GLints/dict_16_192_64_0p5_0p02_0024_0001" 5268
"/Engine/EngineMaterials/Substrate/GLints/dict_16_192_64_0p5_0p02_0024_0004" 5269
"../../../Engine/Content/EngineMaterials/Substrate/GLints/dict_16_192_64_0p5_0p02_0024_0007.uasset" 5270
"../../../Engine/Content/EngineMaterials/Substrate/GLints/dict_16_192_64_0p5_0p02_0023_0015.uasset" 5271
"../../../Engine/Content/EngineMaterials/Substrate/GLints/dict_16_192_64_0p5_0p02_0024_0011.uasset" 5272
"/Engine/EngineMaterials/Substrate/GLints/dict_16_192_64_0p5_0p02_0024_0011" 5273
"/Engine/EngineMaterials/Substrate/GLints/dict_16_192_64_0p5_0p02_0024_0007" 5274
"/Engine/EngineMaterials/Substrate/GLints/dict_16_192_64_0p5_0p02_0023_0015" 5275
"../../../Engine/Content/EngineMaterials/Substrate/GLints/dict_16_192_64_0p5_0p02_0024_0008.uasset" 5276
"../../../Engine/Content/EngineMaterials/Substrate/GLints/dict_16_192_64_0p5_0p02_0024_0009.uasset" 5277
"../../../Engine/Content/EngineMaterials/Substrate/GLints/dict_16_192_64_0p5_0p02_0024_0012.uasset" 5278
"../../../Engine/Content/EngineMaterials/Substrate/GLints/dict_16_192_64_0p5_0p02_0024_0013.uasset" 5279
"/Engine/EngineMaterials/Substrate/GLints/dict_16_192_64_0p5_0p02_0024_0012" 5280
"/Engine/EngineMaterials/Substrate/GLints/dict_16_192_64_0p5_0p02_0024_0009" 5281
"/Engine/EngineMaterials/Substrate/GLints/dict_16_192_64_0p5_0p02_0024_0013" 5282
"/Engine/EngineMaterials/Substrate/GLints/dict_16_192_64_0p5_0p02_0024_0008" 5283
"../../../Engine/Content/EngineMaterials/Substrate/GLints/dict_16_192_64_0p5_0p02_0024_0014.uasset" 5284
"../../../Engine/Content/EngineMaterials/Substrate/GLints/dict_16_192_64_0p5_0p02_0024_0005.uasset" 5285
"../../../Engine/Content/EngineMaterials/Substrate/GLints/dict_16_192_64_0p5_0p02_0025_0001.uasset" 5286
"../../../Engine/Content/EngineMaterials/Substrate/GLints/dict_16_192_64_0p5_0p02_0025_0004.uasset" 5287
"../../../Engine/Content/EngineMaterials/Substrate/GLints/dict_16_192_64_0p5_0p02_0025_0000.uasset" 5288
"/Engine/EngineMaterials/Substrate/GLints/dict_16_192_64_0p5_0p02_0024_0005" 5289
"/Engine/EngineMaterials/Substrate/GLints/dict_16_192_64_0p5_0p02_0025_0001" 5290
"/Engine/EngineMaterials/Substrate/GLints/dict_16_192_64_0p5_0p02_0024_0014" 5291
"/Engine/EngineMaterials/Substrate/GLints/dict_16_192_64_0p5_0p02_0025_0000" 5292
"/Engine/EngineMaterials/Substrate/GLints/dict_16_192_64_0p5_0p02_0025_0004" 5293
"../../../Engine/Content/EngineMaterials/Substrate/GLints/dict_16_192_64_0p5_0p02_0025_0002.uasset" 5294
"../../../Engine/Content/EngineMaterials/Substrate/GLints/dict_16_192_64_0p5_0p02_0025_0007.uasset" 5295
"../../../Engine/Content/EngineMaterials/Substrate/GLints/dict_16_192_64_0p5_0p02_0024_0015.uasset" 5296
"/Engine/EngineMaterials/Substrate/GLints/dict_16_192_64_0p5_0p02_0024_0015" 5297
"/Engine/EngineMaterials/Substrate/GLints/dict_16_192_64_0p5_0p02_0025_0007" 5298
"../../../Engine/Content/EngineMaterials/Substrate/GLints/dict_16_192_64_0p5_0p02_0025_0005.uasset" 5299
"/Engine/EngineMaterials/Substrate/GLints/dict_16_192_64_0p5_0p02_0025_0002" 5300
"../../../Engine/Content/EngineMaterials/Substrate/GLints/dict_16_192_64_0p5_0p02_0025_0008.uasset" 5301
"/Engine/EngineMaterials/Substrate/GLints/dict_16_192_64_0p5_0p02_0025_0008" 5302
"../../../Engine/Content/EngineMaterials/Substrate/GLints/dict_16_192_64_0p5_0p02_0025_0003.uasset" 5303
"/Engine/EngineMaterials/Substrate/GLints/dict_16_192_64_0p5_0p02_0025_0005" 5304
"../../../Engine/Content/EngineMaterials/Substrate/GLints/dict_16_192_64_0p5_0p02_0025_0006.uasset" 5305
"/Engine/EngineMaterials/Substrate/GLints/dict_16_192_64_0p5_0p02_0025_0003" 5306
"../../../Engine/Content/EngineMaterials/Substrate/GLints/dict_16_192_64_0p5_0p02_0024_0010.uasset" 5307
"/Engine/EngineMaterials/Substrate/GLints/dict_16_192_64_0p5_0p02_0025_0006" 5308
"/Engine/EngineMaterials/Substrate/GLints/dict_16_192_64_0p5_0p02_0024_0010" 5309
"../../../Engine/Content/EngineMaterials/Substrate/GLints/dict_16_192_64_0p5_0p02_0025_0009.uasset" 5310
"../../../Engine/Content/EngineMaterials/Substrate/GLints/dict_16_192_64_0p5_0p02_0025_0014.uasset" 5311
"../../../Engine/Content/EngineMaterials/Substrate/GLints/dict_16_192_64_0p5_0p02_0025_0011.uasset" 5312
"/Engine/EngineMaterials/Substrate/GLints/dict_16_192_64_0p5_0p02_0025_0011" 5313
"/Engine/EngineMaterials/Substrate/GLints/dict_16_192_64_0p5_0p02_0025_0014" 5314
"/Engine/EngineMaterials/Substrate/GLints/dict_16_192_64_0p5_0p02_0025_0009" 5315
"../../../Engine/Content/EngineMaterials/Substrate/GLints/dict_16_192_64_0p5_0p02_0025_0013.uasset" 5316
"/Engine/EngineMaterials/Substrate/GLints/dict_16_192_64_0p5_0p02_0025_0013" 5317
"../../../Engine/Content/EngineMaterials/Substrate/GLints/dict_16_192_64_0p5_0p02_0025_0015.uasset" 5318
"../../../Engine/Content/EngineMaterials/Substrate/GLints/dict_16_192_64_0p5_0p02_0025_0012.uasset" 5319
"../../../Engine/Content/EngineMaterials/Substrate/GLints/dict_16_192_64_0p5_0p02_0026_0001.uasset" 5320
"../../../Engine/Content/EngineMaterials/Substrate/GLints/dict_16_192_64_0p5_0p02_0026_0000.uasset" 5321
"/Engine/EngineMaterials/Substrate/GLints/dict_16_192_64_0p5_0p02_0025_0012" 5322
"/Engine/EngineMaterials/Substrate/GLints/dict_16_192_64_0p5_0p02_0026_0001" 5323
"/Engine/EngineMaterials/Substrate/GLints/dict_16_192_64_0p5_0p02_0026_0000" 5324
"/Engine/EngineMaterials/Substrate/GLints/dict_16_192_64_0p5_0p02_0025_0015" 5325
"../../../Engine/Content/EngineMaterials/Substrate/GLints/dict_16_192_64_0p5_0p02_0026_0004.uasset" 5326
"../../../Engine/Content/EngineMaterials/Substrate/GLints/dict_16_192_64_0p5_0p02_0026_0005.uasset" 5327
"../../../Engine/Content/EngineMaterials/Substrate/GLints/dict_16_192_64_0p5_0p02_0026_0006.uasset" 5328
"../../../Engine/Content/EngineMaterials/Substrate/GLints/dict_16_192_64_0p5_0p02_0025_0010.uasset" 5329
"/Engine/EngineMaterials/Substrate/GLints/dict_16_192_64_0p5_0p02_0026_0006" 5330
"../../../Engine/Content/EngineMaterials/Substrate/GLints/dict_16_192_64_0p5_0p02_0026_0008.uasset" 5331
"/Engine/EngineMaterials/Substrate/GLints/dict_16_192_64_0p5_0p02_0026_0004" 5332
"/Engine/EngineMaterials/Substrate/GLints/dict_16_192_64_0p5_0p02_0025_0010" 5333
"/Engine/EngineMaterials/Substrate/GLints/dict_16_192_64_0p5_0p02_0026_0005" 5334
"/Engine/EngineMaterials/Substrate/GLints/dict_16_192_64_0p5_0p02_0026_0008" 5335
"../../../Engine/Content/EngineMaterials/Substrate/GLints/dict_16_192_64_0p5_0p02_0026_0003.uasset" 5336
"/Engine/EngineMaterials/Substrate/GLints/dict_16_192_64_0p5_0p02_0026_0003" 5337
"../../../Engine/Content/EngineMaterials/Substrate/GLints/dict_16_192_64_0p5_0p02_0026_0002.uasset" 5338
"../../../Engine/Content/EngineMaterials/Substrate/GLints/dict_16_192_64_0p5_0p02_0026_0009.uasset" 5339
"/Engine/EngineMaterials/Substrate/GLints/dict_16_192_64_0p5_0p02_0026_0002" 5340
"/Engine/EngineMaterials/Substrate/GLints/dict_16_192_64_0p5_0p02_0026_0009" 5341
"../../../Engine/Content/EngineMaterials/Substrate/GLints/dict_16_192_64_0p5_0p02_0026_0012.uasset" 5342
"../../../Engine/Content/EngineMaterials/Substrate/GLints/dict_16_192_64_0p5_0p02_0026_0013.uasset" 5343
"../../../Engine/Content/EngineMaterials/Substrate/GLints/dict_16_192_64_0p5_0p02_0026_0010.uasset" 5344
"../../../Engine/Content/EngineMaterials/Substrate/GLints/dict_16_192_64_0p5_0p02_0026_0007.uasset" 5345
"../../../Engine/Content/EngineMaterials/Substrate/GLints/dict_16_192_64_0p5_0p02_0027_0000.uasset" 5346
"../../../Engine/Content/EngineMaterials/Substrate/GLints/dict_16_192_64_0p5_0p02_0026_0011.uasset" 5347
"/Engine/EngineMaterials/Substrate/GLints/dict_16_192_64_0p5_0p02_0026_0007" 5348
"/Engine/EngineMaterials/Substrate/GLints/dict_16_192_64_0p5_0p02_0026_0011" 5349
"/Engine/EngineMaterials/Substrate/GLints/dict_16_192_64_0p5_0p02_0027_0000" 5350
"/Engine/EngineMaterials/Substrate/GLints/dict_16_192_64_0p5_0p02_0026_0010" 5351
"/Engine/EngineMaterials/Substrate/GLints/dict_16_192_64_0p5_0p02_0026_0013" 5352
"/Engine/EngineMaterials/Substrate/GLints/dict_16_192_64_0p5_0p02_0026_0012" 5353
"../../../Engine/Content/EngineMaterials/Substrate/GLints/dict_16_192_64_0p5_0p02_0027_0002.uasset" 5354
"../../../Engine/Content/EngineMaterials/Substrate/GLints/dict_16_192_64_0p5_0p02_0027_0001.uasset" 5355
"/Engine/EngineMaterials/Substrate/GLints/dict_16_192_64_0p5_0p02_0027_0002" 5356
"/Engine/EngineMaterials/Substrate/GLints/dict_16_192_64_0p5_0p02_0027_0001" 5357
"../../../Engine/Content/EngineMaterials/Substrate/GLints/dict_16_192_64_0p5_0p02_0027_0008.uasset" 5358
"../../../Engine/Content/EngineMaterials/Substrate/GLints/dict_16_192_64_0p5_0p02_0026_0015.uasset" 5359
"../../../Engine/Content/EngineMaterials/Substrate/GLints/dict_16_192_64_0p5_0p02_0027_0003.uasset" 5360
"../../../Engine/Content/EngineMaterials/Substrate/GLints/dict_16_192_64_0p5_0p02_0027_0006.uasset" 5361
"../../../Engine/Content/EngineMaterials/Substrate/GLints/dict_16_192_64_0p5_0p02_0027_0004.uasset" 5362
"/Engine/EngineMaterials/Substrate/GLints/dict_16_192_64_0p5_0p02_0027_0003" 5363
"/Engine/EngineMaterials/Substrate/GLints/dict_16_192_64_0p5_0p02_0027_0008" 5364
"/Engine/EngineMaterials/Substrate/GLints/dict_16_192_64_0p5_0p02_0027_0006" 5365
"/Engine/EngineMaterials/Substrate/GLints/dict_16_192_64_0p5_0p02_0026_0015" 5366
"../../../Engine/Content/EngineMaterials/Substrate/GLints/dict_16_192_64_0p5_0p02_0027_0007.uasset" 5367
"../../../Engine/Content/EngineMaterials/Substrate/GLints/dict_16_192_64_0p5_0p02_0026_0014.uasset" 5368
"/Engine/EngineMaterials/Substrate/GLints/dict_16_192_64_0p5_0p02_0027_0007" 5369
"/Engine/EngineMaterials/Substrate/GLints/dict_16_192_64_0p5_0p02_0027_0004" 5370
"/Engine/EngineMaterials/Substrate/GLints/dict_16_192_64_0p5_0p02_0026_0014" 5371
"../../../Engine/Content/EngineMaterials/Substrate/GLints/dict_16_192_64_0p5_0p02_0027_0011.uasset" 5372
"../../../Engine/Content/EngineMaterials/Substrate/GLints/dict_16_192_64_0p5_0p02_0027_0013.uasset" 5373
"../../../Engine/Content/EngineMaterials/Substrate/GLints/dict_16_192_64_0p5_0p02_0027_0005.uasset" 5374
"../../../Engine/Content/EngineMaterials/Substrate/GLints/dict_16_192_64_0p5_0p02_0027_0014.uasset" 5375
"../../../Engine/Content/EngineMaterials/Substrate/GLints/dict_16_192_64_0p5_0p02_0027_0012.uasset" 5376
"/Engine/EngineMaterials/Substrate/GLints/dict_16_192_64_0p5_0p02_0027_0005" 5377
"/Engine/EngineMaterials/Substrate/GLints/dict_16_192_64_0p5_0p02_0027_0011" 5378
"/Engine/EngineMaterials/Substrate/GLints/dict_16_192_64_0p5_0p02_0027_0014" 5379
"/Engine/EngineMaterials/Substrate/GLints/dict_16_192_64_0p5_0p02_0027_0013" 5380
"/Engine/EngineMaterials/Substrate/GLints/dict_16_192_64_0p5_0p02_0027_0012" 5381
"../../../Engine/Content/EngineMaterials/Substrate/GLints/dict_16_192_64_0p5_0p02_0028_0003.uasset" 5382
"../../../Engine/Content/EngineMaterials/Substrate/GLints/dict_16_192_64_0p5_0p02_0027_0009.uasset" 5383
"../../../Engine/Content/EngineMaterials/Substrate/GLints/dict_16_192_64_0p5_0p02_0027_0010.uasset" 5384
"../../../Engine/Content/EngineMaterials/Substrate/GLints/dict_16_192_64_0p5_0p02_0028_0000.uasset" 5385
"/Engine/EngineMaterials/Substrate/GLints/dict_16_192_64_0p5_0p02_0028_0000" 5386
"/Engine/EngineMaterials/Substrate/GLints/dict_16_192_64_0p5_0p02_0028_0003" 5387
"/Engine/EngineMaterials/Substrate/GLints/dict_16_192_64_0p5_0p02_0027_0010" 5388
"/Engine/EngineMaterials/Substrate/GLints/dict_16_192_64_0p5_0p02_0027_0009" 5389
"../../../Engine/Content/EngineMaterials/Substrate/GLints/dict_16_192_64_0p5_0p02_0028_0004.uasset" 5390
"../../../Engine/Content/EngineMaterials/Substrate/GLints/dict_16_192_64_0p5_0p02_0027_0015.uasset" 5391
"../../../Engine/Content/EngineMaterials/Substrate/GLints/dict_16_192_64_0p5_0p02_0028_0008.uasset" 5392
"../../../Engine/Content/EngineMaterials/Substrate/GLints/dict_16_192_64_0p5_0p02_0028_0002.uasset" 5393
"../../../Engine/Content/EngineMaterials/Substrate/GLints/dict_16_192_64_0p5_0p02_0028_0007.uasset" 5394
"../../../Engine/Content/EngineMaterials/Substrate/GLints/dict_16_192_64_0p5_0p02_0028_0009.uasset" 5395
"../../../Engine/Content/EngineMaterials/Substrate/GLints/dict_16_192_64_0p5_0p02_0028_0005.uasset" 5396
"../../../Engine/Content/EngineMaterials/Substrate/GLints/dict_16_192_64_0p5_0p02_0028_0001.uasset" 5397
"../../../Engine/Content/EngineMaterials/Substrate/GLints/dict_16_192_64_0p5_0p02_0028_0013.uasset" 5398
"/Engine/EngineMaterials/Substrate/GLints/dict_16_192_64_0p5_0p02_0027_0015" 5399
"/Engine/EngineMaterials/Substrate/GLints/dict_16_192_64_0p5_0p02_0028_0004" 5400
"/Engine/EngineMaterials/Substrate/GLints/dict_16_192_64_0p5_0p02_0028_0002" 5401
"/Engine/EngineMaterials/Substrate/GLints/dict_16_192_64_0p5_0p02_0028_0013" 5402
"/Engine/EngineMaterials/Substrate/GLints/dict_16_192_64_0p5_0p02_0028_0008" 5403
"/Engine/EngineMaterials/Substrate/GLints/dict_16_192_64_0p5_0p02_0028_0001" 5404
"../../../Engine/Content/EngineMaterials/Substrate/GLints/dict_16_192_64_0p5_0p02_0028_0014.uasset" 5405
"../../../Engine/Content/EngineMaterials/Substrate/GLints/dict_16_192_64_0p5_0p02_0028_0011.uasset" 5406
"/Engine/EngineMaterials/Substrate/GLints/dict_16_192_64_0p5_0p02_0028_0007" 5407
"/Engine/EngineMaterials/Substrate/GLints/dict_16_192_64_0p5_0p02_0028_0005" 5408
"/Engine/EngineMaterials/Substrate/GLints/dict_16_192_64_0p5_0p02_0028_0009" 5409
"/Engine/EngineMaterials/Substrate/GLints/dict_16_192_64_0p5_0p02_0028_0014" 5410
"../../../Engine/Content/EngineMaterials/Substrate/GLints/dict_16_192_64_0p5_0p02_0029_0001.uasset" 5411
"/Engine/EngineMaterials/Substrate/GLints/dict_16_192_64_0p5_0p02_0028_0011" 5412
"/Engine/EngineMaterials/Substrate/GLints/dict_16_192_64_0p5_0p02_0029_0001" 5413
"../../../Engine/Content/EngineMaterials/Substrate/GLints/dict_16_192_64_0p5_0p02_0029_0002.uasset" 5414
"../../../Engine/Content/EngineMaterials/Substrate/GLints/dict_16_192_64_0p5_0p02_0029_0004.uasset" 5415
"../../../Engine/Content/EngineMaterials/Substrate/GLints/dict_16_192_64_0p5_0p02_0029_0007.uasset" 5416
"../../../Engine/Content/EngineMaterials/Substrate/GLints/dict_16_192_64_0p5_0p02_0029_0003.uasset" 5417
"../../../Engine/Content/EngineMaterials/Substrate/GLints/dict_16_192_64_0p5_0p02_0029_0005.uasset" 5418
"/Engine/EngineMaterials/Substrate/GLints/dict_16_192_64_0p5_0p02_0029_0004" 5419
"/Engine/EngineMaterials/Substrate/GLints/dict_16_192_64_0p5_0p02_0029_0007" 5420
"../../../Engine/Content/EngineMaterials/Substrate/GLints/dict_16_192_64_0p5_0p02_0028_0010.uasset" 5421
"/Engine/EngineMaterials/Substrate/GLints/dict_16_192_64_0p5_0p02_0029_0003" 5422
"../../../Engine/Content/EngineMaterials/Substrate/GLints/dict_16_192_64_0p5_0p02_0029_0000.uasset" 5423
"/Engine/EngineMaterials/Substrate/GLints/dict_16_192_64_0p5_0p02_0029_0002" 5424
"/Engine/EngineMaterials/Substrate/GLints/dict_16_192_64_0p5_0p02_0029_0005" 5425
"/Engine/EngineMaterials/Substrate/GLints/dict_16_192_64_0p5_0p02_0029_0000" 5426
"../../../Engine/Content/EngineMaterials/Substrate/GLints/dict_16_192_64_0p5_0p02_0028_0012.uasset" 5427
"/Engine/EngineMaterials/Substrate/GLints/dict_16_192_64_0p5_0p02_0028_0010" 5428
"../../../Engine/Content/EngineMaterials/Substrate/GLints/dict_16_192_64_0p5_0p02_0029_0009.uasset" 5429
"/Engine/EngineMaterials/Substrate/GLints/dict_16_192_64_0p5_0p02_0028_0012" 5430
"/Engine/EngineMaterials/Substrate/GLints/dict_16_192_64_0p5_0p02_0029_0009" 5431
"../../../Engine/Content/EngineMaterials/Substrate/GLints/dict_16_192_64_0p5_0p02_0028_0006.uasset" 5432
"../../../Engine/Content/EngineMaterials/Substrate/GLints/dict_16_192_64_0p5_0p02_0029_0010.uasset" 5433
"../../../Engine/Content/EngineMaterials/Substrate/GLints/dict_16_192_64_0p5_0p02_0028_0015.uasset" 5434
"/Engine/EngineMaterials/Substrate/GLints/dict_16_192_64_0p5_0p02_0029_0010" 5435
"/Engine/EngineMaterials/Substrate/GLints/dict_16_192_64_0p5_0p02_0028_0006" 5436
"/Engine/EngineMaterials/Substrate/GLints/dict_16_192_64_0p5_0p02_0028_0015" 5437
"../../../Engine/Content/EngineMaterials/Substrate/GLints/dict_16_192_64_0p5_0p02_0029_0006.uasset" 5438
"../../../Engine/Content/EngineMaterials/Substrate/GLints/dict_16_192_64_0p5_0p02_0029_0014.uasset" 5439
"../../../Engine/Content/EngineMaterials/Substrate/GLints/dict_16_192_64_0p5_0p02_0030_0000.uasset" 5440
"../../../Engine/Content/EngineMaterials/Substrate/GLints/dict_16_192_64_0p5_0p02_0029_0012.uasset" 5441
"../../../Engine/Content/EngineMaterials/Substrate/GLints/dict_16_192_64_0p5_0p02_0029_0008.uasset" 5442
"../../../Engine/Content/EngineMaterials/Substrate/GLints/dict_16_192_64_0p5_0p02_0029_0015.uasset" 5443
"../../../Engine/Content/EngineMaterials/Substrate/GLints/dict_16_192_64_0p5_0p02_0030_0003.uasset" 5444
"/Engine/EngineMaterials/Substrate/GLints/dict_16_192_64_0p5_0p02_0030_0000" 5445
"/Engine/EngineMaterials/Substrate/GLints/dict_16_192_64_0p5_0p02_0029_0012" 5446
"/Engine/EngineMaterials/Substrate/GLints/dict_16_192_64_0p5_0p02_0029_0015" 5447
"/Engine/EngineMaterials/Substrate/GLints/dict_16_192_64_0p5_0p02_0029_0006" 5448
"/Engine/EngineMaterials/Substrate/GLints/dict_16_192_64_0p5_0p02_0029_0014" 5449
"/Engine/EngineMaterials/Substrate/GLints/dict_16_192_64_0p5_0p02_0029_0008" 5450
"/Engine/EngineMaterials/Substrate/GLints/dict_16_192_64_0p5_0p02_0030_0003" 5451
"../../../Engine/Content/EngineMaterials/Substrate/GLints/dict_16_192_64_0p5_0p02_0030_0002.uasset" 5452
"../../../Engine/Content/EngineMaterials/Substrate/GLints/dict_16_192_64_0p5_0p02_0029_0011.uasset" 5453
"/Engine/EngineMaterials/Substrate/GLints/dict_16_192_64_0p5_0p02_0029_0011" 5454
"/Engine/EngineMaterials/Substrate/GLints/dict_16_192_64_0p5_0p02_0030_0002" 5455
"../../../Engine/Content/EngineMaterials/Substrate/GLints/dict_16_192_64_0p5_0p02_0030_0001.uasset" 5456
"../../../Engine/Content/EngineMaterials/Substrate/GLints/dict_16_192_64_0p5_0p02_0030_0006.uasset" 5457
"../../../Engine/Content/EngineMaterials/Substrate/GLints/dict_16_192_64_0p5_0p02_0029_0013.uasset" 5458
"../../../Engine/Content/EngineMaterials/Substrate/GLints/dict_16_192_64_0p5_0p02_0030_0007.uasset" 5459
"/Engine/EngineMaterials/Substrate/GLints/dict_16_192_64_0p5_0p02_0030_0007" 5460
"/Engine/EngineMaterials/Substrate/GLints/dict_16_192_64_0p5_0p02_0030_0006" 5461
"/Engine/EngineMaterials/Substrate/GLints/dict_16_192_64_0p5_0p02_0029_0013" 5462
"/Engine/EngineMaterials/Substrate/GLints/dict_16_192_64_0p5_0p02_0030_0001" 5463
"../../../Engine/Content/EngineMaterials/Substrate/GLints/dict_16_192_64_0p5_0p02_0030_0008.uasset" 5464
"../../../Engine/Content/EngineMaterials/Substrate/GLints/dict_16_192_64_0p5_0p02_0030_0004.uasset" 5465
"../../../Engine/Content/EngineMaterials/Substrate/GLints/dict_16_192_64_0p5_0p02_0030_0014.uasset" 5466
"../../../Engine/Content/EngineMaterials/Substrate/GLints/dict_16_192_64_0p5_0p02_0030_0005.uasset" 5467
"/Engine/EngineMaterials/Substrate/GLints/dict_16_192_64_0p5_0p02_0030_0008" 5468
"/Engine/EngineMaterials/Substrate/GLints/dict_16_192_64_0p5_0p02_0030_0014" 5469
"/Engine/EngineMaterials/Substrate/GLints/dict_16_192_64_0p5_0p02_0030_0005" 5470
"/Engine/EngineMaterials/Substrate/GLints/dict_16_192_64_0p5_0p02_0030_0004" 5471
"../../../Engine/Content/EngineMaterials/Substrate/GLints/dict_16_192_64_0p5_0p02_0030_0011.uasset" 5472
"../../../Engine/Content/EngineMaterials/Substrate/GLints/dict_16_192_64_0p5_0p02_0030_0009.uasset" 5473
"../../../Engine/Content/EngineMaterials/Substrate/GLints/dict_16_192_64_0p5_0p02_0031_0000.uasset" 5474
"../../../Engine/Content/EngineMaterials/Substrate/GLints/dict_16_192_64_0p5_0p02_0030_0013.uasset" 5475
"../../../Engine/Content/EngineMaterials/Substrate/GLints/dict_16_192_64_0p5_0p02_0031_0002.uasset" 5476
"/Engine/EngineMaterials/Substrate/GLints/dict_16_192_64_0p5_0p02_0031_0000" 5477
"../../../Engine/Content/EngineMaterials/Substrate/GLints/dict_16_192_64_0p5_0p02_0031_0004.uasset" 5478
"/Engine/EngineMaterials/Substrate/GLints/dict_16_192_64_0p5_0p02_0030_0011" 5479
"../../../Engine/Content/EngineMaterials/Substrate/GLints/dict_16_192_64_0p5_0p02_0031_0006.uasset" 5480
"/Engine/EngineMaterials/Substrate/GLints/dict_16_192_64_0p5_0p02_0030_0009" 5481
"/Engine/EngineMaterials/Substrate/GLints/dict_16_192_64_0p5_0p02_0030_0013" 5482
"/Engine/EngineMaterials/Substrate/GLints/dict_16_192_64_0p5_0p02_0031_0002" 5483
"/Engine/EngineMaterials/Substrate/GLints/dict_16_192_64_0p5_0p02_0031_0006" 5484
"/Engine/EngineMaterials/Substrate/GLints/dict_16_192_64_0p5_0p02_0031_0004" 5485
"../../../Engine/Content/EngineMaterials/Substrate/GLints/dict_16_192_64_0p5_0p02_0030_0010.uasset" 5486
"../../../Engine/Content/EngineMaterials/Substrate/GLints/dict_16_192_64_0p5_0p02_0031_0008.uasset" 5487
"../../../Engine/Content/EngineMaterials/Substrate/GLints/dict_16_192_64_0p5_0p02_0031_0009.uasset" 5488
"../../../Engine/Content/EngineMaterials/Substrate/GLints/dict_16_192_64_0p5_0p02_0030_0012.uasset" 5489
"/Engine/EngineMaterials/Substrate/GLints/dict_16_192_64_0p5_0p02_0031_0008" 5490
"/Engine/EngineMaterials/Substrate/GLints/dict_16_192_64_0p5_0p02_0030_0010" 5491
"../../../Engine/Content/EngineMaterials/Substrate/GLints/dict_16_192_64_0p5_0p02_0031_0010.uasset" 5492
"/Engine/EngineMaterials/Substrate/GLints/dict_16_192_64_0p5_0p02_0030_0012" 5493
"/Engine/EngineMaterials/Substrate/GLints/dict_16_192_64_0p5_0p02_0031_0009" 5494
"/Engine/EngineMaterials/Substrate/GLints/dict_16_192_64_0p5_0p02_0031_0010" 5495
"../../../Engine/Content/EngineMaterials/Substrate/GLints/dict_16_192_64_0p5_0p02_0031_0005.uasset" 5496
"../../../Engine/Content/EngineMaterials/Substrate/GLints/dict_16_192_64_0p5_0p02_0030_0015.uasset" 5497
"../../../Engine/Content/EngineMaterials/Substrate/GLints/dict_16_192_64_0p5_0p02_0031_0007.uasset" 5498
"../../../Engine/Content/EngineMaterials/Substrate/GLints/dict_16_192_64_0p5_0p02_0031_0001.uasset" 5499
"/Engine/EngineMaterials/Substrate/GLints/dict_16_192_64_0p5_0p02_0031_0001" 5500
"/Engine/EngineMaterials/Substrate/GLints/dict_16_192_64_0p5_0p02_0030_0015" 5501
"/Engine/EngineMaterials/Substrate/GLints/dict_16_192_64_0p5_0p02_0031_0007" 5502
"/Engine/EngineMaterials/Substrate/GLints/dict_16_192_64_0p5_0p02_0031_0005" 5503
"../../../Engine/Content/EngineMaterials/Substrate/GLints/dict_16_192_64_0p5_0p02_0032_0000.uasset" 5504
"../../../Engine/Content/EngineMaterials/Substrate/GLints/dict_16_192_64_0p5_0p02_0031_0013.uasset" 5505
"/Engine/EngineMaterials/Substrate/GLints/dict_16_192_64_0p5_0p02_0031_0013" 5506
"/Engine/EngineMaterials/Substrate/GLints/dict_16_192_64_0p5_0p02_0032_0000" 5507
"../../../Engine/Content/EngineMaterials/Substrate/GLints/dict_16_192_64_0p5_0p02_0031_0003.uasset" 5508
"../../../Engine/Content/EngineMaterials/Substrate/GLints/dict_16_192_64_0p5_0p02_0031_0011.uasset" 5509
"../../../Engine/Content/EngineMaterials/Substrate/GLints/dict_16_192_64_0p5_0p02_0032_0003.uasset" 5510
"../../../Engine/Content/EngineMaterials/Substrate/GLints/dict_16_192_64_0p5_0p02_0031_0014.uasset" 5511
"../../../Engine/Content/EngineMaterials/Substrate/GLints/dict_16_192_64_0p5_0p02_0031_0015.uasset" 5512
"../../../Engine/Content/EngineMaterials/Substrate/GLints/dict_16_192_64_0p5_0p02_0032_0001.uasset" 5513
"/Engine/EngineMaterials/Substrate/GLints/dict_16_192_64_0p5_0p02_0031_0014" 5514
"/Engine/EngineMaterials/Substrate/GLints/dict_16_192_64_0p5_0p02_0032_0001" 5515
"/Engine/EngineMaterials/Substrate/GLints/dict_16_192_64_0p5_0p02_0031_0003" 5516
"/Engine/EngineMaterials/Substrate/GLints/dict_16_192_64_0p5_0p02_0031_0011" 5517
"../../../Engine/Content/EngineMaterials/Substrate/GLints/dict_16_192_64_0p5_0p02_0032_0006.uasset" 5518
"../../../Engine/Content/EngineMaterials/Substrate/GLints/dict_16_192_64_0p5_0p02_0032_0005.uasset" 5519
"/Engine/EngineMaterials/Substrate/GLints/dict_16_192_64_0p5_0p02_0032_0003" 5520
"../../../Engine/Content/EngineMaterials/Substrate/GLints/dict_16_192_64_0p5_0p02_0032_0007.uasset" 5521
"../../../Engine/Content/EngineMaterials/Substrate/GLints/dict_16_192_64_0p5_0p02_0032_0008.uasset" 5522
"/Engine/EngineMaterials/Substrate/GLints/dict_16_192_64_0p5_0p02_0031_0015" 5523
"/Engine/EngineMaterials/Substrate/GLints/dict_16_192_64_0p5_0p02_0032_0008" 5524
"../../../Engine/Content/EngineMaterials/Substrate/GLints/dict_16_192_64_0p5_0p02_0032_0011.uasset" 5525
"/Engine/EngineMaterials/Substrate/GLints/dict_16_192_64_0p5_0p02_0032_0005" 5526
"/Engine/EngineMaterials/Substrate/GLints/dict_16_192_64_0p5_0p02_0032_0007" 5527
"/Engine/EngineMaterials/Substrate/GLints/dict_16_192_64_0p5_0p02_0032_0006" 5528
"/Engine/EngineMaterials/Substrate/GLints/dict_16_192_64_0p5_0p02_0032_0011" 5529
"../../../Engine/Content/EngineMaterials/Substrate/GLints/dict_16_192_64_0p5_0p02_0032_0010.uasset" 5530
"../../../Engine/Content/EngineMaterials/Substrate/GLints/dict_16_192_64_0p5_0p02_0032_0004.uasset" 5531
"../../../Engine/Content/EngineMaterials/Substrate/GLints/dict_16_192_64_0p5_0p02_0032_0012.uasset" 5532
"../../../Engine/Content/EngineMaterials/Substrate/GLints/dict_16_192_64_0p5_0p02_0032_0014.uasset" 5533
"../../../Engine/Content/EngineMaterials/Substrate/GLints/dict_16_192_64_0p5_0p02_0033_0003.uasset" 5534
"../../../Engine/Content/EngineMaterials/Substrate/GLints/dict_16_192_64_0p5_0p02_0032_0002.uasset" 5535
"/Engine/EngineMaterials/Substrate/GLints/dict_16_192_64_0p5_0p02_0032_0014" 5536
"/Engine/EngineMaterials/Substrate/GLints/dict_16_192_64_0p5_0p02_0032_0012" 5537
"/Engine/EngineMaterials/Substrate/GLints/dict_16_192_64_0p5_0p02_0032_0004" 5538
"/Engine/EngineMaterials/Substrate/GLints/dict_16_192_64_0p5_0p02_0033_0003" 5539
"/Engine/EngineMaterials/Substrate/GLints/dict_16_192_64_0p5_0p02_0032_0010" 5540
"/Engine/EngineMaterials/Substrate/GLints/dict_16_192_64_0p5_0p02_0032_0002" 5541
"../../../Engine/Content/EngineMaterials/Substrate/GLints/dict_16_192_64_0p5_0p02_0032_0013.uasset" 5542
"../../../Engine/Content/EngineMaterials/Substrate/GLints/dict_16_192_64_0p5_0p02_0032_0009.uasset" 5543
"../../../Engine/Content/EngineMaterials/Substrate/GLints/dict_16_192_64_0p5_0p02_0033_0002.uasset" 5544
"../../../Engine/Content/EngineMaterials/Substrate/GLints/dict_16_192_64_0p5_0p02_0031_0012.uasset" 5545
"../../../Engine/Content/EngineMaterials/Substrate/GLints/dict_16_192_64_0p5_0p02_0033_0000.uasset" 5546
"/Engine/EngineMaterials/Substrate/GLints/dict_16_192_64_0p5_0p02_0032_0013" 5547
"../../../Engine/Content/EngineMaterials/Substrate/GLints/dict_16_192_64_0p5_0p02_0033_0004.uasset" 5548
"../../../Engine/Content/EngineMaterials/Substrate/GLints/dict_16_192_64_0p5_0p02_0033_0007.uasset" 5549
"/Engine/EngineMaterials/Substrate/GLints/dict_16_192_64_0p5_0p02_0032_0009" 5550
"/Engine/EngineMaterials/Substrate/GLints/dict_16_192_64_0p5_0p02_0031_0012" 5551
"/Engine/EngineMaterials/Substrate/GLints/dict_16_192_64_0p5_0p02_0033_0000" 5552
"/Engine/EngineMaterials/Substrate/GLints/dict_16_192_64_0p5_0p02_0033_0002" 5553
"/Engine/EngineMaterials/Substrate/GLints/dict_16_192_64_0p5_0p02_0033_0004" 5554
"/Engine/EngineMaterials/Substrate/GLints/dict_16_192_64_0p5_0p02_0033_0007" 5555
"../../../Engine/Content/EngineMaterials/Substrate/GLints/dict_16_192_64_0p5_0p02_0033_0001.uasset" 5556
"../../../Engine/Content/EngineMaterials/Substrate/GLints/dict_16_192_64_0p5_0p02_0032_0015.uasset" 5557
"../../../Engine/Content/EngineMaterials/Substrate/GLints/dict_16_192_64_0p5_0p02_0033_0006.uasset" 5558
"../../../Engine/Content/EngineMaterials/Substrate/GLints/dict_16_192_64_0p5_0p02_0033_0008.uasset" 5559
"../../../Engine/Content/EngineMaterials/Substrate/GLints/dict_16_192_64_0p5_0p02_0033_0010.uasset" 5560
"../../../Engine/Content/EngineMaterials/Substrate/GLints/dict_16_192_64_0p5_0p02_0033_0009.uasset" 5561
"/Engine/EngineMaterials/Substrate/GLints/dict_16_192_64_0p5_0p02_0033_0009" 5562
"/Engine/EngineMaterials/Substrate/GLints/dict_16_192_64_0p5_0p02_0033_0008" 5563
"/Engine/EngineMaterials/Substrate/GLints/dict_16_192_64_0p5_0p02_0033_0006" 5564
"/Engine/EngineMaterials/Substrate/GLints/dict_16_192_64_0p5_0p02_0032_0015" 5565
"/Engine/EngineMaterials/Substrate/GLints/dict_16_192_64_0p5_0p02_0033_0001" 5566
"../../../Engine/Content/EngineMaterials/Substrate/GLints/dict_16_192_64_0p5_0p02_0034_0000.uasset" 5567
"../../../Engine/Content/EngineMaterials/Substrate/GLints/dict_16_192_64_0p5_0p02_0033_0015.uasset" 5568
"/Engine/EngineMaterials/Substrate/GLints/dict_16_192_64_0p5_0p02_0033_0010" 5569
"/Engine/EngineMaterials/Substrate/GLints/dict_16_192_64_0p5_0p02_0034_0000" 5570
"/Engine/EngineMaterials/Substrate/GLints/dict_16_192_64_0p5_0p02_0033_0015" 5571
"../../../Engine/Content/EngineMaterials/Substrate/GLints/dict_16_192_64_0p5_0p02_0034_0003.uasset" 5572
"../../../Engine/Content/EngineMaterials/Substrate/GLints/dict_16_192_64_0p5_0p02_0033_0013.uasset" 5573
"../../../Engine/Content/EngineMaterials/Substrate/GLints/dict_16_192_64_0p5_0p02_0033_0014.uasset" 5574
"../../../Engine/Content/EngineMaterials/Substrate/GLints/dict_16_192_64_0p5_0p02_0034_0004.uasset" 5575
"../../../Engine/Content/EngineMaterials/Substrate/GLints/dict_16_192_64_0p5_0p02_0033_0011.uasset" 5576
"../../../Engine/Content/EngineMaterials/Substrate/GLints/dict_16_192_64_0p5_0p02_0033_0012.uasset" 5577
"../../../Engine/Content/EngineMaterials/Substrate/GLints/dict_16_192_64_0p5_0p02_0033_0005.uasset" 5578
"../../../Engine/Content/EngineMaterials/Substrate/GLints/dict_16_192_64_0p5_0p02_0034_0006.uasset" 5579
"/Engine/EngineMaterials/Substrate/GLints/dict_16_192_64_0p5_0p02_0033_0011" 5580
"/Engine/EngineMaterials/Substrate/GLints/dict_16_192_64_0p5_0p02_0034_0004" 5581
"/Engine/EngineMaterials/Substrate/GLints/dict_16_192_64_0p5_0p02_0033_0014" 5582
"/Engine/EngineMaterials/Substrate/GLints/dict_16_192_64_0p5_0p02_0034_0003" 5583
"/Engine/EngineMaterials/Substrate/GLints/dict_16_192_64_0p5_0p02_0033_0005" 5584
"/Engine/EngineMaterials/Substrate/GLints/dict_16_192_64_0p5_0p02_0033_0013" 5585
"/Engine/EngineMaterials/Substrate/GLints/dict_16_192_64_0p5_0p02_0033_0012" 5586
"/Engine/EngineMaterials/Substrate/GLints/dict_16_192_64_0p5_0p02_0034_0006" 5587
"../../../Engine/Content/EngineMaterials/Substrate/GLints/dict_16_192_64_0p5_0p02_0034_0002.uasset" 5588
"../../../Engine/Content/EngineMaterials/Substrate/GLints/dict_16_192_64_0p5_0p02_0034_0001.uasset" 5589
"../../../Engine/Content/EngineMaterials/Substrate/GLints/dict_16_192_64_0p5_0p02_0034_0008.uasset" 5590
"../../../Engine/Content/EngineMaterials/Substrate/GLints/dict_16_192_64_0p5_0p02_0034_0005.uasset" 5591
"/Engine/EngineMaterials/Substrate/GLints/dict_16_192_64_0p5_0p02_0034_0001" 5592
"/Engine/EngineMaterials/Substrate/GLints/dict_16_192_64_0p5_0p02_0034_0005" 5593
"../../../Engine/Content/EngineMaterials/Substrate/GLints/dict_16_192_64_0p5_0p02_0034_0007.uasset" 5594
"../../../Engine/Content/EngineMaterials/Substrate/GLints/dict_16_192_64_0p5_0p02_0034_0011.uasset" 5595
"/Engine/EngineMaterials/Substrate/GLints/dict_16_192_64_0p5_0p02_0034_0008" 5596
"../../../Engine/Content/EngineMaterials/Substrate/GLints/dict_16_192_64_0p5_0p02_0034_0009.uasset" 5597
"/Engine/EngineMaterials/Substrate/GLints/dict_16_192_64_0p5_0p02_0034_0002" 5598
"../../../Engine/Content/EngineMaterials/Substrate/GLints/dict_16_192_64_0p5_0p02_0034_0012.uasset" 5599
"/Engine/EngineMaterials/Substrate/GLints/dict_16_192_64_0p5_0p02_0034_0011" 5600
"/Engine/EngineMaterials/Substrate/GLints/dict_16_192_64_0p5_0p02_0034_0009" 5601
"../../../Engine/Content/EngineMaterials/Substrate/GLints/dict_16_192_64_0p5_0p02_0034_0014.uasset" 5602
"/Engine/EngineMaterials/Substrate/GLints/dict_16_192_64_0p5_0p02_0034_0007" 5603
"../../../Engine/Content/EngineMaterials/Substrate/GLints/dict_16_192_64_0p5_0p02_0034_0013.uasset" 5604
"/Engine/EngineMaterials/Substrate/GLints/dict_16_192_64_0p5_0p02_0034_0012" 5605
"/Engine/EngineMaterials/Substrate/GLints/dict_16_192_64_0p5_0p02_0034_0014" 5606
"/Engine/EngineMaterials/Substrate/GLints/dict_16_192_64_0p5_0p02_0034_0013" 5607
"../../../Engine/Content/EngineMaterials/Substrate/GLints/dict_16_192_64_0p5_0p02_0035_0000.uasset" 5608
"../../../Engine/Content/EngineMaterials/Substrate/GLints/dict_16_192_64_0p5_0p02_0034_0015.uasset" 5609
"../../../Engine/Content/EngineMaterials/Substrate/GLints/dict_16_192_64_0p5_0p02_0035_0005.uasset" 5610
"../../../Engine/Content/EngineMaterials/Substrate/GLints/dict_16_192_64_0p5_0p02_0035_0007.uasset" 5611
"../../../Engine/Content/EngineMaterials/Substrate/GLints/dict_16_192_64_0p5_0p02_0035_0001.uasset" 5612
"../../../Engine/Content/EngineMaterials/Substrate/GLints/dict_16_192_64_0p5_0p02_0035_0003.uasset" 5613
"../../../Engine/Content/EngineMaterials/Substrate/GLints/dict_16_192_64_0p5_0p02_0035_0002.uasset" 5614
"/Engine/EngineMaterials/Substrate/GLints/dict_16_192_64_0p5_0p02_0035_0001" 5615
"/Engine/EngineMaterials/Substrate/GLints/dict_16_192_64_0p5_0p02_0035_0000" 5616
"/Engine/EngineMaterials/Substrate/GLints/dict_16_192_64_0p5_0p02_0035_0003" 5617
"/Engine/EngineMaterials/Substrate/GLints/dict_16_192_64_0p5_0p02_0034_0015" 5618
"/Engine/EngineMaterials/Substrate/GLints/dict_16_192_64_0p5_0p02_0035_0002" 5619
"/Engine/EngineMaterials/Substrate/GLints/dict_16_192_64_0p5_0p02_0035_0007" 5620
"/Engine/EngineMaterials/Substrate/GLints/dict_16_192_64_0p5_0p02_0035_0005" 5621
"../../../Engine/Content/EngineMaterials/Substrate/GLints/dict_16_192_64_0p5_0p02_0035_0009.uasset" 5622
"../../../Engine/Content/EngineMaterials/Substrate/GLints/dict_16_192_64_0p5_0p02_0035_0008.uasset" 5623
"../../../Engine/Content/EngineMaterials/Substrate/GLints/dict_16_192_64_0p5_0p02_0035_0014.uasset" 5624
"../../../Engine/Content/EngineMaterials/Substrate/GLints/dict_16_192_64_0p5_0p02_0035_0006.uasset" 5625
"../../../Engine/Content/EngineMaterials/Substrate/GLints/dict_16_192_64_0p5_0p02_0035_0010.uasset" 5626
"../../../Engine/Content/EngineMaterials/Substrate/GLints/dict_16_192_64_0p5_0p02_0034_0010.uasset" 5627
"../../../Engine/Content/EngineMaterials/Substrate/GLints/dict_16_192_64_0p5_0p02_0035_0012.uasset" 5628
"/Engine/EngineMaterials/Substrate/GLints/dict_16_192_64_0p5_0p02_0035_0009" 5629
"/Engine/EngineMaterials/Substrate/GLints/dict_16_192_64_0p5_0p02_0034_0010" 5630
"/Engine/EngineMaterials/Substrate/GLints/dict_16_192_64_0p5_0p02_0035_0010" 5631
"/Engine/EngineMaterials/Substrate/GLints/dict_16_192_64_0p5_0p02_0035_0008" 5632
"../../../Engine/Content/EngineMaterials/Substrate/GLints/dict_16_192_64_0p5_0p02_0035_0015.uasset" 5633
"/Engine/EngineMaterials/Substrate/GLints/dict_16_192_64_0p5_0p02_0035_0006" 5634
"/Engine/EngineMaterials/Substrate/GLints/dict_16_192_64_0p5_0p02_0035_0014" 5635
"/Engine/EngineMaterials/Substrate/GLints/dict_16_192_64_0p5_0p02_0035_0012" 5636
"/Engine/EngineMaterials/Substrate/GLints/dict_16_192_64_0p5_0p02_0035_0015" 5637
"../../../Engine/Content/EngineMaterials/Substrate/GLints/dict_16_192_64_0p5_0p02_0035_0013.uasset" 5638
"../../../Engine/Content/EngineMaterials/Substrate/GLints/dict_16_192_64_0p5_0p02_0036_0001.uasset" 5639
"../../../Engine/Content/EngineMaterials/Substrate/GLints/dict_16_192_64_0p5_0p02_0036_0002.uasset" 5640
"../../../Engine/Content/EngineMaterials/Substrate/GLints/dict_16_192_64_0p5_0p02_0036_0003.uasset" 5641
"../../../Engine/Content/EngineMaterials/Substrate/GLints/dict_16_192_64_0p5_0p02_0035_0011.uasset" 5642
"/Engine/EngineMaterials/Substrate/GLints/dict_16_192_64_0p5_0p02_0036_0002" 5643
"/Engine/EngineMaterials/Substrate/GLints/dict_16_192_64_0p5_0p02_0035_0011" 5644
"/Engine/EngineMaterials/Substrate/GLints/dict_16_192_64_0p5_0p02_0036_0001" 5645
"/Engine/EngineMaterials/Substrate/GLints/dict_16_192_64_0p5_0p02_0035_0013" 5646
"/Engine/EngineMaterials/Substrate/GLints/dict_16_192_64_0p5_0p02_0036_0003" 5647
"../../../Engine/Content/EngineMaterials/Substrate/GLints/dict_16_192_64_0p5_0p02_0035_0004.uasset" 5648
"../../../Engine/Content/EngineMaterials/Substrate/GLints/dict_16_192_64_0p5_0p02_0036_0000.uasset" 5649
"../../../Engine/Content/EngineMaterials/Substrate/GLints/dict_16_192_64_0p5_0p02_0036_0006.uasset" 5650
"../../../Engine/Content/EngineMaterials/Substrate/GLints/dict_16_192_64_0p5_0p02_0036_0008.uasset" 5651
"/Engine/EngineMaterials/Substrate/GLints/dict_16_192_64_0p5_0p02_0036_0006" 5652
"../../../Engine/Content/EngineMaterials/Substrate/GLints/dict_16_192_64_0p5_0p02_0036_0009.uasset" 5653
"/Engine/EngineMaterials/Substrate/GLints/dict_16_192_64_0p5_0p02_0036_0000" 5654
"/Engine/EngineMaterials/Substrate/GLints/dict_16_192_64_0p5_0p02_0035_0004" 5655
"/Engine/EngineMaterials/Substrate/GLints/dict_16_192_64_0p5_0p02_0036_0008" 5656
"/Engine/EngineMaterials/Substrate/GLints/dict_16_192_64_0p5_0p02_0036_0009" 5657
"../../../Engine/Content/EngineMaterials/Substrate/GLints/dict_16_192_64_0p5_0p02_0036_0004.uasset" 5658
"../../../Engine/Content/EngineMaterials/Substrate/GLints/dict_16_192_64_0p5_0p02_0036_0007.uasset" 5659
"../../../Engine/Content/EngineMaterials/Substrate/GLints/dict_16_192_64_0p5_0p02_0036_0010.uasset" 5660
"/Engine/EngineMaterials/Substrate/GLints/dict_16_192_64_0p5_0p02_0036_0007" 5661
"../../../Engine/Content/EngineMaterials/Substrate/GLints/dict_16_192_64_0p5_0p02_0036_0014.uasset" 5662
"/Engine/EngineMaterials/Substrate/GLints/dict_16_192_64_0p5_0p02_0036_0010" 5663
"/Engine/EngineMaterials/Substrate/GLints/dict_16_192_64_0p5_0p02_0036_0004" 5664
"/Engine/EngineMaterials/Substrate/GLints/dict_16_192_64_0p5_0p02_0036_0014" 5665
"../../../Engine/Content/EngineMaterials/Substrate/GLints/dict_16_192_64_0p5_0p02_0036_0005.uasset" 5666
"../../../Engine/Content/EngineMaterials/Substrate/GLints/dict_16_192_64_0p5_0p02_0036_0012.uasset" 5667
"../../../Engine/Content/EngineMaterials/Substrate/GLints/dict_16_192_64_0p5_0p02_0036_0015.uasset" 5668
"/Engine/EngineMaterials/Substrate/GLints/dict_16_192_64_0p5_0p02_0036_0015" 5669
"/Engine/EngineMaterials/Substrate/GLints/dict_16_192_64_0p5_0p02_0036_0005" 5670
"/Engine/EngineMaterials/Substrate/GLints/dict_16_192_64_0p5_0p02_0036_0012" 5671
"../../../Engine/Content/EngineMaterials/Substrate/GLints/dict_16_192_64_0p5_0p02_0036_0013.uasset" 5672
"/Engine/EngineMaterials/Substrate/GLints/dict_16_192_64_0p5_0p02_0036_0013" 5673
"../../../Engine/Content/EngineMaterials/Substrate/GLints/dict_16_192_64_0p5_0p02_0037_0001.uasset" 5674
"../../../Engine/Content/EngineMaterials/Substrate/GLints/dict_16_192_64_0p5_0p02_0037_0002.uasset" 5675
"../../../Engine/Content/EngineMaterials/Substrate/GLints/dict_16_192_64_0p5_0p02_0037_0004.uasset" 5676
"../../../Engine/Content/EngineMaterials/Substrate/GLints/dict_16_192_64_0p5_0p02_0036_0011.uasset" 5677
"../../../Engine/Content/EngineMaterials/Substrate/GLints/dict_16_192_64_0p5_0p02_0037_0000.uasset" 5678
"../../../Engine/Content/EngineMaterials/Substrate/GLints/dict_16_192_64_0p5_0p02_0037_0006.uasset" 5679
"/Engine/EngineMaterials/Substrate/GLints/dict_16_192_64_0p5_0p02_0036_0011" 5680
"/Engine/EngineMaterials/Substrate/GLints/dict_16_192_64_0p5_0p02_0037_0004" 5681
"/Engine/EngineMaterials/Substrate/GLints/dict_16_192_64_0p5_0p02_0037_0002" 5682
"../../../Engine/Content/EngineMaterials/Substrate/GLints/dict_16_192_64_0p5_0p02_0037_0010.uasset" 5683
"../../../Engine/Content/EngineMaterials/Substrate/GLints/dict_16_192_64_0p5_0p02_0037_0005.uasset" 5684
"/Engine/EngineMaterials/Substrate/GLints/dict_16_192_64_0p5_0p02_0037_0001" 5685
"/Engine/EngineMaterials/Substrate/GLints/dict_16_192_64_0p5_0p02_0037_0000" 5686
"/Engine/EngineMaterials/Substrate/GLints/dict_16_192_64_0p5_0p02_0037_0006" 5687
"../../../Engine/Content/EngineMaterials/Substrate/GLints/dict_16_192_64_0p5_0p02_0037_0007.uasset" 5688
"/Engine/EngineMaterials/Substrate/GLints/dict_16_192_64_0p5_0p02_0037_0010" 5689
"/Engine/EngineMaterials/Substrate/GLints/dict_16_192_64_0p5_0p02_0037_0007" 5690
"/Engine/EngineMaterials/Substrate/GLints/dict_16_192_64_0p5_0p02_0037_0005" 5691
"../../../Engine/Content/EngineMaterials/Substrate/GLints/dict_16_192_64_0p5_0p02_0037_0008.uasset" 5692
"../../../Engine/Content/EngineMaterials/Substrate/GLints/dict_16_192_64_0p5_0p02_0037_0011.uasset" 5693
"../../../Engine/Content/EngineMaterials/Substrate/GLints/dict_16_192_64_0p5_0p02_0037_0014.uasset" 5694
"../../../Engine/Content/EngineMaterials/Substrate/GLints/dict_16_192_64_0p5_0p02_0037_0015.uasset" 5695
"../../../Engine/Content/EngineMaterials/Substrate/GLints/dict_16_192_64_0p5_0p02_0038_0003.uasset" 5696
"../../../Engine/Content/EngineMaterials/Substrate/GLints/dict_16_192_64_0p5_0p02_0038_0004.uasset" 5697
"/Engine/EngineMaterials/Substrate/GLints/dict_16_192_64_0p5_0p02_0037_0011" 5698
"/Engine/EngineMaterials/Substrate/GLints/dict_16_192_64_0p5_0p02_0037_0008" 5699
"/Engine/EngineMaterials/Substrate/GLints/dict_16_192_64_0p5_0p02_0037_0015" 5700
"/Engine/EngineMaterials/Substrate/GLints/dict_16_192_64_0p5_0p02_0037_0014" 5701
"/Engine/EngineMaterials/Substrate/GLints/dict_16_192_64_0p5_0p02_0038_0003" 5702
"/Engine/EngineMaterials/Substrate/GLints/dict_16_192_64_0p5_0p02_0038_0004" 5703
"../../../Engine/Content/EngineMaterials/Substrate/GLints/dict_16_192_64_0p5_0p02_0037_0013.uasset" 5704
"../../../Engine/Content/EngineMaterials/Substrate/GLints/dict_16_192_64_0p5_0p02_0038_0000.uasset" 5705
"../../../Engine/Content/EngineMaterials/Substrate/GLints/dict_16_192_64_0p5_0p02_0038_0002.uasset" 5706
"/Engine/EngineMaterials/Substrate/GLints/dict_16_192_64_0p5_0p02_0038_0000" 5707
"../../../Engine/Content/EngineMaterials/Substrate/GLints/dict_16_192_64_0p5_0p02_0037_0003.uasset" 5708
"/Engine/EngineMaterials/Substrate/GLints/dict_16_192_64_0p5_0p02_0037_0013" 5709
"/Engine/EngineMaterials/Substrate/GLints/dict_16_192_64_0p5_0p02_0038_0002" 5710
"../../../Engine/Content/EngineMaterials/Substrate/GLints/dict_16_192_64_0p5_0p02_0038_0005.uasset" 5711
"../../../Engine/Content/EngineMaterials/Substrate/GLints/dict_16_192_64_0p5_0p02_0037_0009.uasset" 5712
"/Engine/EngineMaterials/Substrate/GLints/dict_16_192_64_0p5_0p02_0037_0003" 5713
"../../../Engine/Content/EngineMaterials/Substrate/GLints/dict_16_192_64_0p5_0p02_0038_0001.uasset" 5714
"/Engine/EngineMaterials/Substrate/GLints/dict_16_192_64_0p5_0p02_0037_0009" 5715
"/Engine/EngineMaterials/Substrate/GLints/dict_16_192_64_0p5_0p02_0038_0005" 5716
"/Engine/EngineMaterials/Substrate/GLints/dict_16_192_64_0p5_0p02_0038_0001" 5717
"../../../Engine/Content/EngineMaterials/Substrate/GLints/dict_16_192_64_0p5_0p02_0037_0012.uasset" 5718
"../../../Engine/Content/EngineMaterials/Substrate/GLints/dict_16_192_64_0p5_0p02_0038_0006.uasset" 5719
"/Engine/EngineMaterials/Substrate/GLints/dict_16_192_64_0p5_0p02_0037_0012" 5720
"/Engine/EngineMaterials/Substrate/GLints/dict_16_192_64_0p5_0p02_0038_0006" 5721
"../../../Engine/Content/EngineMaterials/Substrate/GLints/dict_16_192_64_0p5_0p02_0038_0007.uasset" 5722
"../../../Engine/Content/EngineMaterials/Substrate/GLints/dict_16_192_64_0p5_0p02_0038_0011.uasset" 5723
"/Engine/EngineMaterials/Substrate/GLints/dict_16_192_64_0p5_0p02_0038_0011" 5724
"/Engine/EngineMaterials/Substrate/GLints/dict_16_192_64_0p5_0p02_0038_0007" 5725
"../../../Engine/Content/EngineMaterials/Substrate/GLints/dict_16_192_64_0p5_0p02_0038_0015.uasset" 5726
"../../../Engine/Content/EngineMaterials/Substrate/GLints/dict_16_192_64_0p5_0p02_0038_0009.uasset" 5727
"../../../Engine/Content/EngineMaterials/Substrate/GLints/dict_16_192_64_0p5_0p02_0038_0014.uasset" 5728
"../../../Engine/Content/EngineMaterials/Substrate/GLints/dict_16_192_64_0p5_0p02_0038_0012.uasset" 5729
"../../../Engine/Content/EngineMaterials/Substrate/GLints/dict_16_192_64_0p5_0p02_0039_0003.uasset" 5730
"/Engine/EngineMaterials/Substrate/GLints/dict_16_192_64_0p5_0p02_0038_0009" 5731
"/Engine/EngineMaterials/Substrate/GLints/dict_16_192_64_0p5_0p02_0038_0014" 5732
"/Engine/EngineMaterials/Substrate/GLints/dict_16_192_64_0p5_0p02_0038_0012" 5733
"/Engine/EngineMaterials/Substrate/GLints/dict_16_192_64_0p5_0p02_0038_0015" 5734
"/Engine/EngineMaterials/Substrate/GLints/dict_16_192_64_0p5_0p02_0039_0003" 5735
"../../../Engine/Content/EngineMaterials/Substrate/GLints/dict_16_192_64_0p5_0p02_0038_0013.uasset" 5736
"../../../Engine/Content/EngineMaterials/Substrate/GLints/dict_16_192_64_0p5_0p02_0039_0004.uasset" 5737
"../../../Engine/Content/EngineMaterials/Substrate/GLints/dict_16_192_64_0p5_0p02_0039_0005.uasset" 5738
"/Engine/EngineMaterials/Substrate/GLints/dict_16_192_64_0p5_0p02_0039_0004" 5739
"/Engine/EngineMaterials/Substrate/GLints/dict_16_192_64_0p5_0p02_0039_0005" 5740
"../../../Engine/Content/EngineMaterials/Substrate/GLints/dict_16_192_64_0p5_0p02_0039_0006.uasset" 5741
"../../../Engine/Content/EngineMaterials/Substrate/GLints/dict_16_192_64_0p5_0p02_0039_0001.uasset" 5742
"../../../Engine/Content/EngineMaterials/Substrate/GLints/dict_16_192_64_0p5_0p02_0038_0010.uasset" 5743
"/Engine/EngineMaterials/Substrate/GLints/dict_16_192_64_0p5_0p02_0039_0001" 5744
"../../../Engine/Content/EngineMaterials/Substrate/GLints/dict_16_192_64_0p5_0p02_0039_0008.uasset" 5745
"../../../Engine/Content/EngineMaterials/Substrate/GLints/dict_16_192_64_0p5_0p02_0039_0007.uasset" 5746
"/Engine/EngineMaterials/Substrate/GLints/dict_16_192_64_0p5_0p02_0039_0006" 5747
"/Engine/EngineMaterials/Substrate/GLints/dict_16_192_64_0p5_0p02_0038_0010" 5748
"/Engine/EngineMaterials/Substrate/GLints/dict_16_192_64_0p5_0p02_0039_0007" 5749
"/Engine/EngineMaterials/Substrate/GLints/dict_16_192_64_0p5_0p02_0038_0013" 5750
"/Engine/EngineMaterials/Substrate/GLints/dict_16_192_64_0p5_0p02_0039_0008" 5751
"../../../Engine/Content/EngineMaterials/Substrate/GLints/dict_16_192_64_0p5_0p02_0038_0008.uasset" 5752
"../../../Engine/Content/EngineMaterials/Substrate/GLints/dict_16_192_64_0p5_0p02_0039_0009.uasset" 5753
"../../../Engine/Content/EngineMaterials/Substrate/GLints/dict_16_192_64_0p5_0p02_0039_0013.uasset" 5754
"../../../Engine/Content/EngineMaterials/Substrate/GLints/dict_16_192_64_0p5_0p02_0039_0012.uasset" 5755
"/Engine/EngineMaterials/Substrate/GLints/dict_16_192_64_0p5_0p02_0039_0012" 5756
"/Engine/EngineMaterials/Substrate/GLints/dict_16_192_64_0p5_0p02_0038_0008" 5757
"/Engine/EngineMaterials/Substrate/GLints/dict_16_192_64_0p5_0p02_0039_0013" 5758
"../../../Engine/Content/EngineMaterials/Substrate/GLints/dict_16_192_64_0p5_0p02_0040_0002.uasset" 5759
"/Engine/EngineMaterials/Substrate/GLints/dict_16_192_64_0p5_0p02_0039_0009" 5760
"../../../Engine/Content/EngineMaterials/Substrate/GLints/dict_16_192_64_0p5_0p02_0040_0001.uasset" 5761
"/Engine/EngineMaterials/Substrate/GLints/dict_16_192_64_0p5_0p02_0040_0002" 5762
"/Engine/EngineMaterials/Substrate/GLints/dict_16_192_64_0p5_0p02_0040_0001" 5763
"../../../Engine/Content/EngineMaterials/Substrate/GLints/dict_16_192_64_0p5_0p02_0039_0002.uasset" 5764
"../../../Engine/Content/EngineMaterials/Substrate/GLints/dict_16_192_64_0p5_0p02_0039_0000.uasset" 5765
"../../../Engine/Content/EngineMaterials/Substrate/GLints/dict_16_192_64_0p5_0p02_0039_0011.uasset" 5766
"../../../Engine/Content/EngineMaterials/Substrate/GLints/dict_16_192_64_0p5_0p02_0040_0004.uasset" 5767
"../../../Engine/Content/EngineMaterials/Substrate/GLints/dict_16_192_64_0p5_0p02_0039_0014.uasset" 5768
"../../../Engine/Content/EngineMaterials/Substrate/GLints/dict_16_192_64_0p5_0p02_0040_0000.uasset" 5769
"/Engine/EngineMaterials/Substrate/GLints/dict_16_192_64_0p5_0p02_0040_0004" 5770
"/Engine/EngineMaterials/Substrate/GLints/dict_16_192_64_0p5_0p02_0040_0000" 5771
"/Engine/EngineMaterials/Substrate/GLints/dict_16_192_64_0p5_0p02_0039_0002" 5772
"/Engine/EngineMaterials/Substrate/GLints/dict_16_192_64_0p5_0p02_0039_0011" 5773
"/Engine/EngineMaterials/Substrate/GLints/dict_16_192_64_0p5_0p02_0039_0000" 5774
"/Engine/EngineMaterials/Substrate/GLints/dict_16_192_64_0p5_0p02_0039_0014" 5775
"../../../Engine/Content/EngineMaterials/Substrate/GLints/dict_16_192_64_0p5_0p02_0040_0003.uasset" 5776
"../../../Engine/Content/EngineMaterials/Substrate/GLints/dict_16_192_64_0p5_0p02_0040_0009.uasset" 5777
"../../../Engine/Content/EngineMaterials/Substrate/GLints/dict_16_192_64_0p5_0p02_0040_0005.uasset" 5778
"../../../Engine/Content/EngineMaterials/Substrate/GLints/dict_16_192_64_0p5_0p02_0039_0015.uasset" 5779
"../../../Engine/Content/EngineMaterials/Substrate/GLints/dict_16_192_64_0p5_0p02_0039_0010.uasset" 5780
"../../../Engine/Content/EngineMaterials/Substrate/GLints/dict_16_192_64_0p5_0p02_0040_0007.uasset" 5781
"/Engine/EngineMaterials/Substrate/GLints/dict_16_192_64_0p5_0p02_0040_0003" 5782
"/Engine/EngineMaterials/Substrate/GLints/dict_16_192_64_0p5_0p02_0039_0010" 5783
"/Engine/EngineMaterials/Substrate/GLints/dict_16_192_64_0p5_0p02_0040_0009" 5784
"/Engine/EngineMaterials/Substrate/GLints/dict_16_192_64_0p5_0p02_0039_0015" 5785
"/Engine/EngineMaterials/Substrate/GLints/dict_16_192_64_0p5_0p02_0040_0005" 5786
"../../../Engine/Content/EngineMaterials/Substrate/GLints/dict_16_192_64_0p5_0p02_0040_0011.uasset" 5787
"../../../Engine/Content/EngineMaterials/Substrate/GLints/dict_16_192_64_0p5_0p02_0040_0006.uasset" 5788
"/Engine/EngineMaterials/Substrate/GLints/dict_16_192_64_0p5_0p02_0040_0011" 5789
"/Engine/EngineMaterials/Substrate/GLints/dict_16_192_64_0p5_0p02_0040_0006" 5790
"/Engine/EngineMaterials/Substrate/GLints/dict_16_192_64_0p5_0p02_0040_0007" 5791
"../../../Engine/Content/EngineMaterials/Substrate/GLints/dict_16_192_64_0p5_0p02_0040_0010.uasset" 5792
"../../../Engine/Content/EngineMaterials/Substrate/GLints/dict_16_192_64_0p5_0p02_0041_0000.uasset" 5793
"/Engine/EngineMaterials/Substrate/GLints/dict_16_192_64_0p5_0p02_0040_0010" 5794
"/Engine/EngineMaterials/Substrate/GLints/dict_16_192_64_0p5_0p02_0041_0000" 5795
"../../../Engine/Content/EngineMaterials/Substrate/GLints/dict_16_192_64_0p5_0p02_0041_0002.uasset" 5796
"../../../Engine/Content/EngineMaterials/Substrate/GLints/dict_16_192_64_0p5_0p02_0040_0013.uasset" 5797
"../../../Engine/Content/EngineMaterials/Substrate/GLints/dict_16_192_64_0p5_0p02_0040_0015.uasset" 5798
"../../../Engine/Content/EngineMaterials/Substrate/GLints/dict_16_192_64_0p5_0p02_0040_0008.uasset" 5799
"../../../Engine/Content/EngineMaterials/Substrate/GLints/dict_16_192_64_0p5_0p02_0041_0006.uasset" 5800
"/Engine/EngineMaterials/Substrate/GLints/dict_16_192_64_0p5_0p02_0040_0013" 5801
"/Engine/EngineMaterials/Substrate/GLints/dict_16_192_64_0p5_0p02_0041_0002" 5802
"/Engine/EngineMaterials/Substrate/GLints/dict_16_192_64_0p5_0p02_0040_0008" 5803
"/Engine/EngineMaterials/Substrate/GLints/dict_16_192_64_0p5_0p02_0040_0015" 5804
"/Engine/EngineMaterials/Substrate/GLints/dict_16_192_64_0p5_0p02_0041_0006" 5805
"../../../Engine/Content/EngineMaterials/Substrate/GLints/dict_16_192_64_0p5_0p02_0041_0003.uasset" 5806
"../../../Engine/Content/EngineMaterials/Substrate/GLints/dict_16_192_64_0p5_0p02_0040_0014.uasset" 5807
"../../../Engine/Content/EngineMaterials/Substrate/GLints/dict_16_192_64_0p5_0p02_0041_0004.uasset" 5808
"../../../Engine/Content/EngineMaterials/Substrate/GLints/dict_16_192_64_0p5_0p02_0041_0001.uasset" 5809
"../../../Engine/Content/EngineMaterials/Substrate/GLints/dict_16_192_64_0p5_0p02_0041_0007.uasset" 5810
"/Engine/EngineMaterials/Substrate/GLints/dict_16_192_64_0p5_0p02_0040_0014" 5811
"/Engine/EngineMaterials/Substrate/GLints/dict_16_192_64_0p5_0p02_0041_0007" 5812
"/Engine/EngineMaterials/Substrate/GLints/dict_16_192_64_0p5_0p02_0041_0004" 5813
"/Engine/EngineMaterials/Substrate/GLints/dict_16_192_64_0p5_0p02_0041_0001" 5814
"/Engine/EngineMaterials/Substrate/GLints/dict_16_192_64_0p5_0p02_0041_0003" 5815
"../../../Engine/Content/EngineMaterials/Substrate/GLints/dict_16_192_64_0p5_0p02_0040_0012.uasset" 5816
"../../../Engine/Content/EngineMaterials/Substrate/GLints/dict_16_192_64_0p5_0p02_0041_0010.uasset" 5817
"/Engine/EngineMaterials/Substrate/GLints/dict_16_192_64_0p5_0p02_0040_0012" 5818
"/Engine/EngineMaterials/Substrate/GLints/dict_16_192_64_0p5_0p02_0041_0010" 5819
"../../../Engine/Content/EngineMaterials/Substrate/GLints/dict_16_192_64_0p5_0p02_0041_0008.uasset" 5820
"../../../Engine/Content/EngineMaterials/Substrate/GLints/dict_16_192_64_0p5_0p02_0041_0012.uasset" 5821
"/Engine/EngineMaterials/Substrate/GLints/dict_16_192_64_0p5_0p02_0041_0008" 5822
"/Engine/EngineMaterials/Substrate/GLints/dict_16_192_64_0p5_0p02_0041_0012" 5823
"../../../Engine/Content/EngineMaterials/Substrate/GLints/dict_16_192_64_0p5_0p02_0041_0011.uasset" 5824
"../../../Engine/Content/EngineMaterials/Substrate/GLints/dict_16_192_64_0p5_0p02_0041_0009.uasset" 5825
"../../../Engine/Content/EngineMaterials/Substrate/GLints/dict_16_192_64_0p5_0p02_0041_0013.uasset" 5826
"/Engine/EngineMaterials/Substrate/GLints/dict_16_192_64_0p5_0p02_0041_0009" 5827
"/Engine/EngineMaterials/Substrate/GLints/dict_16_192_64_0p5_0p02_0041_0011" 5828
"/Engine/EngineMaterials/Substrate/GLints/dict_16_192_64_0p5_0p02_0041_0013" 5829
"../../../Engine/Content/EngineMaterials/Substrate/GLints/dict_16_192_64_0p5_0p02_0041_0014.uasset" 5830
"../../../Engine/Content/EngineMaterials/Substrate/GLints/dict_16_192_64_0p5_0p02_0041_0015.uasset" 5831
"../../../Engine/Content/EngineMaterials/Substrate/GLints/dict_16_192_64_0p5_0p02_0042_0000.uasset" 5832
"../../../Engine/Content/EngineMaterials/Substrate/GLints/dict_16_192_64_0p5_0p02_0042_0002.uasset" 5833
"../../../Engine/Content/EngineMaterials/Substrate/GLints/dict_16_192_64_0p5_0p02_0042_0005.uasset" 5834
"../../../Engine/Content/EngineMaterials/Substrate/GLints/dict_16_192_64_0p5_0p02_0042_0001.uasset" 5835
"/Engine/EngineMaterials/Substrate/GLints/dict_16_192_64_0p5_0p02_0042_0001" 5836
"/Engine/EngineMaterials/Substrate/GLints/dict_16_192_64_0p5_0p02_0042_0000" 5837
"/Engine/EngineMaterials/Substrate/GLints/dict_16_192_64_0p5_0p02_0041_0015" 5838
"/Engine/EngineMaterials/Substrate/GLints/dict_16_192_64_0p5_0p02_0041_0014" 5839
"/Engine/EngineMaterials/Substrate/GLints/dict_16_192_64_0p5_0p02_0042_0005" 5840
"/Engine/EngineMaterials/Substrate/GLints/dict_16_192_64_0p5_0p02_0042_0002" 5841
"../../../Engine/Content/EngineMaterials/Substrate/GLints/dict_16_192_64_0p5_0p02_0041_0005.uasset" 5842
"/Engine/EngineMaterials/Substrate/GLints/dict_16_192_64_0p5_0p02_0041_0005" 5843
"../../../Engine/Content/EngineMaterials/Substrate/GLints/dict_16_192_64_0p5_0p02_0042_0007.uasset" 5844
"../../../Engine/Content/EngineMaterials/Substrate/GLints/dict_16_192_64_0p5_0p02_0042_0006.uasset" 5845
"../../../Engine/Content/EngineMaterials/Substrate/GLints/dict_16_192_64_0p5_0p02_0042_0009.uasset" 5846
"../../../Engine/Content/EngineMaterials/Substrate/GLints/dict_16_192_64_0p5_0p02_0042_0004.uasset" 5847
"../../../Engine/Content/EngineMaterials/Substrate/GLints/dict_16_192_64_0p5_0p02_0042_0012.uasset" 5848
"../../../Engine/Content/EngineMaterials/Substrate/GLints/dict_16_192_64_0p5_0p02_0042_0008.uasset" 5849
"/Engine/EngineMaterials/Substrate/GLints/dict_16_192_64_0p5_0p02_0042_0006" 5850
"/Engine/EngineMaterials/Substrate/GLints/dict_16_192_64_0p5_0p02_0042_0008" 5851
"/Engine/EngineMaterials/Substrate/GLints/dict_16_192_64_0p5_0p02_0042_0007" 5852
"/Engine/EngineMaterials/Substrate/GLints/dict_16_192_64_0p5_0p02_0042_0009" 5853
"/Engine/EngineMaterials/Substrate/GLints/dict_16_192_64_0p5_0p02_0042_0004" 5854
"/Engine/EngineMaterials/Substrate/GLints/dict_16_192_64_0p5_0p02_0042_0012" 5855
"../../../Engine/Content/EngineMaterials/Substrate/GLints/dict_16_192_64_0p5_0p02_0043_0000.uasset" 5856
"../../../Engine/Content/EngineMaterials/Substrate/GLints/dict_16_192_64_0p5_0p02_0042_0015.uasset" 5857
"../../../Engine/Content/EngineMaterials/Substrate/GLints/dict_16_192_64_0p5_0p02_0042_0011.uasset" 5858
"../../../Engine/Content/EngineMaterials/Substrate/GLints/dict_16_192_64_0p5_0p02_0043_0004.uasset" 5859
"/Engine/EngineMaterials/Substrate/GLints/dict_16_192_64_0p5_0p02_0042_0015" 5860
"/Engine/EngineMaterials/Substrate/GLints/dict_16_192_64_0p5_0p02_0043_0004" 5861
"/Engine/EngineMaterials/Substrate/GLints/dict_16_192_64_0p5_0p02_0042_0011" 5862
"/Engine/EngineMaterials/Substrate/GLints/dict_16_192_64_0p5_0p02_0043_0000" 5863
"../../../Engine/Content/EngineMaterials/Substrate/GLints/dict_16_192_64_0p5_0p02_0043_0003.uasset" 5864
"../../../Engine/Content/EngineMaterials/Substrate/GLints/dict_16_192_64_0p5_0p02_0042_0014.uasset" 5865
"../../../Engine/Content/EngineMaterials/Substrate/GLints/dict_16_192_64_0p5_0p02_0043_0001.uasset" 5866
"../../../Engine/Content/EngineMaterials/Substrate/GLints/dict_16_192_64_0p5_0p02_0043_0005.uasset" 5867
"/Engine/EngineMaterials/Substrate/GLints/dict_16_192_64_0p5_0p02_0043_0005" 5868
"/Engine/EngineMaterials/Substrate/GLints/dict_16_192_64_0p5_0p02_0042_0014" 5869
"/Engine/EngineMaterials/Substrate/GLints/dict_16_192_64_0p5_0p02_0043_0003" 5870
"/Engine/EngineMaterials/Substrate/GLints/dict_16_192_64_0p5_0p02_0043_0001" 5871
"../../../Engine/Content/EngineMaterials/Substrate/GLints/dict_16_192_64_0p5_0p02_0042_0003.uasset" 5872
"../../../Engine/Content/EngineMaterials/Substrate/GLints/dict_16_192_64_0p5_0p02_0043_0006.uasset" 5873
"/Engine/EngineMaterials/Substrate/GLints/dict_16_192_64_0p5_0p02_0043_0006" 5874
"/Engine/EngineMaterials/Substrate/GLints/dict_16_192_64_0p5_0p02_0042_0003" 5875
"../../../Engine/Content/EngineMaterials/Substrate/GLints/dict_16_192_64_0p5_0p02_0043_0002.uasset" 5876
"../../../Engine/Content/EngineMaterials/Substrate/GLints/dict_16_192_64_0p5_0p02_0043_0007.uasset" 5877
"../../../Engine/Content/EngineMaterials/Substrate/GLints/dict_16_192_64_0p5_0p02_0043_0008.uasset" 5878
"/Engine/EngineMaterials/Substrate/GLints/dict_16_192_64_0p5_0p02_0043_0007" 5879
"/Engine/EngineMaterials/Substrate/GLints/dict_16_192_64_0p5_0p02_0043_0002" 5880
"/Engine/EngineMaterials/Substrate/GLints/dict_16_192_64_0p5_0p02_0043_0008" 5881
"../../../Engine/Content/EngineMaterials/Substrate/GLints/dict_16_192_64_0p5_0p02_0043_0011.uasset" 5882
"../../../Engine/Content/EngineMaterials/Substrate/GLints/dict_16_192_64_0p5_0p02_0043_0010.uasset" 5883
"../../../Engine/Content/EngineMaterials/Substrate/GLints/dict_16_192_64_0p5_0p02_0042_0010.uasset" 5884
"../../../Engine/Content/EngineMaterials/Substrate/GLints/dict_16_192_64_0p5_0p02_0042_0013.uasset" 5885
"/Engine/EngineMaterials/Substrate/GLints/dict_16_192_64_0p5_0p02_0043_0011" 5886
"/Engine/EngineMaterials/Substrate/GLints/dict_16_192_64_0p5_0p02_0043_0010" 5887
"/Engine/EngineMaterials/Substrate/GLints/dict_16_192_64_0p5_0p02_0042_0013" 5888
"/Engine/EngineMaterials/Substrate/GLints/dict_16_192_64_0p5_0p02_0042_0010" 5889
"../../../Engine/Content/EngineMaterials/Substrate/GLints/dict_16_192_64_0p5_0p02_0044_0002.uasset" 5890
"/Engine/EngineMaterials/Substrate/GLints/dict_16_192_64_0p5_0p02_0044_0002" 5891
"../../../Engine/Content/EngineMaterials/Substrate/GLints/dict_16_192_64_0p5_0p02_0043_0009.uasset" 5892
"/Engine/EngineMaterials/Substrate/GLints/dict_16_192_64_0p5_0p02_0043_0009" 5893
"../../../Engine/Content/EngineMaterials/Substrate/GLints/dict_16_192_64_0p5_0p02_0044_0004.uasset" 5894
"/Engine/EngineMaterials/Substrate/GLints/dict_16_192_64_0p5_0p02_0044_0004" 5895
"../../../Engine/Content/EngineMaterials/Substrate/GLints/dict_16_192_64_0p5_0p02_0043_0015.uasset" 5896
"../../../Engine/Content/EngineMaterials/Substrate/GLints/dict_16_192_64_0p5_0p02_0043_0012.uasset" 5897
"../../../Engine/Content/EngineMaterials/Substrate/GLints/dict_16_192_64_0p5_0p02_0044_0001.uasset" 5898
"../../../Engine/Content/EngineMaterials/Substrate/GLints/dict_16_192_64_0p5_0p02_0043_0014.uasset" 5899
"/Engine/EngineMaterials/Substrate/GLints/dict_16_192_64_0p5_0p02_0043_0012" 5900
"/Engine/EngineMaterials/Substrate/GLints/dict_16_192_64_0p5_0p02_0044_0001" 5901
"/Engine/EngineMaterials/Substrate/GLints/dict_16_192_64_0p5_0p02_0043_0015" 5902
"/Engine/EngineMaterials/Substrate/GLints/dict_16_192_64_0p5_0p02_0043_0014" 5903
"../../../Engine/Content/EngineMaterials/Substrate/GLints/dict_16_192_64_0p5_0p02_0043_0013.uasset" 5904
"../../../Engine/Content/EngineMaterials/Substrate/GLints/dict_16_192_64_0p5_0p02_0044_0006.uasset" 5905
"../../../Engine/Content/EngineMaterials/Substrate/GLints/dict_16_192_64_0p5_0p02_0044_0007.uasset" 5906
"../../../Engine/Content/EngineMaterials/Substrate/GLints/dict_16_192_64_0p5_0p02_0044_0005.uasset" 5907
"/Engine/EngineMaterials/Substrate/GLints/dict_16_192_64_0p5_0p02_0044_0007" 5908
"/Engine/EngineMaterials/Substrate/GLints/dict_16_192_64_0p5_0p02_0044_0006" 5909
"/Engine/EngineMaterials/Substrate/GLints/dict_16_192_64_0p5_0p02_0044_0005" 5910
"/Engine/EngineMaterials/Substrate/GLints/dict_16_192_64_0p5_0p02_0043_0013" 5911
"../../../Engine/Content/EngineMaterials/Substrate/GLints/dict_16_192_64_0p5_0p02_0044_0010.uasset" 5912
"/Engine/EngineMaterials/Substrate/GLints/dict_16_192_64_0p5_0p02_0044_0010" 5913
"../../../Engine/Content/EngineMaterials/Substrate/GLints/dict_16_192_64_0p5_0p02_0044_0003.uasset" 5914
"../../../Engine/Content/EngineMaterials/Substrate/GLints/dict_16_192_64_0p5_0p02_0044_0000.uasset" 5915
"../../../Engine/Content/EngineMaterials/Substrate/GLints/dict_16_192_64_0p5_0p02_0044_0011.uasset" 5916
"../../../Engine/Content/EngineMaterials/Substrate/GLints/dict_16_192_64_0p5_0p02_0044_0014.uasset" 5917
"/Engine/EngineMaterials/Substrate/GLints/dict_16_192_64_0p5_0p02_0044_0003" 5918
"/Engine/EngineMaterials/Substrate/GLints/dict_16_192_64_0p5_0p02_0044_0000" 5919
"/Engine/EngineMaterials/Substrate/GLints/dict_16_192_64_0p5_0p02_0044_0011" 5920
"/Engine/EngineMaterials/Substrate/GLints/dict_16_192_64_0p5_0p02_0044_0014" 5921
"../../../Engine/Content/EngineMaterials/Substrate/GLints/dict_16_192_64_0p5_0p02_0044_0012.uasset" 5922
"../../../Engine/Content/EngineMaterials/Substrate/GLints/dict_16_192_64_0p5_0p02_0044_0008.uasset" 5923
"/Engine/EngineMaterials/Substrate/GLints/dict_16_192_64_0p5_0p02_0044_0008" 5924
"/Engine/EngineMaterials/Substrate/GLints/dict_16_192_64_0p5_0p02_0044_0012" 5925
"../../../Engine/Content/EngineMaterials/Substrate/GLints/dict_16_192_64_0p5_0p02_0044_0015.uasset" 5926
"../../../Engine/Content/EngineMaterials/Substrate/GLints/dict_16_192_64_0p5_0p02_0044_0013.uasset" 5927
"../../../Engine/Content/EngineMaterials/Substrate/GLints/dict_16_192_64_0p5_0p02_0044_0009.uasset" 5928
"../../../Engine/Content/EngineMaterials/Substrate/GLints/dict_16_192_64_0p5_0p02_0045_0003.uasset" 5929
"../../../Engine/Content/EngineMaterials/Substrate/GLints/dict_16_192_64_0p5_0p02_0045_0007.uasset" 5930
"../../../Engine/Content/EngineMaterials/Substrate/GLints/dict_16_192_64_0p5_0p02_0045_0000.uasset" 5931
"/Engine/EngineMaterials/Substrate/GLints/dict_16_192_64_0p5_0p02_0044_0013" 5932
"/Engine/EngineMaterials/Substrate/GLints/dict_16_192_64_0p5_0p02_0044_0009" 5933
"/Engine/EngineMaterials/Substrate/GLints/dict_16_192_64_0p5_0p02_0045_0000" 5934
"/Engine/EngineMaterials/Substrate/GLints/dict_16_192_64_0p5_0p02_0045_0003" 5935
"/Engine/EngineMaterials/Substrate/GLints/dict_16_192_64_0p5_0p02_0044_0015" 5936
"/Engine/EngineMaterials/Substrate/GLints/dict_16_192_64_0p5_0p02_0045_0007" 5937
"../../../Engine/Content/EngineMaterials/Substrate/GLints/dict_16_192_64_0p5_0p02_0045_0005.uasset" 5938
"../../../Engine/Content/EngineMaterials/Substrate/GLints/dict_16_192_64_0p5_0p02_0045_0010.uasset" 5939
"../../../Engine/Content/EngineMaterials/Substrate/GLints/dict_16_192_64_0p5_0p02_0045_0012.uasset" 5940
"/Engine/EngineMaterials/Substrate/GLints/dict_16_192_64_0p5_0p02_0045_0010" 5941
"/Engine/EngineMaterials/Substrate/GLints/dict_16_192_64_0p5_0p02_0045_0012" 5942
"/Engine/EngineMaterials/Substrate/GLints/dict_16_192_64_0p5_0p02_0045_0005" 5943
"../../../Engine/Content/EngineMaterials/Substrate/GLints/dict_16_192_64_0p5_0p02_0045_0013.uasset" 5944
"/Engine/EngineMaterials/Substrate/GLints/dict_16_192_64_0p5_0p02_0045_0013" 5945
"../../../Engine/Content/EngineMaterials/Substrate/GLints/dict_16_192_64_0p5_0p02_0045_0006.uasset" 5946
"../../../Engine/Content/EngineMaterials/Substrate/GLints/dict_16_192_64_0p5_0p02_0045_0004.uasset" 5947
"../../../Engine/Content/EngineMaterials/Substrate/GLints/dict_16_192_64_0p5_0p02_0045_0002.uasset" 5948
"../../../Engine/Content/EngineMaterials/Substrate/GLints/dict_16_192_64_0p5_0p02_0045_0008.uasset" 5949
"../../../Engine/Content/EngineMaterials/Substrate/GLints/dict_16_192_64_0p5_0p02_0045_0009.uasset" 5950
"../../../Engine/Content/EngineMaterials/Substrate/GLints/dict_16_192_64_0p5_0p02_0045_0015.uasset" 5951
"/Engine/EngineMaterials/Substrate/GLints/dict_16_192_64_0p5_0p02_0045_0006" 5952
"../../../Engine/Content/EngineMaterials/Substrate/GLints/dict_16_192_64_0p5_0p02_0045_0011.uasset" 5953
"/Engine/EngineMaterials/Substrate/GLints/dict_16_192_64_0p5_0p02_0045_0015" 5954
"/Engine/EngineMaterials/Substrate/GLints/dict_16_192_64_0p5_0p02_0045_0009" 5955
"/Engine/EngineMaterials/Substrate/GLints/dict_16_192_64_0p5_0p02_0045_0008" 5956
"/Engine/EngineMaterials/Substrate/GLints/dict_16_192_64_0p5_0p02_0045_0002" 5957
"/Engine/EngineMaterials/Substrate/GLints/dict_16_192_64_0p5_0p02_0045_0004" 5958
"/Engine/EngineMaterials/Substrate/GLints/dict_16_192_64_0p5_0p02_0045_0011" 5959
"../../../Engine/Content/EngineMaterials/Substrate/GLints/dict_16_192_64_0p5_0p02_0045_0014.uasset" 5960
"../../../Engine/Content/EngineMaterials/Substrate/GLints/dict_16_192_64_0p5_0p02_0045_0001.uasset" 5961
"/Engine/EngineMaterials/Substrate/GLints/dict_16_192_64_0p5_0p02_0045_0001" 5962
"/Engine/EngineMaterials/Substrate/GLints/dict_16_192_64_0p5_0p02_0045_0014" 5963
"../../../Engine/Content/EngineMaterials/Substrate/GLints/dict_16_192_64_0p5_0p02_0046_0002.uasset" 5964
"../../../Engine/Content/EngineMaterials/Substrate/GLints/dict_16_192_64_0p5_0p02_0046_0001.uasset" 5965
"../../../Engine/Content/EngineMaterials/Substrate/GLints/dict_16_192_64_0p5_0p02_0046_0004.uasset" 5966
"../../../Engine/Content/EngineMaterials/Substrate/GLints/dict_16_192_64_0p5_0p02_0046_0003.uasset" 5967
"/Engine/EngineMaterials/Substrate/GLints/dict_16_192_64_0p5_0p02_0046_0001" 5968
"/Engine/EngineMaterials/Substrate/GLints/dict_16_192_64_0p5_0p02_0046_0004" 5969
"/Engine/EngineMaterials/Substrate/GLints/dict_16_192_64_0p5_0p02_0046_0003" 5970
"/Engine/EngineMaterials/Substrate/GLints/dict_16_192_64_0p5_0p02_0046_0002" 5971
"../../../Engine/Content/EngineMaterials/Substrate/GLints/dict_16_192_64_0p5_0p02_0046_0005.uasset" 5972
"../../../Engine/Content/EngineMaterials/Substrate/GLints/dict_16_192_64_0p5_0p02_0046_0006.uasset" 5973
"../../../Engine/Content/EngineMaterials/Substrate/GLints/dict_16_192_64_0p5_0p02_0046_0011.uasset" 5974
"../../../Engine/Content/EngineMaterials/Substrate/GLints/dict_16_192_64_0p5_0p02_0046_0008.uasset" 5975
"../../../Engine/Content/EngineMaterials/Substrate/GLints/dict_16_192_64_0p5_0p02_0046_0000.uasset" 5976
"../../../Engine/Content/EngineMaterials/Substrate/GLints/dict_16_192_64_0p5_0p02_0046_0009.uasset" 5977
"/Engine/EngineMaterials/Substrate/GLints/dict_16_192_64_0p5_0p02_0046_0000" 5978
"/Engine/EngineMaterials/Substrate/GLints/dict_16_192_64_0p5_0p02_0046_0009" 5979
"/Engine/EngineMaterials/Substrate/GLints/dict_16_192_64_0p5_0p02_0046_0011" 5980
"/Engine/EngineMaterials/Substrate/GLints/dict_16_192_64_0p5_0p02_0046_0008" 5981
"/Engine/EngineMaterials/Substrate/GLints/dict_16_192_64_0p5_0p02_0046_0005" 5982
"/Engine/EngineMaterials/Substrate/GLints/dict_16_192_64_0p5_0p02_0046_0006" 5983
"../../../Engine/Content/EngineMaterials/Substrate/GLints/dict_16_192_64_0p5_0p02_0046_0012.uasset" 5984
"../../../Engine/Content/EngineMaterials/Substrate/GLints/dict_16_192_64_0p5_0p02_0046_0007.uasset" 5985
"../../../Engine/Content/EngineMaterials/Substrate/GLints/dict_16_192_64_0p5_0p02_0046_0015.uasset" 5986
"/Engine/EngineMaterials/Substrate/GLints/dict_16_192_64_0p5_0p02_0046_0015" 5987
"/Engine/EngineMaterials/Substrate/GLints/dict_16_192_64_0p5_0p02_0046_0012" 5988
"/Engine/EngineMaterials/Substrate/GLints/dict_16_192_64_0p5_0p02_0046_0007" 5989
"../../../Engine/Content/EngineMaterials/Substrate/GLints/dict_16_192_64_0p5_0p02_0046_0013.uasset" 5990
"../../../Engine/Content/EngineMaterials/Substrate/GLints/dict_16_192_64_0p5_0p02_0047_0003.uasset" 5991
"/Engine/EngineMaterials/Substrate/GLints/dict_16_192_64_0p5_0p02_0047_0003" 5992
"/Engine/EngineMaterials/Substrate/GLints/dict_16_192_64_0p5_0p02_0046_0013" 5993
"../../../Engine/Content/EngineMaterials/Substrate/GLints/dict_16_192_64_0p5_0p02_0047_0000.uasset" 5994
"../../../Engine/Content/EngineMaterials/Substrate/GLints/dict_16_192_64_0p5_0p02_0047_0002.uasset" 5995
"../../../Engine/Content/EngineMaterials/Substrate/GLints/dict_16_192_64_0p5_0p02_0046_0010.uasset" 5996
"../../../Engine/Content/EngineMaterials/Substrate/GLints/dict_16_192_64_0p5_0p02_0047_0007.uasset" 5997
"../../../Engine/Content/EngineMaterials/Substrate/GLints/dict_16_192_64_0p5_0p02_0047_0001.uasset" 5998
"/Engine/EngineMaterials/Substrate/GLints/dict_16_192_64_0p5_0p02_0047_0002" 5999
"/Engine/EngineMaterials/Substrate/GLints/dict_16_192_64_0p5_0p02_0046_0010" 6000
"/Engine/EngineMaterials/Substrate/GLints/dict_16_192_64_0p5_0p02_0047_0001" 6001
"../../../Engine/Content/EngineMaterials/Substrate/GLints/dict_16_192_64_0p5_0p02_0047_0010.uasset" 6002
"../../../Engine/Content/EngineMaterials/Substrate/GLints/dict_16_192_64_0p5_0p02_0047_0005.uasset" 6003
"/Engine/EngineMaterials/Substrate/GLints/dict_16_192_64_0p5_0p02_0047_0000" 6004
"/Engine/EngineMaterials/Substrate/GLints/dict_16_192_64_0p5_0p02_0047_0007" 6005
"../../../Engine/Content/EngineMaterials/Substrate/GLints/dict_16_192_64_0p5_0p02_0047_0009.uasset" 6006
"/Engine/EngineMaterials/Substrate/GLints/dict_16_192_64_0p5_0p02_0047_0005" 6007
"/Engine/EngineMaterials/Substrate/GLints/dict_16_192_64_0p5_0p02_0047_0010" 6008
"/Engine/EngineMaterials/Substrate/GLints/dict_16_192_64_0p5_0p02_0047_0009" 6009
"../../../Engine/Content/EngineMaterials/Substrate/GLints/dict_16_192_64_0p5_0p02_0047_0006.uasset" 6010
"../../../Engine/Content/EngineMaterials/Substrate/GLints/dict_16_192_64_0p5_0p02_0047_0004.uasset" 6011
"../../../Engine/Content/EngineMaterials/Substrate/GLints/dict_16_192_64_0p5_0p02_0047_0013.uasset" 6012
"../../../Engine/Content/EngineMaterials/Substrate/GLints/dict_16_192_64_0p5_0p02_0046_0014.uasset" 6013
"/Engine/EngineMaterials/Substrate/GLints/dict_16_192_64_0p5_0p02_0047_0013" 6014
"/Engine/EngineMaterials/Substrate/GLints/dict_16_192_64_0p5_0p02_0047_0004" 6015
"/Engine/EngineMaterials/Substrate/GLints/dict_16_192_64_0p5_0p02_0046_0014" 6016
"/Engine/EngineMaterials/Substrate/GLints/dict_16_192_64_0p5_0p02_0047_0006" 6017
"../../../Engine/Content/EngineMaterials/Substrate/GLints/dict_16_192_64_0p5_0p02_0047_0014.uasset" 6018
"../../../Engine/Content/EngineMaterials/Substrate/GLints/dict_16_192_64_0p5_0p02_0047_0008.uasset" 6019
"/Engine/EngineMaterials/Substrate/GLints/dict_16_192_64_0p5_0p02_0047_0014" 6020
"/Engine/EngineMaterials/Substrate/GLints/dict_16_192_64_0p5_0p02_0047_0008" 6021
"../../../Engine/Content/EngineMaterials/Substrate/GLints/dict_16_192_64_0p5_0p02_0048_0005.uasset" 6022
"../../../Engine/Content/EngineMaterials/Substrate/GLints/dict_16_192_64_0p5_0p02_0048_0002.uasset" 6023
"../../../Engine/Content/EngineMaterials/Substrate/GLints/dict_16_192_64_0p5_0p02_0048_0001.uasset" 6024
"../../../Engine/Content/EngineMaterials/Substrate/GLints/dict_16_192_64_0p5_0p02_0047_0011.uasset" 6025
"/Engine/EngineMaterials/Substrate/GLints/dict_16_192_64_0p5_0p02_0047_0011" 6026
"/Engine/EngineMaterials/Substrate/GLints/dict_16_192_64_0p5_0p02_0048_0005" 6027
"/Engine/EngineMaterials/Substrate/GLints/dict_16_192_64_0p5_0p02_0048_0002" 6028
"/Engine/EngineMaterials/Substrate/GLints/dict_16_192_64_0p5_0p02_0048_0001" 6029
"../../../Engine/Content/EngineMaterials/Substrate/GLints/dict_16_192_64_0p5_0p02_0048_0003.uasset" 6030
"../../../Engine/Content/EngineMaterials/Substrate/GLints/dict_16_192_64_0p5_0p02_0048_0006.uasset" 6031
"../../../Engine/Content/EngineMaterials/Substrate/GLints/dict_16_192_64_0p5_0p02_0048_0004.uasset" 6032
"../../../Engine/Content/EngineMaterials/Substrate/GLints/dict_16_192_64_0p5_0p02_0047_0012.uasset" 6033
"../../../Engine/Content/EngineMaterials/Substrate/GLints/dict_16_192_64_0p5_0p02_0048_0007.uasset" 6034
"/Engine/EngineMaterials/Substrate/GLints/dict_16_192_64_0p5_0p02_0048_0003" 6035
"/Engine/EngineMaterials/Substrate/GLints/dict_16_192_64_0p5_0p02_0047_0012" 6036
"/Engine/EngineMaterials/Substrate/GLints/dict_16_192_64_0p5_0p02_0048_0007" 6037
"/Engine/EngineMaterials/Substrate/GLints/dict_16_192_64_0p5_0p02_0048_0006" 6038
"/Engine/EngineMaterials/Substrate/GLints/dict_16_192_64_0p5_0p02_0048_0004" 6039
"../../../Engine/Content/EngineMaterials/Substrate/GLints/dict_16_192_64_0p5_0p02_0048_0008.uasset" 6040
"/Engine/EngineMaterials/Substrate/GLints/dict_16_192_64_0p5_0p02_0048_0008" 6041
"../../../Engine/Content/EngineMaterials/Substrate/GLints/dict_16_192_64_0p5_0p02_0047_0015.uasset" 6042
"../../../Engine/Content/EngineMaterials/Substrate/GLints/dict_16_192_64_0p5_0p02_0048_0010.uasset" 6043
"../../../Engine/Content/EngineMaterials/Substrate/GLints/dict_16_192_64_0p5_0p02_0048_0012.uasset" 6044
"/Engine/EngineMaterials/Substrate/GLints/dict_16_192_64_0p5_0p02_0047_0015" 6045
"/Engine/EngineMaterials/Substrate/GLints/dict_16_192_64_0p5_0p02_0048_0012" 6046
"/Engine/EngineMaterials/Substrate/GLints/dict_16_192_64_0p5_0p02_0048_0010" 6047
"../../../Engine/Content/EngineMaterials/Substrate/GLints/dict_16_192_64_0p5_0p02_0048_0000.uasset" 6048
"../../../Engine/Content/EngineMaterials/Substrate/GLints/dict_16_192_64_0p5_0p02_0048_0014.uasset" 6049
"../../../Engine/Content/EngineMaterials/Substrate/GLints/dict_16_192_64_0p5_0p02_0048_0011.uasset" 6050
"../../../Engine/Content/EngineMaterials/Substrate/GLints/dict_16_192_64_0p5_0p02_0049_0002.uasset" 6051
"../../../Engine/Content/EngineMaterials/Substrate/GLints/dict_16_192_64_0p5_0p02_0049_0001.uasset" 6052
"../../../Engine/Content/EngineMaterials/Substrate/GLints/dict_16_192_64_0p5_0p02_0048_0013.uasset" 6053
"/Engine/EngineMaterials/Substrate/GLints/dict_16_192_64_0p5_0p02_0049_0002" 6054
"/Engine/EngineMaterials/Substrate/GLints/dict_16_192_64_0p5_0p02_0049_0001" 6055
"/Engine/EngineMaterials/Substrate/GLints/dict_16_192_64_0p5_0p02_0048_0011" 6056
"/Engine/EngineMaterials/Substrate/GLints/dict_16_192_64_0p5_0p02_0048_0014" 6057
"/Engine/EngineMaterials/Substrate/GLints/dict_16_192_64_0p5_0p02_0048_0013" 6058
"/Engine/EngineMaterials/Substrate/GLints/dict_16_192_64_0p5_0p02_0048_0000" 6059
"../../../Engine/Content/EngineMaterials/Substrate/GLints/dict_16_192_64_0p5_0p02_0049_0007.uasset" 6060
"../../../Engine/Content/EngineMaterials/Substrate/GLints/dict_16_192_64_0p5_0p02_0048_0009.uasset" 6061
"../../../Engine/Content/EngineMaterials/Substrate/GLints/dict_16_192_64_0p5_0p02_0049_0003.uasset" 6062
"../../../Engine/Content/EngineMaterials/Substrate/GLints/dict_16_192_64_0p5_0p02_0048_0015.uasset" 6063
"/Engine/EngineMaterials/Substrate/GLints/dict_16_192_64_0p5_0p02_0049_0003" 6064
"/Engine/EngineMaterials/Substrate/GLints/dict_16_192_64_0p5_0p02_0048_0009" 6065
"/Engine/EngineMaterials/Substrate/GLints/dict_16_192_64_0p5_0p02_0049_0007" 6066
"/Engine/EngineMaterials/Substrate/GLints/dict_16_192_64_0p5_0p02_0048_0015" 6067
"../../../Engine/Content/EngineMaterials/Substrate/GLints/dict_16_192_64_0p5_0p02_0049_0009.uasset" 6068
"../../../Engine/Content/EngineMaterials/Substrate/GLints/dict_16_192_64_0p5_0p02_0049_0006.uasset" 6069
"../../../Engine/Content/EngineMaterials/Substrate/GLints/dict_16_192_64_0p5_0p02_0049_0005.uasset" 6070
"/Engine/EngineMaterials/Substrate/GLints/dict_16_192_64_0p5_0p02_0049_0006" 6071
"/Engine/EngineMaterials/Substrate/GLints/dict_16_192_64_0p5_0p02_0049_0005" 6072
"/Engine/EngineMaterials/Substrate/GLints/dict_16_192_64_0p5_0p02_0049_0009" 6073
"../../../Engine/Content/EngineMaterials/Substrate/GLints/dict_16_192_64_0p5_0p02_0049_0014.uasset" 6074
"../../../Engine/Content/EngineMaterials/Substrate/GLints/dict_16_192_64_0p5_0p02_0049_0004.uasset" 6075
"../../../Engine/Content/EngineMaterials/Substrate/GLints/dict_16_192_64_0p5_0p02_0049_0010.uasset" 6076
"../../../Engine/Content/EngineMaterials/Substrate/GLints/dict_16_192_64_0p5_0p02_0049_0008.uasset" 6077
"/Engine/EngineMaterials/Substrate/GLints/dict_16_192_64_0p5_0p02_0049_0010" 6078
"../../../Engine/Content/EngineMaterials/Substrate/GLints/dict_16_192_64_0p5_0p02_0049_0012.uasset" 6079
"/Engine/EngineMaterials/Substrate/GLints/dict_16_192_64_0p5_0p02_0049_0008" 6080
"/Engine/EngineMaterials/Substrate/GLints/dict_16_192_64_0p5_0p02_0049_0004" 6081
"/Engine/EngineMaterials/Substrate/GLints/dict_16_192_64_0p5_0p02_0049_0014" 6082
"/Engine/EngineMaterials/Substrate/GLints/dict_16_192_64_0p5_0p02_0049_0012" 6083
"../../../Engine/Content/EngineMaterials/Substrate/GLints/dict_16_192_64_0p5_0p02_0049_0015.uasset" 6084
"../../../Engine/Content/EngineMaterials/Substrate/GLints/dict_16_192_64_0p5_0p02_0050_0000.uasset" 6085
"/Engine/EngineMaterials/Substrate/GLints/dict_16_192_64_0p5_0p02_0050_0000" 6086
"/Engine/EngineMaterials/Substrate/GLints/dict_16_192_64_0p5_0p02_0049_0015" 6087
"../../../Engine/Content/EngineMaterials/Substrate/GLints/dict_16_192_64_0p5_0p02_0049_0011.uasset" 6088
"../../../Engine/Content/EngineMaterials/Substrate/GLints/dict_16_192_64_0p5_0p02_0049_0013.uasset" 6089
"../../../Engine/Content/EngineMaterials/Substrate/GLints/dict_16_192_64_0p5_0p02_0050_0001.uasset" 6090
"/Engine/EngineMaterials/Substrate/GLints/dict_16_192_64_0p5_0p02_0049_0013" 6091
"/Engine/EngineMaterials/Substrate/GLints/dict_16_192_64_0p5_0p02_0050_0001" 6092
"/Engine/EngineMaterials/Substrate/GLints/dict_16_192_64_0p5_0p02_0049_0011" 6093
"../../../Engine/Content/EngineMaterials/Substrate/GLints/dict_16_192_64_0p5_0p02_0050_0004.uasset" 6094
"../../../Engine/Content/EngineMaterials/Substrate/GLints/dict_16_192_64_0p5_0p02_0050_0005.uasset" 6095
"../../../Engine/Content/EngineMaterials/Substrate/GLints/dict_16_192_64_0p5_0p02_0050_0009.uasset" 6096
"../../../Engine/Content/EngineMaterials/Substrate/GLints/dict_16_192_64_0p5_0p02_0050_0002.uasset" 6097
"../../../Engine/Content/EngineMaterials/Substrate/GLints/dict_16_192_64_0p5_0p02_0050_0007.uasset" 6098
"/Engine/EngineMaterials/Substrate/GLints/dict_16_192_64_0p5_0p02_0050_0005" 6099
"/Engine/EngineMaterials/Substrate/GLints/dict_16_192_64_0p5_0p02_0050_0004" 6100
"/Engine/EngineMaterials/Substrate/GLints/dict_16_192_64_0p5_0p02_0050_0009" 6101
"/Engine/EngineMaterials/Substrate/GLints/dict_16_192_64_0p5_0p02_0050_0002" 6102
"../../../Engine/Content/EngineMaterials/Substrate/GLints/dict_16_192_64_0p5_0p02_0050_0003.uasset" 6103
"/Engine/EngineMaterials/Substrate/GLints/dict_16_192_64_0p5_0p02_0050_0007" 6104
"/Engine/EngineMaterials/Substrate/GLints/dict_16_192_64_0p5_0p02_0050_0003" 6105
"../../../Engine/Content/EngineMaterials/Substrate/GLints/dict_16_192_64_0p5_0p02_0050_0008.uasset" 6106
"../../../Engine/Content/EngineMaterials/Substrate/GLints/dict_16_192_64_0p5_0p02_0049_0000.uasset" 6107
"../../../Engine/Content/EngineMaterials/Substrate/GLints/dict_16_192_64_0p5_0p02_0050_0014.uasset" 6108
"../../../Engine/Content/EngineMaterials/Substrate/GLints/dict_16_192_64_0p5_0p02_0050_0013.uasset" 6109
"../../../Engine/Content/EngineMaterials/Substrate/GLints/dict_16_192_64_0p5_0p02_0050_0006.uasset" 6110
"../../../Engine/Content/EngineMaterials/Substrate/GLints/dict_16_192_64_0p5_0p02_0050_0015.uasset" 6111
"../../../Engine/Content/EngineMaterials/Substrate/GLints/dict_16_192_64_0p5_0p02_0051_0001.uasset" 6112
"/Engine/EngineMaterials/Substrate/GLints/dict_16_192_64_0p5_0p02_0050_0015" 6113
"/Engine/EngineMaterials/Substrate/GLints/dict_16_192_64_0p5_0p02_0050_0014" 6114
"../../../Engine/Content/EngineMaterials/Substrate/GLints/dict_16_192_64_0p5_0p02_0051_0002.uasset" 6115
"/Engine/EngineMaterials/Substrate/GLints/dict_16_192_64_0p5_0p02_0050_0006" 6116
"/Engine/EngineMaterials/Substrate/GLints/dict_16_192_64_0p5_0p02_0049_0000" 6117
"/Engine/EngineMaterials/Substrate/GLints/dict_16_192_64_0p5_0p02_0050_0008" 6118
"/Engine/EngineMaterials/Substrate/GLints/dict_16_192_64_0p5_0p02_0051_0001" 6119
"/Engine/EngineMaterials/Substrate/GLints/dict_16_192_64_0p5_0p02_0051_0002" 6120
"/Engine/EngineMaterials/Substrate/GLints/dict_16_192_64_0p5_0p02_0050_0013" 6121
"../../../Engine/Content/EngineMaterials/Substrate/GLints/dict_16_192_64_0p5_0p02_0050_0010.uasset" 6122
"/Engine/EngineMaterials/Substrate/GLints/dict_16_192_64_0p5_0p02_0050_0010" 6123
"../../../Engine/Content/EngineMaterials/Substrate/GLints/dict_16_192_64_0p5_0p02_0051_0000.uasset" 6124
"/Engine/EngineMaterials/Substrate/GLints/dict_16_192_64_0p5_0p02_0051_0000" 6125
"../../../Engine/Content/EngineMaterials/Substrate/GLints/dict_16_192_64_0p5_0p02_0050_0011.uasset" 6126
"../../../Engine/Content/EngineMaterials/Substrate/GLints/dict_16_192_64_0p5_0p02_0051_0005.uasset" 6127
"../../../Engine/Content/EngineMaterials/Substrate/GLints/dict_16_192_64_0p5_0p02_0051_0004.uasset" 6128
"/Engine/EngineMaterials/Substrate/GLints/dict_16_192_64_0p5_0p02_0051_0005" 6129
"/Engine/EngineMaterials/Substrate/GLints/dict_16_192_64_0p5_0p02_0051_0004" 6130
"/Engine/EngineMaterials/Substrate/GLints/dict_16_192_64_0p5_0p02_0050_0011" 6131
"../../../Engine/Content/EngineMaterials/Substrate/GLints/dict_16_192_64_0p5_0p02_0050_0012.uasset" 6132
"../../../Engine/Content/EngineMaterials/Substrate/GLints/dict_16_192_64_0p5_0p02_0051_0008.uasset" 6133
"../../../Engine/Content/EngineMaterials/Substrate/GLints/dict_16_192_64_0p5_0p02_0051_0007.uasset" 6134
"../../../Engine/Content/EngineMaterials/Substrate/GLints/dict_16_192_64_0p5_0p02_0051_0006.uasset" 6135
"/Engine/EngineMaterials/Substrate/GLints/dict_16_192_64_0p5_0p02_0051_0006" 6136
"/Engine/EngineMaterials/Substrate/GLints/dict_16_192_64_0p5_0p02_0050_0012" 6137
"/Engine/EngineMaterials/Substrate/GLints/dict_16_192_64_0p5_0p02_0051_0008" 6138
"/Engine/EngineMaterials/Substrate/GLints/dict_16_192_64_0p5_0p02_0051_0007" 6139
"../../../Engine/Content/EngineMaterials/Substrate/GLints/dict_16_192_64_0p5_0p02_0051_0009.uasset" 6140
"../../../Engine/Content/EngineMaterials/Substrate/GLints/dict_16_192_64_0p5_0p02_0051_0011.uasset" 6141
"../../../Engine/Content/EngineMaterials/Substrate/GLints/dict_16_192_64_0p5_0p02_0051_0014.uasset" 6142
"../../../Engine/Content/EngineMaterials/Substrate/GLints/dict_16_192_64_0p5_0p02_0051_0015.uasset" 6143
"../../../Engine/Content/EngineMaterials/Substrate/GLints/dict_16_192_64_0p5_0p02_0052_0001.uasset" 6144
"../../../Engine/Content/EngineMaterials/Substrate/GLints/dict_16_192_64_0p5_0p02_0052_0000.uasset" 6145
"../../../Engine/Content/EngineMaterials/Substrate/GLints/dict_16_192_64_0p5_0p02_0051_0013.uasset" 6146
"/Engine/EngineMaterials/Substrate/GLints/dict_16_192_64_0p5_0p02_0051_0013" 6147
"/Engine/EngineMaterials/Substrate/GLints/dict_16_192_64_0p5_0p02_0051_0011" 6148
"/Engine/EngineMaterials/Substrate/GLints/dict_16_192_64_0p5_0p02_0051_0009" 6149
"/Engine/EngineMaterials/Substrate/GLints/dict_16_192_64_0p5_0p02_0052_0000" 6150
"/Engine/EngineMaterials/Substrate/GLints/dict_16_192_64_0p5_0p02_0051_0015" 6151
"/Engine/EngineMaterials/Substrate/GLints/dict_16_192_64_0p5_0p02_0051_0014" 6152
"/Engine/EngineMaterials/Substrate/GLints/dict_16_192_64_0p5_0p02_0052_0001" 6153
"../../../Engine/Content/EngineMaterials/Substrate/GLints/dict_16_192_64_0p5_0p02_0051_0012.uasset" 6154
"/Engine/EngineMaterials/Substrate/GLints/dict_16_192_64_0p5_0p02_0051_0012" 6155
"../../../Engine/Content/EngineMaterials/Substrate/GLints/dict_16_192_64_0p5_0p02_0052_0002.uasset" 6156
"../../../Engine/Content/EngineMaterials/Substrate/GLints/dict_16_192_64_0p5_0p02_0051_0010.uasset" 6157
"../../../Engine/Content/EngineMaterials/Substrate/GLints/dict_16_192_64_0p5_0p02_0052_0004.uasset" 6158
"../../../Engine/Content/EngineMaterials/Substrate/GLints/dict_16_192_64_0p5_0p02_0052_0005.uasset" 6159
"../../../Engine/Content/EngineMaterials/Substrate/GLints/dict_16_192_64_0p5_0p02_0052_0006.uasset" 6160
"/Engine/EngineMaterials/Substrate/GLints/dict_16_192_64_0p5_0p02_0052_0005" 6161
"/Engine/EngineMaterials/Substrate/GLints/dict_16_192_64_0p5_0p02_0052_0004" 6162
"/Engine/EngineMaterials/Substrate/GLints/dict_16_192_64_0p5_0p02_0051_0010" 6163
"/Engine/EngineMaterials/Substrate/GLints/dict_16_192_64_0p5_0p02_0052_0006" 6164
"/Engine/EngineMaterials/Substrate/GLints/dict_16_192_64_0p5_0p02_0052_0002" 6165
"../../../Engine/Content/EngineMaterials/Substrate/GLints/dict_16_192_64_0p5_0p02_0052_0007.uasset" 6166
"../../../Engine/Content/EngineMaterials/Substrate/GLints/dict_16_192_64_0p5_0p02_0051_0003.uasset" 6167
"../../../Engine/Content/EngineMaterials/Substrate/GLints/dict_16_192_64_0p5_0p02_0052_0009.uasset" 6168
"/Engine/EngineMaterials/Substrate/GLints/dict_16_192_64_0p5_0p02_0051_0003" 6169
"/Engine/EngineMaterials/Substrate/GLints/dict_16_192_64_0p5_0p02_0052_0009" 6170
"/Engine/EngineMaterials/Substrate/GLints/dict_16_192_64_0p5_0p02_0052_0007" 6171
"../../../Engine/Content/EngineMaterials/Substrate/GLints/dict_16_192_64_0p5_0p02_0052_0010.uasset" 6172
"../../../Engine/Content/EngineMaterials/Substrate/GLints/dict_16_192_64_0p5_0p02_0052_0012.uasset" 6173
"../../../Engine/Content/EngineMaterials/Substrate/GLints/dict_16_192_64_0p5_0p02_0052_0015.uasset" 6174
"../../../Engine/Content/EngineMaterials/Substrate/GLints/dict_16_192_64_0p5_0p02_0052_0008.uasset" 6175
"../../../Engine/Content/EngineMaterials/Substrate/GLints/dict_16_192_64_0p5_0p02_0052_0003.uasset" 6176
"../../../Engine/Content/EngineMaterials/Substrate/GLints/dict_16_192_64_0p5_0p02_0052_0011.uasset" 6177
"../../../Engine/Content/EngineMaterials/Substrate/GLints/dict_16_192_64_0p5_0p02_0053_0000.uasset" 6178
"/Engine/EngineMaterials/Substrate/GLints/dict_16_192_64_0p5_0p02_0052_0003" 6179
"/Engine/EngineMaterials/Substrate/GLints/dict_16_192_64_0p5_0p02_0052_0012" 6180
"/Engine/EngineMaterials/Substrate/GLints/dict_16_192_64_0p5_0p02_0052_0011" 6181
"/Engine/EngineMaterials/Substrate/GLints/dict_16_192_64_0p5_0p02_0052_0010" 6182
"../../../Engine/Content/EngineMaterials/Substrate/GLints/dict_16_192_64_0p5_0p02_0053_0001.uasset" 6183
"../../../Engine/Content/EngineMaterials/Substrate/GLints/dict_16_192_64_0p5_0p02_0053_0002.uasset" 6184
"/Engine/EngineMaterials/Substrate/GLints/dict_16_192_64_0p5_0p02_0052_0008" 6185
"/Engine/EngineMaterials/Substrate/GLints/dict_16_192_64_0p5_0p02_0052_0015" 6186
"/Engine/EngineMaterials/Substrate/GLints/dict_16_192_64_0p5_0p02_0053_0000" 6187
"/Engine/EngineMaterials/Substrate/GLints/dict_16_192_64_0p5_0p02_0053_0002" 6188
"/Engine/EngineMaterials/Substrate/GLints/dict_16_192_64_0p5_0p02_0053_0001" 6189
"../../../Engine/Content/EngineMaterials/Substrate/GLints/dict_16_192_64_0p5_0p02_0053_0009.uasset" 6190
"../../../Engine/Content/EngineMaterials/Substrate/GLints/dict_16_192_64_0p5_0p02_0053_0008.uasset" 6191
"../../../Engine/Content/EngineMaterials/Substrate/GLints/dict_16_192_64_0p5_0p02_0053_0005.uasset" 6192
"/Engine/EngineMaterials/Substrate/GLints/dict_16_192_64_0p5_0p02_0053_0005" 6193
"/Engine/EngineMaterials/Substrate/GLints/dict_16_192_64_0p5_0p02_0053_0008" 6194
"../../../Engine/Content/EngineMaterials/Substrate/GLints/dict_16_192_64_0p5_0p02_0052_0014.uasset" 6195
"../../../Engine/Content/EngineMaterials/Substrate/GLints/dict_16_192_64_0p5_0p02_0053_0006.uasset" 6196
"../../../Engine/Content/EngineMaterials/Substrate/GLints/dict_16_192_64_0p5_0p02_0053_0003.uasset" 6197
"../../../Engine/Content/EngineMaterials/Substrate/GLints/dict_16_192_64_0p5_0p02_0052_0013.uasset" 6198
"../../../Engine/Content/EngineMaterials/Substrate/GLints/dict_16_192_64_0p5_0p02_0053_0004.uasset" 6199
"../../../Engine/Content/EngineMaterials/Substrate/GLints/dict_16_192_64_0p5_0p02_0053_0010.uasset" 6200
"../../../Engine/Content/EngineMaterials/Substrate/GLints/dict_16_192_64_0p5_0p02_0053_0011.uasset" 6201
"/Engine/EngineMaterials/Substrate/GLints/dict_16_192_64_0p5_0p02_0052_0014" 6202
"/Engine/EngineMaterials/Substrate/GLints/dict_16_192_64_0p5_0p02_0053_0003" 6203
"/Engine/EngineMaterials/Substrate/GLints/dict_16_192_64_0p5_0p02_0052_0013" 6204
"/Engine/EngineMaterials/Substrate/GLints/dict_16_192_64_0p5_0p02_0053_0006" 6205
"/Engine/EngineMaterials/Substrate/GLints/dict_16_192_64_0p5_0p02_0053_0004" 6206
"../../../Engine/Content/EngineMaterials/Substrate/GLints/dict_16_192_64_0p5_0p02_0053_0013.uasset" 6207
"/Engine/EngineMaterials/Substrate/GLints/dict_16_192_64_0p5_0p02_0053_0011" 6208
"/Engine/EngineMaterials/Substrate/GLints/dict_16_192_64_0p5_0p02_0053_0010" 6209
"/Engine/EngineMaterials/Substrate/GLints/dict_16_192_64_0p5_0p02_0053_0009" 6210
"/Engine/EngineMaterials/Substrate/GLints/dict_16_192_64_0p5_0p02_0053_0013" 6211
"../../../Engine/Content/EngineMaterials/Substrate/GLints/dict_16_192_64_0p5_0p02_0053_0007.uasset" 6212
"../../../Engine/Content/EngineMaterials/Substrate/GLints/dict_16_192_64_0p5_0p02_0053_0012.uasset" 6213
"../../../Engine/Content/EngineMaterials/Substrate/GLints/dict_16_192_64_0p5_0p02_0054_0004.uasset" 6214
"../../../Engine/Content/EngineMaterials/Substrate/GLints/dict_16_192_64_0p5_0p02_0054_0002.uasset" 6215
"/Engine/EngineMaterials/Substrate/GLints/dict_16_192_64_0p5_0p02_0054_0004" 6216
"/Engine/EngineMaterials/Substrate/GLints/dict_16_192_64_0p5_0p02_0054_0002" 6217
"/Engine/EngineMaterials/Substrate/GLints/dict_16_192_64_0p5_0p02_0053_0007" 6218
"/Engine/EngineMaterials/Substrate/GLints/dict_16_192_64_0p5_0p02_0053_0012" 6219
"../../../Engine/Content/EngineMaterials/Substrate/GLints/dict_16_192_64_0p5_0p02_0054_0000.uasset" 6220
"../../../Engine/Content/EngineMaterials/Substrate/GLints/dict_16_192_64_0p5_0p02_0053_0014.uasset" 6221
"../../../Engine/Content/EngineMaterials/Substrate/GLints/dict_16_192_64_0p5_0p02_0054_0005.uasset" 6222
"../../../Engine/Content/EngineMaterials/Substrate/GLints/dict_16_192_64_0p5_0p02_0054_0001.uasset" 6223
"../../../Engine/Content/EngineMaterials/Substrate/GLints/dict_16_192_64_0p5_0p02_0054_0007.uasset" 6224
"/Engine/EngineMaterials/Substrate/GLints/dict_16_192_64_0p5_0p02_0054_0007" 6225
"/Engine/EngineMaterials/Substrate/GLints/dict_16_192_64_0p5_0p02_0053_0014" 6226
"/Engine/EngineMaterials/Substrate/GLints/dict_16_192_64_0p5_0p02_0054_0001" 6227
"/Engine/EngineMaterials/Substrate/GLints/dict_16_192_64_0p5_0p02_0054_0000" 6228
"/Engine/EngineMaterials/Substrate/GLints/dict_16_192_64_0p5_0p02_0054_0005" 6229
"../../../Engine/Content/EngineMaterials/Substrate/GLints/dict_16_192_64_0p5_0p02_0054_0012.uasset" 6230
"../../../Engine/Content/EngineMaterials/Substrate/GLints/dict_16_192_64_0p5_0p02_0053_0015.uasset" 6231
"/Engine/EngineMaterials/Substrate/GLints/dict_16_192_64_0p5_0p02_0054_0012" 6232
"/Engine/EngineMaterials/Substrate/GLints/dict_16_192_64_0p5_0p02_0053_0015" 6233
"../../../Engine/Content/EngineMaterials/Substrate/GLints/dict_16_192_64_0p5_0p02_0054_0013.uasset" 6234
"../../../Engine/Content/EngineMaterials/Substrate/GLints/dict_16_192_64_0p5_0p02_0054_0003.uasset" 6235
"../../../Engine/Content/EngineMaterials/Substrate/GLints/dict_16_192_64_0p5_0p02_0054_0008.uasset" 6236
"../../../Engine/Content/EngineMaterials/Substrate/GLints/dict_16_192_64_0p5_0p02_0054_0014.uasset" 6237
"../../../Engine/Content/EngineMaterials/Substrate/GLints/dict_16_192_64_0p5_0p02_0054_0011.uasset" 6238
"/Engine/EngineMaterials/Substrate/GLints/dict_16_192_64_0p5_0p02_0054_0003" 6239
"/Engine/EngineMaterials/Substrate/GLints/dict_16_192_64_0p5_0p02_0054_0014" 6240
"/Engine/EngineMaterials/Substrate/GLints/dict_16_192_64_0p5_0p02_0054_0013" 6241
"/Engine/EngineMaterials/Substrate/GLints/dict_16_192_64_0p5_0p02_0054_0011" 6242
"/Engine/EngineMaterials/Substrate/GLints/dict_16_192_64_0p5_0p02_0054_0008" 6243
"../../../Engine/Content/EngineMaterials/Substrate/GLints/dict_16_192_64_0p5_0p02_0055_0002.uasset" 6244
"/Engine/EngineMaterials/Substrate/GLints/dict_16_192_64_0p5_0p02_0055_0002" 6245
"../../../Engine/Content/EngineMaterials/Substrate/GLints/dict_16_192_64_0p5_0p02_0055_0003.uasset" 6246
"/Engine/EngineMaterials/Substrate/GLints/dict_16_192_64_0p5_0p02_0055_0003" 6247
"../../../Engine/Content/EngineMaterials/Substrate/GLints/dict_16_192_64_0p5_0p02_0054_0009.uasset" 6248
"../../../Engine/Content/EngineMaterials/Substrate/GLints/dict_16_192_64_0p5_0p02_0054_0006.uasset" 6249
"../../../Engine/Content/EngineMaterials/Substrate/GLints/dict_16_192_64_0p5_0p02_0054_0015.uasset" 6250
"../../../Engine/Content/EngineMaterials/Substrate/GLints/dict_16_192_64_0p5_0p02_0055_0001.uasset" 6251
"../../../Engine/Content/EngineMaterials/Substrate/GLints/dict_16_192_64_0p5_0p02_0055_0006.uasset" 6252
"/Engine/EngineMaterials/Substrate/GLints/dict_16_192_64_0p5_0p02_0054_0006" 6253
"/Engine/EngineMaterials/Substrate/GLints/dict_16_192_64_0p5_0p02_0055_0006" 6254
"/Engine/EngineMaterials/Substrate/GLints/dict_16_192_64_0p5_0p02_0054_0015" 6255
"/Engine/EngineMaterials/Substrate/GLints/dict_16_192_64_0p5_0p02_0054_0009" 6256
"/Engine/EngineMaterials/Substrate/GLints/dict_16_192_64_0p5_0p02_0055_0001" 6257
"../../../Engine/Content/EngineMaterials/Substrate/GLints/dict_16_192_64_0p5_0p02_0055_0005.uasset" 6258
"../../../Engine/Content/EngineMaterials/Substrate/GLints/dict_16_192_64_0p5_0p02_0054_0010.uasset" 6259
"../../../Engine/Content/EngineMaterials/Substrate/GLints/dict_16_192_64_0p5_0p02_0055_0007.uasset" 6260
"../../../Engine/Content/EngineMaterials/Substrate/GLints/dict_16_192_64_0p5_0p02_0055_0008.uasset" 6261
"../../../Engine/Content/EngineMaterials/Substrate/GLints/dict_16_192_64_0p5_0p02_0055_0011.uasset" 6262
"/Engine/EngineMaterials/Substrate/GLints/dict_16_192_64_0p5_0p02_0054_0010" 6263
"/Engine/EngineMaterials/Substrate/GLints/dict_16_192_64_0p5_0p02_0055_0011" 6264
"/Engine/EngineMaterials/Substrate/GLints/dict_16_192_64_0p5_0p02_0055_0008" 6265
"/Engine/EngineMaterials/Substrate/GLints/dict_16_192_64_0p5_0p02_0055_0007" 6266
"/Engine/EngineMaterials/Substrate/GLints/dict_16_192_64_0p5_0p02_0055_0005" 6267
"../../../Engine/Content/EngineMaterials/Substrate/GLints/dict_16_192_64_0p5_0p02_0055_0013.uasset" 6268
"../../../Engine/Content/EngineMaterials/Substrate/GLints/dict_16_192_64_0p5_0p02_0055_0000.uasset" 6269
"../../../Engine/Content/EngineMaterials/Substrate/GLints/dict_16_192_64_0p5_0p02_0055_0010.uasset" 6270
"/Engine/EngineMaterials/Substrate/GLints/dict_16_192_64_0p5_0p02_0055_0010" 6271
"/Engine/EngineMaterials/Substrate/GLints/dict_16_192_64_0p5_0p02_0055_0013" 6272
"/Engine/EngineMaterials/Substrate/GLints/dict_16_192_64_0p5_0p02_0055_0000" 6273
"../../../Engine/Content/EngineMaterials/Substrate/GLints/dict_16_192_64_0p5_0p02_0055_0014.uasset" 6274
"../../../Engine/Content/EngineMaterials/Substrate/GLints/dict_16_192_64_0p5_0p02_0055_0009.uasset" 6275
"../../../Engine/Content/EngineMaterials/Substrate/GLints/dict_16_192_64_0p5_0p02_0055_0015.uasset" 6276
"../../../Engine/Content/EngineMaterials/Substrate/GLints/dict_16_192_64_0p5_0p02_0055_0004.uasset" 6277
"../../../Engine/Content/EngineMaterials/Substrate/GLints/dict_16_192_64_0p5_0p02_0056_0001.uasset" 6278
"../../../Engine/Content/EngineMaterials/Substrate/GLints/dict_16_192_64_0p5_0p02_0056_0004.uasset" 6279
"../../../Engine/Content/EngineMaterials/Substrate/GLints/dict_16_192_64_0p5_0p02_0056_0000.uasset" 6280
"/Engine/EngineMaterials/Substrate/GLints/dict_16_192_64_0p5_0p02_0055_0015" 6281
"../../../Engine/Content/EngineMaterials/Substrate/GLints/dict_16_192_64_0p5_0p02_0056_0003.uasset" 6282
"/Engine/EngineMaterials/Substrate/GLints/dict_16_192_64_0p5_0p02_0055_0014" 6283
"/Engine/EngineMaterials/Substrate/GLints/dict_16_192_64_0p5_0p02_0056_0004" 6284
"/Engine/EngineMaterials/Substrate/GLints/dict_16_192_64_0p5_0p02_0055_0009" 6285
"../../../Engine/Content/EngineMaterials/Substrate/GLints/dict_16_192_64_0p5_0p02_0056_0006.uasset" 6286
"/Engine/EngineMaterials/Substrate/GLints/dict_16_192_64_0p5_0p02_0056_0001" 6287
"/Engine/EngineMaterials/Substrate/GLints/dict_16_192_64_0p5_0p02_0055_0004" 6288
"/Engine/EngineMaterials/Substrate/GLints/dict_16_192_64_0p5_0p02_0056_0000" 6289
"/Engine/EngineMaterials/Substrate/GLints/dict_16_192_64_0p5_0p02_0056_0006" 6290
"/Engine/EngineMaterials/Substrate/GLints/dict_16_192_64_0p5_0p02_0056_0003" 6291
"../../../Engine/Content/EngineMaterials/Substrate/GLints/dict_16_192_64_0p5_0p02_0056_0002.uasset" 6292
"../../../Engine/Content/EngineMaterials/Substrate/GLints/dict_16_192_64_0p5_0p02_0056_0009.uasset" 6293
"../../../Engine/Content/EngineMaterials/Substrate/GLints/dict_16_192_64_0p5_0p02_0056_0007.uasset" 6294
"../../../Engine/Content/EngineMaterials/Substrate/GLints/dict_16_192_64_0p5_0p02_0056_0014.uasset" 6295
"../../../Engine/Content/EngineMaterials/Substrate/GLints/dict_16_192_64_0p5_0p02_0055_0012.uasset" 6296
"../../../Engine/Content/EngineMaterials/Substrate/GLints/dict_16_192_64_0p5_0p02_0056_0010.uasset" 6297
"../../../Engine/Content/EngineMaterials/Substrate/GLints/dict_16_192_64_0p5_0p02_0056_0008.uasset" 6298
"/Engine/EngineMaterials/Substrate/GLints/dict_16_192_64_0p5_0p02_0056_0010" 6299
"/Engine/EngineMaterials/Substrate/GLints/dict_16_192_64_0p5_0p02_0056_0009" 6300
"/Engine/EngineMaterials/Substrate/GLints/dict_16_192_64_0p5_0p02_0056_0008" 6301
"/Engine/EngineMaterials/Substrate/GLints/dict_16_192_64_0p5_0p02_0056_0002" 6302
"/Engine/EngineMaterials/Substrate/GLints/dict_16_192_64_0p5_0p02_0055_0012" 6303
"/Engine/EngineMaterials/Substrate/GLints/dict_16_192_64_0p5_0p02_0056_0014" 6304
"/Engine/EngineMaterials/Substrate/GLints/dict_16_192_64_0p5_0p02_0056_0007" 6305
"../../../Engine/Content/EngineMaterials/Substrate/GLints/dict_16_192_64_0p5_0p02_0056_0012.uasset" 6306
"../../../Engine/Content/EngineMaterials/Substrate/GLints/dict_16_192_64_0p5_0p02_0056_0011.uasset" 6307
"../../../Engine/Content/EngineMaterials/Substrate/GLints/dict_16_192_64_0p5_0p02_0056_0005.uasset" 6308
"/Engine/EngineMaterials/Substrate/GLints/dict_16_192_64_0p5_0p02_0056_0011" 6309
"/Engine/EngineMaterials/Substrate/GLints/dict_16_192_64_0p5_0p02_0056_0012" 6310
"/Engine/EngineMaterials/Substrate/GLints/dict_16_192_64_0p5_0p02_0056_0005" 6311
"../../../Engine/Content/EngineMaterials/Substrate/GLints/dict_16_192_64_0p5_0p02_0057_0001.uasset" 6312
"../../../Engine/Content/EngineMaterials/Substrate/GLints/dict_16_192_64_0p5_0p02_0057_0000.uasset" 6313
"../../../Engine/Content/EngineMaterials/Substrate/GLints/dict_16_192_64_0p5_0p02_0057_0003.uasset" 6314
"/Engine/EngineMaterials/Substrate/GLints/dict_16_192_64_0p5_0p02_0057_0001" 6315
"/Engine/EngineMaterials/Substrate/GLints/dict_16_192_64_0p5_0p02_0057_0003" 6316
"/Engine/EngineMaterials/Substrate/GLints/dict_16_192_64_0p5_0p02_0057_0000" 6317
"../../../Engine/Content/EngineMaterials/Substrate/GLints/dict_16_192_64_0p5_0p02_0056_0013.uasset" 6318
"../../../Engine/Content/EngineMaterials/Substrate/GLints/dict_16_192_64_0p5_0p02_0057_0002.uasset" 6319
"../../../Engine/Content/EngineMaterials/Substrate/GLints/dict_16_192_64_0p5_0p02_0057_0006.uasset" 6320
"../../../Engine/Content/EngineMaterials/Substrate/GLints/dict_16_192_64_0p5_0p02_0057_0004.uasset" 6321
"/Engine/EngineMaterials/Substrate/GLints/dict_16_192_64_0p5_0p02_0057_0002" 6322
"/Engine/EngineMaterials/Substrate/GLints/dict_16_192_64_0p5_0p02_0057_0006" 6323
"/Engine/EngineMaterials/Substrate/GLints/dict_16_192_64_0p5_0p02_0057_0004" 6324
"/Engine/EngineMaterials/Substrate/GLints/dict_16_192_64_0p5_0p02_0056_0013" 6325
"../../../Engine/Content/EngineMaterials/Substrate/GLints/dict_16_192_64_0p5_0p02_0057_0005.uasset" 6326
"../../../Engine/Content/EngineMaterials/Substrate/GLints/dict_16_192_64_0p5_0p02_0057_0009.uasset" 6327
"../../../Engine/Content/EngineMaterials/Substrate/GLints/dict_16_192_64_0p5_0p02_0057_0012.uasset" 6328
"../../../Engine/Content/EngineMaterials/Substrate/GLints/dict_16_192_64_0p5_0p02_0057_0011.uasset" 6329
"/Engine/EngineMaterials/Substrate/GLints/dict_16_192_64_0p5_0p02_0057_0009" 6330
"/Engine/EngineMaterials/Substrate/GLints/dict_16_192_64_0p5_0p02_0057_0005" 6331
"/Engine/EngineMaterials/Substrate/GLints/dict_16_192_64_0p5_0p02_0057_0012" 6332
"/Engine/EngineMaterials/Substrate/GLints/dict_16_192_64_0p5_0p02_0057_0011" 6333
"../../../Engine/Content/EngineMaterials/Substrate/GLints/dict_16_192_64_0p5_0p02_0056_0015.uasset" 6334
"../../../Engine/Content/EngineMaterials/Substrate/GLints/dict_16_192_64_0p5_0p02_0057_0007.uasset" 6335
"../../../Engine/Content/EngineMaterials/Substrate/GLints/dict_16_192_64_0p5_0p02_0058_0000.uasset" 6336
"../../../Engine/Content/EngineMaterials/Substrate/GLints/dict_16_192_64_0p5_0p02_0058_0001.uasset" 6337
"../../../Engine/Content/EngineMaterials/Substrate/GLints/dict_16_192_64_0p5_0p02_0057_0010.uasset" 6338
"/Engine/EngineMaterials/Substrate/GLints/dict_16_192_64_0p5_0p02_0058_0001" 6339
"/Engine/EngineMaterials/Substrate/GLints/dict_16_192_64_0p5_0p02_0058_0000" 6340
"/Engine/EngineMaterials/Substrate/GLints/dict_16_192_64_0p5_0p02_0057_0010" 6341
"../../../Engine/Content/EngineMaterials/Substrate/GLints/dict_16_192_64_0p5_0p02_0058_0005.uasset" 6342
"/Engine/EngineMaterials/Substrate/GLints/dict_16_192_64_0p5_0p02_0057_0007" 6343
"/Engine/EngineMaterials/Substrate/GLints/dict_16_192_64_0p5_0p02_0056_0015" 6344
"/Engine/EngineMaterials/Substrate/GLints/dict_16_192_64_0p5_0p02_0058_0005" 6345
"../../../Engine/Content/EngineMaterials/Substrate/GLints/dict_16_192_64_0p5_0p02_0058_0004.uasset" 6346
"../../../Engine/Content/EngineMaterials/Substrate/GLints/dict_16_192_64_0p5_0p02_0057_0013.uasset" 6347
"../../../Engine/Content/EngineMaterials/Substrate/GLints/dict_16_192_64_0p5_0p02_0058_0002.uasset" 6348
"../../../Engine/Content/EngineMaterials/Substrate/GLints/dict_16_192_64_0p5_0p02_0058_0008.uasset" 6349
"../../../Engine/Content/EngineMaterials/Substrate/GLints/dict_16_192_64_0p5_0p02_0058_0006.uasset" 6350
"../../../Engine/Content/EngineMaterials/Substrate/GLints/dict_16_192_64_0p5_0p02_0058_0003.uasset" 6351
"/Engine/EngineMaterials/Substrate/GLints/dict_16_192_64_0p5_0p02_0058_0003" 6352
"/Engine/EngineMaterials/Substrate/GLints/dict_16_192_64_0p5_0p02_0058_0008" 6353
"/Engine/EngineMaterials/Substrate/GLints/dict_16_192_64_0p5_0p02_0058_0002" 6354
"/Engine/EngineMaterials/Substrate/GLints/dict_16_192_64_0p5_0p02_0058_0006" 6355
"/Engine/EngineMaterials/Substrate/GLints/dict_16_192_64_0p5_0p02_0057_0013" 6356
"/Engine/EngineMaterials/Substrate/GLints/dict_16_192_64_0p5_0p02_0058_0004" 6357
"../../../Engine/Content/EngineMaterials/Substrate/GLints/dict_16_192_64_0p5_0p02_0057_0015.uasset" 6358
"../../../Engine/Content/EngineMaterials/Substrate/GLints/dict_16_192_64_0p5_0p02_0057_0008.uasset" 6359
"../../../Engine/Content/EngineMaterials/Substrate/GLints/dict_16_192_64_0p5_0p02_0058_0009.uasset" 6360
"../../../Engine/Content/EngineMaterials/Substrate/GLints/dict_16_192_64_0p5_0p02_0057_0014.uasset" 6361
"../../../Engine/Content/EngineMaterials/Substrate/GLints/dict_16_192_64_0p5_0p02_0058_0012.uasset" 6362
"../../../Engine/Content/EngineMaterials/Substrate/GLints/dict_16_192_64_0p5_0p02_0058_0007.uasset" 6363
"../../../Engine/Content/EngineMaterials/Substrate/GLints/dict_16_192_64_0p5_0p02_0058_0011.uasset" 6364
"/Engine/EngineMaterials/Substrate/GLints/dict_16_192_64_0p5_0p02_0058_0012" 6365
"/Engine/EngineMaterials/Substrate/GLints/dict_16_192_64_0p5_0p02_0057_0015" 6366
"/Engine/EngineMaterials/Substrate/GLints/dict_16_192_64_0p5_0p02_0058_0009" 6367
"/Engine/EngineMaterials/Substrate/GLints/dict_16_192_64_0p5_0p02_0057_0014" 6368
"/Engine/EngineMaterials/Substrate/GLints/dict_16_192_64_0p5_0p02_0057_0008" 6369
"/Engine/EngineMaterials/Substrate/GLints/dict_16_192_64_0p5_0p02_0058_0007" 6370
"/Engine/EngineMaterials/Substrate/GLints/dict_16_192_64_0p5_0p02_0058_0011" 6371
"../../../Engine/Content/EngineMaterials/Substrate/GLints/dict_16_192_64_0p5_0p02_0058_0010.uasset" 6372
"../../../Engine/Content/EngineMaterials/Substrate/GLints/dict_16_192_64_0p5_0p02_0059_0001.uasset" 6373
"../../../Engine/Content/EngineMaterials/Substrate/GLints/dict_16_192_64_0p5_0p02_0059_0003.uasset" 6374
"/Engine/EngineMaterials/Substrate/GLints/dict_16_192_64_0p5_0p02_0058_0010" 6375
"/Engine/EngineMaterials/Substrate/GLints/dict_16_192_64_0p5_0p02_0059_0003" 6376
"/Engine/EngineMaterials/Substrate/GLints/dict_16_192_64_0p5_0p02_0059_0001" 6377
"../../../Engine/Content/EngineMaterials/Substrate/GLints/dict_16_192_64_0p5_0p02_0059_0006.uasset" 6378
"../../../Engine/Content/EngineMaterials/Substrate/GLints/dict_16_192_64_0p5_0p02_0058_0014.uasset" 6379
"../../../Engine/Content/EngineMaterials/Substrate/GLints/dict_16_192_64_0p5_0p02_0059_0007.uasset" 6380
"../../../Engine/Content/EngineMaterials/Substrate/GLints/dict_16_192_64_0p5_0p02_0058_0015.uasset" 6381
"../../../Engine/Content/EngineMaterials/Substrate/GLints/dict_16_192_64_0p5_0p02_0059_0004.uasset" 6382
"../../../Engine/Content/EngineMaterials/Substrate/GLints/dict_16_192_64_0p5_0p02_0059_0005.uasset" 6383
"../../../Engine/Content/EngineMaterials/Substrate/GLints/dict_16_192_64_0p5_0p02_0058_0013.uasset" 6384
"/Engine/EngineMaterials/Substrate/GLints/dict_16_192_64_0p5_0p02_0059_0004" 6385
"/Engine/EngineMaterials/Substrate/GLints/dict_16_192_64_0p5_0p02_0059_0007" 6386
"/Engine/EngineMaterials/Substrate/GLints/dict_16_192_64_0p5_0p02_0058_0013" 6387
"/Engine/EngineMaterials/Substrate/GLints/dict_16_192_64_0p5_0p02_0058_0015" 6388
"/Engine/EngineMaterials/Substrate/GLints/dict_16_192_64_0p5_0p02_0059_0006" 6389
"../../../Engine/Content/EngineMaterials/Substrate/GLints/dict_16_192_64_0p5_0p02_0059_0012.uasset" 6390
"/Engine/EngineMaterials/Substrate/GLints/dict_16_192_64_0p5_0p02_0059_0005" 6391
"/Engine/EngineMaterials/Substrate/GLints/dict_16_192_64_0p5_0p02_0058_0014" 6392
"../../../Engine/Content/EngineMaterials/Substrate/GLints/dict_16_192_64_0p5_0p02_0059_0010.uasset" 6393
"../../../Engine/Content/EngineMaterials/Substrate/GLints/dict_16_192_64_0p5_0p02_0059_0008.uasset" 6394
"../../../Engine/Content/EngineMaterials/Substrate/GLints/dict_16_192_64_0p5_0p02_0059_0013.uasset" 6395
"/Engine/EngineMaterials/Substrate/GLints/dict_16_192_64_0p5_0p02_0059_0013" 6396
"/Engine/EngineMaterials/Substrate/GLints/dict_16_192_64_0p5_0p02_0059_0012" 6397
"/Engine/EngineMaterials/Substrate/GLints/dict_16_192_64_0p5_0p02_0059_0008" 6398
"/Engine/EngineMaterials/Substrate/GLints/dict_16_192_64_0p5_0p02_0059_0010" 6399
"../../../Engine/Content/EngineMaterials/Substrate/GLints/dict_16_192_64_0p5_0p02_0059_0002.uasset" 6400
"../../../Engine/Content/EngineMaterials/Substrate/GLints/dict_16_192_64_0p5_0p02_0059_0015.uasset" 6401
"../../../Engine/Content/EngineMaterials/Substrate/GLints/dict_16_192_64_0p5_0p02_0060_0000.uasset" 6402
"../../../Engine/Content/EngineMaterials/Substrate/GLints/dict_16_192_64_0p5_0p02_0060_0002.uasset" 6403
"../../../Engine/Content/EngineMaterials/Substrate/GLints/dict_16_192_64_0p5_0p02_0060_0004.uasset" 6404
"../../../Engine/Content/EngineMaterials/Substrate/GLints/dict_16_192_64_0p5_0p02_0060_0005.uasset" 6405
"/Engine/EngineMaterials/Substrate/GLints/dict_16_192_64_0p5_0p02_0060_0004" 6406
"../../../Engine/Content/EngineMaterials/Substrate/GLints/dict_16_192_64_0p5_0p02_0060_0006.uasset" 6407
"/Engine/EngineMaterials/Substrate/GLints/dict_16_192_64_0p5_0p02_0060_0002" 6408
"/Engine/EngineMaterials/Substrate/GLints/dict_16_192_64_0p5_0p02_0060_0000" 6409
"/Engine/EngineMaterials/Substrate/GLints/dict_16_192_64_0p5_0p02_0059_0002" 6410
"../../../Engine/Content/EngineMaterials/Substrate/GLints/dict_16_192_64_0p5_0p02_0060_0009.uasset" 6411
"/Engine/EngineMaterials/Substrate/GLints/dict_16_192_64_0p5_0p02_0060_0005" 6412
"/Engine/EngineMaterials/Substrate/GLints/dict_16_192_64_0p5_0p02_0059_0015" 6413
"../../../Engine/Content/EngineMaterials/Substrate/GLints/dict_16_192_64_0p5_0p02_0059_0011.uasset" 6414
"/Engine/EngineMaterials/Substrate/GLints/dict_16_192_64_0p5_0p02_0060_0009" 6415
"/Engine/EngineMaterials/Substrate/GLints/dict_16_192_64_0p5_0p02_0060_0006" 6416
"../../../Engine/Content/EngineMaterials/Substrate/GLints/dict_16_192_64_0p5_0p02_0059_0000.uasset" 6417
"../../../Engine/Content/EngineMaterials/Substrate/GLints/dict_16_192_64_0p5_0p02_0059_0009.uasset" 6418
"../../../Engine/Content/EngineMaterials/Substrate/GLints/dict_16_192_64_0p5_0p02_0060_0001.uasset" 6419
"../../../Engine/Content/EngineMaterials/Substrate/GLints/dict_16_192_64_0p5_0p02_0060_0011.uasset" 6420
"../../../Engine/Content/EngineMaterials/Substrate/GLints/dict_16_192_64_0p5_0p02_0060_0008.uasset" 6421
"../../../Engine/Content/EngineMaterials/Substrate/GLints/dict_16_192_64_0p5_0p02_0060_0003.uasset" 6422
"../../../Engine/Content/EngineMaterials/Substrate/GLints/dict_16_192_64_0p5_0p02_0059_0014.uasset" 6423
"/Engine/EngineMaterials/Substrate/GLints/dict_16_192_64_0p5_0p02_0060_0011" 6424
"/Engine/EngineMaterials/Substrate/GLints/dict_16_192_64_0p5_0p02_0059_0011" 6425
"/Engine/EngineMaterials/Substrate/GLints/dict_16_192_64_0p5_0p02_0060_0003" 6426
"/Engine/EngineMaterials/Substrate/GLints/dict_16_192_64_0p5_0p02_0060_0008" 6427
"/Engine/EngineMaterials/Substrate/GLints/dict_16_192_64_0p5_0p02_0060_0001" 6428
"/Engine/EngineMaterials/Substrate/GLints/dict_16_192_64_0p5_0p02_0059_0000" 6429
"/Engine/EngineMaterials/Substrate/GLints/dict_16_192_64_0p5_0p02_0059_0009" 6430
"/Engine/EngineMaterials/Substrate/GLints/dict_16_192_64_0p5_0p02_0059_0014" 6431
"../../../Engine/Content/EngineMaterials/Substrate/GLints/dict_16_192_64_0p5_0p02_0060_0007.uasset" 6432
"../../../Engine/Content/EngineMaterials/Substrate/GLints/dict_16_192_64_0p5_0p02_0060_0012.uasset" 6433
"../../../Engine/Content/EngineMaterials/Substrate/GLints/dict_16_192_64_0p5_0p02_0060_0014.uasset" 6434
"/Engine/EngineMaterials/Substrate/GLints/dict_16_192_64_0p5_0p02_0060_0007" 6435
"/Engine/EngineMaterials/Substrate/GLints/dict_16_192_64_0p5_0p02_0060_0012" 6436
"/Engine/EngineMaterials/Substrate/GLints/dict_16_192_64_0p5_0p02_0060_0014" 6437
"../../../Engine/Content/EngineMaterials/Substrate/GLints/dict_16_192_64_0p5_0p02_0061_0000.uasset" 6438
"../../../Engine/Content/EngineMaterials/Substrate/GLints/dict_16_192_64_0p5_0p02_0061_0002.uasset" 6439
"../../../Engine/Content/EngineMaterials/Substrate/GLints/dict_16_192_64_0p5_0p02_0061_0001.uasset" 6440
"../../../Engine/Content/EngineMaterials/Substrate/GLints/dict_16_192_64_0p5_0p02_0060_0015.uasset" 6441
"../../../Engine/Content/EngineMaterials/Substrate/GLints/dict_16_192_64_0p5_0p02_0060_0013.uasset" 6442
"/Engine/EngineMaterials/Substrate/GLints/dict_16_192_64_0p5_0p02_0060_0013" 6443
"/Engine/EngineMaterials/Substrate/GLints/dict_16_192_64_0p5_0p02_0061_0002" 6444
"/Engine/EngineMaterials/Substrate/GLints/dict_16_192_64_0p5_0p02_0061_0001" 6445
"/Engine/EngineMaterials/Substrate/GLints/dict_16_192_64_0p5_0p02_0061_0000" 6446
"/Engine/EngineMaterials/Substrate/GLints/dict_16_192_64_0p5_0p02_0060_0015" 6447
"../../../Engine/Content/EngineMaterials/Substrate/GLints/dict_16_192_64_0p5_0p02_0061_0004.uasset" 6448
"../../../Engine/Content/EngineMaterials/Substrate/GLints/dict_16_192_64_0p5_0p02_0060_0010.uasset" 6449
"../../../Engine/Content/EngineMaterials/Substrate/GLints/dict_16_192_64_0p5_0p02_0061_0007.uasset" 6450
"../../../Engine/Content/EngineMaterials/Substrate/GLints/dict_16_192_64_0p5_0p02_0061_0005.uasset" 6451
"/Engine/EngineMaterials/Substrate/GLints/dict_16_192_64_0p5_0p02_0060_0010" 6452
"/Engine/EngineMaterials/Substrate/GLints/dict_16_192_64_0p5_0p02_0061_0005" 6453
"/Engine/EngineMaterials/Substrate/GLints/dict_16_192_64_0p5_0p02_0061_0007" 6454
"/Engine/EngineMaterials/Substrate/GLints/dict_16_192_64_0p5_0p02_0061_0004" 6455
"../../../Engine/Content/EngineMaterials/Substrate/GLints/dict_16_192_64_0p5_0p02_0061_0009.uasset" 6456
"../../../Engine/Content/EngineMaterials/Substrate/GLints/dict_16_192_64_0p5_0p02_0061_0008.uasset" 6457
"../../../Engine/Content/EngineMaterials/Substrate/GLints/dict_16_192_64_0p5_0p02_0061_0013.uasset" 6458
"/Engine/EngineMaterials/Substrate/GLints/dict_16_192_64_0p5_0p02_0061_0009" 6459
"/Engine/EngineMaterials/Substrate/GLints/dict_16_192_64_0p5_0p02_0061_0008" 6460
"/Engine/EngineMaterials/Substrate/GLints/dict_16_192_64_0p5_0p02_0061_0013" 6461
"../../../Engine/Content/EngineMaterials/Substrate/GLints/dict_16_192_64_0p5_0p02_0061_0006.uasset" 6462
"/Engine/EngineMaterials/Substrate/GLints/dict_16_192_64_0p5_0p02_0061_0006" 6463
"../../../Engine/Content/EngineMaterials/Substrate/GLints/dict_16_192_64_0p5_0p02_0061_0010.uasset" 6464
"../../../Engine/Content/EngineMaterials/Substrate/GLints/dict_16_192_64_0p5_0p02_0061_0012.uasset" 6465
"../../../Engine/Content/EngineMaterials/Substrate/GLints/dict_16_192_64_0p5_0p02_0061_0015.uasset" 6466
"../../../Engine/Content/EngineMaterials/Substrate/GLints/dict_16_192_64_0p5_0p02_0061_0003.uasset" 6467
"../../../Engine/Content/EngineMaterials/Substrate/GLints/dict_16_192_64_0p5_0p02_0061_0011.uasset" 6468
"../../../Engine/Content/EngineMaterials/Substrate/GLints/dict_16_192_64_0p5_0p02_0061_0014.uasset" 6469
"/Engine/EngineMaterials/Substrate/GLints/dict_16_192_64_0p5_0p02_0061_0015" 6470
"/Engine/EngineMaterials/Substrate/GLints/dict_16_192_64_0p5_0p02_0061_0014" 6471
"/Engine/EngineMaterials/Substrate/GLints/dict_16_192_64_0p5_0p02_0061_0003" 6472
"/Engine/EngineMaterials/Substrate/GLints/dict_16_192_64_0p5_0p02_0061_0012" 6473
"/Engine/EngineMaterials/Substrate/GLints/dict_16_192_64_0p5_0p02_0061_0011" 6474
"/Engine/EngineMaterials/Substrate/GLints/dict_16_192_64_0p5_0p02_0061_0010" 6475
"../../../Engine/Content/EngineMaterials/Substrate/GLints/dict_16_192_64_0p5_0p02_0062_0000.uasset" 6476
"../../../Engine/Content/EngineMaterials/Substrate/GLints/dict_16_192_64_0p5_0p02_0062_0001.uasset" 6477
"../../../Engine/Content/EngineMaterials/Substrate/GLints/dict_16_192_64_0p5_0p02_0062_0002.uasset" 6478
"../../../Engine/Content/EngineMaterials/Substrate/GLints/dict_16_192_64_0p5_0p02_0062_0007.uasset" 6479
"/Engine/EngineMaterials/Substrate/GLints/dict_16_192_64_0p5_0p02_0062_0001" 6480
"/Engine/EngineMaterials/Substrate/GLints/dict_16_192_64_0p5_0p02_0062_0007" 6481
"/Engine/EngineMaterials/Substrate/GLints/dict_16_192_64_0p5_0p02_0062_0000" 6482
"/Engine/EngineMaterials/Substrate/GLints/dict_16_192_64_0p5_0p02_0062_0002" 6483
"../../../Engine/Content/EngineMaterials/Substrate/GLints/dict_16_192_64_0p5_0p02_0062_0004.uasset" 6484
"../../../Engine/Content/EngineMaterials/Substrate/GLints/dict_16_192_64_0p5_0p02_0062_0005.uasset" 6485
"../../../Engine/Content/EngineMaterials/Substrate/GLints/dict_16_192_64_0p5_0p02_0062_0003.uasset" 6486
"/Engine/EngineMaterials/Substrate/GLints/dict_16_192_64_0p5_0p02_0062_0005" 6487
"/Engine/EngineMaterials/Substrate/GLints/dict_16_192_64_0p5_0p02_0062_0004" 6488
"/Engine/EngineMaterials/Substrate/GLints/dict_16_192_64_0p5_0p02_0062_0003" 6489
"../../../Engine/Content/EngineMaterials/Substrate/GLints/dict_16_192_64_0p5_0p02_0062_0006.uasset" 6490
"../../../Engine/Content/EngineMaterials/Substrate/GLints/dict_16_192_64_0p5_0p02_0062_0008.uasset" 6491
"../../../Engine/Content/EngineMaterials/Substrate/GLints/dict_16_192_64_0p5_0p02_0062_0012.uasset" 6492
"../../../Engine/Content/EngineMaterials/Substrate/GLints/dict_16_192_64_0p5_0p02_0062_0009.uasset" 6493
"../../../Engine/Content/EngineMaterials/Substrate/GLints/dict_16_192_64_0p5_0p02_0062_0014.uasset" 6494
"../../../Engine/Content/EngineMaterials/Substrate/GLints/dict_16_192_64_0p5_0p02_0062_0010.uasset" 6495
"/Engine/EngineMaterials/Substrate/GLints/dict_16_192_64_0p5_0p02_0062_0009" 6496
"/Engine/EngineMaterials/Substrate/GLints/dict_16_192_64_0p5_0p02_0062_0012" 6497
"/Engine/EngineMaterials/Substrate/GLints/dict_16_192_64_0p5_0p02_0062_0008" 6498
"/Engine/EngineMaterials/Substrate/GLints/dict_16_192_64_0p5_0p02_0062_0006" 6499
"/Engine/EngineMaterials/Substrate/GLints/dict_16_192_64_0p5_0p02_0062_0010" 6500
"/Engine/EngineMaterials/Substrate/GLints/dict_16_192_64_0p5_0p02_0062_0014" 6501
"../../../Engine/Content/EngineMaterials/Substrate/GLints/dict_16_192_64_0p5_0p02_0063_0005.uasset" 6502
"../../../Engine/Content/EngineMaterials/Substrate/GLints/dict_16_192_64_0p5_0p02_0063_0001.uasset" 6503
"/Engine/EngineMaterials/Substrate/GLints/dict_16_192_64_0p5_0p02_0063_0005" 6504
"/Engine/EngineMaterials/Substrate/GLints/dict_16_192_64_0p5_0p02_0063_0001" 6505
"../../../Engine/Content/EngineMaterials/Substrate/GLints/dict_16_192_64_0p5_0p02_0063_0000.uasset" 6506
"../../../Engine/Content/EngineMaterials/Substrate/GLints/dict_16_192_64_0p5_0p02_0062_0013.uasset" 6507
"../../../Engine/Content/EngineMaterials/Substrate/GLints/dict_16_192_64_0p5_0p02_0063_0003.uasset" 6508
"../../../Engine/Content/EngineMaterials/Substrate/GLints/dict_16_192_64_0p5_0p02_0063_0004.uasset" 6509
"../../../Engine/Content/EngineMaterials/Substrate/GLints/dict_16_192_64_0p5_0p02_0063_0002.uasset" 6510
"../../../Engine/Content/EngineMaterials/Substrate/GLints/dict_16_192_64_0p5_0p02_0063_0007.uasset" 6511
"/Engine/EngineMaterials/Substrate/GLints/dict_16_192_64_0p5_0p02_0063_0007" 6512
"/Engine/EngineMaterials/Substrate/GLints/dict_16_192_64_0p5_0p02_0063_0004" 6513
"/Engine/EngineMaterials/Substrate/GLints/dict_16_192_64_0p5_0p02_0063_0003" 6514
"/Engine/EngineMaterials/Substrate/GLints/dict_16_192_64_0p5_0p02_0063_0002" 6515
"/Engine/EngineMaterials/Substrate/GLints/dict_16_192_64_0p5_0p02_0063_0000" 6516
"/Engine/EngineMaterials/Substrate/GLints/dict_16_192_64_0p5_0p02_0062_0013" 6517
"../../../Engine/Content/EngineMaterials/Substrate/GLints/dict_16_192_64_0p5_0p02_0063_0010.uasset" 6518
"../../../Engine/Content/EngineMaterials/Substrate/GLints/dict_16_192_64_0p5_0p02_0063_0012.uasset" 6519
"../../../Engine/Content/EngineMaterials/Substrate/GLints/dict_16_192_64_0p5_0p02_0063_0009.uasset" 6520
"../../../Engine/Content/EngineMaterials/Substrate/GLints/dict_16_192_64_0p5_0p02_0063_0006.uasset" 6521
"../../../Engine/Content/EngineMaterials/Substrate/GLints/dict_16_192_64_0p5_0p02_0062_0015.uasset" 6522
"/Engine/EngineMaterials/Substrate/GLints/dict_16_192_64_0p5_0p02_0063_0009" 6523
"/Engine/EngineMaterials/Substrate/GLints/dict_16_192_64_0p5_0p02_0063_0006" 6524
"/Engine/EngineMaterials/Substrate/GLints/dict_16_192_64_0p5_0p02_0063_0012" 6525
"/Engine/EngineMaterials/Substrate/GLints/dict_16_192_64_0p5_0p02_0062_0015" 6526
"/Engine/EngineMaterials/Substrate/GLints/dict_16_192_64_0p5_0p02_0063_0010" 6527
"../../../Engine/Content/EngineMaterials/Substrate/GLints/AGlintTex2dArray.uasset" 6528
"../../../Engine/Content/EngineMaterials/Substrate/GLints/dict_16_192_64_0p5_0p02_0063_0008.uasset" 6529
"../../../Engine/Content/EngineMaterials/Substrate/GLints/dict_16_192_64_0p5_0p02_0063_0011.uasset" 6530
"../../../Engine/Content/EngineMaterials/Substrate/GLints/dict_16_192_64_0p5_0p02_0062_0011.uasset" 6531
"../../../Engine/Content/EngineMaterials/Substrate/GLints/dict_16_192_64_0p5_0p02_0063_0013.uasset" 6532
"/Engine/EngineMaterials/Substrate/GLints/dict_16_192_64_0p5_0p02_0063_0008" 6533
"/Engine/EngineMaterials/Substrate/GLints/dict_16_192_64_0p5_0p02_0062_0011" 6534
"/Engine/EngineMaterials/Substrate/GLints/dict_16_192_64_0p5_0p02_0063_0013" 6535
"/Engine/EngineMaterials/Substrate/GLints/dict_16_192_64_0p5_0p02_0063_0011" 6536
"../../../Engine/Content/EngineMaterials/Substrate/Glints2/dict_0000_0002.uasset" 6537
"../../../Engine/Content/EngineMaterials/Substrate/Glints2/dict_0000_0001.uasset" 6538
"../../../Engine/Content/EngineMaterials/Substrate/GLints/dict_16_192_64_0p5_0p02_0063_0015.uasset" 6539
"../../../Engine/Content/EngineMaterials/Substrate/Glints2/dict_0000_0000.uasset" 6540
"../../../Engine/Content/EngineMaterials/Substrate/Glints2/dict_0000_0004.uasset" 6541
"../../../Engine/Content/EngineMaterials/Substrate/Glints2/dict_0000_0006.uasset" 6542
"../../../Engine/Content/EngineMaterials/Substrate/Glints2/dict_0000_0003.uasset" 6543
"/Engine/EngineMaterials/Substrate/Glints2/dict_0000_0002" 6544
"/Engine/EngineMaterials/Substrate/GLints/dict_16_192_64_0p5_0p02_0063_0015" 6545
"/Engine/EngineMaterials/Substrate/Glints2/dict_0000_0001" 6546
"/Engine/EngineMaterials/Substrate/Glints2/dict_0000_0000" 6547
"/Engine/EngineMaterials/Substrate/Glints2/dict_0000_0004" 6548
"/Engine/EngineMaterials/Substrate/Glints2/dict_0000_0006" 6549
"/Engine/EngineMaterials/Substrate/Glints2/dict_0000_0003" 6550
"../../../Engine/Content/EngineMaterials/Substrate/Glints2/dict_0000_0009.uasset" 6551
"../../../Engine/Content/EngineMaterials/Substrate/Glints2/dict_0000_0011.uasset" 6552
"../../../Engine/Content/EngineMaterials/Substrate/Glints2/dict_0000_0005.uasset" 6553
"../../../Engine/Content/EngineMaterials/Substrate/Glints2/dict_0000_0007.uasset" 6554
"/Engine/EngineMaterials/Substrate/Glints2/dict_0000_0011" 6555
"/Engine/EngineMaterials/Substrate/Glints2/dict_0000_0009" 6556
"/Engine/EngineMaterials/Substrate/Glints2/dict_0000_0005" 6557
"/Engine/EngineMaterials/Substrate/Glints2/dict_0000_0007" 6558
"../../../Engine/Content/EngineMaterials/Substrate/Glints2/dict_0000_0010.uasset" 6559
"../../../Engine/Content/EngineMaterials/Substrate/Glints2/dict_0000_0008.uasset" 6560
"../../../Engine/Content/EngineMaterials/Substrate/Glints2/dict_0000_0013.uasset" 6561
"/Engine/EngineMaterials/Substrate/Glints2/dict_0000_0010" 6562
"/Engine/EngineMaterials/Substrate/Glints2/dict_0000_0013" 6563
"/Engine/EngineMaterials/Substrate/Glints2/dict_0000_0008" 6564
"../../../Engine/Content/EngineMaterials/Substrate/Glints2/dict_0000_0014.uasset" 6565
"../../../Engine/Content/EngineMaterials/Substrate/Glints2/dict_0000_0015.uasset" 6566
"../../../Engine/Content/EngineMaterials/Substrate/Glints2/dict_0000_0016.uasset" 6567
"../../../Engine/Content/EngineMaterials/Substrate/Glints2/dict_0000_0012.uasset" 6568
"../../../Engine/Content/EngineMaterials/Substrate/Glints2/dict_0000_0018.uasset" 6569
"../../../Engine/Content/EngineMaterials/Substrate/Glints2/dict_0000_0017.uasset" 6570
"/Engine/EngineMaterials/Substrate/Glints2/dict_0000_0018" 6571
"/Engine/EngineMaterials/Substrate/Glints2/dict_0000_0017" 6572
"/Engine/EngineMaterials/Substrate/Glints2/dict_0000_0012" 6573
"/Engine/EngineMaterials/Substrate/Glints2/dict_0000_0016" 6574
"/Engine/EngineMaterials/Substrate/Glints2/dict_0000_0015" 6575
"/Engine/EngineMaterials/Substrate/Glints2/dict_0000_0014" 6576
"../../../Engine/Content/EngineMaterials/Substrate/Glints2/dict_0000_0020.uasset" 6577
"../../../Engine/Content/EngineMaterials/Substrate/Glints2/dict_0000_0022.uasset" 6578
"../../../Engine/Content/EngineMaterials/Substrate/Glints2/dict_0000_0024.uasset" 6579
"../../../Engine/Content/EngineMaterials/Substrate/Glints2/dict_0000_0019.uasset" 6580
"/Engine/EngineMaterials/Substrate/Glints2/dict_0000_0019" 6581
"/Engine/EngineMaterials/Substrate/Glints2/dict_0000_0024" 6582
"/Engine/EngineMaterials/Substrate/Glints2/dict_0000_0022" 6583
"/Engine/EngineMaterials/Substrate/Glints2/dict_0000_0020" 6584
"../../../Engine/Content/EngineMaterials/Substrate/Glints2/dict_0000_0025.uasset" 6585
"../../../Engine/Content/EngineMaterials/Substrate/Glints2/dict_0000_0030.uasset" 6586
"/Engine/EngineMaterials/Substrate/Glints2/dict_0000_0025" 6587
"/Engine/EngineMaterials/Substrate/Glints2/dict_0000_0030" 6588
"../../../Engine/Content/EngineMaterials/Substrate/Glints2/dict_0000_0026.uasset" 6589
"../../../Engine/Content/EngineMaterials/Substrate/Glints2/dict_0000_0021.uasset" 6590
"../../../Engine/Content/EngineMaterials/Substrate/Glints2/dict_0000_0027.uasset" 6591
"../../../Engine/Content/EngineMaterials/Substrate/Glints2/dict_0000_0029.uasset" 6592
"../../../Engine/Content/EngineMaterials/Substrate/Glints2/dict_0000_0023.uasset" 6593
"/Engine/EngineMaterials/Substrate/Glints2/dict_0000_0027" 6594
"/Engine/EngineMaterials/Substrate/Glints2/dict_0000_0023" 6595
"/Engine/EngineMaterials/Substrate/Glints2/dict_0000_0026" 6596
"/Engine/EngineMaterials/Substrate/Glints2/dict_0000_0021" 6597
"/Engine/EngineMaterials/Substrate/Glints2/dict_0000_0029" 6598
"../../../Engine/Content/EngineMaterials/Substrate/Glints2/dict_0000_0028.uasset" 6599
"/Engine/EngineMaterials/Substrate/Glints2/dict_0000_0028" 6600
"../../../Engine/Content/EngineMaterials/Substrate/Glints2/dict_0000_0031.uasset" 6601
"/Engine/EngineMaterials/Substrate/Glints2/dict_0000_0031" 6602
"../../../Engine/Content/EngineMaterials/Substrate/Glints2/dict_0000_0032.uasset" 6603
"../../../Engine/Content/EngineMaterials/Substrate/Glints2/dict_0000_0034.uasset" 6604
"../../../Engine/Content/EngineMaterials/Substrate/Glints2/dict_0000_0038.uasset" 6605
"../../../Engine/Content/EngineMaterials/Substrate/Glints2/dict_0000_0042.uasset" 6606
"../../../Engine/Content/EngineMaterials/Substrate/Glints2/dict_0000_0035.uasset" 6607
"../../../Engine/Content/EngineMaterials/Substrate/Glints2/dict_0000_0037.uasset" 6608
"../../../Engine/Content/EngineMaterials/Substrate/Glints2/dict_0000_0040.uasset" 6609
"/Engine/EngineMaterials/Substrate/Glints2/dict_0000_0042" 6610
"/Engine/EngineMaterials/Substrate/Glints2/dict_0000_0038" 6611
"/Engine/EngineMaterials/Substrate/Glints2/dict_0000_0035" 6612
"/Engine/EngineMaterials/Substrate/Glints2/dict_0000_0034" 6613
"/Engine/EngineMaterials/Substrate/Glints2/dict_0000_0040" 6614
"/Engine/EngineMaterials/Substrate/Glints2/dict_0000_0032" 6615
"/Engine/EngineMaterials/Substrate/Glints2/dict_0000_0037" 6616
"../../../Engine/Content/EngineMaterials/Substrate/Glints2/dict_0000_0045.uasset" 6617
"/Engine/EngineMaterials/Substrate/Glints2/dict_0000_0045" 6618
"../../../Engine/Content/EngineMaterials/Substrate/Glints2/dict_0000_0046.uasset" 6619
"/Engine/EngineMaterials/Substrate/Glints2/dict_0000_0046" 6620
"../../../Engine/Content/EngineMaterials/Substrate/GLints/dict_16_192_64_0p5_0p02_0063_0014.uasset" 6621
"../../../Engine/Content/EngineMaterials/Substrate/Glints2/dict_0000_0041.uasset" 6622
"../../../Engine/Content/EngineMaterials/Substrate/Glints2/dict_0000_0039.uasset" 6623
"../../../Engine/Content/EngineMaterials/Substrate/Glints2/dict_0000_0033.uasset" 6624
"../../../Engine/Content/EngineMaterials/Substrate/Glints2/dict_0000_0043.uasset" 6625
"../../../Engine/Content/EngineMaterials/Substrate/Glints2/dict_0000_0047.uasset" 6626
"../../../Engine/Content/EngineMaterials/Substrate/Glints2/dict_0000_0049.uasset" 6627
"../../../Engine/Content/EngineMaterials/Substrate/Glints2/dict_0000_0050.uasset" 6628
"../../../Engine/Content/EngineMaterials/Substrate/Glints2/dict_0000_0036.uasset" 6629
"/Engine/EngineMaterials/Substrate/Glints2/dict_0000_0039" 6630
"/Engine/EngineMaterials/Substrate/Glints2/dict_0000_0041" 6631
"/Engine/EngineMaterials/Substrate/Glints2/dict_0000_0033" 6632
"/Engine/EngineMaterials/Substrate/Glints2/dict_0000_0047" 6633
"/Engine/EngineMaterials/Substrate/GLints/dict_16_192_64_0p5_0p02_0063_0014" 6634
"/Engine/EngineMaterials/Substrate/Glints2/dict_0000_0050" 6635
"/Engine/EngineMaterials/Substrate/Glints2/dict_0000_0036" 6636
"../../../Engine/Content/EngineMaterials/Substrate/Glints2/dict_0000_0044.uasset" 6637
"/Engine/EngineMaterials/Substrate/Glints2/dict_0000_0043" 6638
"../../../Engine/Content/EngineMaterials/Substrate/Glints2/dict_0000_0055.uasset" 6639
"/Engine/EngineMaterials/Substrate/GLints/AGlintTex2dArray" 6640
"../../../Engine/Content/EngineMaterials/Substrate/Glints2/dict_0000_0048.uasset" 6641
"../../../Engine/Content/EngineMaterials/Substrate/Glints2/dict_0000_0052.uasset" 6642
"/Engine/EngineMaterials/Substrate/Glints2/dict_0000_0049" 6643
"/Engine/EngineMaterials/Substrate/Glints2/dict_0000_0052" 6644
"/Engine/EngineMaterials/Substrate/Glints2/dict_0000_0048" 6645
"../../../Engine/Content/EngineMaterials/Substrate/Glints2/dict_0000_0051.uasset" 6646
"/Engine/EngineMaterials/Substrate/Glints2/dict_0000_0044" 6647
"/Engine/EngineMaterials/Substrate/Glints2/dict_0000_0055" 6648
"/Engine/EngineMaterials/Substrate/Glints2/dict_0000_0051" 6649
"../../../Engine/Content/EngineMaterials/Substrate/Glints2/dict_0000_0059.uasset" 6650
"/Engine/EngineMaterials/Substrate/Glints2/dict_0000_0059" 6651
"../../../Engine/Content/EngineMaterials/Substrate/Glints2/dict_0000_0058.uasset" 6652
"../../../Engine/Content/EngineMaterials/Substrate/Glints2/dict_0000_0053.uasset" 6653
"../../../Engine/Content/EngineMaterials/Substrate/Glints2/dict_0000_0057.uasset" 6654
"../../../Engine/Content/EngineMaterials/Substrate/Glints2/dict_0000_0060.uasset" 6655
"../../../Engine/Content/EngineMaterials/Substrate/Glints2/dict_0000_0063.uasset" 6656
"/Engine/EngineMaterials/Substrate/Glints2/dict_0000_0060" 6657
"/Engine/EngineMaterials/Substrate/Glints2/dict_0000_0058" 6658
"/Engine/EngineMaterials/Substrate/Glints2/dict_0000_0057" 6659
"/Engine/EngineMaterials/Substrate/Glints2/dict_0000_0053" 6660
"../../../Engine/Content/EngineMaterials/Substrate/Glints2/dict_0000_0054.uasset" 6661
"../../../Engine/Content/EngineMaterials/Substrate/Glints2/dict_0000_0064.uasset" 6662
"/Engine/EngineMaterials/Substrate/Glints2/dict_0000_0064" 6663
"/Engine/EngineMaterials/Substrate/Glints2/dict_0000_0063" 6664
"/Engine/EngineMaterials/Substrate/Glints2/dict_0000_0054" 6665
"../../../Engine/Content/EngineMaterials/Substrate/Glints2/dict_0000_0065.uasset" 6666
"../../../Engine/Content/EngineMaterials/Substrate/Glints2/dict_0000_0061.uasset" 6667
"/Engine/EngineMaterials/Substrate/Glints2/dict_0000_0065" 6668
"/Engine/EngineMaterials/Substrate/Glints2/dict_0000_0061" 6669
"../../../Engine/Content/EngineMaterials/Substrate/Glints2/dict_0000_0056.uasset" 6670
"../../../Engine/Content/EngineMaterials/Substrate/Glints2/dict_0000_0066.uasset" 6671
"/Engine/EngineMaterials/Substrate/Glints2/dict_0000_0066" 6672
"/Engine/EngineMaterials/Substrate/Glints2/dict_0000_0056" 6673
"../../../Engine/Content/EngineMaterials/Substrate/Glints2/dict_0000_0068.uasset" 6674
"../../../Engine/Content/EngineMaterials/Substrate/Glints2/dict_0000_0070.uasset" 6675
"../../../Engine/Content/EngineMaterials/Substrate/Glints2/dict_0000_0069.uasset" 6676
"../../../Engine/Content/EngineMaterials/Substrate/Glints2/dict_0000_0072.uasset" 6677
"../../../Engine/Content/EngineMaterials/Substrate/Glints2/dict_0000_0073.uasset" 6678
"../../../Engine/Content/EngineMaterials/Substrate/Glints2/dict_0000_0074.uasset" 6679
"/Engine/EngineMaterials/Substrate/Glints2/dict_0000_0068" 6680
"/Engine/EngineMaterials/Substrate/Glints2/dict_0000_0070" 6681
"/Engine/EngineMaterials/Substrate/Glints2/dict_0000_0069" 6682
"/Engine/EngineMaterials/Substrate/Glints2/dict_0000_0074" 6683
"/Engine/EngineMaterials/Substrate/Glints2/dict_0000_0073" 6684
"../../../Engine/Content/EngineMaterials/Substrate/Glints2/dict_0000_0075.uasset" 6685
"/Engine/EngineMaterials/Substrate/Glints2/dict_0000_0072" 6686
"/Engine/EngineMaterials/Substrate/Glints2/dict_0000_0075" 6687
"../../../Engine/Content/EngineMaterials/Substrate/Glints2/dict_0000_0062.uasset" 6688
"../../../Engine/Content/EngineMaterials/Substrate/Glints2/dict_0000_0079.uasset" 6689
"../../../Engine/Content/EngineMaterials/Substrate/Glints2/dict_0000_0081.uasset" 6690
"../../../Engine/Content/EngineMaterials/Substrate/Glints2/dict_0000_0071.uasset" 6691
"../../../Engine/Content/EngineMaterials/Substrate/Glints2/dict_0000_0077.uasset" 6692
"/Engine/EngineMaterials/Substrate/Glints2/dict_0000_0079" 6693
"/Engine/EngineMaterials/Substrate/Glints2/dict_0000_0077" 6694
"/Engine/EngineMaterials/Substrate/Glints2/dict_0000_0062" 6695
"/Engine/EngineMaterials/Substrate/Glints2/dict_0000_0081" 6696
"/Engine/EngineMaterials/Substrate/Glints2/dict_0000_0071" 6697
"../../../Engine/Content/EngineMaterials/Substrate/Glints2/dict_0000_0067.uasset" 6698
"../../../Engine/Content/EngineMaterials/Substrate/Glints2/dict_0000_0082.uasset" 6699
"/Engine/EngineMaterials/Substrate/Glints2/dict_0000_0067" 6700
"/Engine/EngineMaterials/Substrate/Glints2/dict_0000_0082" 6701
"../../../Engine/Content/EngineMaterials/Substrate/Glints2/dict_0000_0076.uasset" 6702
"../../../Engine/Content/EngineMaterials/Substrate/Glints2/dict_0000_0086.uasset" 6703
"../../../Engine/Content/EngineMaterials/Substrate/Glints2/dict_0000_0087.uasset" 6704
"/Engine/EngineMaterials/Substrate/Glints2/dict_0000_0076" 6705
"/Engine/EngineMaterials/Substrate/Glints2/dict_0000_0086" 6706
"/Engine/EngineMaterials/Substrate/Glints2/dict_0000_0087" 6707
"../../../Engine/Content/EngineMaterials/Substrate/Glints2/dict_0000_0084.uasset" 6708
"../../../Engine/Content/EngineMaterials/Substrate/Glints2/dict_0000_0080.uasset" 6709
"../../../Engine/Content/EngineMaterials/Substrate/Glints2/dict_0000_0083.uasset" 6710
"../../../Engine/Content/EngineMaterials/Substrate/Glints2/dict_0000_0078.uasset" 6711
"/Engine/EngineMaterials/Substrate/Glints2/dict_0000_0080" 6712
"/Engine/EngineMaterials/Substrate/Glints2/dict_0000_0084" 6713
"/Engine/EngineMaterials/Substrate/Glints2/dict_0000_0078" 6714
"/Engine/EngineMaterials/Substrate/Glints2/dict_0000_0083" 6715
"../../../Engine/Content/EngineMaterials/Substrate/Glints2/dict_0000_0088.uasset" 6716
"../../../Engine/Content/EngineMaterials/Substrate/Glints2/dict_0000_0089.uasset" 6717
"/Engine/EngineMaterials/Substrate/Glints2/dict_0000_0089" 6718
"/Engine/EngineMaterials/Substrate/Glints2/dict_0000_0088" 6719
"../../../Engine/Content/EngineMaterials/Substrate/Glints2/dict_0000_0097.uasset" 6720
"../../../Engine/Content/EngineMaterials/Substrate/Glints2/dict_0000_0085.uasset" 6721
"../../../Engine/Content/EngineMaterials/Substrate/Glints2/dict_0000_0093.uasset" 6722
"../../../Engine/Content/EngineMaterials/Substrate/Glints2/dict_0000_0091.uasset" 6723
"../../../Engine/Content/EngineMaterials/Substrate/Glints2/dict_0000_0095.uasset" 6724
"../../../Engine/Content/EngineMaterials/Substrate/Glints2/dict_0000_0096.uasset" 6725
"../../../Engine/Content/EngineMaterials/Substrate/Glints2/dict_0000_0090.uasset" 6726
"/Engine/EngineMaterials/Substrate/Glints2/dict_0000_0090" 6727
"/Engine/EngineMaterials/Substrate/Glints2/dict_0000_0097" 6728
"/Engine/EngineMaterials/Substrate/Glints2/dict_0000_0095" 6729
"/Engine/EngineMaterials/Substrate/Glints2/dict_0000_0093" 6730
"/Engine/EngineMaterials/Substrate/Glints2/dict_0000_0085" 6731
"../../../Engine/Content/EngineMaterials/Substrate/Glints2/dict_0000_0100.uasset" 6732
"/Engine/EngineMaterials/Substrate/Glints2/dict_0000_0091" 6733
"../../../Engine/Content/EngineMaterials/Substrate/Glints2/dict_0000_0092.uasset" 6734
"/Engine/EngineMaterials/Substrate/Glints2/dict_0000_0096" 6735
"/Engine/EngineMaterials/Substrate/Glints2/dict_0000_0092" 6736
"/Engine/EngineMaterials/Substrate/Glints2/dict_0000_0100" 6737
"../../../Engine/Content/EngineMaterials/Substrate/Glints2/dict_0000_0105.uasset" 6738
"../../../Engine/Content/EngineMaterials/Substrate/Glints2/dict_0000_0098.uasset" 6739
"../../../Engine/Content/EngineMaterials/Substrate/Glints2/dict_0000_0104.uasset" 6740
"../../../Engine/Content/EngineMaterials/Substrate/Glints2/dict_0000_0106.uasset" 6741
"../../../Engine/Content/EngineMaterials/Substrate/Glints2/dict_0000_0102.uasset" 6742
"/Engine/EngineMaterials/Substrate/Glints2/dict_0000_0102" 6743
"/Engine/EngineMaterials/Substrate/Glints2/dict_0000_0104" 6744
"/Engine/EngineMaterials/Substrate/Glints2/dict_0000_0106" 6745
"/Engine/EngineMaterials/Substrate/Glints2/dict_0000_0098" 6746
"/Engine/EngineMaterials/Substrate/Glints2/dict_0000_0105" 6747
"../../../Engine/Content/EngineMaterials/Substrate/Glints2/dict_0000_0094.uasset" 6748
"../../../Engine/Content/EngineMaterials/Substrate/Glints2/dict_0000_0103.uasset" 6749
"../../../Engine/Content/EngineMaterials/Substrate/Glints2/dict_0000_0099.uasset" 6750
"/Engine/EngineMaterials/Substrate/Glints2/dict_0000_0103" 6751
"/Engine/EngineMaterials/Substrate/Glints2/dict_0000_0094" 6752
"/Engine/EngineMaterials/Substrate/Glints2/dict_0000_0099" 6753
"../../../Engine/Content/EngineMaterials/Substrate/Glints2/dict_0000_0109.uasset" 6754
"/Engine/EngineMaterials/Substrate/Glints2/dict_0000_0109" 6755
"../../../Engine/Content/EngineMaterials/Substrate/Glints2/dict_0000_0101.uasset" 6756
"../../../Engine/Content/EngineMaterials/Substrate/Glints2/dict_0000_0107.uasset" 6757
"../../../Engine/Content/EngineMaterials/Substrate/Glints2/dict_0000_0111.uasset" 6758
"../../../Engine/Content/EngineMaterials/Substrate/Glints2/dict_0000_0110.uasset" 6759
"/Engine/EngineMaterials/Substrate/Glints2/dict_0000_0111" 6760
"../../../Engine/Content/EngineMaterials/Substrate/Glints2/dict_0000_0114.uasset" 6761
"/Engine/EngineMaterials/Substrate/Glints2/dict_0000_0101" 6762
"/Engine/EngineMaterials/Substrate/Glints2/dict_0000_0107" 6763
"/Engine/EngineMaterials/Substrate/Glints2/dict_0000_0110" 6764
"/Engine/EngineMaterials/Substrate/Glints2/dict_0000_0114" 6765
"../../../Engine/Content/EngineMaterials/Substrate/Glints2/dict_0000_0113.uasset" 6766
"../../../Engine/Content/EngineMaterials/Substrate/Glints2/dict_0000_0115.uasset" 6767
"../../../Engine/Content/EngineMaterials/Substrate/Glints2/dict_0000_0118.uasset" 6768
"/Engine/EngineMaterials/Substrate/Glints2/dict_0000_0115" 6769
"/Engine/EngineMaterials/Substrate/Glints2/dict_0000_0113" 6770
"../../../Engine/Content/EngineMaterials/Substrate/Glints2/dict_0000_0116.uasset" 6771
"../../../Engine/Content/EngineMaterials/Substrate/Glints2/dict_0000_0108.uasset" 6772
"../../../Engine/Content/EngineMaterials/Substrate/Glints2/dict_0000_0122.uasset" 6773
"../../../Engine/Content/EngineMaterials/Substrate/Glints2/dict_0000_0117.uasset" 6774
"/Engine/EngineMaterials/Substrate/Glints2/dict_0000_0118" 6775
"/Engine/EngineMaterials/Substrate/Glints2/dict_0000_0116" 6776
"/Engine/EngineMaterials/Substrate/Glints2/dict_0000_0108" 6777
"/Engine/EngineMaterials/Substrate/Glints2/dict_0000_0122" 6778
"../../../Engine/Content/EngineMaterials/Substrate/Glints2/dict_0000_0119.uasset" 6779
"../../../Engine/Content/EngineMaterials/Substrate/Glints2/dict_0000_0125.uasset" 6780
"../../../Engine/Content/EngineMaterials/Substrate/Glints2/dict_0000_0124.uasset" 6781
"../../../Engine/Content/EngineMaterials/Substrate/Glints2/dict_0000_0112.uasset" 6782
"/Engine/EngineMaterials/Substrate/Glints2/dict_0000_0117" 6783
"/Engine/EngineMaterials/Substrate/Glints2/dict_0000_0125" 6784
"/Engine/EngineMaterials/Substrate/Glints2/dict_0000_0124" 6785
"/Engine/EngineMaterials/Substrate/Glints2/dict_0000_0119" 6786
"/Engine/EngineMaterials/Substrate/Glints2/dict_0000_0112" 6787
"../../../Engine/Content/EngineMaterials/Substrate/Glints2/dict_0000_0129.uasset" 6788
"../../../Engine/Content/EngineMaterials/Substrate/Glints2/dict_0000_0130.uasset" 6789
"/Engine/EngineMaterials/Substrate/Glints2/dict_0000_0129" 6790
"/Engine/EngineMaterials/Substrate/Glints2/dict_0000_0130" 6791
"../../../Engine/Content/EngineMaterials/Substrate/Glints2/dict_0000_0123.uasset" 6792
"../../../Engine/Content/EngineMaterials/Substrate/Glints2/dict_0000_0128.uasset" 6793
"../../../Engine/Content/EngineMaterials/Substrate/Glints2/dict_0000_0126.uasset" 6794
"../../../Engine/Content/EngineMaterials/Substrate/Glints2/dict_0000_0132.uasset" 6795
"../../../Engine/Content/EngineMaterials/Substrate/Glints2/dict_0000_0133.uasset" 6796
"../../../Engine/Content/EngineMaterials/Substrate/Glints2/dict_0000_0121.uasset" 6797
"../../../Engine/Content/EngineMaterials/Substrate/Glints2/dict_0000_0127.uasset" 6798
"/Engine/EngineMaterials/Substrate/Glints2/dict_0000_0127" 6799
"/Engine/EngineMaterials/Substrate/Glints2/dict_0000_0126" 6800
"/Engine/EngineMaterials/Substrate/Glints2/dict_0000_0123" 6801
"/Engine/EngineMaterials/Substrate/Glints2/dict_0000_0133" 6802
"/Engine/EngineMaterials/Substrate/Glints2/dict_0000_0121" 6803
"/Engine/EngineMaterials/Substrate/Glints2/dict_0000_0128" 6804
"/Engine/EngineMaterials/Substrate/Glints2/dict_0000_0132" 6805
"../../../Engine/Content/EngineMaterials/Substrate/Glints2/dict_0000_0135.uasset" 6806
"../../../Engine/Content/EngineMaterials/Substrate/Glints2/dict_0000_0138.uasset" 6807
"../../../Engine/Content/EngineMaterials/Substrate/Glints2/dict_0000_0139.uasset" 6808
"../../../Engine/Content/EngineMaterials/Substrate/Glints2/dict_0000_0137.uasset" 6809
"/Engine/EngineMaterials/Substrate/Glints2/dict_0000_0137" 6810
"/Engine/EngineMaterials/Substrate/Glints2/dict_0000_0138" 6811
"/Engine/EngineMaterials/Substrate/Glints2/dict_0000_0139" 6812
"/Engine/EngineMaterials/Substrate/Glints2/dict_0000_0135" 6813
"../../../Engine/Content/EngineMaterials/Substrate/Glints2/dict_0000_0143.uasset" 6814
"../../../Engine/Content/EngineMaterials/Substrate/Glints2/dict_0000_0142.uasset" 6815
"../../../Engine/Content/EngineMaterials/Substrate/Glints2/dict_0000_0140.uasset" 6816
"../../../Engine/Content/EngineMaterials/Substrate/Glints2/dict_0000_0134.uasset" 6817
"../../../Engine/Content/EngineMaterials/Substrate/Glints2/dict_0000_0136.uasset" 6818
"/Engine/EngineMaterials/Substrate/Glints2/dict_0000_0142" 6819
"/Engine/EngineMaterials/Substrate/Glints2/dict_0000_0143" 6820
"/Engine/EngineMaterials/Substrate/Glints2/dict_0000_0134" 6821
"/Engine/EngineMaterials/Substrate/Glints2/dict_0000_0140" 6822
"../../../Engine/Content/EngineMaterials/Substrate/Glints2/dict_0000_0145.uasset" 6823
"../../../Engine/Content/EngineMaterials/Substrate/Glints2/dict_0000_0146.uasset" 6824
"../../../Engine/Content/EngineMaterials/Substrate/Glints2/dict_0000_0131.uasset" 6825
"../../../Engine/Content/EngineMaterials/Substrate/Glints2/dict_0000_0120.uasset" 6826
"/Engine/EngineMaterials/Substrate/Glints2/dict_0000_0145" 6827
"/Engine/EngineMaterials/Substrate/Glints2/dict_0000_0120" 6828
"/Engine/EngineMaterials/Substrate/Glints2/dict_0000_0146" 6829
"../../../Engine/Content/EngineMaterials/Substrate/Glints2/dict_0000_0149.uasset" 6830
"/Engine/EngineMaterials/Substrate/Glints2/dict_0000_0136" 6831
"/Engine/EngineMaterials/Substrate/Glints2/dict_0000_0131" 6832
"/Engine/EngineMaterials/Substrate/Glints2/dict_0000_0149" 6833
"../../../Engine/Content/EngineMaterials/Substrate/Glints2/dict_0000_0147.uasset" 6834
"../../../Engine/Content/EngineMaterials/Substrate/Glints2/dict_0000_0148.uasset" 6835
"../../../Engine/Content/EngineMaterials/Substrate/Glints2/dict_0000_0154.uasset" 6836
"../../../Engine/Content/EngineMaterials/Substrate/Glints2/dict_0000_0144.uasset" 6837
"../../../Engine/Content/EngineMaterials/Substrate/Glints2/dict_0000_0152.uasset" 6838
"../../../Engine/Content/EngineMaterials/Substrate/Glints2/dict_0000_0157.uasset" 6839
"../../../Engine/Content/EngineMaterials/Substrate/Glints2/dict_0000_0158.uasset" 6840
"../../../Engine/Content/EngineMaterials/Substrate/Glints2/dict_0000_0141.uasset" 6841
"/Engine/EngineMaterials/Substrate/Glints2/dict_0000_0154" 6842
"/Engine/EngineMaterials/Substrate/Glints2/dict_0000_0148" 6843
"/Engine/EngineMaterials/Substrate/Glints2/dict_0000_0147" 6844
"/Engine/EngineMaterials/Substrate/Glints2/dict_0000_0152" 6845
"/Engine/EngineMaterials/Substrate/Glints2/dict_0000_0144" 6846
"/Engine/EngineMaterials/Substrate/Glints2/dict_0000_0141" 6847
"../../../Engine/Content/EngineMaterials/Substrate/Glints2/dict_0000_0160.uasset" 6848
"/Engine/EngineMaterials/Substrate/Glints2/dict_0000_0158" 6849
"/Engine/EngineMaterials/Substrate/Glints2/dict_0000_0157" 6850
"../../../Engine/Content/EngineMaterials/Substrate/Glints2/dict_0000_0161.uasset" 6851
"/Engine/EngineMaterials/Substrate/Glints2/dict_0000_0160" 6852
"../../../Engine/Content/EngineMaterials/Substrate/Glints2/dict_0000_0150.uasset" 6853
"../../../Engine/Content/EngineMaterials/Substrate/Glints2/dict_0000_0153.uasset" 6854
"../../../Engine/Content/EngineMaterials/Substrate/Glints2/dict_0000_0156.uasset" 6855
"../../../Engine/Content/EngineMaterials/Substrate/Glints2/dict_0000_0155.uasset" 6856
"../../../Engine/Content/EngineMaterials/Substrate/Glints2/dict_0000_0151.uasset" 6857
"../../../Engine/Content/EngineMaterials/Substrate/Glints2/dict_0000_0162.uasset" 6858
"../../../Engine/Content/EngineMaterials/Substrate/Glints2/dict_0000_0163.uasset" 6859
"/Engine/EngineMaterials/Substrate/Glints2/dict_0000_0163" 6860
"/Engine/EngineMaterials/Substrate/Glints2/dict_0000_0162" 6861
"/Engine/EngineMaterials/Substrate/Glints2/dict_0000_0153" 6862
"/Engine/EngineMaterials/Substrate/Glints2/dict_0000_0161" 6863
"/Engine/EngineMaterials/Substrate/Glints2/dict_0000_0156" 6864
"../../../Engine/Content/EngineMaterials/Substrate/Glints2/dict_0000_0165.uasset" 6865
"/Engine/EngineMaterials/Substrate/Glints2/dict_0000_0151" 6866
"/Engine/EngineMaterials/Substrate/Glints2/dict_0000_0150" 6867
"../../../Engine/Content/EngineMaterials/Substrate/Glints2/dict_0000_0170.uasset" 6868
"/Engine/EngineMaterials/Substrate/Glints2/dict_0000_0155" 6869
"/Engine/EngineMaterials/Substrate/Glints2/dict_0000_0170" 6870
"/Engine/EngineMaterials/Substrate/Glints2/dict_0000_0165" 6871
"../../../Engine/Content/EngineMaterials/Substrate/Glints2/dict_0000_0166.uasset" 6872
"../../../Engine/Content/EngineMaterials/Substrate/Glints2/dict_0000_0168.uasset" 6873
"../../../Engine/Content/EngineMaterials/Substrate/Glints2/dict_0000_0167.uasset" 6874
"../../../Engine/Content/EngineMaterials/Substrate/Glints2/dict_0000_0159.uasset" 6875
"../../../Engine/Content/EngineMaterials/Substrate/Glints2/dict_0000_0174.uasset" 6876
"/Engine/EngineMaterials/Substrate/Glints2/dict_0000_0167" 6877
"/Engine/EngineMaterials/Substrate/Glints2/dict_0000_0166" 6878
"/Engine/EngineMaterials/Substrate/Glints2/dict_0000_0168" 6879
"/Engine/EngineMaterials/Substrate/Glints2/dict_0000_0174" 6880
"/Engine/EngineMaterials/Substrate/Glints2/dict_0000_0159" 6881
"../../../Engine/Content/EngineMaterials/Substrate/Glints2/dict_0000_0171.uasset" 6882
"../../../Engine/Content/EngineMaterials/Substrate/Glints2/dict_0000_0173.uasset" 6883
"../../../Engine/Content/EngineMaterials/Substrate/Glints2/dict_0000_0177.uasset" 6884
"../../../Engine/Content/EngineMaterials/Substrate/Glints2/dict_0000_0178.uasset" 6885
"../../../Engine/Content/EngineMaterials/Substrate/Glints2/dict_0000_0175.uasset" 6886
"../../../Engine/Content/EngineMaterials/Substrate/Glints2/dict_0000_0169.uasset" 6887
"../../../Engine/Content/EngineMaterials/Substrate/Glints2/dict_0000_0176.uasset" 6888
"../../../Engine/Content/EngineMaterials/Substrate/Glints2/dict_0000_0172.uasset" 6889
"../../../Engine/Content/EngineMaterials/Substrate/Glints2/dict_0000_0182.uasset" 6890
"/Engine/EngineMaterials/Substrate/Glints2/dict_0000_0177" 6891
"/Engine/EngineMaterials/Substrate/Glints2/dict_0000_0171" 6892
"/Engine/EngineMaterials/Substrate/Glints2/dict_0000_0176" 6893
"/Engine/EngineMaterials/Substrate/Glints2/dict_0000_0182" 6894
"/Engine/EngineMaterials/Substrate/Glints2/dict_0000_0169" 6895
"/Engine/EngineMaterials/Substrate/Glints2/dict_0000_0175" 6896
"/Engine/EngineMaterials/Substrate/Glints2/dict_0000_0173" 6897
"/Engine/EngineMaterials/Substrate/Glints2/dict_0000_0178" 6898
"/Engine/EngineMaterials/Substrate/Glints2/dict_0000_0172" 6899
"../../../Engine/Content/EngineMaterials/Substrate/Glints2/dict_0000_0180.uasset" 6900
"../../../Engine/Content/EngineMaterials/Substrate/Glints2/dict_0000_0179.uasset" 6901
"../../../Engine/Content/EngineMaterials/Substrate/Glints2/dict_0000_0184.uasset" 6902
"../../../Engine/Content/EngineMaterials/Substrate/Glints2/dict_0000_0185.uasset" 6903
"../../../Engine/Content/EngineMaterials/Substrate/Glints2/dict_0000_0183.uasset" 6904
"../../../Engine/Content/EngineMaterials/Substrate/Glints2/dict_0000_0187.uasset" 6905
"../../../Engine/Content/EngineMaterials/Substrate/Glints2/dict_0000_0189.uasset" 6906
"../../../Engine/Content/EngineMaterials/Substrate/Glints2/dict_0000_0188.uasset" 6907
"/Engine/EngineMaterials/Substrate/Glints2/dict_0000_0185" 6908
"/Engine/EngineMaterials/Substrate/Glints2/dict_0000_0184" 6909
"/Engine/EngineMaterials/Substrate/Glints2/dict_0000_0183" 6910
"/Engine/EngineMaterials/Substrate/Glints2/dict_0000_0180" 6911
"/Engine/EngineMaterials/Substrate/Glints2/dict_0000_0189" 6912
"/Engine/EngineMaterials/Substrate/Glints2/dict_0000_0179" 6913
"/Engine/EngineMaterials/Substrate/Glints2/dict_0000_0188" 6914
"/Engine/EngineMaterials/Substrate/Glints2/dict_0000_0187" 6915
"../../../Engine/Content/EngineMaterials/Substrate/Glints2/dict_0000_0194.uasset" 6916
"../../../Engine/Content/EngineMaterials/Substrate/Glints2/dict_0000_0190.uasset" 6917
"../../../Engine/Content/EngineMaterials/Substrate/Glints2/dict_0000_0181.uasset" 6918
"../../../Engine/Content/EngineMaterials/Substrate/Glints2/dict_0000_0195.uasset" 6919
"../../../Engine/Content/EngineMaterials/Substrate/Glints2/dict_0000_0191.uasset" 6920
"../../../Engine/Content/EngineMaterials/Substrate/Glints2/dict_0000_0186.uasset" 6921
"/Engine/EngineMaterials/Substrate/Glints2/dict_0000_0194" 6922
"../../../Engine/Content/EngineMaterials/Substrate/Glints2/dict_0000_0199.uasset" 6923
"/Engine/EngineMaterials/Substrate/Glints2/dict_0000_0191" 6924
"/Engine/EngineMaterials/Substrate/Glints2/dict_0000_0181" 6925
"/Engine/EngineMaterials/Substrate/Glints2/dict_0000_0190" 6926
"/Engine/EngineMaterials/Substrate/Glints2/dict_0000_0186" 6927
"/Engine/EngineMaterials/Substrate/Glints2/dict_0000_0195" 6928
"/Engine/EngineMaterials/Substrate/Glints2/dict_0000_0199" 6929
"../../../Engine/Content/EngineMaterials/Substrate/Glints2/dict_0000_0193.uasset" 6930
"../../../Engine/Content/EngineMaterials/Substrate/Glints2/dict_0000_0202.uasset" 6931
"../../../Engine/Content/EngineMaterials/Substrate/Glints2/dict_0000_0196.uasset" 6932
"../../../Engine/Content/EngineMaterials/Substrate/Glints2/dict_0000_0197.uasset" 6933
"../../../Engine/Content/EngineMaterials/Substrate/Glints2/dict_0000_0192.uasset" 6934
"../../../Engine/Content/EngineMaterials/Substrate/Glints2/dict_0000_0164.uasset" 6935
"/Engine/EngineMaterials/Substrate/Glints2/dict_0000_0193" 6936
"/Engine/EngineMaterials/Substrate/Glints2/dict_0000_0192" 6937
"/Engine/EngineMaterials/Substrate/Glints2/dict_0000_0196" 6938
"../../../Engine/Content/EngineMaterials/Substrate/Glints2/dict_0000_0204.uasset" 6939
"/Engine/EngineMaterials/Substrate/Glints2/dict_0000_0197" 6940
"/Engine/EngineMaterials/Substrate/Glints2/dict_0000_0164" 6941
"../../../Engine/Content/EngineMaterials/Substrate/Glints2/dict_0000_0200.uasset" 6942
"/Engine/EngineMaterials/Substrate/Glints2/dict_0000_0202" 6943
"../../../Engine/Content/EngineMaterials/Substrate/Glints2/dict_0000_0201.uasset" 6944
"/Engine/EngineMaterials/Substrate/Glints2/dict_0000_0201" 6945
"/Engine/EngineMaterials/Substrate/Glints2/dict_0000_0200" 6946
"/Engine/EngineMaterials/Substrate/Glints2/dict_0000_0204" 6947
"../../../Engine/Content/EngineMaterials/Substrate/Glints2/dict_0000_0207.uasset" 6948
"../../../Engine/Content/EngineMaterials/Substrate/Glints2/dict_0000_0208.uasset" 6949
"../../../Engine/Content/EngineMaterials/Substrate/Glints2/dict_0000_0209.uasset" 6950
"../../../Engine/Content/EngineMaterials/Substrate/Glints2/dict_0000_0203.uasset" 6951
"../../../Engine/Content/EngineMaterials/Substrate/Glints2/dict_0000_0212.uasset" 6952
"../../../Engine/Content/EngineMaterials/Substrate/Glints2/dict_0000_0198.uasset" 6953
"/Engine/EngineMaterials/Substrate/Glints2/dict_0000_0209" 6954
"../../../Engine/Content/EngineMaterials/Substrate/Glints2/dict_0000_0216.uasset" 6955
"/Engine/EngineMaterials/Substrate/Glints2/dict_0000_0208" 6956
"/Engine/EngineMaterials/Substrate/Glints2/dict_0000_0207" 6957
"/Engine/EngineMaterials/Substrate/Glints2/dict_0000_0198" 6958
"/Engine/EngineMaterials/Substrate/Glints2/dict_0000_0212" 6959
"/Engine/EngineMaterials/Substrate/Glints2/dict_0000_0203" 6960
"/Engine/EngineMaterials/Substrate/Glints2/dict_0000_0216" 6961
"../../../Engine/Content/EngineMaterials/Substrate/Glints2/dict_0000_0211.uasset" 6962
"../../../Engine/Content/EngineMaterials/Substrate/Glints2/dict_0000_0205.uasset" 6963
"../../../Engine/Content/EngineMaterials/Substrate/Glints2/dict_0000_0213.uasset" 6964
"/Engine/EngineMaterials/Substrate/Glints2/dict_0000_0205" 6965
"/Engine/EngineMaterials/Substrate/Glints2/dict_0000_0213" 6966
"/Engine/EngineMaterials/Substrate/Glints2/dict_0000_0211" 6967
"../../../Engine/Content/EngineMaterials/Substrate/Glints2/dict_0000_0210.uasset" 6968
"../../../Engine/Content/EngineMaterials/Substrate/Glints2/dict_0000_0215.uasset" 6969
"../../../Engine/Content/EngineMaterials/Substrate/Glints2/dict_0000_0214.uasset" 6970
"../../../Engine/Content/EngineMaterials/Substrate/Glints2/dict_0000_0217.uasset" 6971
"/Engine/EngineMaterials/Substrate/Glints2/dict_0000_0210" 6972
"/Engine/EngineMaterials/Substrate/Glints2/dict_0000_0217" 6973
"/Engine/EngineMaterials/Substrate/Glints2/dict_0000_0215" 6974
"/Engine/EngineMaterials/Substrate/Glints2/dict_0000_0214" 6975
"../../../Engine/Content/EngineMaterials/Substrate/Glints2/dict_0000_0222.uasset" 6976
"/Engine/EngineMaterials/Substrate/Glints2/dict_0000_0222" 6977
"../../../Engine/Content/EngineMaterials/Substrate/Glints2/dict_0000_0224.uasset" 6978
"/Engine/EngineMaterials/Substrate/Glints2/dict_0000_0224" 6979
"../../../Engine/Content/EngineMaterials/Substrate/Glints2/dict_0000_0220.uasset" 6980
"../../../Engine/Content/EngineMaterials/Substrate/Glints2/dict_0000_0218.uasset" 6981
"../../../Engine/Content/EngineMaterials/Substrate/Glints2/dict_0000_0221.uasset" 6982
"/Engine/EngineMaterials/Substrate/Glints2/dict_0000_0218" 6983
"/Engine/EngineMaterials/Substrate/Glints2/dict_0000_0221" 6984
"/Engine/EngineMaterials/Substrate/Glints2/dict_0000_0220" 6985
"../../../Engine/Content/EngineMaterials/Substrate/Glints2/dict_0000_0206.uasset" 6986
"../../../Engine/Content/EngineMaterials/Substrate/Glints2/dict_0000_0225.uasset" 6987
"/Engine/EngineMaterials/Substrate/Glints2/dict_0000_0206" 6988
"../../../Engine/Content/EngineMaterials/Substrate/Glints2/dict_0000_0227.uasset" 6989
"/Engine/EngineMaterials/Substrate/Glints2/dict_0000_0225" 6990
"../../../Engine/Content/EngineMaterials/Substrate/Glints2/dict_0000_0223.uasset" 6991
"/Engine/EngineMaterials/Substrate/Glints2/dict_0000_0227" 6992
"/Engine/EngineMaterials/Substrate/Glints2/dict_0000_0223" 6993
"../../../Engine/Content/EngineMaterials/Substrate/Glints2/dict_0000_0229.uasset" 6994
"/Engine/EngineMaterials/Substrate/Glints2/dict_0000_0229" 6995
"../../../Engine/Content/EngineMaterials/Substrate/Glints2/dict_0000_0230.uasset" 6996
"../../../Engine/Content/EngineMaterials/Substrate/Glints2/dict_0000_0219.uasset" 6997
"../../../Engine/Content/EngineMaterials/Substrate/Glints2/dict_0000_0235.uasset" 6998
"/Engine/EngineMaterials/Substrate/Glints2/dict_0000_0230" 6999
"/Engine/EngineMaterials/Substrate/Glints2/dict_0000_0219" 7000
"/Engine/EngineMaterials/Substrate/Glints2/dict_0000_0235" 7001
"../../../Engine/Content/EngineMaterials/Substrate/Glints2/dict_0000_0232.uasset" 7002
"/Engine/EngineMaterials/Substrate/Glints2/dict_0000_0232" 7003
"../../../Engine/Content/EngineMaterials/Substrate/Glints2/dict_0000_0231.uasset" 7004
"../../../Engine/Content/EngineMaterials/Substrate/Glints2/dict_0000_0237.uasset" 7005
"../../../Engine/Content/EngineMaterials/Substrate/Glints2/dict_0000_0239.uasset" 7006
"../../../Engine/Content/EngineMaterials/Substrate/Glints2/dict_0000_0226.uasset" 7007
"../../../Engine/Content/EngineMaterials/Substrate/Glints2/dict_0000_0236.uasset" 7008
"../../../Engine/Content/EngineMaterials/Substrate/Glints2/dict_0000_0228.uasset" 7009
"../../../Engine/Content/EngineMaterials/Substrate/Glints2/dict_0000_0234.uasset" 7010
"/Engine/EngineMaterials/Substrate/Glints2/dict_0000_0234" 7011
"/Engine/EngineMaterials/Substrate/Glints2/dict_0000_0231" 7012
"/Engine/EngineMaterials/Substrate/Glints2/dict_0000_0239" 7013
"/Engine/EngineMaterials/Substrate/Glints2/dict_0000_0237" 7014
"/Engine/EngineMaterials/Substrate/Glints2/dict_0000_0228" 7015
"/Engine/EngineMaterials/Substrate/Glints2/dict_0000_0236" 7016
"../../../Engine/Content/EngineMaterials/Substrate/Glints2/dict_0000_0238.uasset" 7017
"/Engine/EngineMaterials/Substrate/Glints2/dict_0000_0226" 7018
"/Engine/EngineMaterials/Substrate/Glints2/dict_0000_0238" 7019
"../../../Engine/Content/EngineMaterials/Substrate/Glints2/dict_0000_0242.uasset" 7020
"/Engine/EngineMaterials/Substrate/Glints2/dict_0000_0242" 7021
"../../../Engine/Content/EngineMaterials/Substrate/Glints2/dict_0000_0243.uasset" 7022
"../../../Engine/Content/EngineMaterials/Substrate/Glints2/dict_0000_0240.uasset" 7023
"/Engine/EngineMaterials/Substrate/Glints2/dict_0000_0240" 7024
"/Engine/EngineMaterials/Substrate/Glints2/dict_0000_0243" 7025
"../../../Engine/Content/EngineMaterials/Substrate/Glints2/dict_0000_0246.uasset" 7026
"/Engine/EngineMaterials/Substrate/Glints2/dict_0000_0246" 7027
"../../../Engine/Content/EngineMaterials/Substrate/Glints2/dict_0000_0241.uasset" 7028
"../../../Engine/Content/EngineMaterials/Substrate/Glints2/dict_0000_0250.uasset" 7029
"../../../Engine/Content/EngineMaterials/Substrate/Glints2/dict_0000_0248.uasset" 7030
"../../../Engine/Content/EngineMaterials/Substrate/Glints2/dict_0000_0247.uasset" 7031
"../../../Engine/Content/EngineMaterials/Substrate/Glints2/dict_0000_0244.uasset" 7032
"../../../Engine/Content/EngineMaterials/Substrate/Glints2/dict_0000_0233.uasset" 7033
"../../../Engine/Content/EngineMaterials/Substrate/Glints2/dict_0000_0249.uasset" 7034
"/Engine/EngineMaterials/Substrate/Glints2/dict_0000_0250" 7035
"/Engine/EngineMaterials/Substrate/Glints2/dict_0000_0248" 7036
"/Engine/EngineMaterials/Substrate/Glints2/dict_0000_0233" 7037
"/Engine/EngineMaterials/Substrate/Glints2/dict_0000_0247" 7038
"/Engine/EngineMaterials/Substrate/Glints2/dict_0000_0241" 7039
"/Engine/EngineMaterials/Substrate/Glints2/dict_0000_0249" 7040
"/Engine/EngineMaterials/Substrate/Glints2/dict_0000_0244" 7041
"../../../Engine/Content/EngineMaterials/Substrate/Glints2/dict_0000_0251.uasset" 7042
"../../../Engine/Content/EngineMaterials/Substrate/Glints2/dict_0000_0253.uasset" 7043
"../../../Engine/Content/EngineMaterials/Substrate/Glints2/dict_0000_0254.uasset" 7044
"../../../Engine/Content/EngineMaterials/Substrate/Glints2/dict_0001_0000.uasset" 7045
"../../../Engine/Content/EngineMaterials/Substrate/Glints2/dict_0000_0255.uasset" 7046
"../../../Engine/Content/EngineMaterials/Substrate/Glints2/dict_0001_0005.uasset" 7047
"/Engine/EngineMaterials/Substrate/Glints2/dict_0000_0253" 7048
"/Engine/EngineMaterials/Substrate/Glints2/dict_0001_0005" 7049
"/Engine/EngineMaterials/Substrate/Glints2/dict_0000_0255" 7050
"../../../Engine/Content/EngineMaterials/Substrate/Glints2/dict_0001_0008.uasset" 7051
"/Engine/EngineMaterials/Substrate/Glints2/dict_0000_0254" 7052
"/Engine/EngineMaterials/Substrate/Glints2/dict_0000_0251" 7053
"/Engine/EngineMaterials/Substrate/Glints2/dict_0001_0000" 7054
"/Engine/EngineMaterials/Substrate/Glints2/dict_0001_0008" 7055
"../../../Engine/Content/EngineMaterials/Substrate/Glints2/dict_0001_0003.uasset" 7056
"../../../Engine/Content/EngineMaterials/Substrate/Glints2/dict_0001_0004.uasset" 7057
"../../../Engine/Content/EngineMaterials/Substrate/Glints2/dict_0001_0001.uasset" 7058
"../../../Engine/Content/EngineMaterials/Substrate/Glints2/dict_0000_0245.uasset" 7059
"../../../Engine/Content/EngineMaterials/Substrate/Glints2/dict_0000_0252.uasset" 7060
"../../../Engine/Content/EngineMaterials/Substrate/Glints2/dict_0001_0009.uasset" 7061
"/Engine/EngineMaterials/Substrate/Glints2/dict_0001_0001" 7062
"/Engine/EngineMaterials/Substrate/Glints2/dict_0000_0252" 7063
"/Engine/EngineMaterials/Substrate/Glints2/dict_0000_0245" 7064
"../../../Engine/Content/EngineMaterials/Substrate/Glints2/dict_0001_0002.uasset" 7065
"/Engine/EngineMaterials/Substrate/Glints2/dict_0001_0004" 7066
"/Engine/EngineMaterials/Substrate/Glints2/dict_0001_0003" 7067
"../../../Engine/Content/EngineMaterials/Substrate/Glints2/dict_0001_0011.uasset" 7068
"/Engine/EngineMaterials/Substrate/Glints2/dict_0001_0011" 7069
"/Engine/EngineMaterials/Substrate/Glints2/dict_0001_0002" 7070
"/Engine/EngineMaterials/Substrate/Glints2/dict_0001_0009" 7071
"../../../Engine/Content/EngineMaterials/Substrate/Glints2/dict_0001_0017.uasset" 7072
"../../../Engine/Content/EngineMaterials/Substrate/Glints2/dict_0001_0006.uasset" 7073
"../../../Engine/Content/EngineMaterials/Substrate/Glints2/dict_0001_0010.uasset" 7074
"../../../Engine/Content/EngineMaterials/Substrate/Glints2/dict_0001_0015.uasset" 7075
"../../../Engine/Content/EngineMaterials/Substrate/Glints2/dict_0001_0019.uasset" 7076
"/Engine/EngineMaterials/Substrate/Glints2/dict_0001_0017" 7077
"/Engine/EngineMaterials/Substrate/Glints2/dict_0001_0019" 7078
"/Engine/EngineMaterials/Substrate/Glints2/dict_0001_0010" 7079
"/Engine/EngineMaterials/Substrate/Glints2/dict_0001_0006" 7080
"../../../Engine/Content/EngineMaterials/Substrate/Glints2/dict_0001_0012.uasset" 7081
"/Engine/EngineMaterials/Substrate/Glints2/dict_0001_0015" 7082
"../../../Engine/Content/EngineMaterials/Substrate/Glints2/dict_0001_0013.uasset" 7083
"/Engine/EngineMaterials/Substrate/Glints2/dict_0001_0012" 7084
"/Engine/EngineMaterials/Substrate/Glints2/dict_0001_0013" 7085
"../../../Engine/Content/EngineMaterials/Substrate/Glints2/dict_0001_0018.uasset" 7086
"/Engine/EngineMaterials/Substrate/Glints2/dict_0001_0018" 7087
"../../../Engine/Content/EngineMaterials/Substrate/Glints2/dict_0001_0016.uasset" 7088
"../../../Engine/Content/EngineMaterials/Substrate/Glints2/dict_0001_0021.uasset" 7089
"../../../Engine/Content/EngineMaterials/Substrate/Glints2/dict_0001_0007.uasset" 7090
"../../../Engine/Content/EngineMaterials/Substrate/Glints2/dict_0001_0020.uasset" 7091
"../../../Engine/Content/EngineMaterials/Substrate/Glints2/dict_0001_0023.uasset" 7092
"/Engine/EngineMaterials/Substrate/Glints2/dict_0001_0023" 7093
"/Engine/EngineMaterials/Substrate/Glints2/dict_0001_0021" 7094
"/Engine/EngineMaterials/Substrate/Glints2/dict_0001_0020" 7095
"/Engine/EngineMaterials/Substrate/Glints2/dict_0001_0016" 7096
"/Engine/EngineMaterials/Substrate/Glints2/dict_0001_0007" 7097
"../../../Engine/Content/EngineMaterials/Substrate/Glints2/dict_0001_0024.uasset" 7098
"../../../Engine/Content/EngineMaterials/Substrate/Glints2/dict_0001_0014.uasset" 7099
"../../../Engine/Content/EngineMaterials/Substrate/Glints2/dict_0001_0022.uasset" 7100
"../../../Engine/Content/EngineMaterials/Substrate/Glints2/dict_0001_0026.uasset" 7101
"../../../Engine/Content/EngineMaterials/Substrate/Glints2/dict_0001_0027.uasset" 7102
"/Engine/EngineMaterials/Substrate/Glints2/dict_0001_0024" 7103
"/Engine/EngineMaterials/Substrate/Glints2/dict_0001_0022" 7104
"/Engine/EngineMaterials/Substrate/Glints2/dict_0001_0014" 7105
"../../../Engine/Content/EngineMaterials/Substrate/Glints2/dict_0001_0031.uasset" 7106
"/Engine/EngineMaterials/Substrate/Glints2/dict_0001_0027" 7107
"../../../Engine/Content/EngineMaterials/Substrate/Glints2/dict_0001_0025.uasset" 7108
"/Engine/EngineMaterials/Substrate/Glints2/dict_0001_0026" 7109
"/Engine/EngineMaterials/Substrate/Glints2/dict_0001_0025" 7110
"/Engine/EngineMaterials/Substrate/Glints2/dict_0001_0031" 7111
"../../../Engine/Content/EngineMaterials/Substrate/Glints2/dict_0001_0037.uasset" 7112
"../../../Engine/Content/EngineMaterials/Substrate/Glints2/dict_0001_0036.uasset" 7113
"../../../Engine/Content/EngineMaterials/Substrate/Glints2/dict_0001_0028.uasset" 7114
"../../../Engine/Content/EngineMaterials/Substrate/Glints2/dict_0001_0032.uasset" 7115
"../../../Engine/Content/EngineMaterials/Substrate/Glints2/dict_0001_0033.uasset" 7116
"../../../Engine/Content/EngineMaterials/Substrate/Glints2/dict_0001_0029.uasset" 7117
"../../../Engine/Content/EngineMaterials/Substrate/Glints2/dict_0001_0035.uasset" 7118
"../../../Engine/Content/EngineMaterials/Substrate/Glints2/dict_0001_0038.uasset" 7119
"/Engine/EngineMaterials/Substrate/Glints2/dict_0001_0037" 7120
"/Engine/EngineMaterials/Substrate/Glints2/dict_0001_0029" 7121
"/Engine/EngineMaterials/Substrate/Glints2/dict_0001_0036" 7122
"../../../Engine/Content/EngineMaterials/Substrate/Glints2/dict_0001_0044.uasset" 7123
"/Engine/EngineMaterials/Substrate/Glints2/dict_0001_0028" 7124
"/Engine/EngineMaterials/Substrate/Glints2/dict_0001_0035" 7125
"/Engine/EngineMaterials/Substrate/Glints2/dict_0001_0038" 7126
"/Engine/EngineMaterials/Substrate/Glints2/dict_0001_0032" 7127
"/Engine/EngineMaterials/Substrate/Glints2/dict_0001_0033" 7128
"/Engine/EngineMaterials/Substrate/Glints2/dict_0001_0044" 7129
"../../../Engine/Content/EngineMaterials/Substrate/Glints2/dict_0001_0039.uasset" 7130
"../../../Engine/Content/EngineMaterials/Substrate/Glints2/dict_0001_0040.uasset" 7131
"../../../Engine/Content/EngineMaterials/Substrate/Glints2/dict_0001_0041.uasset" 7132
"../../../Engine/Content/EngineMaterials/Substrate/Glints2/dict_0001_0042.uasset" 7133
"../../../Engine/Content/EngineMaterials/Substrate/Glints2/dict_0001_0046.uasset" 7134
"../../../Engine/Content/EngineMaterials/Substrate/Glints2/dict_0001_0051.uasset" 7135
"../../../Engine/Content/EngineMaterials/Substrate/Glints2/dict_0001_0043.uasset" 7136
"../../../Engine/Content/EngineMaterials/Substrate/Glints2/dict_0001_0048.uasset" 7137
"../../../Engine/Content/EngineMaterials/Substrate/Glints2/dict_0001_0050.uasset" 7138
"/Engine/EngineMaterials/Substrate/Glints2/dict_0001_0046" 7139
"/Engine/EngineMaterials/Substrate/Glints2/dict_0001_0040" 7140
"../../../Engine/Content/EngineMaterials/Substrate/Glints2/dict_0001_0034.uasset" 7141
"../../../Engine/Content/EngineMaterials/Substrate/Glints2/dict_0001_0047.uasset" 7142
"../../../Engine/Content/EngineMaterials/Substrate/Glints2/dict_0001_0045.uasset" 7143
"/Engine/EngineMaterials/Substrate/Glints2/dict_0001_0039" 7144
"/Engine/EngineMaterials/Substrate/Glints2/dict_0001_0051" 7145
"/Engine/EngineMaterials/Substrate/Glints2/dict_0001_0048" 7146
"/Engine/EngineMaterials/Substrate/Glints2/dict_0001_0043" 7147
"/Engine/EngineMaterials/Substrate/Glints2/dict_0001_0042" 7148
"../../../Engine/Content/EngineMaterials/Substrate/Glints2/dict_0001_0054.uasset" 7149
"/Engine/EngineMaterials/Substrate/Glints2/dict_0001_0041" 7150
"../../../Engine/Content/EngineMaterials/Substrate/Glints2/dict_0001_0057.uasset" 7151
"../../../Engine/Content/EngineMaterials/Substrate/Glints2/dict_0001_0053.uasset" 7152
"/Engine/EngineMaterials/Substrate/Glints2/dict_0001_0047" 7153
"/Engine/EngineMaterials/Substrate/Glints2/dict_0001_0045" 7154
"/Engine/EngineMaterials/Substrate/Glints2/dict_0001_0057" 7155
"/Engine/EngineMaterials/Substrate/Glints2/dict_0001_0034" 7156
"/Engine/EngineMaterials/Substrate/Glints2/dict_0001_0050" 7157
"/Engine/EngineMaterials/Substrate/Glints2/dict_0001_0054" 7158
"/Engine/EngineMaterials/Substrate/Glints2/dict_0001_0053" 7159
"../../../Engine/Content/EngineMaterials/Substrate/Glints2/dict_0001_0052.uasset" 7160
"/Engine/EngineMaterials/Substrate/Glints2/dict_0001_0052" 7161
"../../../Engine/Content/EngineMaterials/Substrate/Glints2/dict_0001_0059.uasset" 7162
"../../../Engine/Content/EngineMaterials/Substrate/Glints2/dict_0001_0060.uasset" 7163
"../../../Engine/Content/EngineMaterials/Substrate/Glints2/dict_0001_0049.uasset" 7164
"../../../Engine/Content/EngineMaterials/Substrate/Glints2/dict_0001_0030.uasset" 7165
"../../../Engine/Content/EngineMaterials/Substrate/Glints2/dict_0001_0064.uasset" 7166
"/Engine/EngineMaterials/Substrate/Glints2/dict_0001_0060" 7167
"/Engine/EngineMaterials/Substrate/Glints2/dict_0001_0059" 7168
"/Engine/EngineMaterials/Substrate/Glints2/dict_0001_0030" 7169
"/Engine/EngineMaterials/Substrate/Glints2/dict_0001_0064" 7170
"/Engine/EngineMaterials/Substrate/Glints2/dict_0001_0049" 7171
"../../../Engine/Content/EngineMaterials/Substrate/Glints2/dict_0001_0055.uasset" 7172
"../../../Engine/Content/EngineMaterials/Substrate/Glints2/dict_0001_0065.uasset" 7173
"../../../Engine/Content/EngineMaterials/Substrate/Glints2/dict_0001_0061.uasset" 7174
"../../../Engine/Content/EngineMaterials/Substrate/Glints2/dict_0001_0067.uasset" 7175
"../../../Engine/Content/EngineMaterials/Substrate/Glints2/dict_0001_0058.uasset" 7176
"/Engine/EngineMaterials/Substrate/Glints2/dict_0001_0058" 7177
"/Engine/EngineMaterials/Substrate/Glints2/dict_0001_0067" 7178
"../../../Engine/Content/EngineMaterials/Substrate/Glints2/dict_0001_0069.uasset" 7179
"/Engine/EngineMaterials/Substrate/Glints2/dict_0001_0065" 7180
"/Engine/EngineMaterials/Substrate/Glints2/dict_0001_0055" 7181
"/Engine/EngineMaterials/Substrate/Glints2/dict_0001_0061" 7182
"/Engine/EngineMaterials/Substrate/Glints2/dict_0001_0069" 7183
"../../../Engine/Content/EngineMaterials/Substrate/Glints2/dict_0001_0068.uasset" 7184
"../../../Engine/Content/EngineMaterials/Substrate/Glints2/dict_0001_0063.uasset" 7185
"../../../Engine/Content/EngineMaterials/Substrate/Glints2/dict_0001_0070.uasset" 7186
"../../../Engine/Content/EngineMaterials/Substrate/Glints2/dict_0001_0056.uasset" 7187
"../../../Engine/Content/EngineMaterials/Substrate/Glints2/dict_0001_0074.uasset" 7188
"../../../Engine/Content/EngineMaterials/Substrate/Glints2/dict_0001_0072.uasset" 7189
"../../../Engine/Content/EngineMaterials/Substrate/Glints2/dict_0001_0066.uasset" 7190
"../../../Engine/Content/EngineMaterials/Substrate/Glints2/dict_0001_0071.uasset" 7191
"/Engine/EngineMaterials/Substrate/Glints2/dict_0001_0056" 7192
"/Engine/EngineMaterials/Substrate/Glints2/dict_0001_0068" 7193
"/Engine/EngineMaterials/Substrate/Glints2/dict_0001_0074" 7194
"/Engine/EngineMaterials/Substrate/Glints2/dict_0001_0066" 7195
"/Engine/EngineMaterials/Substrate/Glints2/dict_0001_0072" 7196
"/Engine/EngineMaterials/Substrate/Glints2/dict_0001_0071" 7197
"/Engine/EngineMaterials/Substrate/Glints2/dict_0001_0063" 7198
"/Engine/EngineMaterials/Substrate/Glints2/dict_0001_0070" 7199
"../../../Engine/Content/EngineMaterials/Substrate/Glints2/dict_0001_0078.uasset" 7200
"../../../Engine/Content/EngineMaterials/Substrate/Glints2/dict_0001_0076.uasset" 7201
"../../../Engine/Content/EngineMaterials/Substrate/Glints2/dict_0001_0062.uasset" 7202
"../../../Engine/Content/EngineMaterials/Substrate/Glints2/dict_0001_0077.uasset" 7203
"../../../Engine/Content/EngineMaterials/Substrate/Glints2/dict_0001_0085.uasset" 7204
"../../../Engine/Content/EngineMaterials/Substrate/Glints2/dict_0001_0083.uasset" 7205
"/Engine/EngineMaterials/Substrate/Glints2/dict_0001_0083" 7206
"/Engine/EngineMaterials/Substrate/Glints2/dict_0001_0077" 7207
"/Engine/EngineMaterials/Substrate/Glints2/dict_0001_0076" 7208
"/Engine/EngineMaterials/Substrate/Glints2/dict_0001_0085" 7209
"/Engine/EngineMaterials/Substrate/Glints2/dict_0001_0062" 7210
"/Engine/EngineMaterials/Substrate/Glints2/dict_0001_0078" 7211
"../../../Engine/Content/EngineMaterials/Substrate/Glints2/dict_0001_0075.uasset" 7212
"../../../Engine/Content/EngineMaterials/Substrate/Glints2/dict_0001_0082.uasset" 7213
"../../../Engine/Content/EngineMaterials/Substrate/Glints2/dict_0001_0080.uasset" 7214
"../../../Engine/Content/EngineMaterials/Substrate/Glints2/dict_0001_0086.uasset" 7215
"../../../Engine/Content/EngineMaterials/Substrate/Glints2/dict_0001_0081.uasset" 7216
"/Engine/EngineMaterials/Substrate/Glints2/dict_0001_0082" 7217
"/Engine/EngineMaterials/Substrate/Glints2/dict_0001_0081" 7218
"/Engine/EngineMaterials/Substrate/Glints2/dict_0001_0075" 7219
"/Engine/EngineMaterials/Substrate/Glints2/dict_0001_0080" 7220
"/Engine/EngineMaterials/Substrate/Glints2/dict_0001_0086" 7221
"../../../Engine/Content/EngineMaterials/Substrate/Glints2/dict_0001_0088.uasset" 7222
"../../../Engine/Content/EngineMaterials/Substrate/Glints2/dict_0001_0089.uasset" 7223
"/Engine/EngineMaterials/Substrate/Glints2/dict_0001_0089" 7224
"/Engine/EngineMaterials/Substrate/Glints2/dict_0001_0088" 7225
"../../../Engine/Content/EngineMaterials/Substrate/Glints2/dict_0001_0087.uasset" 7226
"../../../Engine/Content/EngineMaterials/Substrate/Glints2/dict_0001_0073.uasset" 7227
"../../../Engine/Content/EngineMaterials/Substrate/Glints2/dict_0001_0093.uasset" 7228
"../../../Engine/Content/EngineMaterials/Substrate/Glints2/dict_0001_0091.uasset" 7229
"../../../Engine/Content/EngineMaterials/Substrate/Glints2/dict_0001_0096.uasset" 7230
"../../../Engine/Content/EngineMaterials/Substrate/Glints2/dict_0001_0084.uasset" 7231
"../../../Engine/Content/EngineMaterials/Substrate/Glints2/dict_0001_0092.uasset" 7232
"/Engine/EngineMaterials/Substrate/Glints2/dict_0001_0084" 7233
"/Engine/EngineMaterials/Substrate/Glints2/dict_0001_0073" 7234
"/Engine/EngineMaterials/Substrate/Glints2/dict_0001_0093" 7235
"/Engine/EngineMaterials/Substrate/Glints2/dict_0001_0096" 7236
"/Engine/EngineMaterials/Substrate/Glints2/dict_0001_0087" 7237
"/Engine/EngineMaterials/Substrate/Glints2/dict_0001_0092" 7238
"/Engine/EngineMaterials/Substrate/Glints2/dict_0001_0091" 7239
"../../../Engine/Content/EngineMaterials/Substrate/Glints2/dict_0001_0079.uasset" 7240
"/Engine/EngineMaterials/Substrate/Glints2/dict_0001_0079" 7241
"../../../Engine/Content/EngineMaterials/Substrate/Glints2/dict_0001_0094.uasset" 7242
"/Engine/EngineMaterials/Substrate/Glints2/dict_0001_0094" 7243
"../../../Engine/Content/EngineMaterials/Substrate/Glints2/dict_0001_0099.uasset" 7244
"../../../Engine/Content/EngineMaterials/Substrate/Glints2/dict_0001_0101.uasset" 7245
"../../../Engine/Content/EngineMaterials/Substrate/Glints2/dict_0001_0090.uasset" 7246
"/Engine/EngineMaterials/Substrate/Glints2/dict_0001_0090" 7247
"/Engine/EngineMaterials/Substrate/Glints2/dict_0001_0101" 7248
"/Engine/EngineMaterials/Substrate/Glints2/dict_0001_0099" 7249
"../../../Engine/Content/EngineMaterials/Substrate/Glints2/dict_0001_0100.uasset" 7250
"../../../Engine/Content/EngineMaterials/Substrate/Glints2/dict_0001_0095.uasset" 7251
"../../../Engine/Content/EngineMaterials/Substrate/Glints2/dict_0001_0103.uasset" 7252
"/Engine/EngineMaterials/Substrate/Glints2/dict_0001_0095" 7253
"/Engine/EngineMaterials/Substrate/Glints2/dict_0001_0103" 7254
"/Engine/EngineMaterials/Substrate/Glints2/dict_0001_0100" 7255
"../../../Engine/Content/EngineMaterials/Substrate/Glints2/dict_0001_0102.uasset" 7256
"../../../Engine/Content/EngineMaterials/Substrate/Glints2/dict_0001_0097.uasset" 7257
"../../../Engine/Content/EngineMaterials/Substrate/Glints2/dict_0001_0104.uasset" 7258
"../../../Engine/Content/EngineMaterials/Substrate/Glints2/dict_0001_0105.uasset" 7259
"../../../Engine/Content/EngineMaterials/Substrate/Glints2/dict_0001_0106.uasset" 7260
"../../../Engine/Content/EngineMaterials/Substrate/Glints2/dict_0001_0107.uasset" 7261
"/Engine/EngineMaterials/Substrate/Glints2/dict_0001_0107" 7262
"../../../Engine/Content/EngineMaterials/Substrate/Glints2/dict_0001_0112.uasset" 7263
"/Engine/EngineMaterials/Substrate/Glints2/dict_0001_0104" 7264
"../../../Engine/Content/EngineMaterials/Substrate/Glints2/dict_0001_0111.uasset" 7265
"/Engine/EngineMaterials/Substrate/Glints2/dict_0001_0102" 7266
"/Engine/EngineMaterials/Substrate/Glints2/dict_0001_0106" 7267
"/Engine/EngineMaterials/Substrate/Glints2/dict_0001_0105" 7268
"/Engine/EngineMaterials/Substrate/Glints2/dict_0001_0097" 7269
"/Engine/EngineMaterials/Substrate/Glints2/dict_0001_0112" 7270
"/Engine/EngineMaterials/Substrate/Glints2/dict_0001_0111" 7271
"../../../Engine/Content/EngineMaterials/Substrate/Glints2/dict_0001_0117.uasset" 7272
"../../../Engine/Content/EngineMaterials/Substrate/Glints2/dict_0001_0116.uasset" 7273
"/Engine/EngineMaterials/Substrate/Glints2/dict_0001_0117" 7274
"/Engine/EngineMaterials/Substrate/Glints2/dict_0001_0116" 7275
"../../../Engine/Content/EngineMaterials/Substrate/Glints2/dict_0001_0109.uasset" 7276
"../../../Engine/Content/EngineMaterials/Substrate/Glints2/dict_0001_0110.uasset" 7277
"../../../Engine/Content/EngineMaterials/Substrate/Glints2/dict_0001_0098.uasset" 7278
"../../../Engine/Content/EngineMaterials/Substrate/Glints2/dict_0001_0113.uasset" 7279
"../../../Engine/Content/EngineMaterials/Substrate/Glints2/dict_0001_0118.uasset" 7280
"/Engine/EngineMaterials/Substrate/Glints2/dict_0001_0110" 7281
"/Engine/EngineMaterials/Substrate/Glints2/dict_0001_0109" 7282
"/Engine/EngineMaterials/Substrate/Glints2/dict_0001_0113" 7283
"/Engine/EngineMaterials/Substrate/Glints2/dict_0001_0098" 7284
"/Engine/EngineMaterials/Substrate/Glints2/dict_0001_0118" 7285
"../../../Engine/Content/EngineMaterials/Substrate/Glints2/dict_0001_0122.uasset" 7286
"/Engine/EngineMaterials/Substrate/Glints2/dict_0001_0122" 7287
"../../../Engine/Content/EngineMaterials/Substrate/Glints2/dict_0001_0114.uasset" 7288
"/Engine/EngineMaterials/Substrate/Glints2/dict_0001_0114" 7289
"../../../Engine/Content/EngineMaterials/Substrate/Glints2/dict_0001_0124.uasset" 7290
"../../../Engine/Content/EngineMaterials/Substrate/Glints2/dict_0001_0120.uasset" 7291
"../../../Engine/Content/EngineMaterials/Substrate/Glints2/dict_0001_0123.uasset" 7292
"/Engine/EngineMaterials/Substrate/Glints2/dict_0001_0124" 7293
"../../../Engine/Content/EngineMaterials/Substrate/Glints2/dict_0001_0125.uasset" 7294
"/Engine/EngineMaterials/Substrate/Glints2/dict_0001_0123" 7295
"/Engine/EngineMaterials/Substrate/Glints2/dict_0001_0120" 7296
"/Engine/EngineMaterials/Substrate/Glints2/dict_0001_0125" 7297
"../../../Engine/Content/EngineMaterials/Substrate/Glints2/dict_0001_0126.uasset" 7298
"../../../Engine/Content/EngineMaterials/Substrate/Glints2/dict_0001_0115.uasset" 7299
"/Engine/EngineMaterials/Substrate/Glints2/dict_0001_0115" 7300
"/Engine/EngineMaterials/Substrate/Glints2/dict_0001_0126" 7301
"../../../Engine/Content/EngineMaterials/Substrate/Glints2/dict_0001_0119.uasset" 7302
"../../../Engine/Content/EngineMaterials/Substrate/Glints2/dict_0001_0128.uasset" 7303
"/Engine/EngineMaterials/Substrate/Glints2/dict_0001_0128" 7304
"/Engine/EngineMaterials/Substrate/Glints2/dict_0001_0119" 7305
"../../../Engine/Content/EngineMaterials/Substrate/Glints2/dict_0001_0130.uasset" 7306
"../../../Engine/Content/EngineMaterials/Substrate/Glints2/dict_0001_0127.uasset" 7307
"../../../Engine/Content/EngineMaterials/Substrate/Glints2/dict_0001_0131.uasset" 7308
"../../../Engine/Content/EngineMaterials/Substrate/Glints2/dict_0001_0129.uasset" 7309
"../../../Engine/Content/EngineMaterials/Substrate/Glints2/dict_0001_0132.uasset" 7310
"/Engine/EngineMaterials/Substrate/Glints2/dict_0001_0129" 7311
"/Engine/EngineMaterials/Substrate/Glints2/dict_0001_0132" 7312
"/Engine/EngineMaterials/Substrate/Glints2/dict_0001_0131" 7313
"/Engine/EngineMaterials/Substrate/Glints2/dict_0001_0130" 7314
"/Engine/EngineMaterials/Substrate/Glints2/dict_0001_0127" 7315
"../../../Engine/Content/EngineMaterials/Substrate/Glints2/dict_0001_0133.uasset" 7316
"../../../Engine/Content/EngineMaterials/Substrate/Glints2/dict_0001_0121.uasset" 7317
"/Engine/EngineMaterials/Substrate/Glints2/dict_0001_0121" 7318
"/Engine/EngineMaterials/Substrate/Glints2/dict_0001_0133" 7319
"../../../Engine/Content/EngineMaterials/Substrate/Glints2/dict_0001_0136.uasset" 7320
"../../../Engine/Content/EngineMaterials/Substrate/Glints2/dict_0001_0135.uasset" 7321
"../../../Engine/Content/EngineMaterials/Substrate/Glints2/dict_0001_0134.uasset" 7322
"../../../Engine/Content/EngineMaterials/Substrate/Glints2/dict_0001_0108.uasset" 7323
"../../../Engine/Content/EngineMaterials/Substrate/Glints2/dict_0001_0137.uasset" 7324
"../../../Engine/Content/EngineMaterials/Substrate/Glints2/dict_0001_0138.uasset" 7325
"/Engine/EngineMaterials/Substrate/Glints2/dict_0001_0108" 7326
"/Engine/EngineMaterials/Substrate/Glints2/dict_0001_0138" 7327
"/Engine/EngineMaterials/Substrate/Glints2/dict_0001_0137" 7328
"/Engine/EngineMaterials/Substrate/Glints2/dict_0001_0136" 7329
"/Engine/EngineMaterials/Substrate/Glints2/dict_0001_0135" 7330
"/Engine/EngineMaterials/Substrate/Glints2/dict_0001_0134" 7331
"../../../Engine/Content/EngineMaterials/Substrate/Glints2/dict_0001_0140.uasset" 7332
"/Engine/EngineMaterials/Substrate/Glints2/dict_0001_0140" 7333
"../../../Engine/Content/EngineMaterials/Substrate/Glints2/dict_0001_0142.uasset" 7334
"../../../Engine/Content/EngineMaterials/Substrate/Glints2/dict_0001_0147.uasset" 7335
"../../../Engine/Content/EngineMaterials/Substrate/Glints2/dict_0001_0145.uasset" 7336
"../../../Engine/Content/EngineMaterials/Substrate/Glints2/dict_0001_0143.uasset" 7337
"../../../Engine/Content/EngineMaterials/Substrate/Glints2/dict_0001_0139.uasset" 7338
"../../../Engine/Content/EngineMaterials/Substrate/Glints2/dict_0001_0141.uasset" 7339
"/Engine/EngineMaterials/Substrate/Glints2/dict_0001_0142" 7340
"/Engine/EngineMaterials/Substrate/Glints2/dict_0001_0147" 7341
"/Engine/EngineMaterials/Substrate/Glints2/dict_0001_0141" 7342
"/Engine/EngineMaterials/Substrate/Glints2/dict_0001_0145" 7343
"/Engine/EngineMaterials/Substrate/Glints2/dict_0001_0143" 7344
"/Engine/EngineMaterials/Substrate/Glints2/dict_0001_0139" 7345
"../../../Engine/Content/EngineMaterials/Substrate/Glints2/dict_0001_0148.uasset" 7346
"/Engine/EngineMaterials/Substrate/Glints2/dict_0001_0148" 7347
"../../../Engine/Content/EngineMaterials/Substrate/Glints2/dict_0001_0144.uasset" 7348
"../../../Engine/Content/EngineMaterials/Substrate/Glints2/dict_0001_0150.uasset" 7349
"../../../Engine/Content/EngineMaterials/Substrate/Glints2/dict_0001_0149.uasset" 7350
"../../../Engine/Content/EngineMaterials/Substrate/Glints2/dict_0001_0154.uasset" 7351
"/Engine/EngineMaterials/Substrate/Glints2/dict_0001_0149" 7352
"../../../Engine/Content/EngineMaterials/Substrate/Glints2/dict_0001_0152.uasset" 7353
"/Engine/EngineMaterials/Substrate/Glints2/dict_0001_0154" 7354
"/Engine/EngineMaterials/Substrate/Glints2/dict_0001_0150" 7355
"/Engine/EngineMaterials/Substrate/Glints2/dict_0001_0144" 7356
"/Engine/EngineMaterials/Substrate/Glints2/dict_0001_0152" 7357
"../../../Engine/Content/EngineMaterials/Substrate/Glints2/dict_0001_0146.uasset" 7358
"/Engine/EngineMaterials/Substrate/Glints2/dict_0001_0146" 7359
"../../../Engine/Content/EngineMaterials/Substrate/Glints2/dict_0001_0151.uasset" 7360
"../../../Engine/Content/EngineMaterials/Substrate/Glints2/dict_0001_0155.uasset" 7361
"../../../Engine/Content/EngineMaterials/Substrate/Glints2/dict_0001_0158.uasset" 7362
"../../../Engine/Content/EngineMaterials/Substrate/Glints2/dict_0001_0157.uasset" 7363
"/Engine/EngineMaterials/Substrate/Glints2/dict_0001_0155" 7364
"/Engine/EngineMaterials/Substrate/Glints2/dict_0001_0151" 7365
"/Engine/EngineMaterials/Substrate/Glints2/dict_0001_0157" 7366
"/Engine/EngineMaterials/Substrate/Glints2/dict_0001_0158" 7367
"../../../Engine/Content/EngineMaterials/Substrate/Glints2/dict_0001_0160.uasset" 7368
"../../../Engine/Content/EngineMaterials/Substrate/Glints2/dict_0001_0161.uasset" 7369
"../../../Engine/Content/EngineMaterials/Substrate/Glints2/dict_0001_0162.uasset" 7370
"../../../Engine/Content/EngineMaterials/Substrate/Glints2/dict_0001_0156.uasset" 7371
"../../../Engine/Content/EngineMaterials/Substrate/Glints2/dict_0001_0164.uasset" 7372
"../../../Engine/Content/EngineMaterials/Substrate/Glints2/dict_0001_0165.uasset" 7373
"/Engine/EngineMaterials/Substrate/Glints2/dict_0001_0162" 7374
"../../../Engine/Content/EngineMaterials/Substrate/Glints2/dict_0001_0168.uasset" 7375
"/Engine/EngineMaterials/Substrate/Glints2/dict_0001_0161" 7376
"/Engine/EngineMaterials/Substrate/Glints2/dict_0001_0160" 7377
"/Engine/EngineMaterials/Substrate/Glints2/dict_0001_0164" 7378
"/Engine/EngineMaterials/Substrate/Glints2/dict_0001_0156" 7379
"/Engine/EngineMaterials/Substrate/Glints2/dict_0001_0165" 7380
"/Engine/EngineMaterials/Substrate/Glints2/dict_0001_0168" 7381
"../../../Engine/Content/EngineMaterials/Substrate/Glints2/dict_0001_0159.uasset" 7382
"../../../Engine/Content/EngineMaterials/Substrate/Glints2/dict_0001_0172.uasset" 7383
"/Engine/EngineMaterials/Substrate/Glints2/dict_0001_0159" 7384
"/Engine/EngineMaterials/Substrate/Glints2/dict_0001_0172" 7385
"../../../Engine/Content/EngineMaterials/Substrate/Glints2/dict_0001_0163.uasset" 7386
"../../../Engine/Content/EngineMaterials/Substrate/Glints2/dict_0001_0166.uasset" 7387
"../../../Engine/Content/EngineMaterials/Substrate/Glints2/dict_0001_0170.uasset" 7388
"../../../Engine/Content/EngineMaterials/Substrate/Glints2/dict_0001_0153.uasset" 7389
"/Engine/EngineMaterials/Substrate/Glints2/dict_0001_0170" 7390
"../../../Engine/Content/EngineMaterials/Substrate/Glints2/dict_0001_0174.uasset" 7391
"/Engine/EngineMaterials/Substrate/Glints2/dict_0001_0153" 7392
"/Engine/EngineMaterials/Substrate/Glints2/dict_0001_0166" 7393
"/Engine/EngineMaterials/Substrate/Glints2/dict_0001_0163" 7394
"/Engine/EngineMaterials/Substrate/Glints2/dict_0001_0174" 7395
"../../../Engine/Content/EngineMaterials/Substrate/Glints2/dict_0001_0169.uasset" 7396
"/Engine/EngineMaterials/Substrate/Glints2/dict_0001_0169" 7397
"../../../Engine/Content/EngineMaterials/Substrate/Glints2/dict_0001_0167.uasset" 7398
"../../../Engine/Content/EngineMaterials/Substrate/Glints2/dict_0001_0175.uasset" 7399
"../../../Engine/Content/EngineMaterials/Substrate/Glints2/dict_0001_0171.uasset" 7400
"/Engine/EngineMaterials/Substrate/Glints2/dict_0001_0175" 7401
"/Engine/EngineMaterials/Substrate/Glints2/dict_0001_0167" 7402
"/Engine/EngineMaterials/Substrate/Glints2/dict_0001_0171" 7403
"../../../Engine/Content/EngineMaterials/Substrate/Glints2/dict_0001_0176.uasset" 7404
"../../../Engine/Content/EngineMaterials/Substrate/Glints2/dict_0001_0177.uasset" 7405
"/Engine/EngineMaterials/Substrate/Glints2/dict_0001_0177" 7406
"../../../Engine/Content/EngineMaterials/Substrate/Glints2/dict_0001_0180.uasset" 7407
"/Engine/EngineMaterials/Substrate/Glints2/dict_0001_0176" 7408
"/Engine/EngineMaterials/Substrate/Glints2/dict_0001_0180" 7409
"../../../Engine/Content/EngineMaterials/Substrate/Glints2/dict_0001_0181.uasset" 7410
"/Engine/EngineMaterials/Substrate/Glints2/dict_0001_0181" 7411
"../../../Engine/Content/EngineMaterials/Substrate/Glints2/dict_0001_0173.uasset" 7412
"/Engine/EngineMaterials/Substrate/Glints2/dict_0001_0173" 7413
"../../../Engine/Content/EngineMaterials/Substrate/Glints2/dict_0001_0183.uasset" 7414
"/Engine/EngineMaterials/Substrate/Glints2/dict_0001_0183" 7415
"../../../Engine/Content/EngineMaterials/Substrate/Glints2/dict_0001_0178.uasset" 7416
"../../../Engine/Content/EngineMaterials/Substrate/Glints2/dict_0001_0185.uasset" 7417
"../../../Engine/Content/EngineMaterials/Substrate/Glints2/dict_0001_0187.uasset" 7418
"/Engine/EngineMaterials/Substrate/Glints2/dict_0001_0187" 7419
"/Engine/EngineMaterials/Substrate/Glints2/dict_0001_0178" 7420
"/Engine/EngineMaterials/Substrate/Glints2/dict_0001_0185" 7421
"../../../Engine/Content/EngineMaterials/Substrate/Glints2/dict_0001_0186.uasset" 7422
"../../../Engine/Content/EngineMaterials/Substrate/Glints2/dict_0001_0188.uasset" 7423
"/Engine/EngineMaterials/Substrate/Glints2/dict_0001_0188" 7424
"/Engine/EngineMaterials/Substrate/Glints2/dict_0001_0186" 7425
"../../../Engine/Content/EngineMaterials/Substrate/Glints2/dict_0001_0182.uasset" 7426
"../../../Engine/Content/EngineMaterials/Substrate/Glints2/dict_0001_0190.uasset" 7427
"../../../Engine/Content/EngineMaterials/Substrate/Glints2/dict_0001_0192.uasset" 7428
"../../../Engine/Content/EngineMaterials/Substrate/Glints2/dict_0001_0189.uasset" 7429
"../../../Engine/Content/EngineMaterials/Substrate/Glints2/dict_0001_0179.uasset" 7430
"../../../Engine/Content/EngineMaterials/Substrate/Glints2/dict_0001_0194.uasset" 7431
"../../../Engine/Content/EngineMaterials/Substrate/Glints2/dict_0001_0191.uasset" 7432
"/Engine/EngineMaterials/Substrate/Glints2/dict_0001_0194" 7433
"/Engine/EngineMaterials/Substrate/Glints2/dict_0001_0182" 7434
"/Engine/EngineMaterials/Substrate/Glints2/dict_0001_0192" 7435
"/Engine/EngineMaterials/Substrate/Glints2/dict_0001_0191" 7436
"/Engine/EngineMaterials/Substrate/Glints2/dict_0001_0190" 7437
"/Engine/EngineMaterials/Substrate/Glints2/dict_0001_0179" 7438
"/Engine/EngineMaterials/Substrate/Glints2/dict_0001_0189" 7439
"../../../Engine/Content/EngineMaterials/Substrate/Glints2/dict_0001_0197.uasset" 7440
"../../../Engine/Content/EngineMaterials/Substrate/Glints2/dict_0001_0198.uasset" 7441
"/Engine/EngineMaterials/Substrate/Glints2/dict_0001_0197" 7442
"/Engine/EngineMaterials/Substrate/Glints2/dict_0001_0198" 7443
"../../../Engine/Content/EngineMaterials/Substrate/Glints2/dict_0001_0196.uasset" 7444
"../../../Engine/Content/EngineMaterials/Substrate/Glints2/dict_0001_0200.uasset" 7445
"../../../Engine/Content/EngineMaterials/Substrate/Glints2/dict_0001_0201.uasset" 7446
"../../../Engine/Content/EngineMaterials/Substrate/Glints2/dict_0001_0202.uasset" 7447
"/Engine/EngineMaterials/Substrate/Glints2/dict_0001_0202" 7448
"/Engine/EngineMaterials/Substrate/Glints2/dict_0001_0200" 7449
"/Engine/EngineMaterials/Substrate/Glints2/dict_0001_0196" 7450
"../../../Engine/Content/EngineMaterials/Substrate/Glints2/dict_0001_0206.uasset" 7451
"../../../Engine/Content/EngineMaterials/Substrate/Glints2/dict_0001_0195.uasset" 7452
"../../../Engine/Content/EngineMaterials/Substrate/Glints2/dict_0001_0184.uasset" 7453
"/Engine/EngineMaterials/Substrate/Glints2/dict_0001_0184" 7454
"/Engine/EngineMaterials/Substrate/Glints2/dict_0001_0201" 7455
"/Engine/EngineMaterials/Substrate/Glints2/dict_0001_0195" 7456
"../../../Engine/Content/EngineMaterials/Substrate/Glints2/dict_0001_0203.uasset" 7457
"../../../Engine/Content/EngineMaterials/Substrate/Glints2/dict_0001_0204.uasset" 7458
"../../../Engine/Content/EngineMaterials/Substrate/Glints2/dict_0001_0205.uasset" 7459
"../../../Engine/Content/EngineMaterials/Substrate/Glints2/dict_0001_0193.uasset" 7460
"../../../Engine/Content/EngineMaterials/Substrate/Glints2/dict_0001_0208.uasset" 7461
"../../../Engine/Content/EngineMaterials/Substrate/Glints2/dict_0001_0199.uasset" 7462
"/Engine/EngineMaterials/Substrate/Glints2/dict_0001_0193" 7463
"/Engine/EngineMaterials/Substrate/Glints2/dict_0001_0208" 7464
"/Engine/EngineMaterials/Substrate/Glints2/dict_0001_0206" 7465
"../../../Engine/Content/EngineMaterials/Substrate/Glints2/dict_0001_0215.uasset" 7466
"/Engine/EngineMaterials/Substrate/Glints2/dict_0001_0203" 7467
"/Engine/EngineMaterials/Substrate/Glints2/dict_0001_0205" 7468
"/Engine/EngineMaterials/Substrate/Glints2/dict_0001_0204" 7469
"/Engine/EngineMaterials/Substrate/Glints2/dict_0001_0199" 7470
"/Engine/EngineMaterials/Substrate/Glints2/dict_0001_0215" 7471
"../../../Engine/Content/EngineMaterials/Substrate/Glints2/dict_0001_0217.uasset" 7472
"../../../Engine/Content/EngineMaterials/Substrate/Glints2/dict_0001_0209.uasset" 7473
"../../../Engine/Content/EngineMaterials/Substrate/Glints2/dict_0001_0212.uasset" 7474
"../../../Engine/Content/EngineMaterials/Substrate/Glints2/dict_0001_0207.uasset" 7475
"../../../Engine/Content/EngineMaterials/Substrate/Glints2/dict_0001_0211.uasset" 7476
"../../../Engine/Content/EngineMaterials/Substrate/Glints2/dict_0001_0213.uasset" 7477
"../../../Engine/Content/EngineMaterials/Substrate/Glints2/dict_0001_0210.uasset" 7478
"../../../Engine/Content/EngineMaterials/Substrate/Glints2/dict_0001_0214.uasset" 7479
"/Engine/EngineMaterials/Substrate/Glints2/dict_0001_0207" 7480
"../../../Engine/Content/EngineMaterials/Substrate/Glints2/dict_0001_0223.uasset" 7481
"/Engine/EngineMaterials/Substrate/Glints2/dict_0001_0212" 7482
"../../../Engine/Content/EngineMaterials/Substrate/Glints2/dict_0001_0224.uasset" 7483
"/Engine/EngineMaterials/Substrate/Glints2/dict_0001_0217" 7484
"/Engine/EngineMaterials/Substrate/Glints2/dict_0001_0210" 7485
"/Engine/EngineMaterials/Substrate/Glints2/dict_0001_0214" 7486
"/Engine/EngineMaterials/Substrate/Glints2/dict_0001_0209" 7487
"/Engine/EngineMaterials/Substrate/Glints2/dict_0001_0213" 7488
"/Engine/EngineMaterials/Substrate/Glints2/dict_0001_0211" 7489
"/Engine/EngineMaterials/Substrate/Glints2/dict_0001_0224" 7490
"/Engine/EngineMaterials/Substrate/Glints2/dict_0001_0223" 7491
"../../../Engine/Content/EngineMaterials/Substrate/Glints2/dict_0001_0227.uasset" 7492
"../../../Engine/Content/EngineMaterials/Substrate/Glints2/dict_0001_0226.uasset" 7493
"../../../Engine/Content/EngineMaterials/Substrate/Glints2/dict_0001_0218.uasset" 7494
"../../../Engine/Content/EngineMaterials/Substrate/Glints2/dict_0001_0225.uasset" 7495
"../../../Engine/Content/EngineMaterials/Substrate/Glints2/dict_0001_0228.uasset" 7496
"../../../Engine/Content/EngineMaterials/Substrate/Glints2/dict_0001_0219.uasset" 7497
"../../../Engine/Content/EngineMaterials/Substrate/Glints2/dict_0001_0221.uasset" 7498
"../../../Engine/Content/EngineMaterials/Substrate/Glints2/dict_0001_0220.uasset" 7499
"../../../Engine/Content/EngineMaterials/Substrate/Glints2/dict_0001_0222.uasset" 7500
"../../../Engine/Content/EngineMaterials/Substrate/Glints2/dict_0001_0229.uasset" 7501
"/Engine/EngineMaterials/Substrate/Glints2/dict_0001_0222" 7502
"/Engine/EngineMaterials/Substrate/Glints2/dict_0001_0221" 7503
"/Engine/EngineMaterials/Substrate/Glints2/dict_0001_0220" 7504
"/Engine/EngineMaterials/Substrate/Glints2/dict_0001_0226" 7505
"/Engine/EngineMaterials/Substrate/Glints2/dict_0001_0219" 7506
"/Engine/EngineMaterials/Substrate/Glints2/dict_0001_0228" 7507
"/Engine/EngineMaterials/Substrate/Glints2/dict_0001_0218" 7508
"/Engine/EngineMaterials/Substrate/Glints2/dict_0001_0227" 7509
"/Engine/EngineMaterials/Substrate/Glints2/dict_0001_0225" 7510
"../../../Engine/Content/EngineMaterials/Substrate/Glints2/dict_0001_0230.uasset" 7511
"../../../Engine/Content/EngineMaterials/Substrate/Glints2/dict_0001_0216.uasset" 7512
"../../../Engine/Content/EngineMaterials/Substrate/Glints2/dict_0001_0235.uasset" 7513
"../../../Engine/Content/EngineMaterials/Substrate/Glints2/dict_0001_0237.uasset" 7514
"../../../Engine/Content/EngineMaterials/Substrate/Glints2/dict_0001_0233.uasset" 7515
"/Engine/EngineMaterials/Substrate/Glints2/dict_0001_0237" 7516
"/Engine/EngineMaterials/Substrate/Glints2/dict_0001_0229" 7517
"/Engine/EngineMaterials/Substrate/Glints2/dict_0001_0230" 7518
"../../../Engine/Content/EngineMaterials/Substrate/Glints2/dict_0001_0234.uasset" 7519
"/Engine/EngineMaterials/Substrate/Glints2/dict_0001_0235" 7520
"/Engine/EngineMaterials/Substrate/Glints2/dict_0001_0216" 7521
"/Engine/EngineMaterials/Substrate/Glints2/dict_0001_0233" 7522
"/Engine/EngineMaterials/Substrate/Glints2/dict_0001_0234" 7523
"../../../Engine/Content/EngineMaterials/Substrate/Glints2/dict_0001_0238.uasset" 7524
"../../../Engine/Content/EngineMaterials/Substrate/Glints2/dict_0001_0240.uasset" 7525
"../../../Engine/Content/EngineMaterials/Substrate/Glints2/dict_0001_0236.uasset" 7526
"/Engine/EngineMaterials/Substrate/Glints2/dict_0001_0238" 7527
"/Engine/EngineMaterials/Substrate/Glints2/dict_0001_0236" 7528
"/Engine/EngineMaterials/Substrate/Glints2/dict_0001_0240" 7529
"../../../Engine/Content/EngineMaterials/Substrate/Glints2/dict_0001_0231.uasset" 7530
"/Engine/EngineMaterials/Substrate/Glints2/dict_0001_0231" 7531
"../../../Engine/Content/EngineMaterials/Substrate/Glints2/dict_0001_0241.uasset" 7532
"../../../Engine/Content/EngineMaterials/Substrate/Glints2/dict_0001_0245.uasset" 7533
"../../../Engine/Content/EngineMaterials/Substrate/Glints2/dict_0001_0242.uasset" 7534
"../../../Engine/Content/EngineMaterials/Substrate/Glints2/dict_0001_0243.uasset" 7535
"../../../Engine/Content/EngineMaterials/Substrate/Glints2/dict_0001_0232.uasset" 7536
"../../../Engine/Content/EngineMaterials/Substrate/Glints2/dict_0001_0244.uasset" 7537
"../../../Engine/Content/EngineMaterials/Substrate/Glints2/dict_0001_0246.uasset" 7538
"/Engine/EngineMaterials/Substrate/Glints2/dict_0001_0246" 7539
"/Engine/EngineMaterials/Substrate/Glints2/dict_0001_0232" 7540
"/Engine/EngineMaterials/Substrate/Glints2/dict_0001_0245" 7541
"/Engine/EngineMaterials/Substrate/Glints2/dict_0001_0244" 7542
"/Engine/EngineMaterials/Substrate/Glints2/dict_0001_0243" 7543
"/Engine/EngineMaterials/Substrate/Glints2/dict_0001_0242" 7544
"/Engine/EngineMaterials/Substrate/Glints2/dict_0001_0241" 7545
"../../../Engine/Content/EngineMaterials/Substrate/Glints2/dict_0001_0239.uasset" 7546
"/Engine/EngineMaterials/Substrate/Glints2/dict_0001_0239" 7547
"../../../Engine/Content/EngineMaterials/Substrate/Glints2/dict_0001_0248.uasset" 7548
"../../../Engine/Content/EngineMaterials/Substrate/Glints2/dict_0001_0252.uasset" 7549
"../../../Engine/Content/EngineMaterials/Substrate/Glints2/dict_0001_0254.uasset" 7550
"../../../Engine/Content/EngineMaterials/Substrate/Glints2/dict_0001_0251.uasset" 7551
"../../../Engine/Content/EngineMaterials/Substrate/Glints2/dict_0001_0249.uasset" 7552
"/Engine/EngineMaterials/Substrate/Glints2/dict_0001_0248" 7553
"/Engine/EngineMaterials/Substrate/Glints2/dict_0001_0249" 7554
"/Engine/EngineMaterials/Substrate/Glints2/dict_0001_0254" 7555
"/Engine/EngineMaterials/Substrate/Glints2/dict_0001_0252" 7556
"/Engine/EngineMaterials/Substrate/Glints2/dict_0001_0251" 7557
"../../../Engine/Content/EngineMaterials/Substrate/Glints2/dict_0001_0255.uasset" 7558
"../../../Engine/Content/EngineMaterials/Substrate/Glints2/dict_0001_0253.uasset" 7559
"../../../Engine/Content/EngineMaterials/Substrate/Glints2/dict_0002_0000.uasset" 7560
"/Engine/EngineMaterials/Substrate/Glints2/dict_0002_0000" 7561
"/Engine/EngineMaterials/Substrate/Glints2/dict_0001_0255" 7562
"/Engine/EngineMaterials/Substrate/Glints2/dict_0001_0253" 7563
"../../../Engine/Content/EngineMaterials/Substrate/Glints2/dict_0002_0001.uasset" 7564
"../../../Engine/Content/EngineMaterials/Substrate/Glints2/dict_0001_0250.uasset" 7565
"../../../Engine/Content/EngineMaterials/Substrate/Glints2/dict_0002_0002.uasset" 7566
"/Engine/EngineMaterials/Substrate/Glints2/dict_0001_0250" 7567
"/Engine/EngineMaterials/Substrate/Glints2/dict_0002_0002" 7568
"/Engine/EngineMaterials/Substrate/Glints2/dict_0002_0001" 7569
"../../../Engine/Content/EngineMaterials/Substrate/Glints2/dict_0002_0004.uasset" 7570
"../../../Engine/Content/EngineMaterials/Substrate/Glints2/dict_0002_0003.uasset" 7571
"../../../Engine/Content/EngineMaterials/Substrate/Glints2/dict_0001_0247.uasset" 7572
"../../../Engine/Content/EngineMaterials/Substrate/Glints2/dict_0002_0008.uasset" 7573
"../../../Engine/Content/EngineMaterials/Substrate/Glints2/dict_0002_0006.uasset" 7574
"../../../Engine/Content/EngineMaterials/Substrate/Glints2/dict_0002_0005.uasset" 7575
"/Engine/EngineMaterials/Substrate/Glints2/dict_0001_0247" 7576
"/Engine/EngineMaterials/Substrate/Glints2/dict_0002_0008" 7577
"/Engine/EngineMaterials/Substrate/Glints2/dict_0002_0003" 7578
"/Engine/EngineMaterials/Substrate/Glints2/dict_0002_0006" 7579
"/Engine/EngineMaterials/Substrate/Glints2/dict_0002_0005" 7580
"../../../Engine/Content/EngineMaterials/Substrate/Glints2/dict_0002_0015.uasset" 7581
"/Engine/EngineMaterials/Substrate/Glints2/dict_0002_0004" 7582
"/Engine/EngineMaterials/Substrate/Glints2/dict_0002_0015" 7583
"../../../Engine/Content/EngineMaterials/Substrate/Glints2/dict_0002_0007.uasset" 7584
"../../../Engine/Content/EngineMaterials/Substrate/Glints2/dict_0002_0016.uasset" 7585
"../../../Engine/Content/EngineMaterials/Substrate/Glints2/dict_0002_0010.uasset" 7586
"../../../Engine/Content/EngineMaterials/Substrate/Glints2/dict_0002_0011.uasset" 7587
"../../../Engine/Content/EngineMaterials/Substrate/Glints2/dict_0002_0014.uasset" 7588
"../../../Engine/Content/EngineMaterials/Substrate/Glints2/dict_0002_0013.uasset" 7589
"../../../Engine/Content/EngineMaterials/Substrate/Glints2/dict_0002_0017.uasset" 7590
"/Engine/EngineMaterials/Substrate/Glints2/dict_0002_0013" 7591
"/Engine/EngineMaterials/Substrate/Glints2/dict_0002_0014" 7592
"/Engine/EngineMaterials/Substrate/Glints2/dict_0002_0007" 7593
"/Engine/EngineMaterials/Substrate/Glints2/dict_0002_0011" 7594
"/Engine/EngineMaterials/Substrate/Glints2/dict_0002_0016" 7595
"/Engine/EngineMaterials/Substrate/Glints2/dict_0002_0010" 7596
"/Engine/EngineMaterials/Substrate/Glints2/dict_0002_0017" 7597
"../../../Engine/Content/EngineMaterials/Substrate/Glints2/dict_0002_0018.uasset" 7598
"../../../Engine/Content/EngineMaterials/Substrate/Glints2/dict_0002_0022.uasset" 7599
"../../../Engine/Content/EngineMaterials/Substrate/Glints2/dict_0002_0019.uasset" 7600
"../../../Engine/Content/EngineMaterials/Substrate/Glints2/dict_0002_0021.uasset" 7601
"../../../Engine/Content/EngineMaterials/Substrate/Glints2/dict_0002_0026.uasset" 7602
"/Engine/EngineMaterials/Substrate/Glints2/dict_0002_0022" 7603
"/Engine/EngineMaterials/Substrate/Glints2/dict_0002_0021" 7604
"/Engine/EngineMaterials/Substrate/Glints2/dict_0002_0026" 7605
"/Engine/EngineMaterials/Substrate/Glints2/dict_0002_0019" 7606
"../../../Engine/Content/EngineMaterials/Substrate/Glints2/dict_0002_0025.uasset" 7607
"/Engine/EngineMaterials/Substrate/Glints2/dict_0002_0018" 7608
"/Engine/EngineMaterials/Substrate/Glints2/dict_0002_0025" 7609
"../../../Engine/Content/EngineMaterials/Substrate/Glints2/dict_0002_0020.uasset" 7610
"../../../Engine/Content/EngineMaterials/Substrate/Glints2/dict_0002_0029.uasset" 7611
"/Engine/EngineMaterials/Substrate/Glints2/dict_0002_0020" 7612
"/Engine/EngineMaterials/Substrate/Glints2/dict_0002_0029" 7613
"../../../Engine/Content/EngineMaterials/Substrate/Glints2/dict_0002_0024.uasset" 7614
"../../../Engine/Content/EngineMaterials/Substrate/Glints2/dict_0002_0009.uasset" 7615
"../../../Engine/Content/EngineMaterials/Substrate/Glints2/dict_0002_0028.uasset" 7616
"../../../Engine/Content/EngineMaterials/Substrate/Glints2/dict_0002_0012.uasset" 7617
"../../../Engine/Content/EngineMaterials/Substrate/Glints2/dict_0002_0023.uasset" 7618
"../../../Engine/Content/EngineMaterials/Substrate/Glints2/dict_0002_0027.uasset" 7619
"../../../Engine/Content/EngineMaterials/Substrate/Glints2/dict_0002_0032.uasset" 7620
"/Engine/EngineMaterials/Substrate/Glints2/dict_0002_0027" 7621
"/Engine/EngineMaterials/Substrate/Glints2/dict_0002_0009" 7622
"/Engine/EngineMaterials/Substrate/Glints2/dict_0002_0012" 7623
"/Engine/EngineMaterials/Substrate/Glints2/dict_0002_0028" 7624
"../../../Engine/Content/EngineMaterials/Substrate/Glints2/dict_0002_0033.uasset" 7625
"/Engine/EngineMaterials/Substrate/Glints2/dict_0002_0024" 7626
"/Engine/EngineMaterials/Substrate/Glints2/dict_0002_0023" 7627
"/Engine/EngineMaterials/Substrate/Glints2/dict_0002_0033" 7628
"/Engine/EngineMaterials/Substrate/Glints2/dict_0002_0032" 7629
"../../../Engine/Content/EngineMaterials/Substrate/Glints2/dict_0002_0039.uasset" 7630
"../../../Engine/Content/EngineMaterials/Substrate/Glints2/dict_0002_0030.uasset" 7631
"../../../Engine/Content/EngineMaterials/Substrate/Glints2/dict_0002_0036.uasset" 7632
"../../../Engine/Content/EngineMaterials/Substrate/Glints2/dict_0002_0038.uasset" 7633
"../../../Engine/Content/EngineMaterials/Substrate/Glints2/dict_0002_0034.uasset" 7634
"/Engine/EngineMaterials/Substrate/Glints2/dict_0002_0039" 7635
"../../../Engine/Content/EngineMaterials/Substrate/Glints2/dict_0002_0041.uasset" 7636
"/Engine/EngineMaterials/Substrate/Glints2/dict_0002_0038" 7637
"/Engine/EngineMaterials/Substrate/Glints2/dict_0002_0036" 7638
"../../../Engine/Content/EngineMaterials/Substrate/Glints2/dict_0002_0042.uasset" 7639
"../../../Engine/Content/EngineMaterials/Substrate/Glints2/dict_0002_0043.uasset" 7640
"/Engine/EngineMaterials/Substrate/Glints2/dict_0002_0030" 7641
"../../../Engine/Content/EngineMaterials/Substrate/Glints2/dict_0002_0037.uasset" 7642
"/Engine/EngineMaterials/Substrate/Glints2/dict_0002_0034" 7643
"/Engine/EngineMaterials/Substrate/Glints2/dict_0002_0037" 7644
"/Engine/EngineMaterials/Substrate/Glints2/dict_0002_0043" 7645
"/Engine/EngineMaterials/Substrate/Glints2/dict_0002_0042" 7646
"/Engine/EngineMaterials/Substrate/Glints2/dict_0002_0041" 7647
"../../../Engine/Content/EngineMaterials/Substrate/Glints2/dict_0002_0040.uasset" 7648
"../../../Engine/Content/EngineMaterials/Substrate/Glints2/dict_0002_0048.uasset" 7649
"../../../Engine/Content/EngineMaterials/Substrate/Glints2/dict_0002_0049.uasset" 7650
"../../../Engine/Content/EngineMaterials/Substrate/Glints2/dict_0002_0047.uasset" 7651
"../../../Engine/Content/EngineMaterials/Substrate/Glints2/dict_0002_0044.uasset" 7652
"../../../Engine/Content/EngineMaterials/Substrate/Glints2/dict_0002_0046.uasset" 7653
"/Engine/EngineMaterials/Substrate/Glints2/dict_0002_0046" 7654
"/Engine/EngineMaterials/Substrate/Glints2/dict_0002_0044" 7655
"/Engine/EngineMaterials/Substrate/Glints2/dict_0002_0049" 7656
"/Engine/EngineMaterials/Substrate/Glints2/dict_0002_0048" 7657
"/Engine/EngineMaterials/Substrate/Glints2/dict_0002_0047" 7658
"/Engine/EngineMaterials/Substrate/Glints2/dict_0002_0040" 7659
"../../../Engine/Content/EngineMaterials/Substrate/Glints2/dict_0002_0045.uasset" 7660
"../../../Engine/Content/EngineMaterials/Substrate/Glints2/dict_0002_0035.uasset" 7661
"../../../Engine/Content/EngineMaterials/Substrate/Glints2/dict_0002_0052.uasset" 7662
"../../../Engine/Content/EngineMaterials/Substrate/Glints2/dict_0002_0053.uasset" 7663
"/Engine/EngineMaterials/Substrate/Glints2/dict_0002_0052" 7664
"/Engine/EngineMaterials/Substrate/Glints2/dict_0002_0045" 7665
"/Engine/EngineMaterials/Substrate/Glints2/dict_0002_0035" 7666
"/Engine/EngineMaterials/Substrate/Glints2/dict_0002_0053" 7667
"../../../Engine/Content/EngineMaterials/Substrate/Glints2/dict_0002_0051.uasset" 7668
"../../../Engine/Content/EngineMaterials/Substrate/Glints2/dict_0002_0031.uasset" 7669
"../../../Engine/Content/EngineMaterials/Substrate/Glints2/dict_0002_0050.uasset" 7670
"../../../Engine/Content/EngineMaterials/Substrate/Glints2/dict_0002_0054.uasset" 7671
"/Engine/EngineMaterials/Substrate/Glints2/dict_0002_0051" 7672
"/Engine/EngineMaterials/Substrate/Glints2/dict_0002_0050" 7673
"/Engine/EngineMaterials/Substrate/Glints2/dict_0002_0031" 7674
"/Engine/EngineMaterials/Substrate/Glints2/dict_0002_0054" 7675
"../../../Engine/Content/EngineMaterials/Substrate/Glints2/dict_0002_0057.uasset" 7676
"../../../Engine/Content/EngineMaterials/Substrate/Glints2/dict_0002_0059.uasset" 7677
"/Engine/EngineMaterials/Substrate/Glints2/dict_0002_0059" 7678
"/Engine/EngineMaterials/Substrate/Glints2/dict_0002_0057" 7679
"../../../Engine/Content/EngineMaterials/Substrate/Glints2/dict_0002_0061.uasset" 7680
"../../../Engine/Content/EngineMaterials/Substrate/Glints2/dict_0002_0060.uasset" 7681
"../../../Engine/Content/EngineMaterials/Substrate/Glints2/dict_0002_0063.uasset" 7682
"/Engine/EngineMaterials/Substrate/Glints2/dict_0002_0061" 7683
"/Engine/EngineMaterials/Substrate/Glints2/dict_0002_0060" 7684
"/Engine/EngineMaterials/Substrate/Glints2/dict_0002_0063" 7685
"../../../Engine/Content/EngineMaterials/Substrate/Glints2/dict_0002_0062.uasset" 7686
"../../../Engine/Content/EngineMaterials/Substrate/Glints2/dict_0002_0064.uasset" 7687
"../../../Engine/Content/EngineMaterials/Substrate/Glints2/dict_0002_0056.uasset" 7688
"../../../Engine/Content/EngineMaterials/Substrate/Glints2/dict_0002_0055.uasset" 7689
"../../../Engine/Content/EngineMaterials/Substrate/Glints2/dict_0002_0068.uasset" 7690
"../../../Engine/Content/EngineMaterials/Substrate/Glints2/dict_0002_0065.uasset" 7691
"/Engine/EngineMaterials/Substrate/Glints2/dict_0002_0062" 7692
"/Engine/EngineMaterials/Substrate/Glints2/dict_0002_0068" 7693
"/Engine/EngineMaterials/Substrate/Glints2/dict_0002_0055" 7694
"/Engine/EngineMaterials/Substrate/Glints2/dict_0002_0065" 7695
"/Engine/EngineMaterials/Substrate/Glints2/dict_0002_0064" 7696
"/Engine/EngineMaterials/Substrate/Glints2/dict_0002_0056" 7697
"../../../Engine/Content/EngineMaterials/Substrate/Glints2/dict_0002_0071.uasset" 7698
"../../../Engine/Content/EngineMaterials/Substrate/Glints2/dict_0002_0072.uasset" 7699
"/Engine/EngineMaterials/Substrate/Glints2/dict_0002_0072" 7700
"/Engine/EngineMaterials/Substrate/Glints2/dict_0002_0071" 7701
"../../../Engine/Content/EngineMaterials/Substrate/Glints2/dict_0002_0076.uasset" 7702
"../../../Engine/Content/EngineMaterials/Substrate/Glints2/dict_0002_0070.uasset" 7703
"../../../Engine/Content/EngineMaterials/Substrate/Glints2/dict_0002_0073.uasset" 7704
"../../../Engine/Content/EngineMaterials/Substrate/Glints2/dict_0002_0066.uasset" 7705
"../../../Engine/Content/EngineMaterials/Substrate/Glints2/dict_0002_0075.uasset" 7706
"../../../Engine/Content/EngineMaterials/Substrate/Glints2/dict_0002_0058.uasset" 7707
"../../../Engine/Content/EngineMaterials/Substrate/Glints2/dict_0002_0077.uasset" 7708
"/Engine/EngineMaterials/Substrate/Glints2/dict_0002_0077" 7709
"../../../Engine/Content/EngineMaterials/Substrate/Glints2/dict_0002_0080.uasset" 7710
"/Engine/EngineMaterials/Substrate/Glints2/dict_0002_0076" 7711
"/Engine/EngineMaterials/Substrate/Glints2/dict_0002_0066" 7712
"/Engine/EngineMaterials/Substrate/Glints2/dict_0002_0075" 7713
"/Engine/EngineMaterials/Substrate/Glints2/dict_0002_0070" 7714
"../../../Engine/Content/EngineMaterials/Substrate/Glints2/dict_0002_0081.uasset" 7715
"/Engine/EngineMaterials/Substrate/Glints2/dict_0002_0058" 7716
"/Engine/EngineMaterials/Substrate/Glints2/dict_0002_0073" 7717
"/Engine/EngineMaterials/Substrate/Glints2/dict_0002_0081" 7718
"/Engine/EngineMaterials/Substrate/Glints2/dict_0002_0080" 7719
"../../../Engine/Content/EngineMaterials/Substrate/Glints2/dict_0002_0074.uasset" 7720
"../../../Engine/Content/EngineMaterials/Substrate/Glints2/dict_0002_0067.uasset" 7721
"../../../Engine/Content/EngineMaterials/Substrate/Glints2/dict_0002_0069.uasset" 7722
"../../../Engine/Content/EngineMaterials/Substrate/Glints2/dict_0002_0084.uasset" 7723
"../../../Engine/Content/EngineMaterials/Substrate/Glints2/dict_0002_0083.uasset" 7724
"../../../Engine/Content/EngineMaterials/Substrate/Glints2/dict_0002_0089.uasset" 7725
"../../../Engine/Content/EngineMaterials/Substrate/Glints2/dict_0002_0090.uasset" 7726
"../../../Engine/Content/EngineMaterials/Substrate/Glints2/dict_0002_0082.uasset" 7727
"/Engine/EngineMaterials/Substrate/Glints2/dict_0002_0082" 7728
"/Engine/EngineMaterials/Substrate/Glints2/dict_0002_0090" 7729
"/Engine/EngineMaterials/Substrate/Glints2/dict_0002_0067" 7730
"/Engine/EngineMaterials/Substrate/Glints2/dict_0002_0089" 7731
"/Engine/EngineMaterials/Substrate/Glints2/dict_0002_0074" 7732
"/Engine/EngineMaterials/Substrate/Glints2/dict_0002_0084" 7733
"/Engine/EngineMaterials/Substrate/Glints2/dict_0002_0069" 7734
"/Engine/EngineMaterials/Substrate/Glints2/dict_0002_0083" 7735
"../../../Engine/Content/EngineMaterials/Substrate/Glints2/dict_0002_0092.uasset" 7736
"/Engine/EngineMaterials/Substrate/Glints2/dict_0002_0092" 7737
"../../../Engine/Content/EngineMaterials/Substrate/Glints2/dict_0002_0078.uasset" 7738
"/Engine/EngineMaterials/Substrate/Glints2/dict_0002_0078" 7739
"../../../Engine/Content/EngineMaterials/Substrate/Glints2/dict_0002_0087.uasset" 7740
"../../../Engine/Content/EngineMaterials/Substrate/Glints2/dict_0002_0091.uasset" 7741
"../../../Engine/Content/EngineMaterials/Substrate/Glints2/dict_0002_0094.uasset" 7742
"../../../Engine/Content/EngineMaterials/Substrate/Glints2/dict_0002_0086.uasset" 7743
"../../../Engine/Content/EngineMaterials/Substrate/Glints2/dict_0002_0093.uasset" 7744
"../../../Engine/Content/EngineMaterials/Substrate/Glints2/dict_0002_0088.uasset" 7745
"../../../Engine/Content/EngineMaterials/Substrate/Glints2/dict_0002_0097.uasset" 7746
"/Engine/EngineMaterials/Substrate/Glints2/dict_0002_0097" 7747
"../../../Engine/Content/EngineMaterials/Substrate/Glints2/dict_0002_0096.uasset" 7748
"/Engine/EngineMaterials/Substrate/Glints2/dict_0002_0091" 7749
"/Engine/EngineMaterials/Substrate/Glints2/dict_0002_0086" 7750
"/Engine/EngineMaterials/Substrate/Glints2/dict_0002_0088" 7751
"/Engine/EngineMaterials/Substrate/Glints2/dict_0002_0094" 7752
"/Engine/EngineMaterials/Substrate/Glints2/dict_0002_0093" 7753
"/Engine/EngineMaterials/Substrate/Glints2/dict_0002_0087" 7754
"/Engine/EngineMaterials/Substrate/Glints2/dict_0002_0096" 7755
"../../../Engine/Content/EngineMaterials/Substrate/Glints2/dict_0002_0085.uasset" 7756
"../../../Engine/Content/EngineMaterials/Substrate/Glints2/dict_0002_0098.uasset" 7757
"../../../Engine/Content/EngineMaterials/Substrate/Glints2/dict_0002_0102.uasset" 7758
"../../../Engine/Content/EngineMaterials/Substrate/Glints2/dict_0002_0106.uasset" 7759
"../../../Engine/Content/EngineMaterials/Substrate/Glints2/dict_0002_0103.uasset" 7760
"../../../Engine/Content/EngineMaterials/Substrate/Glints2/dict_0002_0079.uasset" 7761
"../../../Engine/Content/EngineMaterials/Substrate/Glints2/dict_0002_0095.uasset" 7762
"../../../Engine/Content/EngineMaterials/Substrate/Glints2/dict_0002_0108.uasset" 7763
"/Engine/EngineMaterials/Substrate/Glints2/dict_0002_0095" 7764
"/Engine/EngineMaterials/Substrate/Glints2/dict_0002_0085" 7765
"/Engine/EngineMaterials/Substrate/Glints2/dict_0002_0108" 7766
"/Engine/EngineMaterials/Substrate/Glints2/dict_0002_0106" 7767
"../../../Engine/Content/EngineMaterials/Substrate/Glints2/dict_0002_0104.uasset" 7768
"/Engine/EngineMaterials/Substrate/Glints2/dict_0002_0098" 7769
"../../../Engine/Content/EngineMaterials/Substrate/Glints2/dict_0002_0100.uasset" 7770
"/Engine/EngineMaterials/Substrate/Glints2/dict_0002_0103" 7771
"/Engine/EngineMaterials/Substrate/Glints2/dict_0002_0102" 7772
"/Engine/EngineMaterials/Substrate/Glints2/dict_0002_0079" 7773
"/Engine/EngineMaterials/Substrate/Glints2/dict_0002_0104" 7774
"/Engine/EngineMaterials/Substrate/Glints2/dict_0002_0100" 7775
"../../../Engine/Content/EngineMaterials/Substrate/Glints2/dict_0002_0107.uasset" 7776
"../../../Engine/Content/EngineMaterials/Substrate/Glints2/dict_0002_0113.uasset" 7777
"../../../Engine/Content/EngineMaterials/Substrate/Glints2/dict_0002_0101.uasset" 7778
"../../../Engine/Content/EngineMaterials/Substrate/Glints2/dict_0002_0111.uasset" 7779
"/Engine/EngineMaterials/Substrate/Glints2/dict_0002_0107" 7780
"/Engine/EngineMaterials/Substrate/Glints2/dict_0002_0113" 7781
"/Engine/EngineMaterials/Substrate/Glints2/dict_0002_0111" 7782
"/Engine/EngineMaterials/Substrate/Glints2/dict_0002_0101" 7783
"../../../Engine/Content/EngineMaterials/Substrate/Glints2/dict_0002_0099.uasset" 7784
"../../../Engine/Content/EngineMaterials/Substrate/Glints2/dict_0002_0105.uasset" 7785
"../../../Engine/Content/EngineMaterials/Substrate/Glints2/dict_0002_0112.uasset" 7786
"../../../Engine/Content/EngineMaterials/Substrate/Glints2/dict_0002_0116.uasset" 7787
"../../../Engine/Content/EngineMaterials/Substrate/Glints2/dict_0002_0114.uasset" 7788
"/Engine/EngineMaterials/Substrate/Glints2/dict_0002_0116" 7789
"/Engine/EngineMaterials/Substrate/Glints2/dict_0002_0114" 7790
"/Engine/EngineMaterials/Substrate/Glints2/dict_0002_0099" 7791
"/Engine/EngineMaterials/Substrate/Glints2/dict_0002_0105" 7792
"/Engine/EngineMaterials/Substrate/Glints2/dict_0002_0112" 7793
"../../../Engine/Content/EngineMaterials/Substrate/Glints2/dict_0002_0117.uasset" 7794
"../../../Engine/Content/EngineMaterials/Substrate/Glints2/dict_0002_0115.uasset" 7795
"../../../Engine/Content/EngineMaterials/Substrate/Glints2/dict_0002_0120.uasset" 7796
"/Engine/EngineMaterials/Substrate/Glints2/dict_0002_0115" 7797
"/Engine/EngineMaterials/Substrate/Glints2/dict_0002_0120" 7798
"/Engine/EngineMaterials/Substrate/Glints2/dict_0002_0117" 7799
"../../../Engine/Content/EngineMaterials/Substrate/Glints2/dict_0002_0123.uasset" 7800
"../../../Engine/Content/EngineMaterials/Substrate/Glints2/dict_0002_0119.uasset" 7801
"../../../Engine/Content/EngineMaterials/Substrate/Glints2/dict_0002_0110.uasset" 7802
"../../../Engine/Content/EngineMaterials/Substrate/Glints2/dict_0002_0118.uasset" 7803
"../../../Engine/Content/EngineMaterials/Substrate/Glints2/dict_0002_0125.uasset" 7804
"/Engine/EngineMaterials/Substrate/Glints2/dict_0002_0125" 7805
"/Engine/EngineMaterials/Substrate/Glints2/dict_0002_0118" 7806
"/Engine/EngineMaterials/Substrate/Glints2/dict_0002_0123" 7807
"/Engine/EngineMaterials/Substrate/Glints2/dict_0002_0110" 7808
"../../../Engine/Content/EngineMaterials/Substrate/Glints2/dict_0002_0109.uasset" 7809
"/Engine/EngineMaterials/Substrate/Glints2/dict_0002_0119" 7810
"/Engine/EngineMaterials/Substrate/Glints2/dict_0002_0109" 7811
"../../../Engine/Content/EngineMaterials/Substrate/Glints2/dict_0002_0121.uasset" 7812
"../../../Engine/Content/EngineMaterials/Substrate/Glints2/dict_0002_0126.uasset" 7813
"/Engine/EngineMaterials/Substrate/Glints2/dict_0002_0126" 7814
"/Engine/EngineMaterials/Substrate/Glints2/dict_0002_0121" 7815
"../../../Engine/Content/EngineMaterials/Substrate/Glints2/dict_0002_0124.uasset" 7816
"/Engine/EngineMaterials/Substrate/Glints2/dict_0002_0124" 7817
"../../../Engine/Content/EngineMaterials/Substrate/Glints2/dict_0002_0129.uasset" 7818
"../../../Engine/Content/EngineMaterials/Substrate/Glints2/dict_0002_0127.uasset" 7819
"../../../Engine/Content/EngineMaterials/Substrate/Glints2/dict_0002_0133.uasset" 7820
"../../../Engine/Content/EngineMaterials/Substrate/Glints2/dict_0002_0130.uasset" 7821
"../../../Engine/Content/EngineMaterials/Substrate/Glints2/dict_0002_0128.uasset" 7822
"../../../Engine/Content/EngineMaterials/Substrate/Glints2/dict_0002_0131.uasset" 7823
"../../../Engine/Content/EngineMaterials/Substrate/Glints2/dict_0002_0132.uasset" 7824
"../../../Engine/Content/EngineMaterials/Substrate/Glints2/dict_0002_0134.uasset" 7825
"/Engine/EngineMaterials/Substrate/Glints2/dict_0002_0134" 7826
"/Engine/EngineMaterials/Substrate/Glints2/dict_0002_0133" 7827
"/Engine/EngineMaterials/Substrate/Glints2/dict_0002_0132" 7828
"../../../Engine/Content/EngineMaterials/Substrate/Glints2/dict_0002_0135.uasset" 7829
"/Engine/EngineMaterials/Substrate/Glints2/dict_0002_0131" 7830
"../../../Engine/Content/EngineMaterials/Substrate/Glints2/dict_0002_0136.uasset" 7831
"/Engine/EngineMaterials/Substrate/Glints2/dict_0002_0130" 7832
"../../../Engine/Content/EngineMaterials/Substrate/Glints2/dict_0002_0137.uasset" 7833
"/Engine/EngineMaterials/Substrate/Glints2/dict_0002_0129" 7834
"../../../Engine/Content/EngineMaterials/Substrate/Glints2/dict_0002_0139.uasset" 7835
"/Engine/EngineMaterials/Substrate/Glints2/dict_0002_0128" 7836
"/Engine/EngineMaterials/Substrate/Glints2/dict_0002_0127" 7837
"/Engine/EngineMaterials/Substrate/Glints2/dict_0002_0136" 7838
"../../../Engine/Content/EngineMaterials/Substrate/Glints2/dict_0002_0145.uasset" 7839
"/Engine/EngineMaterials/Substrate/Glints2/dict_0002_0139" 7840
"/Engine/EngineMaterials/Substrate/Glints2/dict_0002_0137" 7841
"/Engine/EngineMaterials/Substrate/Glints2/dict_0002_0135" 7842
"/Engine/EngineMaterials/Substrate/Glints2/dict_0002_0145" 7843
"../../../Engine/Content/EngineMaterials/Substrate/Glints2/dict_0002_0144.uasset" 7844
"../../../Engine/Content/EngineMaterials/Substrate/Glints2/dict_0002_0146.uasset" 7845
"../../../Engine/Content/EngineMaterials/Substrate/Glints2/dict_0002_0147.uasset" 7846
"../../../Engine/Content/EngineMaterials/Substrate/Glints2/dict_0002_0143.uasset" 7847
"../../../Engine/Content/EngineMaterials/Substrate/Glints2/dict_0002_0142.uasset" 7848
"/Engine/EngineMaterials/Substrate/Glints2/dict_0002_0144" 7849
"/Engine/EngineMaterials/Substrate/Glints2/dict_0002_0143" 7850
"/Engine/EngineMaterials/Substrate/Glints2/dict_0002_0142" 7851
"/Engine/EngineMaterials/Substrate/Glints2/dict_0002_0147" 7852
"/Engine/EngineMaterials/Substrate/Glints2/dict_0002_0146" 7853
"../../../Engine/Content/EngineMaterials/Substrate/Glints2/dict_0002_0149.uasset" 7854
"../../../Engine/Content/EngineMaterials/Substrate/Glints2/dict_0002_0138.uasset" 7855
"../../../Engine/Content/EngineMaterials/Substrate/Glints2/dict_0002_0151.uasset" 7856
"../../../Engine/Content/EngineMaterials/Substrate/Glints2/dict_0002_0150.uasset" 7857
"/Engine/EngineMaterials/Substrate/Glints2/dict_0002_0151" 7858
"/Engine/EngineMaterials/Substrate/Glints2/dict_0002_0138" 7859
"/Engine/EngineMaterials/Substrate/Glints2/dict_0002_0150" 7860
"/Engine/EngineMaterials/Substrate/Glints2/dict_0002_0149" 7861
"../../../Engine/Content/EngineMaterials/Substrate/Glints2/dict_0002_0155.uasset" 7862
"../../../Engine/Content/EngineMaterials/Substrate/Glints2/dict_0002_0122.uasset" 7863
"../../../Engine/Content/EngineMaterials/Substrate/Glints2/dict_0002_0148.uasset" 7864
"../../../Engine/Content/EngineMaterials/Substrate/Glints2/dict_0002_0152.uasset" 7865
"/Engine/EngineMaterials/Substrate/Glints2/dict_0002_0152" 7866
"../../../Engine/Content/EngineMaterials/Substrate/Glints2/dict_0002_0153.uasset" 7867
"/Engine/EngineMaterials/Substrate/Glints2/dict_0002_0148" 7868
"/Engine/EngineMaterials/Substrate/Glints2/dict_0002_0122" 7869
"/Engine/EngineMaterials/Substrate/Glints2/dict_0002_0155" 7870
"/Engine/EngineMaterials/Substrate/Glints2/dict_0002_0153" 7871
"../../../Engine/Content/EngineMaterials/Substrate/Glints2/dict_0002_0141.uasset" 7872
"/Engine/EngineMaterials/Substrate/Glints2/dict_0002_0141" 7873
"../../../Engine/Content/EngineMaterials/Substrate/Glints2/dict_0002_0157.uasset" 7874
"/Engine/EngineMaterials/Substrate/Glints2/dict_0002_0157" 7875
"../../../Engine/Content/EngineMaterials/Substrate/Glints2/dict_0002_0154.uasset" 7876
"../../../Engine/Content/EngineMaterials/Substrate/Glints2/dict_0002_0156.uasset" 7877
"../../../Engine/Content/EngineMaterials/Substrate/Glints2/dict_0002_0160.uasset" 7878
"../../../Engine/Content/EngineMaterials/Substrate/Glints2/dict_0002_0163.uasset" 7879
"../../../Engine/Content/EngineMaterials/Substrate/Glints2/dict_0002_0140.uasset" 7880
"../../../Engine/Content/EngineMaterials/Substrate/Glints2/dict_0002_0159.uasset" 7881
"../../../Engine/Content/EngineMaterials/Substrate/Glints2/dict_0002_0161.uasset" 7882
"/Engine/EngineMaterials/Substrate/Glints2/dict_0002_0156" 7883
"/Engine/EngineMaterials/Substrate/Glints2/dict_0002_0163" 7884
"/Engine/EngineMaterials/Substrate/Glints2/dict_0002_0161" 7885
"../../../Engine/Content/EngineMaterials/Substrate/Glints2/dict_0002_0165.uasset" 7886
"/Engine/EngineMaterials/Substrate/Glints2/dict_0002_0140" 7887
"/Engine/EngineMaterials/Substrate/Glints2/dict_0002_0160" 7888
"/Engine/EngineMaterials/Substrate/Glints2/dict_0002_0159" 7889
"../../../Engine/Content/EngineMaterials/Substrate/Glints2/dict_0002_0168.uasset" 7890
"../../../Engine/Content/EngineMaterials/Substrate/Glints2/dict_0002_0169.uasset" 7891
"/Engine/EngineMaterials/Substrate/Glints2/dict_0002_0154" 7892
"/Engine/EngineMaterials/Substrate/Glints2/dict_0002_0165" 7893
"/Engine/EngineMaterials/Substrate/Glints2/dict_0002_0169" 7894
"../../../Engine/Content/EngineMaterials/Substrate/Glints2/dict_0002_0173.uasset" 7895
"/Engine/EngineMaterials/Substrate/Glints2/dict_0002_0168" 7896
"/Engine/EngineMaterials/Substrate/Glints2/dict_0002_0173" 7897
"../../../Engine/Content/EngineMaterials/Substrate/Glints2/dict_0002_0171.uasset" 7898
"../../../Engine/Content/EngineMaterials/Substrate/Glints2/dict_0002_0172.uasset" 7899
"../../../Engine/Content/EngineMaterials/Substrate/Glints2/dict_0002_0174.uasset" 7900
"../../../Engine/Content/EngineMaterials/Substrate/Glints2/dict_0002_0162.uasset" 7901
"../../../Engine/Content/EngineMaterials/Substrate/Glints2/dict_0002_0166.uasset" 7902
"/Engine/EngineMaterials/Substrate/Glints2/dict_0002_0162" 7903
"../../../Engine/Content/EngineMaterials/Substrate/Glints2/dict_0002_0175.uasset" 7904
"/Engine/EngineMaterials/Substrate/Glints2/dict_0002_0174" 7905
"/Engine/EngineMaterials/Substrate/Glints2/dict_0002_0172" 7906
"../../../Engine/Content/EngineMaterials/Substrate/Glints2/dict_0002_0176.uasset" 7907
"/Engine/EngineMaterials/Substrate/Glints2/dict_0002_0166" 7908
"/Engine/EngineMaterials/Substrate/Glints2/dict_0002_0171" 7909
"/Engine/EngineMaterials/Substrate/Glints2/dict_0002_0175" 7910
"../../../Engine/Content/EngineMaterials/Substrate/Glints2/dict_0002_0164.uasset" 7911
"/Engine/EngineMaterials/Substrate/Glints2/dict_0002_0176" 7912
"/Engine/EngineMaterials/Substrate/Glints2/dict_0002_0164" 7913
"../../../Engine/Content/EngineMaterials/Substrate/Glints2/dict_0002_0158.uasset" 7914
"../../../Engine/Content/EngineMaterials/Substrate/Glints2/dict_0002_0177.uasset" 7915
"../../../Engine/Content/EngineMaterials/Substrate/Glints2/dict_0002_0179.uasset" 7916
"../../../Engine/Content/EngineMaterials/Substrate/Glints2/dict_0002_0181.uasset" 7917
"../../../Engine/Content/EngineMaterials/Substrate/Glints2/dict_0002_0183.uasset" 7918
"../../../Engine/Content/EngineMaterials/Substrate/Glints2/dict_0002_0180.uasset" 7919
"../../../Engine/Content/EngineMaterials/Substrate/Glints2/dict_0002_0170.uasset" 7920
"../../../Engine/Content/EngineMaterials/Substrate/Glints2/dict_0002_0184.uasset" 7921
"/Engine/EngineMaterials/Substrate/Glints2/dict_0002_0184" 7922
"/Engine/EngineMaterials/Substrate/Glints2/dict_0002_0170" 7923
"/Engine/EngineMaterials/Substrate/Glints2/dict_0002_0183" 7924
"/Engine/EngineMaterials/Substrate/Glints2/dict_0002_0179" 7925
"/Engine/EngineMaterials/Substrate/Glints2/dict_0002_0181" 7926
"/Engine/EngineMaterials/Substrate/Glints2/dict_0002_0180" 7927
"/Engine/EngineMaterials/Substrate/Glints2/dict_0002_0177" 7928
"/Engine/EngineMaterials/Substrate/Glints2/dict_0002_0158" 7929
"../../../Engine/Content/EngineMaterials/Substrate/Glints2/dict_0002_0188.uasset" 7930
"/Engine/EngineMaterials/Substrate/Glints2/dict_0002_0188" 7931
"../../../Engine/Content/EngineMaterials/Substrate/Glints2/dict_0002_0167.uasset" 7932
"../../../Engine/Content/EngineMaterials/Substrate/Glints2/dict_0002_0190.uasset" 7933
"../../../Engine/Content/EngineMaterials/Substrate/Glints2/dict_0002_0191.uasset" 7934
"../../../Engine/Content/EngineMaterials/Substrate/Glints2/dict_0002_0185.uasset" 7935
"../../../Engine/Content/EngineMaterials/Substrate/Glints2/dict_0002_0187.uasset" 7936
"../../../Engine/Content/EngineMaterials/Substrate/Glints2/dict_0002_0186.uasset" 7937
"/Engine/EngineMaterials/Substrate/Glints2/dict_0002_0186" 7938
"/Engine/EngineMaterials/Substrate/Glints2/dict_0002_0191" 7939
"/Engine/EngineMaterials/Substrate/Glints2/dict_0002_0190" 7940
"../../../Engine/Content/EngineMaterials/Substrate/Glints2/dict_0002_0193.uasset" 7941
"../../../Engine/Content/EngineMaterials/Substrate/Glints2/dict_0002_0194.uasset" 7942
"/Engine/EngineMaterials/Substrate/Glints2/dict_0002_0185" 7943
"/Engine/EngineMaterials/Substrate/Glints2/dict_0002_0187" 7944
"/Engine/EngineMaterials/Substrate/Glints2/dict_0002_0167" 7945
"/Engine/EngineMaterials/Substrate/Glints2/dict_0002_0193" 7946
"/Engine/EngineMaterials/Substrate/Glints2/dict_0002_0194" 7947
"../../../Engine/Content/EngineMaterials/Substrate/Glints2/dict_0002_0195.uasset" 7948
"../../../Engine/Content/EngineMaterials/Substrate/Glints2/dict_0002_0192.uasset" 7949
"../../../Engine/Content/EngineMaterials/Substrate/Glints2/dict_0002_0197.uasset" 7950
"../../../Engine/Content/EngineMaterials/Substrate/Glints2/dict_0002_0189.uasset" 7951
"../../../Engine/Content/EngineMaterials/Substrate/Glints2/dict_0002_0178.uasset" 7952
"/Engine/EngineMaterials/Substrate/Glints2/dict_0002_0192" 7953
"/Engine/EngineMaterials/Substrate/Glints2/dict_0002_0197" 7954
"/Engine/EngineMaterials/Substrate/Glints2/dict_0002_0195" 7955
"/Engine/EngineMaterials/Substrate/Glints2/dict_0002_0189" 7956
"/Engine/EngineMaterials/Substrate/Glints2/dict_0002_0178" 7957
"../../../Engine/Content/EngineMaterials/Substrate/Glints2/dict_0002_0196.uasset" 7958
"../../../Engine/Content/EngineMaterials/Substrate/Glints2/dict_0002_0182.uasset" 7959
"/Engine/EngineMaterials/Substrate/Glints2/dict_0002_0196" 7960
"/Engine/EngineMaterials/Substrate/Glints2/dict_0002_0182" 7961
"../../../Engine/Content/EngineMaterials/Substrate/Glints2/dict_0002_0201.uasset" 7962
"../../../Engine/Content/EngineMaterials/Substrate/Glints2/dict_0002_0199.uasset" 7963
"../../../Engine/Content/EngineMaterials/Substrate/Glints2/dict_0002_0202.uasset" 7964
"../../../Engine/Content/EngineMaterials/Substrate/Glints2/dict_0002_0203.uasset" 7965
"../../../Engine/Content/EngineMaterials/Substrate/Glints2/dict_0002_0198.uasset" 7966
"/Engine/EngineMaterials/Substrate/Glints2/dict_0002_0202" 7967
"/Engine/EngineMaterials/Substrate/Glints2/dict_0002_0201" 7968
"/Engine/EngineMaterials/Substrate/Glints2/dict_0002_0199" 7969
"/Engine/EngineMaterials/Substrate/Glints2/dict_0002_0203" 7970
"../../../Engine/Content/EngineMaterials/Substrate/Glints2/dict_0002_0208.uasset" 7971
"/Engine/EngineMaterials/Substrate/Glints2/dict_0002_0198" 7972
"../../../Engine/Content/EngineMaterials/Substrate/Glints2/dict_0002_0207.uasset" 7973
"../../../Engine/Content/EngineMaterials/Substrate/Glints2/dict_0002_0205.uasset" 7974
"/Engine/EngineMaterials/Substrate/Glints2/dict_0002_0208" 7975
"/Engine/EngineMaterials/Substrate/Glints2/dict_0002_0207" 7976
"/Engine/EngineMaterials/Substrate/Glints2/dict_0002_0205" 7977
"../../../Engine/Content/EngineMaterials/Substrate/Glints2/dict_0002_0212.uasset" 7978
"../../../Engine/Content/EngineMaterials/Substrate/Glints2/dict_0002_0200.uasset" 7979
"../../../Engine/Content/EngineMaterials/Substrate/Glints2/dict_0002_0211.uasset" 7980
"../../../Engine/Content/EngineMaterials/Substrate/Glints2/dict_0002_0213.uasset" 7981
"../../../Engine/Content/EngineMaterials/Substrate/Glints2/dict_0002_0210.uasset" 7982
"/Engine/EngineMaterials/Substrate/Glints2/dict_0002_0213" 7983
"/Engine/EngineMaterials/Substrate/Glints2/dict_0002_0212" 7984
"/Engine/EngineMaterials/Substrate/Glints2/dict_0002_0211" 7985
"/Engine/EngineMaterials/Substrate/Glints2/dict_0002_0210" 7986
"/Engine/EngineMaterials/Substrate/Glints2/dict_0002_0200" 7987
"../../../Engine/Content/EngineMaterials/Substrate/Glints2/dict_0002_0209.uasset" 7988
"/Engine/EngineMaterials/Substrate/Glints2/dict_0002_0209" 7989
"../../../Engine/Content/EngineMaterials/Substrate/Glints2/dict_0002_0206.uasset" 7990
"/Engine/EngineMaterials/Substrate/Glints2/dict_0002_0206" 7991
"../../../Engine/Content/EngineMaterials/Substrate/Glints2/dict_0002_0215.uasset" 7992
"../../../Engine/Content/EngineMaterials/Substrate/Glints2/dict_0002_0217.uasset" 7993
"../../../Engine/Content/EngineMaterials/Substrate/Glints2/dict_0002_0218.uasset" 7994
"../../../Engine/Content/EngineMaterials/Substrate/Glints2/dict_0002_0214.uasset" 7995
"../../../Engine/Content/EngineMaterials/Substrate/Glints2/dict_0002_0220.uasset" 7996
"/Engine/EngineMaterials/Substrate/Glints2/dict_0002_0220" 7997
"/Engine/EngineMaterials/Substrate/Glints2/dict_0002_0218" 7998
"/Engine/EngineMaterials/Substrate/Glints2/dict_0002_0217" 7999
"/Engine/EngineMaterials/Substrate/Glints2/dict_0002_0214" 8000
"/Engine/EngineMaterials/Substrate/Glints2/dict_0002_0215" 8001
"../../../Engine/Content/EngineMaterials/Substrate/Glints2/dict_0002_0221.uasset" 8002
"../../../Engine/Content/EngineMaterials/Substrate/Glints2/dict_0002_0219.uasset" 8003
"../../../Engine/Content/EngineMaterials/Substrate/Glints2/dict_0002_0224.uasset" 8004
"../../../Engine/Content/EngineMaterials/Substrate/Glints2/dict_0002_0222.uasset" 8005
"../../../Engine/Content/EngineMaterials/Substrate/Glints2/dict_0002_0216.uasset" 8006
"../../../Engine/Content/EngineMaterials/Substrate/Glints2/dict_0002_0223.uasset" 8007
"../../../Engine/Content/EngineMaterials/Substrate/Glints2/dict_0002_0230.uasset" 8008
"/Engine/EngineMaterials/Substrate/Glints2/dict_0002_0222" 8009
"/Engine/EngineMaterials/Substrate/Glints2/dict_0002_0219" 8010
"/Engine/EngineMaterials/Substrate/Glints2/dict_0002_0224" 8011
"/Engine/EngineMaterials/Substrate/Glints2/dict_0002_0221" 8012
"/Engine/EngineMaterials/Substrate/Glints2/dict_0002_0223" 8013
"/Engine/EngineMaterials/Substrate/Glints2/dict_0002_0216" 8014
"../../../Engine/Content/EngineMaterials/Substrate/Glints2/dict_0002_0229.uasset" 8015
"/Engine/EngineMaterials/Substrate/Glints2/dict_0002_0230" 8016
"../../../Engine/Content/EngineMaterials/Substrate/Glints2/dict_0002_0233.uasset" 8017
"/Engine/EngineMaterials/Substrate/Glints2/dict_0002_0229" 8018
"/Engine/EngineMaterials/Substrate/Glints2/dict_0002_0233" 8019
"../../../Engine/Content/EngineMaterials/Substrate/Glints2/dict_0002_0234.uasset" 8020
"../../../Engine/Content/EngineMaterials/Substrate/Glints2/dict_0002_0235.uasset" 8021
"../../../Engine/Content/EngineMaterials/Substrate/Glints2/dict_0002_0226.uasset" 8022
"../../../Engine/Content/EngineMaterials/Substrate/Glints2/dict_0002_0204.uasset" 8023
"../../../Engine/Content/EngineMaterials/Substrate/Glints2/dict_0002_0227.uasset" 8024
"../../../Engine/Content/EngineMaterials/Substrate/Glints2/dict_0002_0231.uasset" 8025
"../../../Engine/Content/EngineMaterials/Substrate/Glints2/dict_0002_0232.uasset" 8026
"/Engine/EngineMaterials/Substrate/Glints2/dict_0002_0227" 8027
"/Engine/EngineMaterials/Substrate/Glints2/dict_0002_0204" 8028
"/Engine/EngineMaterials/Substrate/Glints2/dict_0002_0234" 8029
"/Engine/EngineMaterials/Substrate/Glints2/dict_0002_0226" 8030
"/Engine/EngineMaterials/Substrate/Glints2/dict_0002_0235" 8031
"/Engine/EngineMaterials/Substrate/Glints2/dict_0002_0232" 8032
"../../../Engine/Content/EngineMaterials/Substrate/Glints2/dict_0002_0238.uasset" 8033
"/Engine/EngineMaterials/Substrate/Glints2/dict_0002_0231" 8034
"/Engine/EngineMaterials/Substrate/Glints2/dict_0002_0238" 8035
"../../../Engine/Content/EngineMaterials/Substrate/Glints2/dict_0002_0236.uasset" 8036
"../../../Engine/Content/EngineMaterials/Substrate/Glints2/dict_0002_0239.uasset" 8037
"../../../Engine/Content/EngineMaterials/Substrate/Glints2/dict_0002_0237.uasset" 8038
"../../../Engine/Content/EngineMaterials/Substrate/Glints2/dict_0002_0241.uasset" 8039
"../../../Engine/Content/EngineMaterials/Substrate/Glints2/dict_0002_0228.uasset" 8040
"../../../Engine/Content/EngineMaterials/Substrate/Glints2/dict_0002_0242.uasset" 8041
"/Engine/EngineMaterials/Substrate/Glints2/dict_0002_0242" 8042
"../../../Engine/Content/EngineMaterials/Substrate/Glints2/dict_0002_0247.uasset" 8043
"/Engine/EngineMaterials/Substrate/Glints2/dict_0002_0241" 8044
"/Engine/EngineMaterials/Substrate/Glints2/dict_0002_0239" 8045
"/Engine/EngineMaterials/Substrate/Glints2/dict_0002_0228" 8046
"../../../Engine/Content/EngineMaterials/Substrate/Glints2/dict_0002_0245.uasset" 8047
"/Engine/EngineMaterials/Substrate/Glints2/dict_0002_0237" 8048
"../../../Engine/Content/EngineMaterials/Substrate/Glints2/dict_0002_0240.uasset" 8049
"/Engine/EngineMaterials/Substrate/Glints2/dict_0002_0236" 8050
"/Engine/EngineMaterials/Substrate/Glints2/dict_0002_0240" 8051
"../../../Engine/Content/EngineMaterials/Substrate/Glints2/dict_0002_0248.uasset" 8052
"/Engine/EngineMaterials/Substrate/Glints2/dict_0002_0247" 8053
"/Engine/EngineMaterials/Substrate/Glints2/dict_0002_0245" 8054
"/Engine/EngineMaterials/Substrate/Glints2/dict_0002_0248" 8055
"../../../Engine/Content/EngineMaterials/Substrate/Glints2/dict_0002_0225.uasset" 8056
"../../../Engine/Content/EngineMaterials/Substrate/Glints2/dict_0002_0250.uasset" 8057
"../../../Engine/Content/EngineMaterials/Substrate/Glints2/dict_0002_0251.uasset" 8058
"/Engine/EngineMaterials/Substrate/Glints2/dict_0002_0225" 8059
"/Engine/EngineMaterials/Substrate/Glints2/dict_0002_0251" 8060
"/Engine/EngineMaterials/Substrate/Glints2/dict_0002_0250" 8061
"../../../Engine/Content/EngineMaterials/Substrate/Glints2/dict_0002_0255.uasset" 8062
"/Engine/EngineMaterials/Substrate/Glints2/dict_0002_0255" 8063
"../../../Engine/Content/EngineMaterials/Substrate/Glints2/dict_0003_0000.uasset" 8064
"../../../Engine/Content/EngineMaterials/Substrate/Glints2/dict_0002_0243.uasset" 8065
"../../../Engine/Content/EngineMaterials/Substrate/Glints2/dict_0002_0244.uasset" 8066
"../../../Engine/Content/EngineMaterials/Substrate/Glints2/dict_0002_0249.uasset" 8067
"../../../Engine/Content/EngineMaterials/Substrate/Glints2/dict_0002_0246.uasset" 8068
"/Engine/EngineMaterials/Substrate/Glints2/dict_0002_0249" 8069
"/Engine/EngineMaterials/Substrate/Glints2/dict_0003_0000" 8070
"/Engine/EngineMaterials/Substrate/Glints2/dict_0002_0243" 8071
"/Engine/EngineMaterials/Substrate/Glints2/dict_0002_0246" 8072
"/Engine/EngineMaterials/Substrate/Glints2/dict_0002_0244" 8073
"../../../Engine/Content/EngineMaterials/Substrate/Glints2/dict_0002_0252.uasset" 8074
"../../../Engine/Content/EngineMaterials/Substrate/Glints2/dict_0003_0003.uasset" 8075
"../../../Engine/Content/EngineMaterials/Substrate/Glints2/dict_0002_0254.uasset" 8076
"../../../Engine/Content/EngineMaterials/Substrate/Glints2/dict_0003_0007.uasset" 8077
"/Engine/EngineMaterials/Substrate/Glints2/dict_0003_0007" 8078
"/Engine/EngineMaterials/Substrate/Glints2/dict_0002_0254" 8079
"/Engine/EngineMaterials/Substrate/Glints2/dict_0002_0252" 8080
"../../../Engine/Content/EngineMaterials/Substrate/Glints2/dict_0003_0008.uasset" 8081
"/Engine/EngineMaterials/Substrate/Glints2/dict_0003_0003" 8082
"/Engine/EngineMaterials/Substrate/Glints2/dict_0003_0008" 8083
"../../../Engine/Content/EngineMaterials/Substrate/Glints2/dict_0003_0005.uasset" 8084
"../../../Engine/Content/EngineMaterials/Substrate/Glints2/dict_0003_0001.uasset" 8085
"../../../Engine/Content/EngineMaterials/Substrate/Glints2/dict_0002_0253.uasset" 8086
"../../../Engine/Content/EngineMaterials/Substrate/Glints2/dict_0003_0011.uasset" 8087
"../../../Engine/Content/EngineMaterials/Substrate/Glints2/dict_0003_0006.uasset" 8088
"/Engine/EngineMaterials/Substrate/Glints2/dict_0003_0001" 8089
"/Engine/EngineMaterials/Substrate/Glints2/dict_0003_0006" 8090
"/Engine/EngineMaterials/Substrate/Glints2/dict_0002_0253" 8091
"/Engine/EngineMaterials/Substrate/Glints2/dict_0003_0011" 8092
"/Engine/EngineMaterials/Substrate/Glints2/dict_0003_0005" 8093
"../../../Engine/Content/EngineMaterials/Substrate/Glints2/dict_0003_0004.uasset" 8094
"../../../Engine/Content/EngineMaterials/Substrate/Glints2/dict_0003_0009.uasset" 8095
"../../../Engine/Content/EngineMaterials/Substrate/Glints2/dict_0003_0002.uasset" 8096
"/Engine/EngineMaterials/Substrate/Glints2/dict_0003_0009" 8097
"/Engine/EngineMaterials/Substrate/Glints2/dict_0003_0002" 8098
"/Engine/EngineMaterials/Substrate/Glints2/dict_0003_0004" 8099
"../../../Engine/Content/EngineMaterials/Substrate/Glints2/dict_0003_0010.uasset" 8100
"../../../Engine/Content/EngineMaterials/Substrate/Glints2/dict_0003_0016.uasset" 8101
"../../../Engine/Content/EngineMaterials/Substrate/Glints2/dict_0003_0013.uasset" 8102
"../../../Engine/Content/EngineMaterials/Substrate/Glints2/dict_0003_0015.uasset" 8103
"/Engine/EngineMaterials/Substrate/Glints2/dict_0003_0016" 8104
"/Engine/EngineMaterials/Substrate/Glints2/dict_0003_0015" 8105
"/Engine/EngineMaterials/Substrate/Glints2/dict_0003_0013" 8106
"/Engine/EngineMaterials/Substrate/Glints2/dict_0003_0010" 8107
"../../../Engine/Content/EngineMaterials/Substrate/Glints2/dict_0003_0017.uasset" 8108
"../../../Engine/Content/EngineMaterials/Substrate/Glints2/dict_0003_0023.uasset" 8109
"../../../Engine/Content/EngineMaterials/Substrate/Glints2/dict_0003_0022.uasset" 8110
"../../../Engine/Content/EngineMaterials/Substrate/Glints2/dict_0003_0014.uasset" 8111
"/Engine/EngineMaterials/Substrate/Glints2/dict_0003_0014" 8112
"/Engine/EngineMaterials/Substrate/Glints2/dict_0003_0023" 8113
"/Engine/EngineMaterials/Substrate/Glints2/dict_0003_0022" 8114
"/Engine/EngineMaterials/Substrate/Glints2/dict_0003_0017" 8115
"../../../Engine/Content/EngineMaterials/Substrate/Glints2/dict_0003_0026.uasset" 8116
"../../../Engine/Content/EngineMaterials/Substrate/Glints2/dict_0003_0025.uasset" 8117
"../../../Engine/Content/EngineMaterials/Substrate/Glints2/dict_0003_0024.uasset" 8118
"../../../Engine/Content/EngineMaterials/Substrate/Glints2/dict_0003_0029.uasset" 8119
"../../../Engine/Content/EngineMaterials/Substrate/Glints2/dict_0003_0028.uasset" 8120
"/Engine/EngineMaterials/Substrate/Glints2/dict_0003_0029" 8121
"/Engine/EngineMaterials/Substrate/Glints2/dict_0003_0028" 8122
"../../../Engine/Content/EngineMaterials/Substrate/Glints2/dict_0003_0030.uasset" 8123
"/Engine/EngineMaterials/Substrate/Glints2/dict_0003_0024" 8124
"/Engine/EngineMaterials/Substrate/Glints2/dict_0003_0026" 8125
"/Engine/EngineMaterials/Substrate/Glints2/dict_0003_0025" 8126
"../../../Engine/Content/EngineMaterials/Substrate/Glints2/dict_0003_0018.uasset" 8127
"../../../Engine/Content/EngineMaterials/Substrate/Glints2/dict_0003_0012.uasset" 8128
"../../../Engine/Content/EngineMaterials/Substrate/Glints2/dict_0003_0021.uasset" 8129
"../../../Engine/Content/EngineMaterials/Substrate/Glints2/dict_0003_0020.uasset" 8130
"../../../Engine/Content/EngineMaterials/Substrate/Glints2/dict_0003_0019.uasset" 8131
"../../../Engine/Content/EngineMaterials/Substrate/Glints2/dict_0003_0027.uasset" 8132
"/Engine/EngineMaterials/Substrate/Glints2/dict_0003_0019" 8133
"/Engine/EngineMaterials/Substrate/Glints2/dict_0003_0012" 8134
"../../../Engine/Content/EngineMaterials/Substrate/Glints2/dict_0003_0032.uasset" 8135
"/Engine/EngineMaterials/Substrate/Glints2/dict_0003_0027" 8136
"/Engine/EngineMaterials/Substrate/Glints2/dict_0003_0020" 8137
"/Engine/EngineMaterials/Substrate/Glints2/dict_0003_0018" 8138
"/Engine/EngineMaterials/Substrate/Glints2/dict_0003_0030" 8139
"/Engine/EngineMaterials/Substrate/Glints2/dict_0003_0021" 8140
"/Engine/EngineMaterials/Substrate/Glints2/dict_0003_0032" 8141
"../../../Engine/Content/EngineMaterials/Substrate/Glints2/dict_0003_0040.uasset" 8142
"../../../Engine/Content/EngineMaterials/Substrate/Glints2/dict_0003_0033.uasset" 8143
"../../../Engine/Content/EngineMaterials/Substrate/Glints2/dict_0003_0035.uasset" 8144
"../../../Engine/Content/EngineMaterials/Substrate/Glints2/dict_0003_0034.uasset" 8145
"/Engine/EngineMaterials/Substrate/Glints2/dict_0003_0034" 8146
"../../../Engine/Content/EngineMaterials/Substrate/Glints2/dict_0003_0041.uasset" 8147
"../../../Engine/Content/EngineMaterials/Substrate/Glints2/dict_0003_0043.uasset" 8148
"/Engine/EngineMaterials/Substrate/Glints2/dict_0003_0033" 8149
"/Engine/EngineMaterials/Substrate/Glints2/dict_0003_0035" 8150
"/Engine/EngineMaterials/Substrate/Glints2/dict_0003_0040" 8151
"../../../Engine/Content/EngineMaterials/Substrate/Glints2/dict_0003_0042.uasset" 8152
"/Engine/EngineMaterials/Substrate/Glints2/dict_0003_0042" 8153
"/Engine/EngineMaterials/Substrate/Glints2/dict_0003_0041" 8154
"/Engine/EngineMaterials/Substrate/Glints2/dict_0003_0043" 8155
"../../../Engine/Content/EngineMaterials/Substrate/Glints2/dict_0003_0038.uasset" 8156
"../../../Engine/Content/EngineMaterials/Substrate/Glints2/dict_0003_0031.uasset" 8157
"../../../Engine/Content/EngineMaterials/Substrate/Glints2/dict_0003_0036.uasset" 8158
"../../../Engine/Content/EngineMaterials/Substrate/Glints2/dict_0003_0046.uasset" 8159
"../../../Engine/Content/EngineMaterials/Substrate/Glints2/dict_0003_0045.uasset" 8160
"../../../Engine/Content/EngineMaterials/Substrate/Glints2/dict_0003_0051.uasset" 8161
"../../../Engine/Content/EngineMaterials/Substrate/Glints2/dict_0003_0039.uasset" 8162
"../../../Engine/Content/EngineMaterials/Substrate/Glints2/dict_0003_0047.uasset" 8163
"../../../Engine/Content/EngineMaterials/Substrate/Glints2/dict_0003_0049.uasset" 8164
"../../../Engine/Content/EngineMaterials/Substrate/Glints2/dict_0003_0048.uasset" 8165
"../../../Engine/Content/EngineMaterials/Substrate/Glints2/dict_0003_0037.uasset" 8166
"../../../Engine/Content/EngineMaterials/Substrate/Glints2/dict_0003_0050.uasset" 8167
"/Engine/EngineMaterials/Substrate/Glints2/dict_0003_0046" 8168
"/Engine/EngineMaterials/Substrate/Glints2/dict_0003_0045" 8169
"/Engine/EngineMaterials/Substrate/Glints2/dict_0003_0050" 8170
"/Engine/EngineMaterials/Substrate/Glints2/dict_0003_0039" 8171
"/Engine/EngineMaterials/Substrate/Glints2/dict_0003_0038" 8172
"/Engine/EngineMaterials/Substrate/Glints2/dict_0003_0049" 8173
"/Engine/EngineMaterials/Substrate/Glints2/dict_0003_0037" 8174
"../../../Engine/Content/EngineMaterials/Substrate/Glints2/dict_0003_0056.uasset" 8175
"/Engine/EngineMaterials/Substrate/Glints2/dict_0003_0031" 8176
"/Engine/EngineMaterials/Substrate/Glints2/dict_0003_0036" 8177
"/Engine/EngineMaterials/Substrate/Glints2/dict_0003_0048" 8178
"../../../Engine/Content/EngineMaterials/Substrate/Glints2/dict_0003_0053.uasset" 8179
"/Engine/EngineMaterials/Substrate/Glints2/dict_0003_0051" 8180
"/Engine/EngineMaterials/Substrate/Glints2/dict_0003_0047" 8181
"/Engine/EngineMaterials/Substrate/Glints2/dict_0003_0053" 8182
"/Engine/EngineMaterials/Substrate/Glints2/dict_0003_0056" 8183
"../../../Engine/Content/EngineMaterials/Substrate/Glints2/dict_0003_0060.uasset" 8184
"../../../Engine/Content/EngineMaterials/Substrate/Glints2/dict_0003_0057.uasset" 8185
"../../../Engine/Content/EngineMaterials/Substrate/Glints2/dict_0003_0055.uasset" 8186
"/Engine/EngineMaterials/Substrate/Glints2/dict_0003_0055" 8187
"/Engine/EngineMaterials/Substrate/Glints2/dict_0003_0060" 8188
"/Engine/EngineMaterials/Substrate/Glints2/dict_0003_0057" 8189
"../../../Engine/Content/EngineMaterials/Substrate/Glints2/dict_0003_0044.uasset" 8190
"../../../Engine/Content/EngineMaterials/Substrate/Glints2/dict_0003_0052.uasset" 8191
"../../../Engine/Content/EngineMaterials/Substrate/Glints2/dict_0003_0062.uasset" 8192
"../../../Engine/Content/EngineMaterials/Substrate/Glints2/dict_0003_0059.uasset" 8193
"/Engine/EngineMaterials/Substrate/Glints2/dict_0003_0062" 8194
"/Engine/EngineMaterials/Substrate/Glints2/dict_0003_0044" 8195
"/Engine/EngineMaterials/Substrate/Glints2/dict_0003_0059" 8196
"/Engine/EngineMaterials/Substrate/Glints2/dict_0003_0052" 8197
"../../../Engine/Content/EngineMaterials/Substrate/Glints2/dict_0003_0054.uasset" 8198
"../../../Engine/Content/EngineMaterials/Substrate/Glints2/dict_0003_0061.uasset" 8199
"../../../Engine/Content/EngineMaterials/Substrate/Glints2/dict_0003_0064.uasset" 8200
"../../../Engine/Content/EngineMaterials/Substrate/Glints2/dict_0003_0058.uasset" 8201
"../../../Engine/Content/EngineMaterials/Substrate/Glints2/dict_0003_0066.uasset" 8202
"/Engine/EngineMaterials/Substrate/Glints2/dict_0003_0054" 8203
"/Engine/EngineMaterials/Substrate/Glints2/dict_0003_0061" 8204
"/Engine/EngineMaterials/Substrate/Glints2/dict_0003_0066" 8205
"/Engine/EngineMaterials/Substrate/Glints2/dict_0003_0058" 8206
"/Engine/EngineMaterials/Substrate/Glints2/dict_0003_0064" 8207
"../../../Engine/Content/EngineMaterials/Substrate/Glints2/dict_0003_0063.uasset" 8208
"../../../Engine/Content/EngineMaterials/Substrate/Glints2/dict_0003_0067.uasset" 8209
"../../../Engine/Content/EngineMaterials/Substrate/Glints2/dict_0003_0065.uasset" 8210
"/Engine/EngineMaterials/Substrate/Glints2/dict_0003_0067" 8211
"/Engine/EngineMaterials/Substrate/Glints2/dict_0003_0063" 8212
"/Engine/EngineMaterials/Substrate/Glints2/dict_0003_0065" 8213
"../../../Engine/Content/EngineMaterials/Substrate/Glints2/dict_0003_0069.uasset" 8214
"/Engine/EngineMaterials/Substrate/Glints2/dict_0003_0069" 8215
"../../../Engine/Content/EngineMaterials/Substrate/Glints2/dict_0003_0071.uasset" 8216
"../../../Engine/Content/EngineMaterials/Substrate/Glints2/dict_0003_0073.uasset" 8217
"../../../Engine/Content/EngineMaterials/Substrate/Glints2/dict_0003_0076.uasset" 8218
"../../../Engine/Content/EngineMaterials/Substrate/Glints2/dict_0003_0070.uasset" 8219
"../../../Engine/Content/EngineMaterials/Substrate/Glints2/dict_0003_0072.uasset" 8220
"../../../Engine/Content/EngineMaterials/Substrate/Glints2/dict_0003_0074.uasset" 8221
"/Engine/EngineMaterials/Substrate/Glints2/dict_0003_0070" 8222
"/Engine/EngineMaterials/Substrate/Glints2/dict_0003_0076" 8223
"/Engine/EngineMaterials/Substrate/Glints2/dict_0003_0074" 8224
"/Engine/EngineMaterials/Substrate/Glints2/dict_0003_0073" 8225
"/Engine/EngineMaterials/Substrate/Glints2/dict_0003_0072" 8226
"/Engine/EngineMaterials/Substrate/Glints2/dict_0003_0071" 8227
"../../../Engine/Content/EngineMaterials/Substrate/Glints2/dict_0003_0075.uasset" 8228
"/Engine/EngineMaterials/Substrate/Glints2/dict_0003_0075" 8229
"../../../Engine/Content/EngineMaterials/Substrate/Glints2/dict_0003_0079.uasset" 8230
"../../../Engine/Content/EngineMaterials/Substrate/Glints2/dict_0003_0082.uasset" 8231
"../../../Engine/Content/EngineMaterials/Substrate/Glints2/dict_0003_0077.uasset" 8232
"../../../Engine/Content/EngineMaterials/Substrate/Glints2/dict_0003_0080.uasset" 8233
"/Engine/EngineMaterials/Substrate/Glints2/dict_0003_0082" 8234
"/Engine/EngineMaterials/Substrate/Glints2/dict_0003_0080" 8235
"/Engine/EngineMaterials/Substrate/Glints2/dict_0003_0079" 8236
"/Engine/EngineMaterials/Substrate/Glints2/dict_0003_0077" 8237
"../../../Engine/Content/EngineMaterials/Substrate/Glints2/dict_0003_0083.uasset" 8238
"../../../Engine/Content/EngineMaterials/Substrate/Glints2/dict_0003_0068.uasset" 8239
"../../../Engine/Content/EngineMaterials/Substrate/Glints2/dict_0003_0084.uasset" 8240
"../../../Engine/Content/EngineMaterials/Substrate/Glints2/dict_0003_0078.uasset" 8241
"../../../Engine/Content/EngineMaterials/Substrate/Glints2/dict_0003_0081.uasset" 8242
"/Engine/EngineMaterials/Substrate/Glints2/dict_0003_0081" 8243
"/Engine/EngineMaterials/Substrate/Glints2/dict_0003_0078" 8244
"/Engine/EngineMaterials/Substrate/Glints2/dict_0003_0084" 8245
"../../../Engine/Content/EngineMaterials/Substrate/Glints2/dict_0003_0085.uasset" 8246
"/Engine/EngineMaterials/Substrate/Glints2/dict_0003_0068" 8247
"/Engine/EngineMaterials/Substrate/Glints2/dict_0003_0083" 8248
"/Engine/EngineMaterials/Substrate/Glints2/dict_0003_0085" 8249
"../../../Engine/Content/EngineMaterials/Substrate/Glints2/dict_0003_0090.uasset" 8250
"../../../Engine/Content/EngineMaterials/Substrate/Glints2/dict_0003_0088.uasset" 8251
"../../../Engine/Content/EngineMaterials/Substrate/Glints2/dict_0003_0086.uasset" 8252
"/Engine/EngineMaterials/Substrate/Glints2/dict_0003_0090" 8253
"/Engine/EngineMaterials/Substrate/Glints2/dict_0003_0086" 8254
"/Engine/EngineMaterials/Substrate/Glints2/dict_0003_0088" 8255
"../../../Engine/Content/EngineMaterials/Substrate/Glints2/dict_0003_0087.uasset" 8256
"/Engine/EngineMaterials/Substrate/Glints2/dict_0003_0087" 8257
"../../../Engine/Content/EngineMaterials/Substrate/Glints2/dict_0003_0096.uasset" 8258
"../../../Engine/Content/EngineMaterials/Substrate/Glints2/dict_0003_0092.uasset" 8259
"../../../Engine/Content/EngineMaterials/Substrate/Glints2/dict_0003_0094.uasset" 8260
"../../../Engine/Content/EngineMaterials/Substrate/Glints2/dict_0003_0095.uasset" 8261
"../../../Engine/Content/EngineMaterials/Substrate/Glints2/dict_0003_0093.uasset" 8262
"../../../Engine/Content/EngineMaterials/Substrate/Glints2/dict_0003_0089.uasset" 8263
"../../../Engine/Content/EngineMaterials/Substrate/Glints2/dict_0003_0097.uasset" 8264
"../../../Engine/Content/EngineMaterials/Substrate/Glints2/dict_0003_0098.uasset" 8265
"../../../Engine/Content/EngineMaterials/Substrate/Glints2/dict_0003_0091.uasset" 8266
"/Engine/EngineMaterials/Substrate/Glints2/dict_0003_0091" 8267
"/Engine/EngineMaterials/Substrate/Glints2/dict_0003_0096" 8268
"../../../Engine/Content/EngineMaterials/Substrate/Glints2/dict_0003_0104.uasset" 8269
"/Engine/EngineMaterials/Substrate/Glints2/dict_0003_0095" 8270
"/Engine/EngineMaterials/Substrate/Glints2/dict_0003_0094" 8271
"/Engine/EngineMaterials/Substrate/Glints2/dict_0003_0089" 8272
"/Engine/EngineMaterials/Substrate/Glints2/dict_0003_0098" 8273
"../../../Engine/Content/EngineMaterials/Substrate/Glints2/dict_0003_0101.uasset" 8274
"../../../Engine/Content/EngineMaterials/Substrate/Glints2/dict_0003_0100.uasset" 8275
"/Engine/EngineMaterials/Substrate/Glints2/dict_0003_0093" 8276
"../../../Engine/Content/EngineMaterials/Substrate/Glints2/dict_0003_0103.uasset" 8277
"/Engine/EngineMaterials/Substrate/Glints2/dict_0003_0097" 8278
"/Engine/EngineMaterials/Substrate/Glints2/dict_0003_0092" 8279
"/Engine/EngineMaterials/Substrate/Glints2/dict_0003_0100" 8280
"/Engine/EngineMaterials/Substrate/Glints2/dict_0003_0104" 8281
"/Engine/EngineMaterials/Substrate/Glints2/dict_0003_0103" 8282
"/Engine/EngineMaterials/Substrate/Glints2/dict_0003_0101" 8283
"../../../Engine/Content/EngineMaterials/Substrate/Glints2/dict_0003_0109.uasset" 8284
"../../../Engine/Content/EngineMaterials/Substrate/Glints2/dict_0003_0112.uasset" 8285
"../../../Engine/Content/EngineMaterials/Substrate/Glints2/dict_0003_0111.uasset" 8286
"../../../Engine/Content/EngineMaterials/Substrate/Glints2/dict_0003_0110.uasset" 8287
"/Engine/EngineMaterials/Substrate/Glints2/dict_0003_0111" 8288
"../../../Engine/Content/EngineMaterials/Substrate/Glints2/dict_0003_0116.uasset" 8289
"../../../Engine/Content/EngineMaterials/Substrate/Glints2/dict_0003_0113.uasset" 8290
"../../../Engine/Content/EngineMaterials/Substrate/Glints2/dict_0003_0115.uasset" 8291
"../../../Engine/Content/EngineMaterials/Substrate/Glints2/dict_0003_0114.uasset" 8292
"/Engine/EngineMaterials/Substrate/Glints2/dict_0003_0110" 8293
"/Engine/EngineMaterials/Substrate/Glints2/dict_0003_0109" 8294
"/Engine/EngineMaterials/Substrate/Glints2/dict_0003_0112" 8295
"/Engine/EngineMaterials/Substrate/Glints2/dict_0003_0116" 8296
"/Engine/EngineMaterials/Substrate/Glints2/dict_0003_0115" 8297
"/Engine/EngineMaterials/Substrate/Glints2/dict_0003_0114" 8298
"/Engine/EngineMaterials/Substrate/Glints2/dict_0003_0113" 8299
"../../../Engine/Content/EngineMaterials/Substrate/Glints2/dict_0003_0120.uasset" 8300
"../../../Engine/Content/EngineMaterials/Substrate/Glints2/dict_0003_0119.uasset" 8301
"../../../Engine/Content/EngineMaterials/Substrate/Glints2/dict_0003_0099.uasset" 8302
"../../../Engine/Content/EngineMaterials/Substrate/Glints2/dict_0003_0106.uasset" 8303
"../../../Engine/Content/EngineMaterials/Substrate/Glints2/dict_0003_0102.uasset" 8304
"../../../Engine/Content/EngineMaterials/Substrate/Glints2/dict_0003_0108.uasset" 8305
"/Engine/EngineMaterials/Substrate/Glints2/dict_0003_0120" 8306
"/Engine/EngineMaterials/Substrate/Glints2/dict_0003_0106" 8307
"/Engine/EngineMaterials/Substrate/Glints2/dict_0003_0119" 8308
"/Engine/EngineMaterials/Substrate/Glints2/dict_0003_0099" 8309
"/Engine/EngineMaterials/Substrate/Glints2/dict_0003_0108" 8310
"/Engine/EngineMaterials/Substrate/Glints2/dict_0003_0102" 8311
"../../../Engine/Content/EngineMaterials/Substrate/Glints2/dict_0003_0105.uasset" 8312
"../../../Engine/Content/EngineMaterials/Substrate/Glints2/dict_0003_0121.uasset" 8313
"../../../Engine/Content/EngineMaterials/Substrate/Glints2/dict_0003_0117.uasset" 8314
"../../../Engine/Content/EngineMaterials/Substrate/Glints2/dict_0003_0123.uasset" 8315
"/Engine/EngineMaterials/Substrate/Glints2/dict_0003_0121" 8316
"/Engine/EngineMaterials/Substrate/Glints2/dict_0003_0105" 8317
"/Engine/EngineMaterials/Substrate/Glints2/dict_0003_0123" 8318
"/Engine/EngineMaterials/Substrate/Glints2/dict_0003_0117" 8319
"../../../Engine/Content/EngineMaterials/Substrate/Glints2/dict_0003_0107.uasset" 8320
"../../../Engine/Content/EngineMaterials/Substrate/Glints2/dict_0003_0124.uasset" 8321
"../../../Engine/Content/EngineMaterials/Substrate/Glints2/dict_0003_0118.uasset" 8322
"../../../Engine/Content/EngineMaterials/Substrate/Glints2/dict_0003_0132.uasset" 8323
"../../../Engine/Content/EngineMaterials/Substrate/Glints2/dict_0003_0127.uasset" 8324
"../../../Engine/Content/EngineMaterials/Substrate/Glints2/dict_0003_0129.uasset" 8325
"/Engine/EngineMaterials/Substrate/Glints2/dict_0003_0129" 8326
"/Engine/EngineMaterials/Substrate/Glints2/dict_0003_0127" 8327
"/Engine/EngineMaterials/Substrate/Glints2/dict_0003_0124" 8328
"../../../Engine/Content/EngineMaterials/Substrate/Glints2/dict_0003_0126.uasset" 8329
"/Engine/EngineMaterials/Substrate/Glints2/dict_0003_0107" 8330
"/Engine/EngineMaterials/Substrate/Glints2/dict_0003_0118" 8331
"/Engine/EngineMaterials/Substrate/Glints2/dict_0003_0132" 8332
"../../../Engine/Content/EngineMaterials/Substrate/Glints2/dict_0003_0134.uasset" 8333
"../../../Engine/Content/EngineMaterials/Substrate/Glints2/dict_0003_0135.uasset" 8334
"/Engine/EngineMaterials/Substrate/Glints2/dict_0003_0134" 8335
"../../../Engine/Content/EngineMaterials/Substrate/Glints2/dict_0003_0136.uasset" 8336
"/Engine/EngineMaterials/Substrate/Glints2/dict_0003_0126" 8337
"/Engine/EngineMaterials/Substrate/Glints2/dict_0003_0136" 8338
"/Engine/EngineMaterials/Substrate/Glints2/dict_0003_0135" 8339
"../../../Engine/Content/EngineMaterials/Substrate/Glints2/dict_0003_0125.uasset" 8340
"../../../Engine/Content/EngineMaterials/Substrate/Glints2/dict_0003_0140.uasset" 8341
"../../../Engine/Content/EngineMaterials/Substrate/Glints2/dict_0003_0139.uasset" 8342
"../../../Engine/Content/EngineMaterials/Substrate/Glints2/dict_0003_0133.uasset" 8343
"../../../Engine/Content/EngineMaterials/Substrate/Glints2/dict_0003_0138.uasset" 8344
"../../../Engine/Content/EngineMaterials/Substrate/Glints2/dict_0003_0131.uasset" 8345
"../../../Engine/Content/EngineMaterials/Substrate/Glints2/dict_0003_0130.uasset" 8346
"/Engine/EngineMaterials/Substrate/Glints2/dict_0003_0138" 8347
"/Engine/EngineMaterials/Substrate/Glints2/dict_0003_0130" 8348
"/Engine/EngineMaterials/Substrate/Glints2/dict_0003_0140" 8349
"/Engine/EngineMaterials/Substrate/Glints2/dict_0003_0125" 8350
"/Engine/EngineMaterials/Substrate/Glints2/dict_0003_0133" 8351
"/Engine/EngineMaterials/Substrate/Glints2/dict_0003_0139" 8352
"/Engine/EngineMaterials/Substrate/Glints2/dict_0003_0131" 8353
"../../../Engine/Content/EngineMaterials/Substrate/Glints2/dict_0003_0122.uasset" 8354
"../../../Engine/Content/EngineMaterials/Substrate/Glints2/dict_0003_0141.uasset" 8355
"../../../Engine/Content/EngineMaterials/Substrate/Glints2/dict_0003_0128.uasset" 8356
"/Engine/EngineMaterials/Substrate/Glints2/dict_0003_0128" 8357
"/Engine/EngineMaterials/Substrate/Glints2/dict_0003_0141" 8358
"/Engine/EngineMaterials/Substrate/Glints2/dict_0003_0122" 8359
"../../../Engine/Content/EngineMaterials/Substrate/Glints2/dict_0003_0137.uasset" 8360
"../../../Engine/Content/EngineMaterials/Substrate/Glints2/dict_0003_0145.uasset" 8361
"../../../Engine/Content/EngineMaterials/Substrate/Glints2/dict_0003_0147.uasset" 8362
"../../../Engine/Content/EngineMaterials/Substrate/Glints2/dict_0003_0146.uasset" 8363
"../../../Engine/Content/EngineMaterials/Substrate/Glints2/dict_0003_0142.uasset" 8364
"../../../Engine/Content/EngineMaterials/Substrate/Glints2/dict_0003_0150.uasset" 8365
"../../../Engine/Content/EngineMaterials/Substrate/Glints2/dict_0003_0149.uasset" 8366
"/Engine/EngineMaterials/Substrate/Glints2/dict_0003_0142" 8367
"/Engine/EngineMaterials/Substrate/Glints2/dict_0003_0137" 8368
"/Engine/EngineMaterials/Substrate/Glints2/dict_0003_0147" 8369
"/Engine/EngineMaterials/Substrate/Glints2/dict_0003_0146" 8370
"/Engine/EngineMaterials/Substrate/Glints2/dict_0003_0145" 8371
"/Engine/EngineMaterials/Substrate/Glints2/dict_0003_0150" 8372
"/Engine/EngineMaterials/Substrate/Glints2/dict_0003_0149" 8373
"../../../Engine/Content/EngineMaterials/Substrate/Glints2/dict_0003_0154.uasset" 8374
"/Engine/EngineMaterials/Substrate/Glints2/dict_0003_0154" 8375
"../../../Engine/Content/EngineMaterials/Substrate/Glints2/dict_0003_0158.uasset" 8376
"../../../Engine/Content/EngineMaterials/Substrate/Glints2/dict_0003_0152.uasset" 8377
"../../../Engine/Content/EngineMaterials/Substrate/Glints2/dict_0003_0153.uasset" 8378
"../../../Engine/Content/EngineMaterials/Substrate/Glints2/dict_0003_0144.uasset" 8379
"../../../Engine/Content/EngineMaterials/Substrate/Glints2/dict_0003_0156.uasset" 8380
"/Engine/EngineMaterials/Substrate/Glints2/dict_0003_0152" 8381
"/Engine/EngineMaterials/Substrate/Glints2/dict_0003_0158" 8382
"/Engine/EngineMaterials/Substrate/Glints2/dict_0003_0144" 8383
"../../../Engine/Content/EngineMaterials/Substrate/Glints2/dict_0003_0159.uasset" 8384
"../../../Engine/Content/EngineMaterials/Substrate/Glints2/dict_0003_0161.uasset" 8385
"/Engine/EngineMaterials/Substrate/Glints2/dict_0003_0156" 8386
"../../../Engine/Content/EngineMaterials/Substrate/Glints2/dict_0003_0160.uasset" 8387
"/Engine/EngineMaterials/Substrate/Glints2/dict_0003_0153" 8388
"/Engine/EngineMaterials/Substrate/Glints2/dict_0003_0160" 8389
"/Engine/EngineMaterials/Substrate/Glints2/dict_0003_0159" 8390
"/Engine/EngineMaterials/Substrate/Glints2/dict_0003_0161" 8391
"../../../Engine/Content/EngineMaterials/Substrate/Glints2/dict_0003_0151.uasset" 8392
"../../../Engine/Content/EngineMaterials/Substrate/Glints2/dict_0003_0143.uasset" 8393
"../../../Engine/Content/EngineMaterials/Substrate/Glints2/dict_0003_0162.uasset" 8394
"../../../Engine/Content/EngineMaterials/Substrate/Glints2/dict_0003_0166.uasset" 8395
"../../../Engine/Content/EngineMaterials/Substrate/Glints2/dict_0003_0148.uasset" 8396
"../../../Engine/Content/EngineMaterials/Substrate/Glints2/dict_0003_0164.uasset" 8397
"../../../Engine/Content/EngineMaterials/Substrate/Glints2/dict_0003_0165.uasset" 8398
"/Engine/EngineMaterials/Substrate/Glints2/dict_0003_0162" 8399
"/Engine/EngineMaterials/Substrate/Glints2/dict_0003_0148" 8400
"/Engine/EngineMaterials/Substrate/Glints2/dict_0003_0166" 8401
"/Engine/EngineMaterials/Substrate/Glints2/dict_0003_0151" 8402
"/Engine/EngineMaterials/Substrate/Glints2/dict_0003_0165" 8403
"/Engine/EngineMaterials/Substrate/Glints2/dict_0003_0143" 8404
"/Engine/EngineMaterials/Substrate/Glints2/dict_0003_0164" 8405
"../../../Engine/Content/EngineMaterials/Substrate/Glints2/dict_0003_0169.uasset" 8406
"../../../Engine/Content/EngineMaterials/Substrate/Glints2/dict_0003_0155.uasset" 8407
"../../../Engine/Content/EngineMaterials/Substrate/Glints2/dict_0003_0170.uasset" 8408
"../../../Engine/Content/EngineMaterials/Substrate/Glints2/dict_0003_0157.uasset" 8409
"../../../Engine/Content/EngineMaterials/Substrate/Glints2/dict_0003_0163.uasset" 8410
"../../../Engine/Content/EngineMaterials/Substrate/Glints2/dict_0003_0167.uasset" 8411
"../../../Engine/Content/EngineMaterials/Substrate/Glints2/dict_0003_0171.uasset" 8412
"/Engine/EngineMaterials/Substrate/Glints2/dict_0003_0169" 8413
"/Engine/EngineMaterials/Substrate/Glints2/dict_0003_0157" 8414
"/Engine/EngineMaterials/Substrate/Glints2/dict_0003_0171" 8415
"../../../Engine/Content/EngineMaterials/Substrate/Glints2/dict_0003_0178.uasset" 8416
"/Engine/EngineMaterials/Substrate/Glints2/dict_0003_0167" 8417
"/Engine/EngineMaterials/Substrate/Glints2/dict_0003_0155" 8418
"/Engine/EngineMaterials/Substrate/Glints2/dict_0003_0163" 8419
"/Engine/EngineMaterials/Substrate/Glints2/dict_0003_0170" 8420
"/Engine/EngineMaterials/Substrate/Glints2/dict_0003_0178" 8421
"../../../Engine/Content/EngineMaterials/Substrate/Glints2/dict_0003_0173.uasset" 8422
"../../../Engine/Content/EngineMaterials/Substrate/Glints2/dict_0003_0172.uasset" 8423
"../../../Engine/Content/EngineMaterials/Substrate/Glints2/dict_0003_0177.uasset" 8424
"../../../Engine/Content/EngineMaterials/Substrate/Glints2/dict_0003_0174.uasset" 8425
"../../../Engine/Content/EngineMaterials/Substrate/Glints2/dict_0003_0181.uasset" 8426
"../../../Engine/Content/EngineMaterials/Substrate/Glints2/dict_0003_0175.uasset" 8427
"/Engine/EngineMaterials/Substrate/Glints2/dict_0003_0177" 8428
"/Engine/EngineMaterials/Substrate/Glints2/dict_0003_0172" 8429
"/Engine/EngineMaterials/Substrate/Glints2/dict_0003_0175" 8430
"/Engine/EngineMaterials/Substrate/Glints2/dict_0003_0174" 8431
"../../../Engine/Content/EngineMaterials/Substrate/Glints2/dict_0003_0186.uasset" 8432
"/Engine/EngineMaterials/Substrate/Glints2/dict_0003_0173" 8433
"/Engine/EngineMaterials/Substrate/Glints2/dict_0003_0181" 8434
"/Engine/EngineMaterials/Substrate/Glints2/dict_0003_0186" 8435
"../../../Engine/Content/EngineMaterials/Substrate/Glints2/dict_0003_0179.uasset" 8436
"../../../Engine/Content/EngineMaterials/Substrate/Glints2/dict_0003_0182.uasset" 8437
"../../../Engine/Content/EngineMaterials/Substrate/Glints2/dict_0003_0188.uasset" 8438
"../../../Engine/Content/EngineMaterials/Substrate/Glints2/dict_0003_0183.uasset" 8439
"../../../Engine/Content/EngineMaterials/Substrate/Glints2/dict_0003_0184.uasset" 8440
"/Engine/EngineMaterials/Substrate/Glints2/dict_0003_0184" 8441
"/Engine/EngineMaterials/Substrate/Glints2/dict_0003_0188" 8442
"/Engine/EngineMaterials/Substrate/Glints2/dict_0003_0183" 8443
"/Engine/EngineMaterials/Substrate/Glints2/dict_0003_0182" 8444
"/Engine/EngineMaterials/Substrate/Glints2/dict_0003_0179" 8445
"../../../Engine/Content/EngineMaterials/Substrate/Glints2/dict_0003_0187.uasset" 8446
"../../../Engine/Content/EngineMaterials/Substrate/Glints2/dict_0003_0191.uasset" 8447
"../../../Engine/Content/EngineMaterials/Substrate/Glints2/dict_0003_0192.uasset" 8448
"/Engine/EngineMaterials/Substrate/Glints2/dict_0003_0187" 8449
"/Engine/EngineMaterials/Substrate/Glints2/dict_0003_0192" 8450
"/Engine/EngineMaterials/Substrate/Glints2/dict_0003_0191" 8451
"../../../Engine/Content/EngineMaterials/Substrate/Glints2/dict_0003_0196.uasset" 8452
"../../../Engine/Content/EngineMaterials/Substrate/Glints2/dict_0003_0195.uasset" 8453
"../../../Engine/Content/EngineMaterials/Substrate/Glints2/dict_0003_0189.uasset" 8454
"../../../Engine/Content/EngineMaterials/Substrate/Glints2/dict_0003_0180.uasset" 8455
"../../../Engine/Content/EngineMaterials/Substrate/Glints2/dict_0003_0190.uasset" 8456
"../../../Engine/Content/EngineMaterials/Substrate/Glints2/dict_0003_0194.uasset" 8457
"/Engine/EngineMaterials/Substrate/Glints2/dict_0003_0195" 8458
"/Engine/EngineMaterials/Substrate/Glints2/dict_0003_0194" 8459
"/Engine/EngineMaterials/Substrate/Glints2/dict_0003_0180" 8460
"/Engine/EngineMaterials/Substrate/Glints2/dict_0003_0190" 8461
"/Engine/EngineMaterials/Substrate/Glints2/dict_0003_0189" 8462
"../../../Engine/Content/EngineMaterials/Substrate/Glints2/dict_0003_0199.uasset" 8463
"/Engine/EngineMaterials/Substrate/Glints2/dict_0003_0196" 8464
"/Engine/EngineMaterials/Substrate/Glints2/dict_0003_0199" 8465
"../../../Engine/Content/EngineMaterials/Substrate/Glints2/dict_0003_0203.uasset" 8466
"../../../Engine/Content/EngineMaterials/Substrate/Glints2/dict_0003_0185.uasset" 8467
"../../../Engine/Content/EngineMaterials/Substrate/Glints2/dict_0003_0168.uasset" 8468
"../../../Engine/Content/EngineMaterials/Substrate/Glints2/dict_0003_0204.uasset" 8469
"../../../Engine/Content/EngineMaterials/Substrate/Glints2/dict_0003_0197.uasset" 8470
"/Engine/EngineMaterials/Substrate/Glints2/dict_0003_0203" 8471
"../../../Engine/Content/EngineMaterials/Substrate/Glints2/dict_0003_0201.uasset" 8472
"/Engine/EngineMaterials/Substrate/Glints2/dict_0003_0168" 8473
"/Engine/EngineMaterials/Substrate/Glints2/dict_0003_0185" 8474
"/Engine/EngineMaterials/Substrate/Glints2/dict_0003_0204" 8475
"/Engine/EngineMaterials/Substrate/Glints2/dict_0003_0197" 8476
"/Engine/EngineMaterials/Substrate/Glints2/dict_0003_0201" 8477
"../../../Engine/Content/EngineMaterials/Substrate/Glints2/dict_0003_0200.uasset" 8478
"../../../Engine/Content/EngineMaterials/Substrate/Glints2/dict_0003_0198.uasset" 8479
"../../../Engine/Content/EngineMaterials/Substrate/Glints2/dict_0003_0202.uasset" 8480
"../../../Engine/Content/EngineMaterials/Substrate/Glints2/dict_0003_0207.uasset" 8481
"../../../Engine/Content/EngineMaterials/Substrate/Glints2/dict_0003_0176.uasset" 8482
"../../../Engine/Content/EngineMaterials/Substrate/Glints2/dict_0003_0193.uasset" 8483
"/Engine/EngineMaterials/Substrate/Glints2/dict_0003_0202" 8484
"/Engine/EngineMaterials/Substrate/Glints2/dict_0003_0176" 8485
"/Engine/EngineMaterials/Substrate/Glints2/dict_0003_0207" 8486
"/Engine/EngineMaterials/Substrate/Glints2/dict_0003_0200" 8487
"/Engine/EngineMaterials/Substrate/Glints2/dict_0003_0193" 8488
"/Engine/EngineMaterials/Substrate/Glints2/dict_0003_0198" 8489
"../../../Engine/Content/EngineMaterials/Substrate/Glints2/dict_0003_0213.uasset" 8490
"/Engine/EngineMaterials/Substrate/Glints2/dict_0003_0213" 8491
"../../../Engine/Content/EngineMaterials/Substrate/Glints2/dict_0003_0211.uasset" 8492
"../../../Engine/Content/EngineMaterials/Substrate/Glints2/dict_0003_0208.uasset" 8493
"../../../Engine/Content/EngineMaterials/Substrate/Glints2/dict_0003_0206.uasset" 8494
"../../../Engine/Content/EngineMaterials/Substrate/Glints2/dict_0003_0214.uasset" 8495
"/Engine/EngineMaterials/Substrate/Glints2/dict_0003_0208" 8496
"/Engine/EngineMaterials/Substrate/Glints2/dict_0003_0206" 8497
"/Engine/EngineMaterials/Substrate/Glints2/dict_0003_0214" 8498
"/Engine/EngineMaterials/Substrate/Glints2/dict_0003_0211" 8499
"../../../Engine/Content/EngineMaterials/Substrate/Glints2/dict_0003_0215.uasset" 8500
"../../../Engine/Content/EngineMaterials/Substrate/Glints2/dict_0003_0212.uasset" 8501
"../../../Engine/Content/EngineMaterials/Substrate/Glints2/dict_0003_0210.uasset" 8502
"../../../Engine/Content/EngineMaterials/Substrate/Glints2/dict_0003_0217.uasset" 8503
"../../../Engine/Content/EngineMaterials/Substrate/Glints2/dict_0003_0222.uasset" 8504
"../../../Engine/Content/EngineMaterials/Substrate/Glints2/dict_0003_0221.uasset" 8505
"../../../Engine/Content/EngineMaterials/Substrate/Glints2/dict_0003_0224.uasset" 8506
"../../../Engine/Content/EngineMaterials/Substrate/Glints2/dict_0003_0225.uasset" 8507
"../../../Engine/Content/EngineMaterials/Substrate/Glints2/dict_0003_0219.uasset" 8508
"../../../Engine/Content/EngineMaterials/Substrate/Glints2/dict_0003_0223.uasset" 8509
"../../../Engine/Content/EngineMaterials/Substrate/Glints2/dict_0003_0216.uasset" 8510
"/Engine/EngineMaterials/Substrate/Glints2/dict_0003_0215" 8511
"/Engine/EngineMaterials/Substrate/Glints2/dict_0003_0224" 8512
"/Engine/EngineMaterials/Substrate/Glints2/dict_0003_0223" 8513
"/Engine/EngineMaterials/Substrate/Glints2/dict_0003_0225" 8514
"/Engine/EngineMaterials/Substrate/Glints2/dict_0003_0217" 8515
"../../../Engine/Content/EngineMaterials/Substrate/Glints2/dict_0003_0226.uasset" 8516
"/Engine/EngineMaterials/Substrate/Glints2/dict_0003_0212" 8517
"../../../Engine/Content/EngineMaterials/Substrate/Glints2/dict_0003_0205.uasset" 8518
"/Engine/EngineMaterials/Substrate/Glints2/dict_0003_0216" 8519
"../../../Engine/Content/EngineMaterials/Substrate/Glints2/dict_0003_0220.uasset" 8520
"../../../Engine/Content/EngineMaterials/Substrate/Glints2/dict_0003_0227.uasset" 8521
"/Engine/EngineMaterials/Substrate/Glints2/dict_0003_0222" 8522
"../../../Engine/Content/EngineMaterials/Substrate/Glints2/dict_0003_0228.uasset" 8523
"../../../Engine/Content/EngineMaterials/Substrate/Glints2/dict_0003_0230.uasset" 8524
"/Engine/EngineMaterials/Substrate/Glints2/dict_0003_0221" 8525
"/Engine/EngineMaterials/Substrate/Glints2/dict_0003_0219" 8526
"/Engine/EngineMaterials/Substrate/Glints2/dict_0003_0210" 8527
"/Engine/EngineMaterials/Substrate/Glints2/dict_0003_0230" 8528
"/Engine/EngineMaterials/Substrate/Glints2/dict_0003_0228" 8529
"/Engine/EngineMaterials/Substrate/Glints2/dict_0003_0205" 8530
"/Engine/EngineMaterials/Substrate/Glints2/dict_0003_0227" 8531
"/Engine/EngineMaterials/Substrate/Glints2/dict_0003_0226" 8532
"../../../Engine/Content/EngineMaterials/Substrate/Glints2/dict_0003_0235.uasset" 8533
"../../../Engine/Content/EngineMaterials/Substrate/Glints2/dict_0003_0209.uasset" 8534
"../../../Engine/Content/EngineMaterials/Substrate/Glints2/dict_0003_0218.uasset" 8535
"../../../Engine/Content/EngineMaterials/Substrate/Glints2/dict_0003_0234.uasset" 8536
"../../../Engine/Content/EngineMaterials/Substrate/Glints2/dict_0003_0240.uasset" 8537
"../../../Engine/Content/EngineMaterials/Substrate/Glints2/dict_0003_0238.uasset" 8538
"/Engine/EngineMaterials/Substrate/Glints2/dict_0003_0209" 8539
"/Engine/EngineMaterials/Substrate/Glints2/dict_0003_0240" 8540
"/Engine/EngineMaterials/Substrate/Glints2/dict_0003_0234" 8541
"../../../Engine/Content/EngineMaterials/Substrate/Glints2/dict_0003_0239.uasset" 8542
"/Engine/EngineMaterials/Substrate/Glints2/dict_0003_0238" 8543
"/Engine/EngineMaterials/Substrate/Glints2/dict_0003_0218" 8544
"/Engine/EngineMaterials/Substrate/Glints2/dict_0003_0220" 8545
"/Engine/EngineMaterials/Substrate/Glints2/dict_0003_0235" 8546
"/Engine/EngineMaterials/Substrate/Glints2/dict_0003_0239" 8547
"../../../Engine/Content/EngineMaterials/Substrate/Glints2/dict_0003_0236.uasset" 8548
"/Engine/EngineMaterials/Substrate/Glints2/dict_0003_0236" 8549
"../../../Engine/Content/EngineMaterials/Substrate/Glints2/dict_0003_0232.uasset" 8550
"../../../Engine/Content/EngineMaterials/Substrate/Glints2/dict_0003_0229.uasset" 8551
"../../../Engine/Content/EngineMaterials/Substrate/Glints2/dict_0003_0233.uasset" 8552
"../../../Engine/Content/EngineMaterials/Substrate/Glints2/dict_0003_0245.uasset" 8553
"../../../Engine/Content/EngineMaterials/Substrate/Glints2/dict_0003_0241.uasset" 8554
"/Engine/EngineMaterials/Substrate/Glints2/dict_0003_0229" 8555
"/Engine/EngineMaterials/Substrate/Glints2/dict_0003_0241" 8556
"/Engine/EngineMaterials/Substrate/Glints2/dict_0003_0233" 8557
"../../../Engine/Content/EngineMaterials/Substrate/Glints2/dict_0003_0249.uasset" 8558
"/Engine/EngineMaterials/Substrate/Glints2/dict_0003_0232" 8559
"/Engine/EngineMaterials/Substrate/Glints2/dict_0003_0245" 8560
"/Engine/EngineMaterials/Substrate/Glints2/dict_0003_0249" 8561
"../../../Engine/Content/EngineMaterials/Substrate/Glints2/dict_0003_0243.uasset" 8562
"../../../Engine/Content/EngineMaterials/Substrate/Glints2/dict_0003_0246.uasset" 8563
"../../../Engine/Content/EngineMaterials/Substrate/Glints2/dict_0003_0247.uasset" 8564
"../../../Engine/Content/EngineMaterials/Substrate/Glints2/dict_0003_0248.uasset" 8565
"/Engine/EngineMaterials/Substrate/Glints2/dict_0003_0248" 8566
"/Engine/EngineMaterials/Substrate/Glints2/dict_0003_0247" 8567
"/Engine/EngineMaterials/Substrate/Glints2/dict_0003_0246" 8568
"/Engine/EngineMaterials/Substrate/Glints2/dict_0003_0243" 8569
"../../../Engine/Content/EngineMaterials/Substrate/Glints2/dict_0003_0254.uasset" 8570
"../../../Engine/Content/EngineMaterials/Substrate/Glints2/dict_0003_0242.uasset" 8571
"/Engine/EngineMaterials/Substrate/Glints2/dict_0003_0242" 8572
"/Engine/EngineMaterials/Substrate/Glints2/dict_0003_0254" 8573
"../../../Engine/Content/EngineMaterials/Substrate/Glints2/dict_0003_0253.uasset" 8574
"../../../Engine/Content/EngineMaterials/Substrate/Glints2/dict_0003_0251.uasset" 8575
"../../../Engine/Content/EngineMaterials/Substrate/Glints2/dict_0004_0002.uasset" 8576
"../../../Engine/Content/EngineMaterials/Substrate/Glints2/dict_0003_0255.uasset" 8577
"../../../Engine/Content/EngineMaterials/Substrate/Glints2/dict_0003_0237.uasset" 8578
"../../../Engine/Content/EngineMaterials/Substrate/Glints2/dict_0004_0000.uasset" 8579
"../../../Engine/Content/EngineMaterials/Substrate/Glints2/dict_0003_0252.uasset" 8580
"../../../Engine/Content/EngineMaterials/Substrate/Glints2/dict_0004_0001.uasset" 8581
"../../../Engine/Content/EngineMaterials/Substrate/Glints2/dict_0004_0003.uasset" 8582
"/Engine/EngineMaterials/Substrate/Glints2/dict_0003_0237" 8583
"/Engine/EngineMaterials/Substrate/Glints2/dict_0004_0002" 8584
"/Engine/EngineMaterials/Substrate/Glints2/dict_0004_0001" 8585
"/Engine/EngineMaterials/Substrate/Glints2/dict_0003_0253" 8586
"/Engine/EngineMaterials/Substrate/Glints2/dict_0003_0252" 8587
"/Engine/EngineMaterials/Substrate/Glints2/dict_0003_0251" 8588
"/Engine/EngineMaterials/Substrate/Glints2/dict_0004_0000" 8589
"/Engine/EngineMaterials/Substrate/Glints2/dict_0003_0255" 8590
"/Engine/EngineMaterials/Substrate/Glints2/dict_0004_0003" 8591
"../../../Engine/Content/EngineMaterials/Substrate/Glints2/dict_0003_0250.uasset" 8592
"../../../Engine/Content/EngineMaterials/Substrate/Glints2/dict_0004_0010.uasset" 8593
"../../../Engine/Content/EngineMaterials/Substrate/Glints2/dict_0003_0244.uasset" 8594
"../../../Engine/Content/EngineMaterials/Substrate/Glints2/dict_0004_0004.uasset" 8595
"../../../Engine/Content/EngineMaterials/Substrate/Glints2/dict_0004_0006.uasset" 8596
"../../../Engine/Content/EngineMaterials/Substrate/Glints2/dict_0004_0005.uasset" 8597
"../../../Engine/Content/EngineMaterials/Substrate/Glints2/dict_0004_0012.uasset" 8598
"../../../Engine/Content/EngineMaterials/Substrate/Glints2/dict_0004_0011.uasset" 8599
"/Engine/EngineMaterials/Substrate/Glints2/dict_0004_0011" 8600
"/Engine/EngineMaterials/Substrate/Glints2/dict_0004_0010" 8601
"/Engine/EngineMaterials/Substrate/Glints2/dict_0004_0006" 8602
"/Engine/EngineMaterials/Substrate/Glints2/dict_0004_0005" 8603
"../../../Engine/Content/EngineMaterials/Substrate/Glints2/dict_0004_0009.uasset" 8604
"/Engine/EngineMaterials/Substrate/Glints2/dict_0003_0250" 8605
"/Engine/EngineMaterials/Substrate/Glints2/dict_0004_0004" 8606
"/Engine/EngineMaterials/Substrate/Glints2/dict_0004_0012" 8607
"/Engine/EngineMaterials/Substrate/Glints2/dict_0003_0244" 8608
"/Engine/EngineMaterials/Substrate/Glints2/dict_0004_0009" 8609
"../../../Engine/Content/EngineMaterials/Substrate/Glints2/dict_0004_0008.uasset" 8610
"../../../Engine/Content/EngineMaterials/Substrate/Glints2/dict_0003_0231.uasset" 8611
"../../../Engine/Content/EngineMaterials/Substrate/Glints2/dict_0004_0014.uasset" 8612
"../../../Engine/Content/EngineMaterials/Substrate/Glints2/dict_0004_0007.uasset" 8613
"../../../Engine/Content/EngineMaterials/Substrate/Glints2/dict_0004_0018.uasset" 8614
"../../../Engine/Content/EngineMaterials/Substrate/Glints2/dict_0004_0017.uasset" 8615
"../../../Engine/Content/EngineMaterials/Substrate/Glints2/dict_0004_0016.uasset" 8616
"../../../Engine/Content/EngineMaterials/Substrate/Glints2/dict_0004_0015.uasset" 8617
"/Engine/EngineMaterials/Substrate/Glints2/dict_0004_0016" 8618
"/Engine/EngineMaterials/Substrate/Glints2/dict_0004_0008" 8619
"/Engine/EngineMaterials/Substrate/Glints2/dict_0004_0015" 8620
"/Engine/EngineMaterials/Substrate/Glints2/dict_0003_0231" 8621
"/Engine/EngineMaterials/Substrate/Glints2/dict_0004_0007" 8622
"/Engine/EngineMaterials/Substrate/Glints2/dict_0004_0014" 8623
"/Engine/EngineMaterials/Substrate/Glints2/dict_0004_0017" 8624
"/Engine/EngineMaterials/Substrate/Glints2/dict_0004_0018" 8625
"../../../Engine/Content/EngineMaterials/Substrate/Glints2/dict_0004_0020.uasset" 8626
"../../../Engine/Content/EngineMaterials/Substrate/Glints2/dict_0004_0024.uasset" 8627
"../../../Engine/Content/EngineMaterials/Substrate/Glints2/dict_0004_0028.uasset" 8628
"/Engine/EngineMaterials/Substrate/Glints2/dict_0004_0028" 8629
"/Engine/EngineMaterials/Substrate/Glints2/dict_0004_0020" 8630
"/Engine/EngineMaterials/Substrate/Glints2/dict_0004_0024" 8631
"../../../Engine/Content/EngineMaterials/Substrate/Glints2/dict_0004_0029.uasset" 8632
"../../../Engine/Content/EngineMaterials/Substrate/Glints2/dict_0004_0030.uasset" 8633
"../../../Engine/Content/EngineMaterials/Substrate/Glints2/dict_0004_0019.uasset" 8634
"../../../Engine/Content/EngineMaterials/Substrate/Glints2/dict_0004_0022.uasset" 8635
"../../../Engine/Content/EngineMaterials/Substrate/Glints2/dict_0004_0026.uasset" 8636
"../../../Engine/Content/EngineMaterials/Substrate/Glints2/dict_0004_0031.uasset" 8637
"/Engine/EngineMaterials/Substrate/Glints2/dict_0004_0031" 8638
"/Engine/EngineMaterials/Substrate/Glints2/dict_0004_0030" 8639
"../../../Engine/Content/EngineMaterials/Substrate/Glints2/dict_0004_0021.uasset" 8640
"/Engine/EngineMaterials/Substrate/Glints2/dict_0004_0029" 8641
"../../../Engine/Content/EngineMaterials/Substrate/Glints2/dict_0004_0027.uasset" 8642
"../../../Engine/Content/EngineMaterials/Substrate/Glints2/dict_0004_0025.uasset" 8643
"/Engine/EngineMaterials/Substrate/Glints2/dict_0004_0019" 8644
"../../../Engine/Content/EngineMaterials/Substrate/Glints2/dict_0004_0013.uasset" 8645
"/Engine/EngineMaterials/Substrate/Glints2/dict_0004_0026" 8646
"/Engine/EngineMaterials/Substrate/Glints2/dict_0004_0022" 8647
"/Engine/EngineMaterials/Substrate/Glints2/dict_0004_0027" 8648
"/Engine/EngineMaterials/Substrate/Glints2/dict_0004_0021" 8649
"/Engine/EngineMaterials/Substrate/Glints2/dict_0004_0013" 8650
"../../../Engine/Content/EngineMaterials/Substrate/Glints2/dict_0004_0023.uasset" 8651
"../../../Engine/Content/EngineMaterials/Substrate/Glints2/dict_0004_0038.uasset" 8652
"../../../Engine/Content/EngineMaterials/Substrate/Glints2/dict_0004_0039.uasset" 8653
"../../../Engine/Content/EngineMaterials/Substrate/Glints2/dict_0004_0036.uasset" 8654
"../../../Engine/Content/EngineMaterials/Substrate/Glints2/dict_0004_0033.uasset" 8655
"/Engine/EngineMaterials/Substrate/Glints2/dict_0004_0023" 8656
"/Engine/EngineMaterials/Substrate/Glints2/dict_0004_0039" 8657
"/Engine/EngineMaterials/Substrate/Glints2/dict_0004_0038" 8658
"../../../Engine/Content/EngineMaterials/Substrate/Glints2/dict_0004_0042.uasset" 8659
"/Engine/EngineMaterials/Substrate/Glints2/dict_0004_0036" 8660
"/Engine/EngineMaterials/Substrate/Glints2/dict_0004_0025" 8661
"/Engine/EngineMaterials/Substrate/Glints2/dict_0004_0033" 8662
"../../../Engine/Content/EngineMaterials/Substrate/Glints2/dict_0004_0043.uasset" 8663
"/Engine/EngineMaterials/Substrate/Glints2/dict_0004_0043" 8664
"/Engine/EngineMaterials/Substrate/Glints2/dict_0004_0042" 8665
"../../../Engine/Content/EngineMaterials/Substrate/Glints2/dict_0004_0032.uasset" 8666
"../../../Engine/Content/EngineMaterials/Substrate/Glints2/dict_0004_0037.uasset" 8667
"../../../Engine/Content/EngineMaterials/Substrate/Glints2/dict_0004_0046.uasset" 8668
"../../../Engine/Content/EngineMaterials/Substrate/Glints2/dict_0004_0035.uasset" 8669
"../../../Engine/Content/EngineMaterials/Substrate/Glints2/dict_0004_0045.uasset" 8670
"/Engine/EngineMaterials/Substrate/Glints2/dict_0004_0032" 8671
"/Engine/EngineMaterials/Substrate/Glints2/dict_0004_0046" 8672
"/Engine/EngineMaterials/Substrate/Glints2/dict_0004_0037" 8673
"/Engine/EngineMaterials/Substrate/Glints2/dict_0004_0035" 8674
"../../../Engine/Content/EngineMaterials/Substrate/Glints2/dict_0004_0041.uasset" 8675
"../../../Engine/Content/EngineMaterials/Substrate/Glints2/dict_0004_0047.uasset" 8676
"/Engine/EngineMaterials/Substrate/Glints2/dict_0004_0047" 8677
"/Engine/EngineMaterials/Substrate/Glints2/dict_0004_0045" 8678
"/Engine/EngineMaterials/Substrate/Glints2/dict_0004_0041" 8679
"../../../Engine/Content/EngineMaterials/Substrate/Glints2/dict_0004_0048.uasset" 8680
"../../../Engine/Content/EngineMaterials/Substrate/Glints2/dict_0004_0044.uasset" 8681
"../../../Engine/Content/EngineMaterials/Substrate/Glints2/dict_0004_0040.uasset" 8682
"../../../Engine/Content/EngineMaterials/Substrate/Glints2/dict_0004_0034.uasset" 8683
"../../../Engine/Content/EngineMaterials/Substrate/Glints2/dict_0004_0054.uasset" 8684
"/Engine/EngineMaterials/Substrate/Glints2/dict_0004_0048" 8685
"/Engine/EngineMaterials/Substrate/Glints2/dict_0004_0040" 8686
"/Engine/EngineMaterials/Substrate/Glints2/dict_0004_0044" 8687
"../../../Engine/Content/EngineMaterials/Substrate/Glints2/dict_0004_0057.uasset" 8688
"/Engine/EngineMaterials/Substrate/Glints2/dict_0004_0054" 8689
"/Engine/EngineMaterials/Substrate/Glints2/dict_0004_0034" 8690
"/Engine/EngineMaterials/Substrate/Glints2/dict_0004_0057" 8691
"../../../Engine/Content/EngineMaterials/Substrate/Glints2/dict_0004_0050.uasset" 8692
"/Engine/EngineMaterials/Substrate/Glints2/dict_0004_0050" 8693
"../../../Engine/Content/EngineMaterials/Substrate/Glints2/dict_0004_0053.uasset" 8694
"/Engine/EngineMaterials/Substrate/Glints2/dict_0004_0053" 8695
"../../../Engine/Content/EngineMaterials/Substrate/Glints2/dict_0004_0060.uasset" 8696
"/Engine/EngineMaterials/Substrate/Glints2/dict_0004_0060" 8697
"../../../Engine/Content/EngineMaterials/Substrate/Glints2/dict_0004_0049.uasset" 8698
"../../../Engine/Content/EngineMaterials/Substrate/Glints2/dict_0004_0059.uasset" 8699
"../../../Engine/Content/EngineMaterials/Substrate/Glints2/dict_0004_0052.uasset" 8700
"../../../Engine/Content/EngineMaterials/Substrate/Glints2/dict_0004_0055.uasset" 8701
"../../../Engine/Content/EngineMaterials/Substrate/Glints2/dict_0004_0063.uasset" 8702
"../../../Engine/Content/EngineMaterials/Substrate/Glints2/dict_0004_0062.uasset" 8703
"../../../Engine/Content/EngineMaterials/Substrate/Glints2/dict_0004_0056.uasset" 8704
"/Engine/EngineMaterials/Substrate/Glints2/dict_0004_0049" 8705
"../../../Engine/Content/EngineMaterials/Substrate/Glints2/dict_0004_0066.uasset" 8706
"/Engine/EngineMaterials/Substrate/Glints2/dict_0004_0056" 8707
"../../../Engine/Content/EngineMaterials/Substrate/Glints2/dict_0004_0065.uasset" 8708
"/Engine/EngineMaterials/Substrate/Glints2/dict_0004_0052" 8709
"/Engine/EngineMaterials/Substrate/Glints2/dict_0004_0059" 8710
"/Engine/EngineMaterials/Substrate/Glints2/dict_0004_0055" 8711
"/Engine/EngineMaterials/Substrate/Glints2/dict_0004_0063" 8712
"/Engine/EngineMaterials/Substrate/Glints2/dict_0004_0062" 8713
"/Engine/EngineMaterials/Substrate/Glints2/dict_0004_0066" 8714
"/Engine/EngineMaterials/Substrate/Glints2/dict_0004_0065" 8715
"../../../Engine/Content/EngineMaterials/Substrate/Glints2/dict_0004_0070.uasset" 8716
"../../../Engine/Content/EngineMaterials/Substrate/Glints2/dict_0004_0051.uasset" 8717
"../../../Engine/Content/EngineMaterials/Substrate/Glints2/dict_0004_0071.uasset" 8718
"../../../Engine/Content/EngineMaterials/Substrate/Glints2/dict_0004_0072.uasset" 8719
"/Engine/EngineMaterials/Substrate/Glints2/dict_0004_0072" 8720
"/Engine/EngineMaterials/Substrate/Glints2/dict_0004_0071" 8721
"/Engine/EngineMaterials/Substrate/Glints2/dict_0004_0070" 8722
"../../../Engine/Content/EngineMaterials/Substrate/Glints2/dict_0004_0076.uasset" 8723
"../../../Engine/Content/EngineMaterials/Substrate/Glints2/dict_0004_0061.uasset" 8724
"/Engine/EngineMaterials/Substrate/Glints2/dict_0004_0051" 8725
"../../../Engine/Content/EngineMaterials/Substrate/Glints2/dict_0004_0075.uasset" 8726
"/Engine/EngineMaterials/Substrate/Glints2/dict_0004_0061" 8727
"../../../Engine/Content/EngineMaterials/Substrate/Glints2/dict_0004_0069.uasset" 8728
"/Engine/EngineMaterials/Substrate/Glints2/dict_0004_0075" 8729
"/Engine/EngineMaterials/Substrate/Glints2/dict_0004_0069" 8730
"../../../Engine/Content/EngineMaterials/Substrate/Glints2/dict_0004_0078.uasset" 8731
"../../../Engine/Content/EngineMaterials/Substrate/Glints2/dict_0004_0073.uasset" 8732
"../../../Engine/Content/EngineMaterials/Substrate/Glints2/dict_0004_0064.uasset" 8733
"../../../Engine/Content/EngineMaterials/Substrate/Glints2/dict_0004_0058.uasset" 8734
"../../../Engine/Content/EngineMaterials/Substrate/Glints2/dict_0004_0068.uasset" 8735
"/Engine/EngineMaterials/Substrate/Glints2/dict_0004_0073" 8736
"/Engine/EngineMaterials/Substrate/Glints2/dict_0004_0058" 8737
"/Engine/EngineMaterials/Substrate/Glints2/dict_0004_0076" 8738
"/Engine/EngineMaterials/Substrate/Glints2/dict_0004_0064" 8739
"/Engine/EngineMaterials/Substrate/Glints2/dict_0004_0078" 8740
"/Engine/EngineMaterials/Substrate/Glints2/dict_0004_0068" 8741
"../../../Engine/Content/EngineMaterials/Substrate/Glints2/dict_0004_0082.uasset" 8742
"../../../Engine/Content/EngineMaterials/Substrate/Glints2/dict_0004_0083.uasset" 8743
"../../../Engine/Content/EngineMaterials/Substrate/Glints2/dict_0004_0067.uasset" 8744
"../../../Engine/Content/EngineMaterials/Substrate/Glints2/dict_0004_0086.uasset" 8745
"/Engine/EngineMaterials/Substrate/Glints2/dict_0004_0082" 8746
"/Engine/EngineMaterials/Substrate/Glints2/dict_0004_0067" 8747
"/Engine/EngineMaterials/Substrate/Glints2/dict_0004_0083" 8748
"/Engine/EngineMaterials/Substrate/Glints2/dict_0004_0086" 8749
"../../../Engine/Content/EngineMaterials/Substrate/Glints2/dict_0004_0080.uasset" 8750
"../../../Engine/Content/EngineMaterials/Substrate/Glints2/dict_0004_0077.uasset" 8751
"../../../Engine/Content/EngineMaterials/Substrate/Glints2/dict_0004_0079.uasset" 8752
"../../../Engine/Content/EngineMaterials/Substrate/Glints2/dict_0004_0087.uasset" 8753
"../../../Engine/Content/EngineMaterials/Substrate/Glints2/dict_0004_0089.uasset" 8754
"/Engine/EngineMaterials/Substrate/Glints2/dict_0004_0080" 8755
"/Engine/EngineMaterials/Substrate/Glints2/dict_0004_0079" 8756
"/Engine/EngineMaterials/Substrate/Glints2/dict_0004_0089" 8757
"/Engine/EngineMaterials/Substrate/Glints2/dict_0004_0087" 8758
"../../../Engine/Content/EngineMaterials/Substrate/Glints2/dict_0004_0090.uasset" 8759
"../../../Engine/Content/EngineMaterials/Substrate/Glints2/dict_0004_0091.uasset" 8760
"/Engine/EngineMaterials/Substrate/Glints2/dict_0004_0077" 8761
"../../../Engine/Content/EngineMaterials/Substrate/Glints2/dict_0004_0093.uasset" 8762
"/Engine/EngineMaterials/Substrate/Glints2/dict_0004_0091" 8763
"/Engine/EngineMaterials/Substrate/Glints2/dict_0004_0090" 8764
"/Engine/EngineMaterials/Substrate/Glints2/dict_0004_0093" 8765
"../../../Engine/Content/EngineMaterials/Substrate/Glints2/dict_0004_0085.uasset" 8766
"../../../Engine/Content/EngineMaterials/Substrate/Glints2/dict_0004_0096.uasset" 8767
"/Engine/EngineMaterials/Substrate/Glints2/dict_0004_0085" 8768
"/Engine/EngineMaterials/Substrate/Glints2/dict_0004_0096" 8769
"../../../Engine/Content/EngineMaterials/Substrate/Glints2/dict_0004_0088.uasset" 8770
"../../../Engine/Content/EngineMaterials/Substrate/Glints2/dict_0004_0092.uasset" 8771
"../../../Engine/Content/EngineMaterials/Substrate/Glints2/dict_0004_0094.uasset" 8772
"../../../Engine/Content/EngineMaterials/Substrate/Glints2/dict_0004_0081.uasset" 8773
"../../../Engine/Content/EngineMaterials/Substrate/Glints2/dict_0004_0074.uasset" 8774
"/Engine/EngineMaterials/Substrate/Glints2/dict_0004_0092" 8775
"/Engine/EngineMaterials/Substrate/Glints2/dict_0004_0081" 8776
"/Engine/EngineMaterials/Substrate/Glints2/dict_0004_0094" 8777
"/Engine/EngineMaterials/Substrate/Glints2/dict_0004_0088" 8778
"/Engine/EngineMaterials/Substrate/Glints2/dict_0004_0074" 8779
"../../../Engine/Content/EngineMaterials/Substrate/Glints2/dict_0004_0098.uasset" 8780
"../../../Engine/Content/EngineMaterials/Substrate/Glints2/dict_0004_0102.uasset" 8781
"../../../Engine/Content/EngineMaterials/Substrate/Glints2/dict_0004_0095.uasset" 8782
"../../../Engine/Content/EngineMaterials/Substrate/Glints2/dict_0004_0084.uasset" 8783
"/Engine/EngineMaterials/Substrate/Glints2/dict_0004_0098" 8784
"/Engine/EngineMaterials/Substrate/Glints2/dict_0004_0095" 8785
"/Engine/EngineMaterials/Substrate/Glints2/dict_0004_0084" 8786
"/Engine/EngineMaterials/Substrate/Glints2/dict_0004_0102" 8787
"../../../Engine/Content/EngineMaterials/Substrate/Glints2/dict_0004_0101.uasset" 8788
"../../../Engine/Content/EngineMaterials/Substrate/Glints2/dict_0004_0103.uasset" 8789
"../../../Engine/Content/EngineMaterials/Substrate/Glints2/dict_0004_0097.uasset" 8790
"../../../Engine/Content/EngineMaterials/Substrate/Glints2/dict_0004_0107.uasset" 8791
"../../../Engine/Content/EngineMaterials/Substrate/Glints2/dict_0004_0105.uasset" 8792
"../../../Engine/Content/EngineMaterials/Substrate/Glints2/dict_0004_0100.uasset" 8793
"../../../Engine/Content/EngineMaterials/Substrate/Glints2/dict_0004_0104.uasset" 8794
"../../../Engine/Content/EngineMaterials/Substrate/Glints2/dict_0004_0106.uasset" 8795
"/Engine/EngineMaterials/Substrate/Glints2/dict_0004_0107" 8796
"/Engine/EngineMaterials/Substrate/Glints2/dict_0004_0106" 8797
"/Engine/EngineMaterials/Substrate/Glints2/dict_0004_0100" 8798
"/Engine/EngineMaterials/Substrate/Glints2/dict_0004_0105" 8799
"/Engine/EngineMaterials/Substrate/Glints2/dict_0004_0097" 8800
"/Engine/EngineMaterials/Substrate/Glints2/dict_0004_0104" 8801
"/Engine/EngineMaterials/Substrate/Glints2/dict_0004_0101" 8802
"/Engine/EngineMaterials/Substrate/Glints2/dict_0004_0103" 8803
"../../../Engine/Content/EngineMaterials/Substrate/Glints2/dict_0004_0113.uasset" 8804
"../../../Engine/Content/EngineMaterials/Substrate/Glints2/dict_0004_0111.uasset" 8805
"/Engine/EngineMaterials/Substrate/Glints2/dict_0004_0111" 8806
"/Engine/EngineMaterials/Substrate/Glints2/dict_0004_0113" 8807
"../../../Engine/Content/EngineMaterials/Substrate/Glints2/dict_0004_0099.uasset" 8808
"../../../Engine/Content/EngineMaterials/Substrate/Glints2/dict_0004_0108.uasset" 8809
"/Engine/EngineMaterials/Substrate/Glints2/dict_0004_0099" 8810
"/Engine/EngineMaterials/Substrate/Glints2/dict_0004_0108" 8811
"../../../Engine/Content/EngineMaterials/Substrate/Glints2/dict_0004_0115.uasset" 8812
"../../../Engine/Content/EngineMaterials/Substrate/Glints2/dict_0004_0116.uasset" 8813
"../../../Engine/Content/EngineMaterials/Substrate/Glints2/dict_0004_0109.uasset" 8814
"../../../Engine/Content/EngineMaterials/Substrate/Glints2/dict_0004_0110.uasset" 8815
"../../../Engine/Content/EngineMaterials/Substrate/Glints2/dict_0004_0117.uasset" 8816
"../../../Engine/Content/EngineMaterials/Substrate/Glints2/dict_0004_0112.uasset" 8817
"../../../Engine/Content/EngineMaterials/Substrate/Glints2/dict_0004_0122.uasset" 8818
"../../../Engine/Content/EngineMaterials/Substrate/Glints2/dict_0004_0120.uasset" 8819
"../../../Engine/Content/EngineMaterials/Substrate/Glints2/dict_0004_0121.uasset" 8820
"/Engine/EngineMaterials/Substrate/Glints2/dict_0004_0110" 8821
"/Engine/EngineMaterials/Substrate/Glints2/dict_0004_0116" 8822
"/Engine/EngineMaterials/Substrate/Glints2/dict_0004_0117" 8823
"/Engine/EngineMaterials/Substrate/Glints2/dict_0004_0121" 8824
"/Engine/EngineMaterials/Substrate/Glints2/dict_0004_0115" 8825
"/Engine/EngineMaterials/Substrate/Glints2/dict_0004_0120" 8826
"/Engine/EngineMaterials/Substrate/Glints2/dict_0004_0112" 8827
"/Engine/EngineMaterials/Substrate/Glints2/dict_0004_0109" 8828
"/Engine/EngineMaterials/Substrate/Glints2/dict_0004_0122" 8829
"../../../Engine/Content/EngineMaterials/Substrate/Glints2/dict_0004_0129.uasset" 8830
"../../../Engine/Content/EngineMaterials/Substrate/Glints2/dict_0004_0119.uasset" 8831
"../../../Engine/Content/EngineMaterials/Substrate/Glints2/dict_0004_0123.uasset" 8832
"../../../Engine/Content/EngineMaterials/Substrate/Glints2/dict_0004_0128.uasset" 8833
"../../../Engine/Content/EngineMaterials/Substrate/Glints2/dict_0004_0114.uasset" 8834
"../../../Engine/Content/EngineMaterials/Substrate/Glints2/dict_0004_0125.uasset" 8835
"../../../Engine/Content/EngineMaterials/Substrate/Glints2/dict_0004_0124.uasset" 8836
"/Engine/EngineMaterials/Substrate/Glints2/dict_0004_0119" 8837
"/Engine/EngineMaterials/Substrate/Glints2/dict_0004_0125" 8838
"/Engine/EngineMaterials/Substrate/Glints2/dict_0004_0124" 8839
"/Engine/EngineMaterials/Substrate/Glints2/dict_0004_0114" 8840
"/Engine/EngineMaterials/Substrate/Glints2/dict_0004_0129" 8841
"/Engine/EngineMaterials/Substrate/Glints2/dict_0004_0123" 8842
"/Engine/EngineMaterials/Substrate/Glints2/dict_0004_0128" 8843
"../../../Engine/Content/EngineMaterials/Substrate/Glints2/dict_0004_0127.uasset" 8844
"../../../Engine/Content/EngineMaterials/Substrate/Glints2/dict_0004_0126.uasset" 8845
"../../../Engine/Content/EngineMaterials/Substrate/Glints2/dict_0004_0130.uasset" 8846
"/Engine/EngineMaterials/Substrate/Glints2/dict_0004_0126" 8847
"../../../Engine/Content/EngineMaterials/Substrate/Glints2/dict_0004_0133.uasset" 8848
"/Engine/EngineMaterials/Substrate/Glints2/dict_0004_0130" 8849
"/Engine/EngineMaterials/Substrate/Glints2/dict_0004_0127" 8850
"/Engine/EngineMaterials/Substrate/Glints2/dict_0004_0133" 8851
"../../../Engine/Content/EngineMaterials/Substrate/Glints2/dict_0004_0131.uasset" 8852
"../../../Engine/Content/EngineMaterials/Substrate/Glints2/dict_0004_0135.uasset" 8853
"../../../Engine/Content/EngineMaterials/Substrate/Glints2/dict_0004_0134.uasset" 8854
"/Engine/EngineMaterials/Substrate/Glints2/dict_0004_0135" 8855
"/Engine/EngineMaterials/Substrate/Glints2/dict_0004_0134" 8856
"/Engine/EngineMaterials/Substrate/Glints2/dict_0004_0131" 8857
"../../../Engine/Content/EngineMaterials/Substrate/Glints2/dict_0004_0136.uasset" 8858
"../../../Engine/Content/EngineMaterials/Substrate/Glints2/dict_0004_0132.uasset" 8859
"../../../Engine/Content/EngineMaterials/Substrate/Glints2/dict_0004_0139.uasset" 8860
"/Engine/EngineMaterials/Substrate/Glints2/dict_0004_0136" 8861
"/Engine/EngineMaterials/Substrate/Glints2/dict_0004_0132" 8862
"/Engine/EngineMaterials/Substrate/Glints2/dict_0004_0139" 8863
"../../../Engine/Content/EngineMaterials/Substrate/Glints2/dict_0004_0137.uasset" 8864
"../../../Engine/Content/EngineMaterials/Substrate/Glints2/dict_0004_0141.uasset" 8865
"../../../Engine/Content/EngineMaterials/Substrate/Glints2/dict_0004_0144.uasset" 8866
"../../../Engine/Content/EngineMaterials/Substrate/Glints2/dict_0004_0145.uasset" 8867
"../../../Engine/Content/EngineMaterials/Substrate/Glints2/dict_0004_0142.uasset" 8868
"../../../Engine/Content/EngineMaterials/Substrate/Glints2/dict_0004_0150.uasset" 8869
"../../../Engine/Content/EngineMaterials/Substrate/Glints2/dict_0004_0140.uasset" 8870
"/Engine/EngineMaterials/Substrate/Glints2/dict_0004_0137" 8871
"/Engine/EngineMaterials/Substrate/Glints2/dict_0004_0140" 8872
"/Engine/EngineMaterials/Substrate/Glints2/dict_0004_0150" 8873
"/Engine/EngineMaterials/Substrate/Glints2/dict_0004_0142" 8874
"/Engine/EngineMaterials/Substrate/Glints2/dict_0004_0145" 8875
"/Engine/EngineMaterials/Substrate/Glints2/dict_0004_0144" 8876
"/Engine/EngineMaterials/Substrate/Glints2/dict_0004_0141" 8877
"../../../Engine/Content/EngineMaterials/Substrate/Glints2/dict_0004_0138.uasset" 8878
"../../../Engine/Content/EngineMaterials/Substrate/Glints2/dict_0004_0152.uasset" 8879
"../../../Engine/Content/EngineMaterials/Substrate/Glints2/dict_0004_0143.uasset" 8880
"../../../Engine/Content/EngineMaterials/Substrate/Glints2/dict_0004_0147.uasset" 8881
"../../../Engine/Content/EngineMaterials/Substrate/Glints2/dict_0004_0148.uasset" 8882
"../../../Engine/Content/EngineMaterials/Substrate/Glints2/dict_0004_0153.uasset" 8883
"../../../Engine/Content/EngineMaterials/Substrate/Glints2/dict_0004_0155.uasset" 8884
"../../../Engine/Content/EngineMaterials/Substrate/Glints2/dict_0004_0151.uasset" 8885
"/Engine/EngineMaterials/Substrate/Glints2/dict_0004_0138" 8886
"/Engine/EngineMaterials/Substrate/Glints2/dict_0004_0151" 8887
"/Engine/EngineMaterials/Substrate/Glints2/dict_0004_0148" 8888
"/Engine/EngineMaterials/Substrate/Glints2/dict_0004_0147" 8889
"/Engine/EngineMaterials/Substrate/Glints2/dict_0004_0155" 8890
"/Engine/EngineMaterials/Substrate/Glints2/dict_0004_0153" 8891
"/Engine/EngineMaterials/Substrate/Glints2/dict_0004_0152" 8892
"/Engine/EngineMaterials/Substrate/Glints2/dict_0004_0143" 8893
"../../../Engine/Content/EngineMaterials/Substrate/Glints2/dict_0004_0146.uasset" 8894
"/Engine/EngineMaterials/Substrate/Glints2/dict_0004_0146" 8895
"../../../Engine/Content/EngineMaterials/Substrate/Glints2/dict_0004_0158.uasset" 8896
"../../../Engine/Content/EngineMaterials/Substrate/Glints2/dict_0004_0156.uasset" 8897
"../../../Engine/Content/EngineMaterials/Substrate/Glints2/dict_0004_0154.uasset" 8898
"../../../Engine/Content/EngineMaterials/Substrate/Glints2/dict_0004_0157.uasset" 8899
"../../../Engine/Content/EngineMaterials/Substrate/Glints2/dict_0004_0164.uasset" 8900
"/Engine/EngineMaterials/Substrate/Glints2/dict_0004_0158" 8901
"../../../Engine/Content/EngineMaterials/Substrate/Glints2/dict_0004_0163.uasset" 8902
"/Engine/EngineMaterials/Substrate/Glints2/dict_0004_0157" 8903
"/Engine/EngineMaterials/Substrate/Glints2/dict_0004_0156" 8904
"/Engine/EngineMaterials/Substrate/Glints2/dict_0004_0164" 8905
"/Engine/EngineMaterials/Substrate/Glints2/dict_0004_0154" 8906
"../../../Engine/Content/EngineMaterials/Substrate/Glints2/dict_0004_0166.uasset" 8907
"/Engine/EngineMaterials/Substrate/Glints2/dict_0004_0163" 8908
"/Engine/EngineMaterials/Substrate/Glints2/dict_0004_0166" 8909
"../../../Engine/Content/EngineMaterials/Substrate/Glints2/dict_0004_0161.uasset" 8910
"../../../Engine/Content/EngineMaterials/Substrate/Glints2/dict_0004_0118.uasset" 8911
"../../../Engine/Content/EngineMaterials/Substrate/Glints2/dict_0004_0168.uasset" 8912
"/Engine/EngineMaterials/Substrate/Glints2/dict_0004_0161" 8913
"../../../Engine/Content/EngineMaterials/Substrate/Glints2/dict_0004_0169.uasset" 8914
"/Engine/EngineMaterials/Substrate/Glints2/dict_0004_0118" 8915
"/Engine/EngineMaterials/Substrate/Glints2/dict_0004_0168" 8916
"/Engine/EngineMaterials/Substrate/Glints2/dict_0004_0169" 8917
"../../../Engine/Content/EngineMaterials/Substrate/Glints2/dict_0004_0160.uasset" 8918
"../../../Engine/Content/EngineMaterials/Substrate/Glints2/dict_0004_0167.uasset" 8919
"../../../Engine/Content/EngineMaterials/Substrate/Glints2/dict_0004_0165.uasset" 8920
"../../../Engine/Content/EngineMaterials/Substrate/Glints2/dict_0004_0159.uasset" 8921
"../../../Engine/Content/EngineMaterials/Substrate/Glints2/dict_0004_0149.uasset" 8922
"../../../Engine/Content/EngineMaterials/Substrate/Glints2/dict_0004_0162.uasset" 8923
"/Engine/EngineMaterials/Substrate/Glints2/dict_0004_0165" 8924
"/Engine/EngineMaterials/Substrate/Glints2/dict_0004_0160" 8925
"/Engine/EngineMaterials/Substrate/Glints2/dict_0004_0149" 8926
"/Engine/EngineMaterials/Substrate/Glints2/dict_0004_0162" 8927
"/Engine/EngineMaterials/Substrate/Glints2/dict_0004_0167" 8928
"../../../Engine/Content/EngineMaterials/Substrate/Glints2/dict_0004_0177.uasset" 8929
"/Engine/EngineMaterials/Substrate/Glints2/dict_0004_0159" 8930
"../../../Engine/Content/EngineMaterials/Substrate/Glints2/dict_0004_0178.uasset" 8931
"/Engine/EngineMaterials/Substrate/Glints2/dict_0004_0178" 8932
"/Engine/EngineMaterials/Substrate/Glints2/dict_0004_0177" 8933
"../../../Engine/Content/EngineMaterials/Substrate/Glints2/dict_0004_0173.uasset" 8934
"../../../Engine/Content/EngineMaterials/Substrate/Glints2/dict_0004_0172.uasset" 8935
"../../../Engine/Content/EngineMaterials/Substrate/Glints2/dict_0004_0181.uasset" 8936
"../../../Engine/Content/EngineMaterials/Substrate/Glints2/dict_0004_0180.uasset" 8937
"/Engine/EngineMaterials/Substrate/Glints2/dict_0004_0173" 8938
"/Engine/EngineMaterials/Substrate/Glints2/dict_0004_0172" 8939
"/Engine/EngineMaterials/Substrate/Glints2/dict_0004_0181" 8940
"/Engine/EngineMaterials/Substrate/Glints2/dict_0004_0180" 8941
"../../../Engine/Content/EngineMaterials/Substrate/Glints2/dict_0004_0184.uasset" 8942
"/Engine/EngineMaterials/Substrate/Glints2/dict_0004_0184" 8943
"../../../Engine/Content/EngineMaterials/Substrate/Glints2/dict_0004_0170.uasset" 8944
"../../../Engine/Content/EngineMaterials/Substrate/Glints2/dict_0004_0179.uasset" 8945
"../../../Engine/Content/EngineMaterials/Substrate/Glints2/dict_0004_0183.uasset" 8946
"../../../Engine/Content/EngineMaterials/Substrate/Glints2/dict_0004_0185.uasset" 8947
"../../../Engine/Content/EngineMaterials/Substrate/Glints2/dict_0004_0182.uasset" 8948
"/Engine/EngineMaterials/Substrate/Glints2/dict_0004_0183" 8949
"/Engine/EngineMaterials/Substrate/Glints2/dict_0004_0182" 8950
"/Engine/EngineMaterials/Substrate/Glints2/dict_0004_0179" 8951
"/Engine/EngineMaterials/Substrate/Glints2/dict_0004_0185" 8952
"/Engine/EngineMaterials/Substrate/Glints2/dict_0004_0170" 8953
"../../../Engine/Content/EngineMaterials/Substrate/Glints2/dict_0004_0171.uasset" 8954
"../../../Engine/Content/EngineMaterials/Substrate/Glints2/dict_0004_0174.uasset" 8955
"../../../Engine/Content/EngineMaterials/Substrate/Glints2/dict_0004_0186.uasset" 8956
"../../../Engine/Content/EngineMaterials/Substrate/Glints2/dict_0004_0176.uasset" 8957
"/Engine/EngineMaterials/Substrate/Glints2/dict_0004_0174" 8958
"/Engine/EngineMaterials/Substrate/Glints2/dict_0004_0186" 8959
"/Engine/EngineMaterials/Substrate/Glints2/dict_0004_0171" 8960
"/Engine/EngineMaterials/Substrate/Glints2/dict_0004_0176" 8961
"../../../Engine/Content/EngineMaterials/Substrate/Glints2/dict_0004_0190.uasset" 8962
"../../../Engine/Content/EngineMaterials/Substrate/Glints2/dict_0004_0194.uasset" 8963
"/Engine/EngineMaterials/Substrate/Glints2/dict_0004_0194" 8964
"../../../Engine/Content/EngineMaterials/Substrate/Glints2/dict_0004_0192.uasset" 8965
"/Engine/EngineMaterials/Substrate/Glints2/dict_0004_0190" 8966
"../../../Engine/Content/EngineMaterials/Substrate/Glints2/dict_0004_0191.uasset" 8967
"/Engine/EngineMaterials/Substrate/Glints2/dict_0004_0192" 8968
"/Engine/EngineMaterials/Substrate/Glints2/dict_0004_0191" 8969
"../../../Engine/Content/EngineMaterials/Substrate/Glints2/dict_0004_0175.uasset" 8970
"../../../Engine/Content/EngineMaterials/Substrate/Glints2/dict_0004_0188.uasset" 8971
"../../../Engine/Content/EngineMaterials/Substrate/Glints2/dict_0004_0189.uasset" 8972
"../../../Engine/Content/EngineMaterials/Substrate/Glints2/dict_0004_0187.uasset" 8973
"/Engine/EngineMaterials/Substrate/Glints2/dict_0004_0175" 8974
"/Engine/EngineMaterials/Substrate/Glints2/dict_0004_0189" 8975
"/Engine/EngineMaterials/Substrate/Glints2/dict_0004_0188" 8976
"/Engine/EngineMaterials/Substrate/Glints2/dict_0004_0187" 8977
"../../../Engine/Content/EngineMaterials/Substrate/Glints2/dict_0004_0197.uasset" 8978
"../../../Engine/Content/EngineMaterials/Substrate/Glints2/dict_0004_0196.uasset" 8979
"/Engine/EngineMaterials/Substrate/Glints2/dict_0004_0197" 8980
"/Engine/EngineMaterials/Substrate/Glints2/dict_0004_0196" 8981
"../../../Engine/Content/EngineMaterials/Substrate/Glints2/dict_0004_0199.uasset" 8982
"../../../Engine/Content/EngineMaterials/Substrate/Glints2/dict_0004_0201.uasset" 8983
"../../../Engine/Content/EngineMaterials/Substrate/Glints2/dict_0004_0203.uasset" 8984
"../../../Engine/Content/EngineMaterials/Substrate/Glints2/dict_0004_0193.uasset" 8985
"../../../Engine/Content/EngineMaterials/Substrate/Glints2/dict_0004_0200.uasset" 8986
"../../../Engine/Content/EngineMaterials/Substrate/Glints2/dict_0004_0205.uasset" 8987
"../../../Engine/Content/EngineMaterials/Substrate/Glints2/dict_0004_0204.uasset" 8988
"/Engine/EngineMaterials/Substrate/Glints2/dict_0004_0193" 8989
"/Engine/EngineMaterials/Substrate/Glints2/dict_0004_0201" 8990
"/Engine/EngineMaterials/Substrate/Glints2/dict_0004_0200" 8991
"/Engine/EngineMaterials/Substrate/Glints2/dict_0004_0199" 8992
"/Engine/EngineMaterials/Substrate/Glints2/dict_0004_0205" 8993
"/Engine/EngineMaterials/Substrate/Glints2/dict_0004_0204" 8994
"/Engine/EngineMaterials/Substrate/Glints2/dict_0004_0203" 8995
"../../../Engine/Content/EngineMaterials/Substrate/Glints2/dict_0004_0195.uasset" 8996
"../../../Engine/Content/EngineMaterials/Substrate/Glints2/dict_0004_0206.uasset" 8997
"/Engine/EngineMaterials/Substrate/Glints2/dict_0004_0206" 8998
"/Engine/EngineMaterials/Substrate/Glints2/dict_0004_0195" 8999
"../../../Engine/Content/EngineMaterials/Substrate/Glints2/dict_0004_0211.uasset" 9000
"../../../Engine/Content/EngineMaterials/Substrate/Glints2/dict_0004_0198.uasset" 9001
"../../../Engine/Content/EngineMaterials/Substrate/Glints2/dict_0004_0213.uasset" 9002
"../../../Engine/Content/EngineMaterials/Substrate/Glints2/dict_0004_0209.uasset" 9003
"../../../Engine/Content/EngineMaterials/Substrate/Glints2/dict_0004_0207.uasset" 9004
"../../../Engine/Content/EngineMaterials/Substrate/Glints2/dict_0004_0210.uasset" 9005
"/Engine/EngineMaterials/Substrate/Glints2/dict_0004_0213" 9006
"/Engine/EngineMaterials/Substrate/Glints2/dict_0004_0207" 9007
"/Engine/EngineMaterials/Substrate/Glints2/dict_0004_0198" 9008
"/Engine/EngineMaterials/Substrate/Glints2/dict_0004_0211" 9009
"/Engine/EngineMaterials/Substrate/Glints2/dict_0004_0209" 9010
"../../../Engine/Content/EngineMaterials/Substrate/Glints2/dict_0004_0217.uasset" 9011
"/Engine/EngineMaterials/Substrate/Glints2/dict_0004_0210" 9012
"/Engine/EngineMaterials/Substrate/Glints2/dict_0004_0217" 9013
"../../../Engine/Content/EngineMaterials/Substrate/Glints2/dict_0004_0216.uasset" 9014
"../../../Engine/Content/EngineMaterials/Substrate/Glints2/dict_0004_0220.uasset" 9015
"/Engine/EngineMaterials/Substrate/Glints2/dict_0004_0216" 9016
"/Engine/EngineMaterials/Substrate/Glints2/dict_0004_0220" 9017
"../../../Engine/Content/EngineMaterials/Substrate/Glints2/dict_0004_0215.uasset" 9018
"../../../Engine/Content/EngineMaterials/Substrate/Glints2/dict_0004_0218.uasset" 9019
"../../../Engine/Content/EngineMaterials/Substrate/Glints2/dict_0004_0212.uasset" 9020
"../../../Engine/Content/EngineMaterials/Substrate/Glints2/dict_0004_0214.uasset" 9021
"/Engine/EngineMaterials/Substrate/Glints2/dict_0004_0212" 9022
"/Engine/EngineMaterials/Substrate/Glints2/dict_0004_0218" 9023
"/Engine/EngineMaterials/Substrate/Glints2/dict_0004_0215" 9024
"/Engine/EngineMaterials/Substrate/Glints2/dict_0004_0214" 9025
"../../../Engine/Content/EngineMaterials/Substrate/Glints2/dict_0004_0202.uasset" 9026
"../../../Engine/Content/EngineMaterials/Substrate/Glints2/dict_0004_0219.uasset" 9027
"../../../Engine/Content/EngineMaterials/Substrate/Glints2/dict_0004_0225.uasset" 9028
"../../../Engine/Content/EngineMaterials/Substrate/Glints2/dict_0004_0222.uasset" 9029
"../../../Engine/Content/EngineMaterials/Substrate/Glints2/dict_0004_0228.uasset" 9030
"../../../Engine/Content/EngineMaterials/Substrate/Glints2/dict_0004_0226.uasset" 9031
"../../../Engine/Content/EngineMaterials/Substrate/Glints2/dict_0004_0223.uasset" 9032
"../../../Engine/Content/EngineMaterials/Substrate/Glints2/dict_0004_0208.uasset" 9033
"../../../Engine/Content/EngineMaterials/Substrate/Glints2/dict_0004_0229.uasset" 9034
"/Engine/EngineMaterials/Substrate/Glints2/dict_0004_0225" 9035
"/Engine/EngineMaterials/Substrate/Glints2/dict_0004_0219" 9036
"/Engine/EngineMaterials/Substrate/Glints2/dict_0004_0223" 9037
"/Engine/EngineMaterials/Substrate/Glints2/dict_0004_0222" 9038
"/Engine/EngineMaterials/Substrate/Glints2/dict_0004_0208" 9039
"/Engine/EngineMaterials/Substrate/Glints2/dict_0004_0228" 9040
"/Engine/EngineMaterials/Substrate/Glints2/dict_0004_0202" 9041
"/Engine/EngineMaterials/Substrate/Glints2/dict_0004_0226" 9042
"/Engine/EngineMaterials/Substrate/Glints2/dict_0004_0229" 9043
"../../../Engine/Content/EngineMaterials/Substrate/Glints2/dict_0004_0236.uasset" 9044
"../../../Engine/Content/EngineMaterials/Substrate/Glints2/dict_0004_0221.uasset" 9045
"../../../Engine/Content/EngineMaterials/Substrate/Glints2/dict_0004_0224.uasset" 9046
"../../../Engine/Content/EngineMaterials/Substrate/Glints2/dict_0004_0230.uasset" 9047
"../../../Engine/Content/EngineMaterials/Substrate/Glints2/dict_0004_0232.uasset" 9048
"../../../Engine/Content/EngineMaterials/Substrate/Glints2/dict_0004_0237.uasset" 9049
"/Engine/EngineMaterials/Substrate/Glints2/dict_0004_0224" 9050
"../../../Engine/Content/EngineMaterials/Substrate/Glints2/dict_0004_0235.uasset" 9051
"/Engine/EngineMaterials/Substrate/Glints2/dict_0004_0221" 9052
"../../../Engine/Content/EngineMaterials/Substrate/Glints2/dict_0004_0231.uasset" 9053
"/Engine/EngineMaterials/Substrate/Glints2/dict_0004_0232" 9054
"/Engine/EngineMaterials/Substrate/Glints2/dict_0004_0236" 9055
"/Engine/EngineMaterials/Substrate/Glints2/dict_0004_0230" 9056
"../../../Engine/Content/EngineMaterials/Substrate/Glints2/dict_0004_0239.uasset" 9057
"/Engine/EngineMaterials/Substrate/Glints2/dict_0004_0237" 9058
"/Engine/EngineMaterials/Substrate/Glints2/dict_0004_0231" 9059
"/Engine/EngineMaterials/Substrate/Glints2/dict_0004_0239" 9060
"/Engine/EngineMaterials/Substrate/Glints2/dict_0004_0235" 9061
"../../../Engine/Content/EngineMaterials/Substrate/Glints2/dict_0004_0233.uasset" 9062
"../../../Engine/Content/EngineMaterials/Substrate/Glints2/dict_0004_0234.uasset" 9063
"../../../Engine/Content/EngineMaterials/Substrate/Glints2/dict_0004_0242.uasset" 9064
"../../../Engine/Content/EngineMaterials/Substrate/Glints2/dict_0004_0245.uasset" 9065
"../../../Engine/Content/EngineMaterials/Substrate/Glints2/dict_0004_0243.uasset" 9066
"../../../Engine/Content/EngineMaterials/Substrate/Glints2/dict_0004_0241.uasset" 9067
"../../../Engine/Content/EngineMaterials/Substrate/Glints2/dict_0004_0238.uasset" 9068
"/Engine/EngineMaterials/Substrate/Glints2/dict_0004_0241" 9069
"/Engine/EngineMaterials/Substrate/Glints2/dict_0004_0243" 9070
"/Engine/EngineMaterials/Substrate/Glints2/dict_0004_0234" 9071
"/Engine/EngineMaterials/Substrate/Glints2/dict_0004_0233" 9072
"/Engine/EngineMaterials/Substrate/Glints2/dict_0004_0245" 9073
"/Engine/EngineMaterials/Substrate/Glints2/dict_0004_0238" 9074
"/Engine/EngineMaterials/Substrate/Glints2/dict_0004_0242" 9075
"../../../Engine/Content/EngineMaterials/Substrate/Glints2/dict_0004_0249.uasset" 9076
"../../../Engine/Content/EngineMaterials/Substrate/Glints2/dict_0004_0246.uasset" 9077
"../../../Engine/Content/EngineMaterials/Substrate/Glints2/dict_0004_0240.uasset" 9078
"/Engine/EngineMaterials/Substrate/Glints2/dict_0004_0249" 9079
"/Engine/EngineMaterials/Substrate/Glints2/dict_0004_0240" 9080
"/Engine/EngineMaterials/Substrate/Glints2/dict_0004_0246" 9081
"../../../Engine/Content/EngineMaterials/Substrate/Glints2/dict_0004_0250.uasset" 9082
"../../../Engine/Content/EngineMaterials/Substrate/Glints2/dict_0004_0248.uasset" 9083
"../../../Engine/Content/EngineMaterials/Substrate/Glints2/dict_0004_0253.uasset" 9084
"../../../Engine/Content/EngineMaterials/Substrate/Glints2/dict_0004_0227.uasset" 9085
"../../../Engine/Content/EngineMaterials/Substrate/Glints2/dict_0004_0252.uasset" 9086
"../../../Engine/Content/EngineMaterials/Substrate/Glints2/dict_0005_0002.uasset" 9087
"../../../Engine/Content/EngineMaterials/Substrate/Glints2/dict_0004_0247.uasset" 9088
"../../../Engine/Content/EngineMaterials/Substrate/Glints2/dict_0004_0251.uasset" 9089
"/Engine/EngineMaterials/Substrate/Glints2/dict_0005_0002" 9090
"/Engine/EngineMaterials/Substrate/Glints2/dict_0004_0227" 9091
"/Engine/EngineMaterials/Substrate/Glints2/dict_0004_0253" 9092
"../../../Engine/Content/EngineMaterials/Substrate/Glints2/dict_0005_0001.uasset" 9093
"/Engine/EngineMaterials/Substrate/Glints2/dict_0004_0252" 9094
"/Engine/EngineMaterials/Substrate/Glints2/dict_0004_0248" 9095
"/Engine/EngineMaterials/Substrate/Glints2/dict_0004_0247" 9096
"../../../Engine/Content/EngineMaterials/Substrate/Glints2/dict_0005_0005.uasset" 9097
"/Engine/EngineMaterials/Substrate/Glints2/dict_0004_0251" 9098
"/Engine/EngineMaterials/Substrate/Glints2/dict_0004_0250" 9099
"/Engine/EngineMaterials/Substrate/Glints2/dict_0005_0001" 9100
"/Engine/EngineMaterials/Substrate/Glints2/dict_0005_0005" 9101
"../../../Engine/Content/EngineMaterials/Substrate/Glints2/dict_0005_0008.uasset" 9102
"../../../Engine/Content/EngineMaterials/Substrate/Glints2/dict_0005_0009.uasset" 9103
"../../../Engine/Content/EngineMaterials/Substrate/Glints2/dict_0004_0255.uasset" 9104
"../../../Engine/Content/EngineMaterials/Substrate/Glints2/dict_0005_0004.uasset" 9105
"../../../Engine/Content/EngineMaterials/Substrate/Glints2/dict_0005_0010.uasset" 9106
"/Engine/EngineMaterials/Substrate/Glints2/dict_0005_0008" 9107
"/Engine/EngineMaterials/Substrate/Glints2/dict_0004_0255" 9108
"../../../Engine/Content/EngineMaterials/Substrate/Glints2/dict_0005_0007.uasset" 9109
"/Engine/EngineMaterials/Substrate/Glints2/dict_0005_0010" 9110
"/Engine/EngineMaterials/Substrate/Glints2/dict_0005_0004" 9111
"/Engine/EngineMaterials/Substrate/Glints2/dict_0005_0007" 9112
"../../../Engine/Content/EngineMaterials/Substrate/Glints2/dict_0004_0254.uasset" 9113
"../../../Engine/Content/EngineMaterials/Substrate/Glints2/dict_0004_0244.uasset" 9114
"../../../Engine/Content/EngineMaterials/Substrate/Glints2/dict_0005_0000.uasset" 9115
"../../../Engine/Content/EngineMaterials/Substrate/Glints2/dict_0005_0011.uasset" 9116
"/Engine/EngineMaterials/Substrate/Glints2/dict_0005_0000" 9117
"/Engine/EngineMaterials/Substrate/Glints2/dict_0004_0254" 9118
"/Engine/EngineMaterials/Substrate/Glints2/dict_0005_0011" 9119
"/Engine/EngineMaterials/Substrate/Glints2/dict_0004_0244" 9120
"/Engine/EngineMaterials/Substrate/Glints2/dict_0005_0009" 9121
"../../../Engine/Content/EngineMaterials/Substrate/Glints2/dict_0005_0013.uasset" 9122
"/Engine/EngineMaterials/Substrate/Glints2/dict_0005_0013" 9123
"../../../Engine/Content/EngineMaterials/Substrate/Glints2/dict_0005_0015.uasset" 9124
"../../../Engine/Content/EngineMaterials/Substrate/Glints2/dict_0005_0012.uasset" 9125
"../../../Engine/Content/EngineMaterials/Substrate/Glints2/dict_0005_0018.uasset" 9126
"../../../Engine/Content/EngineMaterials/Substrate/Glints2/dict_0005_0019.uasset" 9127
"../../../Engine/Content/EngineMaterials/Substrate/Glints2/dict_0005_0006.uasset" 9128
"../../../Engine/Content/EngineMaterials/Substrate/Glints2/dict_0005_0014.uasset" 9129
"../../../Engine/Content/EngineMaterials/Substrate/Glints2/dict_0005_0016.uasset" 9130
"/Engine/EngineMaterials/Substrate/Glints2/dict_0005_0018" 9131
"/Engine/EngineMaterials/Substrate/Glints2/dict_0005_0016" 9132
"/Engine/EngineMaterials/Substrate/Glints2/dict_0005_0015" 9133
"/Engine/EngineMaterials/Substrate/Glints2/dict_0005_0006" 9134
"/Engine/EngineMaterials/Substrate/Glints2/dict_0005_0014" 9135
"/Engine/EngineMaterials/Substrate/Glints2/dict_0005_0012" 9136
"/Engine/EngineMaterials/Substrate/Glints2/dict_0005_0019" 9137
"../../../Engine/Content/EngineMaterials/Substrate/Glints2/dict_0005_0003.uasset" 9138
"../../../Engine/Content/EngineMaterials/Substrate/Glints2/dict_0005_0024.uasset" 9139
"../../../Engine/Content/EngineMaterials/Substrate/Glints2/dict_0005_0023.uasset" 9140
"../../../Engine/Content/EngineMaterials/Substrate/Glints2/dict_0005_0017.uasset" 9141
"../../../Engine/Content/EngineMaterials/Substrate/Glints2/dict_0005_0020.uasset" 9142
"../../../Engine/Content/EngineMaterials/Substrate/Glints2/dict_0005_0022.uasset" 9143
"../../../Engine/Content/EngineMaterials/Substrate/Glints2/dict_0005_0025.uasset" 9144
"../../../Engine/Content/EngineMaterials/Substrate/Glints2/dict_0005_0026.uasset" 9145
"../../../Engine/Content/EngineMaterials/Substrate/Glints2/dict_0005_0021.uasset" 9146
"../../../Engine/Content/EngineMaterials/Substrate/Glints2/dict_0005_0030.uasset" 9147
"../../../Engine/Content/EngineMaterials/Substrate/Glints2/dict_0005_0029.uasset" 9148
"../../../Engine/Content/EngineMaterials/Substrate/Glints2/dict_0005_0035.uasset" 9149
"/Engine/EngineMaterials/Substrate/Glints2/dict_0005_0017" 9150
"/Engine/EngineMaterials/Substrate/Glints2/dict_0005_0021" 9151
"/Engine/EngineMaterials/Substrate/Glints2/dict_0005_0020" 9152
"/Engine/EngineMaterials/Substrate/Glints2/dict_0005_0030" 9153
"/Engine/EngineMaterials/Substrate/Glints2/dict_0005_0029" 9154
"/Engine/EngineMaterials/Substrate/Glints2/dict_0005_0026" 9155
"/Engine/EngineMaterials/Substrate/Glints2/dict_0005_0025" 9156
"/Engine/EngineMaterials/Substrate/Glints2/dict_0005_0024" 9157
"/Engine/EngineMaterials/Substrate/Glints2/dict_0005_0003" 9158
"../../../Engine/Content/EngineMaterials/Substrate/Glints2/dict_0005_0037.uasset" 9159
"/Engine/EngineMaterials/Substrate/Glints2/dict_0005_0023" 9160
"../../../Engine/Content/EngineMaterials/Substrate/Glints2/dict_0005_0038.uasset" 9161
"/Engine/EngineMaterials/Substrate/Glints2/dict_0005_0022" 9162
"/Engine/EngineMaterials/Substrate/Glints2/dict_0005_0035" 9163
"../../../Engine/Content/EngineMaterials/Substrate/Glints2/dict_0005_0027.uasset" 9164
"/Engine/EngineMaterials/Substrate/Glints2/dict_0005_0038" 9165
"/Engine/EngineMaterials/Substrate/Glints2/dict_0005_0037" 9166
"/Engine/EngineMaterials/Substrate/Glints2/dict_0005_0027" 9167
"../../../Engine/Content/EngineMaterials/Substrate/Glints2/dict_0005_0031.uasset" 9168
"../../../Engine/Content/EngineMaterials/Substrate/Glints2/dict_0005_0032.uasset" 9169
"/Engine/EngineMaterials/Substrate/Glints2/dict_0005_0031" 9170
"../../../Engine/Content/EngineMaterials/Substrate/Glints2/dict_0005_0043.uasset" 9171
"/Engine/EngineMaterials/Substrate/Glints2/dict_0005_0032" 9172
"../../../Engine/Content/EngineMaterials/Substrate/Glints2/dict_0005_0041.uasset" 9173
"/Engine/EngineMaterials/Substrate/Glints2/dict_0005_0043" 9174
"../../../Engine/Content/EngineMaterials/Substrate/Glints2/dict_0005_0036.uasset" 9175
"/Engine/EngineMaterials/Substrate/Glints2/dict_0005_0041" 9176
"/Engine/EngineMaterials/Substrate/Glints2/dict_0005_0036" 9177
"../../../Engine/Content/EngineMaterials/Substrate/Glints2/dict_0005_0034.uasset" 9178
"../../../Engine/Content/EngineMaterials/Substrate/Glints2/dict_0005_0040.uasset" 9179
"../../../Engine/Content/EngineMaterials/Substrate/Glints2/dict_0005_0039.uasset" 9180
"../../../Engine/Content/EngineMaterials/Substrate/Glints2/dict_0005_0045.uasset" 9181
"/Engine/EngineMaterials/Substrate/Glints2/dict_0005_0034" 9182
"/Engine/EngineMaterials/Substrate/Glints2/dict_0005_0040" 9183
"/Engine/EngineMaterials/Substrate/Glints2/dict_0005_0039" 9184
"/Engine/EngineMaterials/Substrate/Glints2/dict_0005_0045" 9185
"../../../Engine/Content/EngineMaterials/Substrate/Glints2/dict_0005_0033.uasset" 9186
"../../../Engine/Content/EngineMaterials/Substrate/Glints2/dict_0005_0044.uasset" 9187
"../../../Engine/Content/EngineMaterials/Substrate/Glints2/dict_0005_0047.uasset" 9188
"../../../Engine/Content/EngineMaterials/Substrate/Glints2/dict_0005_0050.uasset" 9189
"/Engine/EngineMaterials/Substrate/Glints2/dict_0005_0047" 9190
"/Engine/EngineMaterials/Substrate/Glints2/dict_0005_0033" 9191
"../../../Engine/Content/EngineMaterials/Substrate/Glints2/dict_0005_0042.uasset" 9192
"/Engine/EngineMaterials/Substrate/Glints2/dict_0005_0044" 9193
"/Engine/EngineMaterials/Substrate/Glints2/dict_0005_0050" 9194
"/Engine/EngineMaterials/Substrate/Glints2/dict_0005_0042" 9195
"../../../Engine/Content/EngineMaterials/Substrate/Glints2/dict_0005_0053.uasset" 9196
"/Engine/EngineMaterials/Substrate/Glints2/dict_0005_0053" 9197
"../../../Engine/Content/EngineMaterials/Substrate/Glints2/dict_0005_0056.uasset" 9198
"../../../Engine/Content/EngineMaterials/Substrate/Glints2/dict_0005_0049.uasset" 9199
"../../../Engine/Content/EngineMaterials/Substrate/Glints2/dict_0005_0046.uasset" 9200
"../../../Engine/Content/EngineMaterials/Substrate/Glints2/dict_0005_0054.uasset" 9201
"../../../Engine/Content/EngineMaterials/Substrate/Glints2/dict_0005_0051.uasset" 9202
"/Engine/EngineMaterials/Substrate/Glints2/dict_0005_0049" 9203
"/Engine/EngineMaterials/Substrate/Glints2/dict_0005_0046" 9204
"/Engine/EngineMaterials/Substrate/Glints2/dict_0005_0056" 9205
"/Engine/EngineMaterials/Substrate/Glints2/dict_0005_0054" 9206
"/Engine/EngineMaterials/Substrate/Glints2/dict_0005_0051" 9207
"../../../Engine/Content/EngineMaterials/Substrate/Glints2/dict_0005_0060.uasset" 9208
"../../../Engine/Content/EngineMaterials/Substrate/Glints2/dict_0005_0048.uasset" 9209
"../../../Engine/Content/EngineMaterials/Substrate/Glints2/dict_0005_0028.uasset" 9210
"/Engine/EngineMaterials/Substrate/Glints2/dict_0005_0060" 9211
"../../../Engine/Content/EngineMaterials/Substrate/Glints2/dict_0005_0052.uasset" 9212
"/Engine/EngineMaterials/Substrate/Glints2/dict_0005_0048" 9213
"../../../Engine/Content/EngineMaterials/Substrate/Glints2/dict_0005_0055.uasset" 9214
"/Engine/EngineMaterials/Substrate/Glints2/dict_0005_0028" 9215
"../../../Engine/Content/EngineMaterials/Substrate/Glints2/dict_0005_0062.uasset" 9216
"/Engine/EngineMaterials/Substrate/Glints2/dict_0005_0055" 9217
"/Engine/EngineMaterials/Substrate/Glints2/dict_0005_0062" 9218
"/Engine/EngineMaterials/Substrate/Glints2/dict_0005_0052" 9219
"../../../Engine/Content/EngineMaterials/Substrate/Glints2/dict_0005_0059.uasset" 9220
"../../../Engine/Content/EngineMaterials/Substrate/Glints2/dict_0005_0061.uasset" 9221
"/Engine/EngineMaterials/Substrate/Glints2/dict_0005_0059" 9222
"/Engine/EngineMaterials/Substrate/Glints2/dict_0005_0061" 9223
"../../../Engine/Content/EngineMaterials/Substrate/Glints2/dict_0005_0057.uasset" 9224
"../../../Engine/Content/EngineMaterials/Substrate/Glints2/dict_0005_0063.uasset" 9225
"../../../Engine/Content/EngineMaterials/Substrate/Glints2/dict_0005_0058.uasset" 9226
"../../../Engine/Content/EngineMaterials/Substrate/Glints2/dict_0005_0066.uasset" 9227
"/Engine/EngineMaterials/Substrate/Glints2/dict_0005_0066" 9228
"/Engine/EngineMaterials/Substrate/Glints2/dict_0005_0063" 9229
"/Engine/EngineMaterials/Substrate/Glints2/dict_0005_0058" 9230
"/Engine/EngineMaterials/Substrate/Glints2/dict_0005_0057" 9231
"../../../Engine/Content/EngineMaterials/Substrate/Glints2/dict_0005_0071.uasset" 9232
"../../../Engine/Content/EngineMaterials/Substrate/Glints2/dict_0005_0064.uasset" 9233
"../../../Engine/Content/EngineMaterials/Substrate/Glints2/dict_0005_0067.uasset" 9234
"../../../Engine/Content/EngineMaterials/Substrate/Glints2/dict_0005_0069.uasset" 9235
"/Engine/EngineMaterials/Substrate/Glints2/dict_0005_0069" 9236
"/Engine/EngineMaterials/Substrate/Glints2/dict_0005_0071" 9237
"/Engine/EngineMaterials/Substrate/Glints2/dict_0005_0064" 9238
"../../../Engine/Content/EngineMaterials/Substrate/Glints2/dict_0005_0075.uasset" 9239
"/Engine/EngineMaterials/Substrate/Glints2/dict_0005_0067" 9240
"/Engine/EngineMaterials/Substrate/Glints2/dict_0005_0075" 9241
"../../../Engine/Content/EngineMaterials/Substrate/Glints2/dict_0005_0073.uasset" 9242
"/Engine/EngineMaterials/Substrate/Glints2/dict_0005_0073" 9243
"../../../Engine/Content/EngineMaterials/Substrate/Glints2/dict_0005_0072.uasset" 9244
"../../../Engine/Content/EngineMaterials/Substrate/Glints2/dict_0005_0068.uasset" 9245
"../../../Engine/Content/EngineMaterials/Substrate/Glints2/dict_0005_0079.uasset" 9246
"/Engine/EngineMaterials/Substrate/Glints2/dict_0005_0072" 9247
"/Engine/EngineMaterials/Substrate/Glints2/dict_0005_0068" 9248
"/Engine/EngineMaterials/Substrate/Glints2/dict_0005_0079" 9249
"../../../Engine/Content/EngineMaterials/Substrate/Glints2/dict_0005_0076.uasset" 9250
"/Engine/EngineMaterials/Substrate/Glints2/dict_0005_0076" 9251
"../../../Engine/Content/EngineMaterials/Substrate/Glints2/dict_0005_0080.uasset" 9252
"../../../Engine/Content/EngineMaterials/Substrate/Glints2/dict_0005_0078.uasset" 9253
"/Engine/EngineMaterials/Substrate/Glints2/dict_0005_0080" 9254
"/Engine/EngineMaterials/Substrate/Glints2/dict_0005_0078" 9255
"../../../Engine/Content/EngineMaterials/Substrate/Glints2/dict_0005_0074.uasset" 9256
"/Engine/EngineMaterials/Substrate/Glints2/dict_0005_0074" 9257
"../../../Engine/Content/EngineMaterials/Substrate/Glints2/dict_0005_0065.uasset" 9258
"../../../Engine/Content/EngineMaterials/Substrate/Glints2/dict_0005_0082.uasset" 9259
"../../../Engine/Content/EngineMaterials/Substrate/Glints2/dict_0005_0081.uasset" 9260
"/Engine/EngineMaterials/Substrate/Glints2/dict_0005_0065" 9261
"/Engine/EngineMaterials/Substrate/Glints2/dict_0005_0082" 9262
"/Engine/EngineMaterials/Substrate/Glints2/dict_0005_0081" 9263
"../../../Engine/Content/EngineMaterials/Substrate/Glints2/dict_0005_0070.uasset" 9264
"../../../Engine/Content/EngineMaterials/Substrate/Glints2/dict_0005_0083.uasset" 9265
"../../../Engine/Content/EngineMaterials/Substrate/Glints2/dict_0005_0077.uasset" 9266
"../../../Engine/Content/EngineMaterials/Substrate/Glints2/dict_0005_0086.uasset" 9267
"../../../Engine/Content/EngineMaterials/Substrate/Glints2/dict_0005_0088.uasset" 9268
"../../../Engine/Content/EngineMaterials/Substrate/Glints2/dict_0005_0089.uasset" 9269
"../../../Engine/Content/EngineMaterials/Substrate/Glints2/dict_0005_0087.uasset" 9270
"/Engine/EngineMaterials/Substrate/Glints2/dict_0005_0087" 9271
"/Engine/EngineMaterials/Substrate/Glints2/dict_0005_0086" 9272
"/Engine/EngineMaterials/Substrate/Glints2/dict_0005_0077" 9273
"/Engine/EngineMaterials/Substrate/Glints2/dict_0005_0083" 9274
"/Engine/EngineMaterials/Substrate/Glints2/dict_0005_0070" 9275
"/Engine/EngineMaterials/Substrate/Glints2/dict_0005_0089" 9276
"/Engine/EngineMaterials/Substrate/Glints2/dict_0005_0088" 9277
"../../../Engine/Content/EngineMaterials/Substrate/Glints2/dict_0005_0090.uasset" 9278
"../../../Engine/Content/EngineMaterials/Substrate/Glints2/dict_0005_0084.uasset" 9279
"/Engine/EngineMaterials/Substrate/Glints2/dict_0005_0084" 9280
"/Engine/EngineMaterials/Substrate/Glints2/dict_0005_0090" 9281
"../../../Engine/Content/EngineMaterials/Substrate/Glints2/dict_0005_0085.uasset" 9282
"../../../Engine/Content/EngineMaterials/Substrate/Glints2/dict_0005_0095.uasset" 9283
"../../../Engine/Content/EngineMaterials/Substrate/Glints2/dict_0005_0096.uasset" 9284
"../../../Engine/Content/EngineMaterials/Substrate/Glints2/dict_0005_0091.uasset" 9285
"../../../Engine/Content/EngineMaterials/Substrate/Glints2/dict_0005_0092.uasset" 9286
"../../../Engine/Content/EngineMaterials/Substrate/Glints2/dict_0005_0094.uasset" 9287
"/Engine/EngineMaterials/Substrate/Glints2/dict_0005_0096" 9288
"/Engine/EngineMaterials/Substrate/Glints2/dict_0005_0095" 9289
"/Engine/EngineMaterials/Substrate/Glints2/dict_0005_0092" 9290
"/Engine/EngineMaterials/Substrate/Glints2/dict_0005_0085" 9291
"/Engine/EngineMaterials/Substrate/Glints2/dict_0005_0091" 9292
"../../../Engine/Content/EngineMaterials/Substrate/Glints2/dict_0005_0098.uasset" 9293
"../../../Engine/Content/EngineMaterials/Substrate/Glints2/dict_0005_0099.uasset" 9294
"/Engine/EngineMaterials/Substrate/Glints2/dict_0005_0094" 9295
"/Engine/EngineMaterials/Substrate/Glints2/dict_0005_0099" 9296
"/Engine/EngineMaterials/Substrate/Glints2/dict_0005_0098" 9297
"../../../Engine/Content/EngineMaterials/Substrate/Glints2/dict_0005_0100.uasset" 9298
"../../../Engine/Content/EngineMaterials/Substrate/Glints2/dict_0005_0104.uasset" 9299
"../../../Engine/Content/EngineMaterials/Substrate/Glints2/dict_0005_0102.uasset" 9300
"/Engine/EngineMaterials/Substrate/Glints2/dict_0005_0100" 9301
"/Engine/EngineMaterials/Substrate/Glints2/dict_0005_0104" 9302
"/Engine/EngineMaterials/Substrate/Glints2/dict_0005_0102" 9303
"../../../Engine/Content/EngineMaterials/Substrate/Glints2/dict_0005_0103.uasset" 9304
"../../../Engine/Content/EngineMaterials/Substrate/Glints2/dict_0005_0101.uasset" 9305
"../../../Engine/Content/EngineMaterials/Substrate/Glints2/dict_0005_0097.uasset" 9306
"../../../Engine/Content/EngineMaterials/Substrate/Glints2/dict_0005_0107.uasset" 9307
"../../../Engine/Content/EngineMaterials/Substrate/Glints2/dict_0005_0110.uasset" 9308
"../../../Engine/Content/EngineMaterials/Substrate/Glints2/dict_0005_0093.uasset" 9309
"/Engine/EngineMaterials/Substrate/Glints2/dict_0005_0093" 9310
"/Engine/EngineMaterials/Substrate/Glints2/dict_0005_0101" 9311
"/Engine/EngineMaterials/Substrate/Glints2/dict_0005_0110" 9312
"/Engine/EngineMaterials/Substrate/Glints2/dict_0005_0103" 9313
"/Engine/EngineMaterials/Substrate/Glints2/dict_0005_0107" 9314
"../../../Engine/Content/EngineMaterials/Substrate/Glints2/dict_0005_0112.uasset" 9315
"/Engine/EngineMaterials/Substrate/Glints2/dict_0005_0097" 9316
"/Engine/EngineMaterials/Substrate/Glints2/dict_0005_0112" 9317
"../../../Engine/Content/EngineMaterials/Substrate/Glints2/dict_0005_0106.uasset" 9318
"../../../Engine/Content/EngineMaterials/Substrate/Glints2/dict_0005_0111.uasset" 9319
"../../../Engine/Content/EngineMaterials/Substrate/Glints2/dict_0005_0115.uasset" 9320
"../../../Engine/Content/EngineMaterials/Substrate/Glints2/dict_0005_0108.uasset" 9321
"../../../Engine/Content/EngineMaterials/Substrate/Glints2/dict_0005_0113.uasset" 9322
"../../../Engine/Content/EngineMaterials/Substrate/Glints2/dict_0005_0105.uasset" 9323
"../../../Engine/Content/EngineMaterials/Substrate/Glints2/dict_0005_0121.uasset" 9324
"../../../Engine/Content/EngineMaterials/Substrate/Glints2/dict_0005_0120.uasset" 9325
"/Engine/EngineMaterials/Substrate/Glints2/dict_0005_0121" 9326
"/Engine/EngineMaterials/Substrate/Glints2/dict_0005_0105" 9327
"/Engine/EngineMaterials/Substrate/Glints2/dict_0005_0115" 9328
"/Engine/EngineMaterials/Substrate/Glints2/dict_0005_0106" 9329
"/Engine/EngineMaterials/Substrate/Glints2/dict_0005_0111" 9330
"/Engine/EngineMaterials/Substrate/Glints2/dict_0005_0108" 9331
"../../../Engine/Content/EngineMaterials/Substrate/Glints2/dict_0005_0117.uasset" 9332
"/Engine/EngineMaterials/Substrate/Glints2/dict_0005_0120" 9333
"../../../Engine/Content/EngineMaterials/Substrate/Glints2/dict_0005_0124.uasset" 9334
"../../../Engine/Content/EngineMaterials/Substrate/Glints2/dict_0005_0125.uasset" 9335
"/Engine/EngineMaterials/Substrate/Glints2/dict_0005_0113" 9336
"/Engine/EngineMaterials/Substrate/Glints2/dict_0005_0125" 9337
"/Engine/EngineMaterials/Substrate/Glints2/dict_0005_0124" 9338
"../../../Engine/Content/EngineMaterials/Substrate/Glints2/dict_0005_0127.uasset" 9339
"/Engine/EngineMaterials/Substrate/Glints2/dict_0005_0117" 9340
"/Engine/EngineMaterials/Substrate/Glints2/dict_0005_0127" 9341
"../../../Engine/Content/EngineMaterials/Substrate/Glints2/dict_0005_0122.uasset" 9342
"../../../Engine/Content/EngineMaterials/Substrate/Glints2/dict_0005_0119.uasset" 9343
"../../../Engine/Content/EngineMaterials/Substrate/Glints2/dict_0005_0114.uasset" 9344
"../../../Engine/Content/EngineMaterials/Substrate/Glints2/dict_0005_0109.uasset" 9345
"../../../Engine/Content/EngineMaterials/Substrate/Glints2/dict_0005_0128.uasset" 9346
"../../../Engine/Content/EngineMaterials/Substrate/Glints2/dict_0005_0116.uasset" 9347
"../../../Engine/Content/EngineMaterials/Substrate/Glints2/dict_0005_0118.uasset" 9348
"../../../Engine/Content/EngineMaterials/Substrate/Glints2/dict_0005_0126.uasset" 9349
"../../../Engine/Content/EngineMaterials/Substrate/Glints2/dict_0005_0123.uasset" 9350
"../../../Engine/Content/EngineMaterials/Substrate/Glints2/dict_0005_0132.uasset" 9351
"../../../Engine/Content/EngineMaterials/Substrate/Glints2/dict_0005_0131.uasset" 9352
"/Engine/EngineMaterials/Substrate/Glints2/dict_0005_0126" 9353
"/Engine/EngineMaterials/Substrate/Glints2/dict_0005_0132" 9354
"/Engine/EngineMaterials/Substrate/Glints2/dict_0005_0119" 9355
"/Engine/EngineMaterials/Substrate/Glints2/dict_0005_0118" 9356
"/Engine/EngineMaterials/Substrate/Glints2/dict_0005_0131" 9357
"/Engine/EngineMaterials/Substrate/Glints2/dict_0005_0128" 9358
"/Engine/EngineMaterials/Substrate/Glints2/dict_0005_0116" 9359
"/Engine/EngineMaterials/Substrate/Glints2/dict_0005_0123" 9360
"/Engine/EngineMaterials/Substrate/Glints2/dict_0005_0114" 9361
"/Engine/EngineMaterials/Substrate/Glints2/dict_0005_0122" 9362
"/Engine/EngineMaterials/Substrate/Glints2/dict_0005_0109" 9363
"../../../Engine/Content/EngineMaterials/Substrate/Glints2/dict_0005_0129.uasset" 9364
"../../../Engine/Content/EngineMaterials/Substrate/Glints2/dict_0005_0130.uasset" 9365
"../../../Engine/Content/EngineMaterials/Substrate/Glints2/dict_0005_0134.uasset" 9366
"../../../Engine/Content/EngineMaterials/Substrate/Glints2/dict_0005_0136.uasset" 9367
"../../../Engine/Content/EngineMaterials/Substrate/Glints2/dict_0005_0133.uasset" 9368
"../../../Engine/Content/EngineMaterials/Substrate/Glints2/dict_0005_0137.uasset" 9369
"../../../Engine/Content/EngineMaterials/Substrate/Glints2/dict_0005_0135.uasset" 9370
"/Engine/EngineMaterials/Substrate/Glints2/dict_0005_0129" 9371
"/Engine/EngineMaterials/Substrate/Glints2/dict_0005_0130" 9372
"/Engine/EngineMaterials/Substrate/Glints2/dict_0005_0137" 9373
"/Engine/EngineMaterials/Substrate/Glints2/dict_0005_0136" 9374
"/Engine/EngineMaterials/Substrate/Glints2/dict_0005_0135" 9375
"/Engine/EngineMaterials/Substrate/Glints2/dict_0005_0134" 9376
"/Engine/EngineMaterials/Substrate/Glints2/dict_0005_0133" 9377
"../../../Engine/Content/EngineMaterials/Substrate/Glints2/dict_0005_0139.uasset" 9378
"../../../Engine/Content/EngineMaterials/Substrate/Glints2/dict_0005_0138.uasset" 9379
"../../../Engine/Content/EngineMaterials/Substrate/Glints2/dict_0005_0140.uasset" 9380
"../../../Engine/Content/EngineMaterials/Substrate/Glints2/dict_0005_0146.uasset" 9381
"../../../Engine/Content/EngineMaterials/Substrate/Glints2/dict_0005_0141.uasset" 9382
"../../../Engine/Content/EngineMaterials/Substrate/Glints2/dict_0005_0142.uasset" 9383
"/Engine/EngineMaterials/Substrate/Glints2/dict_0005_0146" 9384
"/Engine/EngineMaterials/Substrate/Glints2/dict_0005_0138" 9385
"/Engine/EngineMaterials/Substrate/Glints2/dict_0005_0139" 9386
"/Engine/EngineMaterials/Substrate/Glints2/dict_0005_0142" 9387
"/Engine/EngineMaterials/Substrate/Glints2/dict_0005_0141" 9388
"/Engine/EngineMaterials/Substrate/Glints2/dict_0005_0140" 9389
"../../../Engine/Content/EngineMaterials/Substrate/Glints2/dict_0005_0143.uasset" 9390
"../../../Engine/Content/EngineMaterials/Substrate/Glints2/dict_0005_0148.uasset" 9391
"../../../Engine/Content/EngineMaterials/Substrate/Glints2/dict_0005_0144.uasset" 9392
"../../../Engine/Content/EngineMaterials/Substrate/Glints2/dict_0005_0149.uasset" 9393
"/Engine/EngineMaterials/Substrate/Glints2/dict_0005_0149" 9394
"/Engine/EngineMaterials/Substrate/Glints2/dict_0005_0148" 9395
"/Engine/EngineMaterials/Substrate/Glints2/dict_0005_0144" 9396
"/Engine/EngineMaterials/Substrate/Glints2/dict_0005_0143" 9397
"../../../Engine/Content/EngineMaterials/Substrate/Glints2/dict_0005_0155.uasset" 9398
"../../../Engine/Content/EngineMaterials/Substrate/Glints2/dict_0005_0152.uasset" 9399
"../../../Engine/Content/EngineMaterials/Substrate/Glints2/dict_0005_0157.uasset" 9400
"../../../Engine/Content/EngineMaterials/Substrate/Glints2/dict_0005_0147.uasset" 9401
"../../../Engine/Content/EngineMaterials/Substrate/Glints2/dict_0005_0153.uasset" 9402
"../../../Engine/Content/EngineMaterials/Substrate/Glints2/dict_0005_0154.uasset" 9403
"../../../Engine/Content/EngineMaterials/Substrate/Glints2/dict_0005_0150.uasset" 9404
"/Engine/EngineMaterials/Substrate/Glints2/dict_0005_0147" 9405
"/Engine/EngineMaterials/Substrate/Glints2/dict_0005_0150" 9406
"../../../Engine/Content/EngineMaterials/Substrate/Glints2/dict_0005_0158.uasset" 9407
"/Engine/EngineMaterials/Substrate/Glints2/dict_0005_0157" 9408
"/Engine/EngineMaterials/Substrate/Glints2/dict_0005_0155" 9409
"/Engine/EngineMaterials/Substrate/Glints2/dict_0005_0154" 9410
"/Engine/EngineMaterials/Substrate/Glints2/dict_0005_0153" 9411
"/Engine/EngineMaterials/Substrate/Glints2/dict_0005_0152" 9412
"/Engine/EngineMaterials/Substrate/Glints2/dict_0005_0158" 9413
"../../../Engine/Content/EngineMaterials/Substrate/Glints2/dict_0005_0145.uasset" 9414
"../../../Engine/Content/EngineMaterials/Substrate/Glints2/dict_0005_0165.uasset" 9415
"../../../Engine/Content/EngineMaterials/Substrate/Glints2/dict_0005_0159.uasset" 9416
"../../../Engine/Content/EngineMaterials/Substrate/Glints2/dict_0005_0163.uasset" 9417
"/Engine/EngineMaterials/Substrate/Glints2/dict_0005_0159" 9418
"/Engine/EngineMaterials/Substrate/Glints2/dict_0005_0145" 9419
"/Engine/EngineMaterials/Substrate/Glints2/dict_0005_0165" 9420
"/Engine/EngineMaterials/Substrate/Glints2/dict_0005_0163" 9421
"../../../Engine/Content/EngineMaterials/Substrate/Glints2/dict_0005_0162.uasset" 9422
"../../../Engine/Content/EngineMaterials/Substrate/Glints2/dict_0005_0164.uasset" 9423
"../../../Engine/Content/EngineMaterials/Substrate/Glints2/dict_0005_0151.uasset" 9424
"../../../Engine/Content/EngineMaterials/Substrate/Glints2/dict_0005_0156.uasset" 9425
"../../../Engine/Content/EngineMaterials/Substrate/Glints2/dict_0005_0161.uasset" 9426
"/Engine/EngineMaterials/Substrate/Glints2/dict_0005_0162" 9427
"/Engine/EngineMaterials/Substrate/Glints2/dict_0005_0161" 9428
"/Engine/EngineMaterials/Substrate/Glints2/dict_0005_0156" 9429
"/Engine/EngineMaterials/Substrate/Glints2/dict_0005_0151" 9430
"/Engine/EngineMaterials/Substrate/Glints2/dict_0005_0164" 9431
"../../../Engine/Content/EngineMaterials/Substrate/Glints2/dict_0005_0160.uasset" 9432
"../../../Engine/Content/EngineMaterials/Substrate/Glints2/dict_0005_0169.uasset" 9433
"/Engine/EngineMaterials/Substrate/Glints2/dict_0005_0160" 9434
"/Engine/EngineMaterials/Substrate/Glints2/dict_0005_0169" 9435
"../../../Engine/Content/EngineMaterials/Substrate/Glints2/dict_0005_0167.uasset" 9436
"../../../Engine/Content/EngineMaterials/Substrate/Glints2/dict_0005_0172.uasset" 9437
"../../../Engine/Content/EngineMaterials/Substrate/Glints2/dict_0005_0170.uasset" 9438
"../../../Engine/Content/EngineMaterials/Substrate/Glints2/dict_0005_0168.uasset" 9439
"../../../Engine/Content/EngineMaterials/Substrate/Glints2/dict_0005_0174.uasset" 9440
"../../../Engine/Content/EngineMaterials/Substrate/Glints2/dict_0005_0173.uasset" 9441
"../../../Engine/Content/EngineMaterials/Substrate/Glints2/dict_0005_0176.uasset" 9442
"/Engine/EngineMaterials/Substrate/Glints2/dict_0005_0174" 9443
"/Engine/EngineMaterials/Substrate/Glints2/dict_0005_0168" 9444
"/Engine/EngineMaterials/Substrate/Glints2/dict_0005_0173" 9445
"/Engine/EngineMaterials/Substrate/Glints2/dict_0005_0176" 9446
"/Engine/EngineMaterials/Substrate/Glints2/dict_0005_0172" 9447
"/Engine/EngineMaterials/Substrate/Glints2/dict_0005_0167" 9448
"/Engine/EngineMaterials/Substrate/Glints2/dict_0005_0170" 9449
"../../../Engine/Content/EngineMaterials/Substrate/Glints2/dict_0005_0166.uasset" 9450
"../../../Engine/Content/EngineMaterials/Substrate/Glints2/dict_0005_0182.uasset" 9451
"/Engine/EngineMaterials/Substrate/Glints2/dict_0005_0182" 9452
"/Engine/EngineMaterials/Substrate/Glints2/dict_0005_0166" 9453
"../../../Engine/Content/EngineMaterials/Substrate/Glints2/dict_0005_0179.uasset" 9454
"../../../Engine/Content/EngineMaterials/Substrate/Glints2/dict_0005_0183.uasset" 9455
"../../../Engine/Content/EngineMaterials/Substrate/Glints2/dict_0005_0180.uasset" 9456
"../../../Engine/Content/EngineMaterials/Substrate/Glints2/dict_0005_0181.uasset" 9457
"../../../Engine/Content/EngineMaterials/Substrate/Glints2/dict_0005_0175.uasset" 9458
"../../../Engine/Content/EngineMaterials/Substrate/Glints2/dict_0005_0171.uasset" 9459
"../../../Engine/Content/EngineMaterials/Substrate/Glints2/dict_0005_0177.uasset" 9460
"../../../Engine/Content/EngineMaterials/Substrate/Glints2/dict_0005_0178.uasset" 9461
"/Engine/EngineMaterials/Substrate/Glints2/dict_0005_0175" 9462
"/Engine/EngineMaterials/Substrate/Glints2/dict_0005_0179" 9463
"/Engine/EngineMaterials/Substrate/Glints2/dict_0005_0178" 9464
"../../../Engine/Content/EngineMaterials/Substrate/Glints2/dict_0005_0190.uasset" 9465
"/Engine/EngineMaterials/Substrate/Glints2/dict_0005_0177" 9466
"/Engine/EngineMaterials/Substrate/Glints2/dict_0005_0183" 9467
"/Engine/EngineMaterials/Substrate/Glints2/dict_0005_0171" 9468
"/Engine/EngineMaterials/Substrate/Glints2/dict_0005_0181" 9469
"/Engine/EngineMaterials/Substrate/Glints2/dict_0005_0180" 9470
"/Engine/EngineMaterials/Substrate/Glints2/dict_0005_0190" 9471
"../../../Engine/Content/EngineMaterials/Substrate/Glints2/dict_0005_0194.uasset" 9472
"../../../Engine/Content/EngineMaterials/Substrate/Glints2/dict_0005_0187.uasset" 9473
"../../../Engine/Content/EngineMaterials/Substrate/Glints2/dict_0005_0191.uasset" 9474
"../../../Engine/Content/EngineMaterials/Substrate/Glints2/dict_0005_0192.uasset" 9475
"../../../Engine/Content/EngineMaterials/Substrate/Glints2/dict_0005_0186.uasset" 9476
"../../../Engine/Content/EngineMaterials/Substrate/Glints2/dict_0005_0188.uasset" 9477
"../../../Engine/Content/EngineMaterials/Substrate/Glints2/dict_0005_0184.uasset" 9478
"../../../Engine/Content/EngineMaterials/Substrate/Glints2/dict_0005_0199.uasset" 9479
"../../../Engine/Content/EngineMaterials/Substrate/Glints2/dict_0005_0185.uasset" 9480
"/Engine/EngineMaterials/Substrate/Glints2/dict_0005_0186" 9481
"../../../Engine/Content/EngineMaterials/Substrate/Glints2/dict_0005_0195.uasset" 9482
"../../../Engine/Content/EngineMaterials/Substrate/Glints2/dict_0005_0198.uasset" 9483
"../../../Engine/Content/EngineMaterials/Substrate/Glints2/dict_0005_0197.uasset" 9484
"../../../Engine/Content/EngineMaterials/Substrate/Glints2/dict_0005_0196.uasset" 9485
"/Engine/EngineMaterials/Substrate/Glints2/dict_0005_0185" 9486
"/Engine/EngineMaterials/Substrate/Glints2/dict_0005_0191" 9487
"/Engine/EngineMaterials/Substrate/Glints2/dict_0005_0187" 9488
"/Engine/EngineMaterials/Substrate/Glints2/dict_0005_0184" 9489
"/Engine/EngineMaterials/Substrate/Glints2/dict_0005_0194" 9490
"/Engine/EngineMaterials/Substrate/Glints2/dict_0005_0199" 9491
"/Engine/EngineMaterials/Substrate/Glints2/dict_0005_0192" 9492
"/Engine/EngineMaterials/Substrate/Glints2/dict_0005_0188" 9493
"../../../Engine/Content/EngineMaterials/Substrate/Glints2/dict_0005_0206.uasset" 9494
"/Engine/EngineMaterials/Substrate/Glints2/dict_0005_0196" 9495
"/Engine/EngineMaterials/Substrate/Glints2/dict_0005_0195" 9496
"/Engine/EngineMaterials/Substrate/Glints2/dict_0005_0198" 9497
"../../../Engine/Content/EngineMaterials/Substrate/Glints2/dict_0005_0205.uasset" 9498
"../../../Engine/Content/EngineMaterials/Substrate/Glints2/dict_0005_0207.uasset" 9499
"/Engine/EngineMaterials/Substrate/Glints2/dict_0005_0197" 9500
"/Engine/EngineMaterials/Substrate/Glints2/dict_0005_0206" 9501
"/Engine/EngineMaterials/Substrate/Glints2/dict_0005_0205" 9502
"/Engine/EngineMaterials/Substrate/Glints2/dict_0005_0207" 9503
"../../../Engine/Content/EngineMaterials/Substrate/Glints2/dict_0005_0200.uasset" 9504
"../../../Engine/Content/EngineMaterials/Substrate/Glints2/dict_0005_0201.uasset" 9505
"../../../Engine/Content/EngineMaterials/Substrate/Glints2/dict_0005_0208.uasset" 9506
"../../../Engine/Content/EngineMaterials/Substrate/Glints2/dict_0005_0204.uasset" 9507
"../../../Engine/Content/EngineMaterials/Substrate/Glints2/dict_0005_0193.uasset" 9508
"../../../Engine/Content/EngineMaterials/Substrate/Glints2/dict_0005_0202.uasset" 9509
"/Engine/EngineMaterials/Substrate/Glints2/dict_0005_0204" 9510
"../../../Engine/Content/EngineMaterials/Substrate/Glints2/dict_0005_0209.uasset" 9511
"/Engine/EngineMaterials/Substrate/Glints2/dict_0005_0202" 9512
"../../../Engine/Content/EngineMaterials/Substrate/Glints2/dict_0005_0210.uasset" 9513
"/Engine/EngineMaterials/Substrate/Glints2/dict_0005_0193" 9514
"/Engine/EngineMaterials/Substrate/Glints2/dict_0005_0201" 9515
"/Engine/EngineMaterials/Substrate/Glints2/dict_0005_0200" 9516
"/Engine/EngineMaterials/Substrate/Glints2/dict_0005_0208" 9517
"../../../Engine/Content/EngineMaterials/Substrate/Glints2/dict_0005_0215.uasset" 9518
"../../../Engine/Content/EngineMaterials/Substrate/Glints2/dict_0005_0211.uasset" 9519
"/Engine/EngineMaterials/Substrate/Glints2/dict_0005_0215" 9520
"/Engine/EngineMaterials/Substrate/Glints2/dict_0005_0211" 9521
"../../../Engine/Content/EngineMaterials/Substrate/Glints2/dict_0005_0214.uasset" 9522
"/Engine/EngineMaterials/Substrate/Glints2/dict_0005_0210" 9523
"/Engine/EngineMaterials/Substrate/Glints2/dict_0005_0209" 9524
"/Engine/EngineMaterials/Substrate/Glints2/dict_0005_0214" 9525
"../../../Engine/Content/EngineMaterials/Substrate/Glints2/dict_0005_0213.uasset" 9526
"/Engine/EngineMaterials/Substrate/Glints2/dict_0005_0213" 9527
"../../../Engine/Content/EngineMaterials/Substrate/Glints2/dict_0005_0218.uasset" 9528
"../../../Engine/Content/EngineMaterials/Substrate/Glints2/dict_0005_0216.uasset" 9529
"../../../Engine/Content/EngineMaterials/Substrate/Glints2/dict_0005_0189.uasset" 9530
"/Engine/EngineMaterials/Substrate/Glints2/dict_0005_0216" 9531
"/Engine/EngineMaterials/Substrate/Glints2/dict_0005_0189" 9532
"/Engine/EngineMaterials/Substrate/Glints2/dict_0005_0218" 9533
"../../../Engine/Content/EngineMaterials/Substrate/Glints2/dict_0005_0225.uasset" 9534
"../../../Engine/Content/EngineMaterials/Substrate/Glints2/dict_0005_0203.uasset" 9535
"../../../Engine/Content/EngineMaterials/Substrate/Glints2/dict_0005_0217.uasset" 9536
"../../../Engine/Content/EngineMaterials/Substrate/Glints2/dict_0005_0221.uasset" 9537
"../../../Engine/Content/EngineMaterials/Substrate/Glints2/dict_0005_0224.uasset" 9538
"../../../Engine/Content/EngineMaterials/Substrate/Glints2/dict_0005_0212.uasset" 9539
"../../../Engine/Content/EngineMaterials/Substrate/Glints2/dict_0005_0223.uasset" 9540
"../../../Engine/Content/EngineMaterials/Substrate/Glints2/dict_0005_0228.uasset" 9541
"/Engine/EngineMaterials/Substrate/Glints2/dict_0005_0225" 9542
"/Engine/EngineMaterials/Substrate/Glints2/dict_0005_0228" 9543
"/Engine/EngineMaterials/Substrate/Glints2/dict_0005_0224" 9544
"/Engine/EngineMaterials/Substrate/Glints2/dict_0005_0223" 9545
"/Engine/EngineMaterials/Substrate/Glints2/dict_0005_0221" 9546
"/Engine/EngineMaterials/Substrate/Glints2/dict_0005_0212" 9547
"/Engine/EngineMaterials/Substrate/Glints2/dict_0005_0203" 9548
"/Engine/EngineMaterials/Substrate/Glints2/dict_0005_0217" 9549
"../../../Engine/Content/EngineMaterials/Substrate/Glints2/dict_0005_0231.uasset" 9550
"../../../Engine/Content/EngineMaterials/Substrate/Glints2/dict_0005_0222.uasset" 9551
"../../../Engine/Content/EngineMaterials/Substrate/Glints2/dict_0005_0219.uasset" 9552
"../../../Engine/Content/EngineMaterials/Substrate/Glints2/dict_0005_0230.uasset" 9553
"../../../Engine/Content/EngineMaterials/Substrate/Glints2/dict_0005_0232.uasset" 9554
"../../../Engine/Content/EngineMaterials/Substrate/Glints2/dict_0005_0220.uasset" 9555
"../../../Engine/Content/EngineMaterials/Substrate/Glints2/dict_0005_0233.uasset" 9556
"../../../Engine/Content/EngineMaterials/Substrate/Glints2/dict_0005_0226.uasset" 9557
"/Engine/EngineMaterials/Substrate/Glints2/dict_0005_0230" 9558
"/Engine/EngineMaterials/Substrate/Glints2/dict_0005_0222" 9559
"/Engine/EngineMaterials/Substrate/Glints2/dict_0005_0220" 9560
"/Engine/EngineMaterials/Substrate/Glints2/dict_0005_0232" 9561
"/Engine/EngineMaterials/Substrate/Glints2/dict_0005_0231" 9562
"/Engine/EngineMaterials/Substrate/Glints2/dict_0005_0226" 9563
"/Engine/EngineMaterials/Substrate/Glints2/dict_0005_0219" 9564
"/Engine/EngineMaterials/Substrate/Glints2/dict_0005_0233" 9565
"../../../Engine/Content/EngineMaterials/Substrate/Glints2/dict_0005_0235.uasset" 9566
"../../../Engine/Content/EngineMaterials/Substrate/Glints2/dict_0005_0236.uasset" 9567
"../../../Engine/Content/EngineMaterials/Substrate/Glints2/dict_0005_0234.uasset" 9568
"../../../Engine/Content/EngineMaterials/Substrate/Glints2/dict_0005_0227.uasset" 9569
"../../../Engine/Content/EngineMaterials/Substrate/Glints2/dict_0005_0244.uasset" 9570
"../../../Engine/Content/EngineMaterials/Substrate/Glints2/dict_0005_0229.uasset" 9571
"../../../Engine/Content/EngineMaterials/Substrate/Glints2/dict_0005_0243.uasset" 9572
"/Engine/EngineMaterials/Substrate/Glints2/dict_0005_0229" 9573
"/Engine/EngineMaterials/Substrate/Glints2/dict_0005_0227" 9574
"/Engine/EngineMaterials/Substrate/Glints2/dict_0005_0244" 9575
"../../../Engine/Content/EngineMaterials/Substrate/Glints2/dict_0005_0246.uasset" 9576
"/Engine/EngineMaterials/Substrate/Glints2/dict_0005_0236" 9577
"/Engine/EngineMaterials/Substrate/Glints2/dict_0005_0235" 9578
"/Engine/EngineMaterials/Substrate/Glints2/dict_0005_0234" 9579
"../../../Engine/Content/EngineMaterials/Substrate/Glints2/dict_0005_0240.uasset" 9580
"/Engine/EngineMaterials/Substrate/Glints2/dict_0005_0240" 9581
"/Engine/EngineMaterials/Substrate/Glints2/dict_0005_0246" 9582
"../../../Engine/Content/EngineMaterials/Substrate/Glints2/dict_0005_0237.uasset" 9583
"../../../Engine/Content/EngineMaterials/Substrate/Glints2/dict_0005_0238.uasset" 9584
"../../../Engine/Content/EngineMaterials/Substrate/Glints2/dict_0005_0242.uasset" 9585
"../../../Engine/Content/EngineMaterials/Substrate/Glints2/dict_0005_0241.uasset" 9586
"/Engine/EngineMaterials/Substrate/Glints2/dict_0005_0242" 9587
"/Engine/EngineMaterials/Substrate/Glints2/dict_0005_0243" 9588
"/Engine/EngineMaterials/Substrate/Glints2/dict_0005_0238" 9589
"/Engine/EngineMaterials/Substrate/Glints2/dict_0005_0237" 9590
"/Engine/EngineMaterials/Substrate/Glints2/dict_0005_0241" 9591
"../../../Engine/Content/EngineMaterials/Substrate/Glints2/dict_0005_0245.uasset" 9592
"../../../Engine/Content/EngineMaterials/Substrate/Glints2/dict_0005_0239.uasset" 9593
"../../../Engine/Content/EngineMaterials/Substrate/Glints2/dict_0005_0248.uasset" 9594
"../../../Engine/Content/EngineMaterials/Substrate/Glints2/dict_0005_0252.uasset" 9595
"../../../Engine/Content/EngineMaterials/Substrate/Glints2/dict_0005_0249.uasset" 9596
"../../../Engine/Content/EngineMaterials/Substrate/Glints2/dict_0005_0254.uasset" 9597
"../../../Engine/Content/EngineMaterials/Substrate/Glints2/dict_0005_0247.uasset" 9598
"/Engine/EngineMaterials/Substrate/Glints2/dict_0005_0254" 9599
"/Engine/EngineMaterials/Substrate/Glints2/dict_0005_0252" 9600
"/Engine/EngineMaterials/Substrate/Glints2/dict_0005_0249" 9601
"/Engine/EngineMaterials/Substrate/Glints2/dict_0005_0245" 9602
"/Engine/EngineMaterials/Substrate/Glints2/dict_0005_0239" 9603
"/Engine/EngineMaterials/Substrate/Glints2/dict_0005_0248" 9604
"../../../Engine/Content/EngineMaterials/Substrate/Glints2/dict_0005_0251.uasset" 9605
"../../../Engine/Content/EngineMaterials/Substrate/Glints2/dict_0006_0001.uasset" 9606
"../../../Engine/Content/EngineMaterials/Substrate/Glints2/dict_0005_0255.uasset" 9607
"/Engine/EngineMaterials/Substrate/Glints2/dict_0005_0255" 9608
"/Engine/EngineMaterials/Substrate/Glints2/dict_0005_0251" 9609
"/Engine/EngineMaterials/Substrate/Glints2/dict_0005_0247" 9610
"/Engine/EngineMaterials/Substrate/Glints2/dict_0006_0001" 9611
"../../../Engine/Content/EngineMaterials/Substrate/Glints2/dict_0006_0000.uasset" 9612
"../../../Engine/Content/EngineMaterials/Substrate/Glints2/dict_0006_0002.uasset" 9613
"../../../Engine/Content/EngineMaterials/Substrate/Glints2/dict_0006_0003.uasset" 9614
"../../../Engine/Content/EngineMaterials/Substrate/Glints2/dict_0005_0250.uasset" 9615
"../../../Engine/Content/EngineMaterials/Substrate/Glints2/dict_0006_0004.uasset" 9616
"/Engine/EngineMaterials/Substrate/Glints2/dict_0006_0004" 9617
"/Engine/EngineMaterials/Substrate/Glints2/dict_0005_0250" 9618
"/Engine/EngineMaterials/Substrate/Glints2/dict_0006_0003" 9619
"/Engine/EngineMaterials/Substrate/Glints2/dict_0006_0002" 9620
"../../../Engine/Content/EngineMaterials/Substrate/Glints2/dict_0006_0012.uasset" 9621
"/Engine/EngineMaterials/Substrate/Glints2/dict_0006_0000" 9622
"/Engine/EngineMaterials/Substrate/Glints2/dict_0006_0012" 9623
"../../../Engine/Content/EngineMaterials/Substrate/Glints2/dict_0006_0014.uasset" 9624
"../../../Engine/Content/EngineMaterials/Substrate/Glints2/dict_0006_0007.uasset" 9625
"../../../Engine/Content/EngineMaterials/Substrate/Glints2/dict_0006_0008.uasset" 9626
"../../../Engine/Content/EngineMaterials/Substrate/Glints2/dict_0006_0006.uasset" 9627
"../../../Engine/Content/EngineMaterials/Substrate/Glints2/dict_0006_0013.uasset" 9628
"../../../Engine/Content/EngineMaterials/Substrate/Glints2/dict_0006_0011.uasset" 9629
"/Engine/EngineMaterials/Substrate/Glints2/dict_0006_0007" 9630
"/Engine/EngineMaterials/Substrate/Glints2/dict_0006_0013" 9631
"../../../Engine/Content/EngineMaterials/Substrate/Glints2/dict_0006_0005.uasset" 9632
"/Engine/EngineMaterials/Substrate/Glints2/dict_0006_0006" 9633
"../../../Engine/Content/EngineMaterials/Substrate/Glints2/dict_0006_0010.uasset" 9634
"/Engine/EngineMaterials/Substrate/Glints2/dict_0006_0011" 9635
"../../../Engine/Content/EngineMaterials/Substrate/Glints2/dict_0006_0015.uasset" 9636
"/Engine/EngineMaterials/Substrate/Glints2/dict_0006_0008" 9637
"/Engine/EngineMaterials/Substrate/Glints2/dict_0006_0014" 9638
"/Engine/EngineMaterials/Substrate/Glints2/dict_0006_0005" 9639
"/Engine/EngineMaterials/Substrate/Glints2/dict_0006_0010" 9640
"/Engine/EngineMaterials/Substrate/Glints2/dict_0006_0015" 9641
"../../../Engine/Content/EngineMaterials/Substrate/Glints2/dict_0006_0016.uasset" 9642
"../../../Engine/Content/EngineMaterials/Substrate/Glints2/dict_0006_0009.uasset" 9643
"../../../Engine/Content/EngineMaterials/Substrate/Glints2/dict_0006_0017.uasset" 9644
"../../../Engine/Content/EngineMaterials/Substrate/Glints2/dict_0005_0253.uasset" 9645
"/Engine/EngineMaterials/Substrate/Glints2/dict_0006_0017" 9646
"/Engine/EngineMaterials/Substrate/Glints2/dict_0006_0016" 9647
"/Engine/EngineMaterials/Substrate/Glints2/dict_0006_0009" 9648
"/Engine/EngineMaterials/Substrate/Glints2/dict_0005_0253" 9649
"../../../Engine/Content/EngineMaterials/Substrate/Glints2/dict_0006_0021.uasset" 9650
"../../../Engine/Content/EngineMaterials/Substrate/Glints2/dict_0006_0019.uasset" 9651
"../../../Engine/Content/EngineMaterials/Substrate/Glints2/dict_0006_0018.uasset" 9652
"../../../Engine/Content/EngineMaterials/Substrate/Glints2/dict_0006_0025.uasset" 9653
"../../../Engine/Content/EngineMaterials/Substrate/Glints2/dict_0006_0023.uasset" 9654
"../../../Engine/Content/EngineMaterials/Substrate/Glints2/dict_0006_0027.uasset" 9655
"../../../Engine/Content/EngineMaterials/Substrate/Glints2/dict_0006_0020.uasset" 9656
"/Engine/EngineMaterials/Substrate/Glints2/dict_0006_0020" 9657
"/Engine/EngineMaterials/Substrate/Glints2/dict_0006_0025" 9658
"/Engine/EngineMaterials/Substrate/Glints2/dict_0006_0019" 9659
"/Engine/EngineMaterials/Substrate/Glints2/dict_0006_0018" 9660
"/Engine/EngineMaterials/Substrate/Glints2/dict_0006_0027" 9661
"/Engine/EngineMaterials/Substrate/Glints2/dict_0006_0023" 9662
"/Engine/EngineMaterials/Substrate/Glints2/dict_0006_0021" 9663
"../../../Engine/Content/EngineMaterials/Substrate/Glints2/dict_0006_0033.uasset" 9664
"../../../Engine/Content/EngineMaterials/Substrate/Glints2/dict_0006_0026.uasset" 9665
"../../../Engine/Content/EngineMaterials/Substrate/Glints2/dict_0006_0022.uasset" 9666
"/Engine/EngineMaterials/Substrate/Glints2/dict_0006_0026" 9667
"/Engine/EngineMaterials/Substrate/Glints2/dict_0006_0033" 9668
"/Engine/EngineMaterials/Substrate/Glints2/dict_0006_0022" 9669
"../../../Engine/Content/EngineMaterials/Substrate/Glints2/dict_0006_0031.uasset" 9670
"../../../Engine/Content/EngineMaterials/Substrate/Glints2/dict_0006_0028.uasset" 9671
"../../../Engine/Content/EngineMaterials/Substrate/Glints2/dict_0006_0029.uasset" 9672
"../../../Engine/Content/EngineMaterials/Substrate/Glints2/dict_0006_0034.uasset" 9673
"../../../Engine/Content/EngineMaterials/Substrate/Glints2/dict_0006_0024.uasset" 9674
"/Engine/EngineMaterials/Substrate/Glints2/dict_0006_0029" 9675
"/Engine/EngineMaterials/Substrate/Glints2/dict_0006_0028" 9676
"/Engine/EngineMaterials/Substrate/Glints2/dict_0006_0034" 9677
"/Engine/EngineMaterials/Substrate/Glints2/dict_0006_0024" 9678
"/Engine/EngineMaterials/Substrate/Glints2/dict_0006_0031" 9679
"../../../Engine/Content/EngineMaterials/Substrate/Glints2/dict_0006_0041.uasset" 9680
"../../../Engine/Content/EngineMaterials/Substrate/Glints2/dict_0006_0036.uasset" 9681
"../../../Engine/Content/EngineMaterials/Substrate/Glints2/dict_0006_0043.uasset" 9682
"../../../Engine/Content/EngineMaterials/Substrate/Glints2/dict_0006_0035.uasset" 9683
"../../../Engine/Content/EngineMaterials/Substrate/Glints2/dict_0006_0037.uasset" 9684
"../../../Engine/Content/EngineMaterials/Substrate/Glints2/dict_0006_0039.uasset" 9685
"../../../Engine/Content/EngineMaterials/Substrate/Glints2/dict_0006_0040.uasset" 9686
"/Engine/EngineMaterials/Substrate/Glints2/dict_0006_0041" 9687
"/Engine/EngineMaterials/Substrate/Glints2/dict_0006_0040" 9688
"/Engine/EngineMaterials/Substrate/Glints2/dict_0006_0036" 9689
"../../../Engine/Content/EngineMaterials/Substrate/Glints2/dict_0006_0044.uasset" 9690
"../../../Engine/Content/EngineMaterials/Substrate/Glints2/dict_0006_0045.uasset" 9691
"/Engine/EngineMaterials/Substrate/Glints2/dict_0006_0039" 9692
"/Engine/EngineMaterials/Substrate/Glints2/dict_0006_0035" 9693
"/Engine/EngineMaterials/Substrate/Glints2/dict_0006_0043" 9694
"/Engine/EngineMaterials/Substrate/Glints2/dict_0006_0037" 9695
"/Engine/EngineMaterials/Substrate/Glints2/dict_0006_0045" 9696
"/Engine/EngineMaterials/Substrate/Glints2/dict_0006_0044" 9697
"../../../Engine/Content/EngineMaterials/Substrate/Glints2/dict_0006_0030.uasset" 9698
"../../../Engine/Content/EngineMaterials/Substrate/Glints2/dict_0006_0038.uasset" 9699
"../../../Engine/Content/EngineMaterials/Substrate/Glints2/dict_0006_0042.uasset" 9700
"../../../Engine/Content/EngineMaterials/Substrate/Glints2/dict_0006_0047.uasset" 9701
"../../../Engine/Content/EngineMaterials/Substrate/Glints2/dict_0006_0049.uasset" 9702
"../../../Engine/Content/EngineMaterials/Substrate/Glints2/dict_0006_0032.uasset" 9703
"../../../Engine/Content/EngineMaterials/Substrate/Glints2/dict_0006_0053.uasset" 9704
"../../../Engine/Content/EngineMaterials/Substrate/Glints2/dict_0006_0046.uasset" 9705
"/Engine/EngineMaterials/Substrate/Glints2/dict_0006_0030" 9706
"/Engine/EngineMaterials/Substrate/Glints2/dict_0006_0042" 9707
"/Engine/EngineMaterials/Substrate/Glints2/dict_0006_0049" 9708
"/Engine/EngineMaterials/Substrate/Glints2/dict_0006_0053" 9709
"/Engine/EngineMaterials/Substrate/Glints2/dict_0006_0047" 9710
"/Engine/EngineMaterials/Substrate/Glints2/dict_0006_0046" 9711
"/Engine/EngineMaterials/Substrate/Glints2/dict_0006_0038" 9712
"../../../Engine/Content/EngineMaterials/Substrate/Glints2/dict_0006_0058.uasset" 9713
"/Engine/EngineMaterials/Substrate/Glints2/dict_0006_0032" 9714
"/Engine/EngineMaterials/Substrate/Glints2/dict_0006_0058" 9715
"../../../Engine/Content/EngineMaterials/Substrate/Glints2/dict_0006_0055.uasset" 9716
"/Engine/EngineMaterials/Substrate/Glints2/dict_0006_0055" 9717
"../../../Engine/Content/EngineMaterials/Substrate/Glints2/dict_0006_0048.uasset" 9718
"../../../Engine/Content/EngineMaterials/Substrate/Glints2/dict_0006_0051.uasset" 9719
"../../../Engine/Content/EngineMaterials/Substrate/Glints2/dict_0006_0052.uasset" 9720
"/Engine/EngineMaterials/Substrate/Glints2/dict_0006_0048" 9721
"/Engine/EngineMaterials/Substrate/Glints2/dict_0006_0052" 9722
"/Engine/EngineMaterials/Substrate/Glints2/dict_0006_0051" 9723
"../../../Engine/Content/EngineMaterials/Substrate/Glints2/dict_0006_0057.uasset" 9724
"../../../Engine/Content/EngineMaterials/Substrate/Glints2/dict_0006_0056.uasset" 9725
"/Engine/EngineMaterials/Substrate/Glints2/dict_0006_0056" 9726
"/Engine/EngineMaterials/Substrate/Glints2/dict_0006_0057" 9727
"../../../Engine/Content/EngineMaterials/Substrate/Glints2/dict_0006_0054.uasset" 9728
"../../../Engine/Content/EngineMaterials/Substrate/Glints2/dict_0006_0066.uasset" 9729
"../../../Engine/Content/EngineMaterials/Substrate/Glints2/dict_0006_0050.uasset" 9730
"../../../Engine/Content/EngineMaterials/Substrate/Glints2/dict_0006_0059.uasset" 9731
"../../../Engine/Content/EngineMaterials/Substrate/Glints2/dict_0006_0062.uasset" 9732
"../../../Engine/Content/EngineMaterials/Substrate/Glints2/dict_0006_0064.uasset" 9733
"../../../Engine/Content/EngineMaterials/Substrate/Glints2/dict_0006_0071.uasset" 9734
"../../../Engine/Content/EngineMaterials/Substrate/Glints2/dict_0006_0061.uasset" 9735
"../../../Engine/Content/EngineMaterials/Substrate/Glints2/dict_0006_0067.uasset" 9736
"../../../Engine/Content/EngineMaterials/Substrate/Glints2/dict_0006_0070.uasset" 9737
"/Engine/EngineMaterials/Substrate/Glints2/dict_0006_0071" 9738
"/Engine/EngineMaterials/Substrate/Glints2/dict_0006_0059" 9739
"../../../Engine/Content/EngineMaterials/Substrate/Glints2/dict_0006_0073.uasset" 9740
"/Engine/EngineMaterials/Substrate/Glints2/dict_0006_0070" 9741
"/Engine/EngineMaterials/Substrate/Glints2/dict_0006_0054" 9742
"/Engine/EngineMaterials/Substrate/Glints2/dict_0006_0064" 9743
"/Engine/EngineMaterials/Substrate/Glints2/dict_0006_0062" 9744
"/Engine/EngineMaterials/Substrate/Glints2/dict_0006_0061" 9745
"/Engine/EngineMaterials/Substrate/Glints2/dict_0006_0066" 9746
"/Engine/EngineMaterials/Substrate/Glints2/dict_0006_0050" 9747
"/Engine/EngineMaterials/Substrate/Glints2/dict_0006_0073" 9748
"../../../Engine/Content/EngineMaterials/Substrate/Glints2/dict_0006_0065.uasset" 9749
"../../../Engine/Content/EngineMaterials/Substrate/Glints2/dict_0006_0075.uasset" 9750
"../../../Engine/Content/EngineMaterials/Substrate/Glints2/dict_0006_0063.uasset" 9751
"../../../Engine/Content/EngineMaterials/Substrate/Glints2/dict_0006_0068.uasset" 9752
"../../../Engine/Content/EngineMaterials/Substrate/Glints2/dict_0006_0069.uasset" 9753
"../../../Engine/Content/EngineMaterials/Substrate/Glints2/dict_0006_0072.uasset" 9754
"../../../Engine/Content/EngineMaterials/Substrate/Glints2/dict_0006_0079.uasset" 9755
"/Engine/EngineMaterials/Substrate/Glints2/dict_0006_0069" 9756
"../../../Engine/Content/EngineMaterials/Substrate/Glints2/dict_0006_0074.uasset" 9757
"/Engine/EngineMaterials/Substrate/Glints2/dict_0006_0068" 9758
"/Engine/EngineMaterials/Substrate/Glints2/dict_0006_0067" 9759
"/Engine/EngineMaterials/Substrate/Glints2/dict_0006_0063" 9760
"/Engine/EngineMaterials/Substrate/Glints2/dict_0006_0072" 9761
"/Engine/EngineMaterials/Substrate/Glints2/dict_0006_0075" 9762
"/Engine/EngineMaterials/Substrate/Glints2/dict_0006_0065" 9763
"/Engine/EngineMaterials/Substrate/Glints2/dict_0006_0079" 9764
"/Engine/EngineMaterials/Substrate/Glints2/dict_0006_0074" 9765
"../../../Engine/Content/EngineMaterials/Substrate/Glints2/dict_0006_0078.uasset" 9766
"../../../Engine/Content/EngineMaterials/Substrate/Glints2/dict_0006_0081.uasset" 9767
"../../../Engine/Content/EngineMaterials/Substrate/Glints2/dict_0006_0083.uasset" 9768
"../../../Engine/Content/EngineMaterials/Substrate/Glints2/dict_0006_0085.uasset" 9769
"../../../Engine/Content/EngineMaterials/Substrate/Glints2/dict_0006_0077.uasset" 9770
"/Engine/EngineMaterials/Substrate/Glints2/dict_0006_0081" 9771
"/Engine/EngineMaterials/Substrate/Glints2/dict_0006_0083" 9772
"/Engine/EngineMaterials/Substrate/Glints2/dict_0006_0078" 9773
"/Engine/EngineMaterials/Substrate/Glints2/dict_0006_0077" 9774
"/Engine/EngineMaterials/Substrate/Glints2/dict_0006_0085" 9775
"../../../Engine/Content/EngineMaterials/Substrate/Glints2/dict_0006_0080.uasset" 9776
"../../../Engine/Content/EngineMaterials/Substrate/Glints2/dict_0006_0082.uasset" 9777
"../../../Engine/Content/EngineMaterials/Substrate/Glints2/dict_0006_0084.uasset" 9778
"/Engine/EngineMaterials/Substrate/Glints2/dict_0006_0080" 9779
"/Engine/EngineMaterials/Substrate/Glints2/dict_0006_0082" 9780
"/Engine/EngineMaterials/Substrate/Glints2/dict_0006_0084" 9781
"../../../Engine/Content/EngineMaterials/Substrate/Glints2/dict_0006_0088.uasset" 9782
"../../../Engine/Content/EngineMaterials/Substrate/Glints2/dict_0006_0087.uasset" 9783
"/Engine/EngineMaterials/Substrate/Glints2/dict_0006_0088" 9784
"../../../Engine/Content/EngineMaterials/Substrate/Glints2/dict_0006_0086.uasset" 9785
"/Engine/EngineMaterials/Substrate/Glints2/dict_0006_0087" 9786
"/Engine/EngineMaterials/Substrate/Glints2/dict_0006_0086" 9787
"../../../Engine/Content/EngineMaterials/Substrate/Glints2/dict_0006_0089.uasset" 9788
"/Engine/EngineMaterials/Substrate/Glints2/dict_0006_0089" 9789
"../../../Engine/Content/EngineMaterials/Substrate/Glints2/dict_0006_0091.uasset" 9790
"../../../Engine/Content/EngineMaterials/Substrate/Glints2/dict_0006_0076.uasset" 9791
"../../../Engine/Content/EngineMaterials/Substrate/Glints2/dict_0006_0095.uasset" 9792
"../../../Engine/Content/EngineMaterials/Substrate/Glints2/dict_0006_0092.uasset" 9793
"../../../Engine/Content/EngineMaterials/Substrate/Glints2/dict_0006_0090.uasset" 9794
"../../../Engine/Content/EngineMaterials/Substrate/Glints2/dict_0006_0093.uasset" 9795
"/Engine/EngineMaterials/Substrate/Glints2/dict_0006_0095" 9796
"/Engine/EngineMaterials/Substrate/Glints2/dict_0006_0093" 9797
"/Engine/EngineMaterials/Substrate/Glints2/dict_0006_0092" 9798
"../../../Engine/Content/EngineMaterials/Substrate/Glints2/dict_0006_0101.uasset" 9799
"/Engine/EngineMaterials/Substrate/Glints2/dict_0006_0091" 9800
"/Engine/EngineMaterials/Substrate/Glints2/dict_0006_0076" 9801
"/Engine/EngineMaterials/Substrate/Glints2/dict_0006_0090" 9802
"/Engine/EngineMaterials/Substrate/Glints2/dict_0006_0101" 9803
"../../../Engine/Content/EngineMaterials/Substrate/Glints2/dict_0006_0060.uasset" 9804
"../../../Engine/Content/EngineMaterials/Substrate/Glints2/dict_0006_0097.uasset" 9805
"../../../Engine/Content/EngineMaterials/Substrate/Glints2/dict_0006_0099.uasset" 9806
"../../../Engine/Content/EngineMaterials/Substrate/Glints2/dict_0006_0098.uasset" 9807
"../../../Engine/Content/EngineMaterials/Substrate/Glints2/dict_0006_0100.uasset" 9808
"../../../Engine/Content/EngineMaterials/Substrate/Glints2/dict_0006_0102.uasset" 9809
"../../../Engine/Content/EngineMaterials/Substrate/Glints2/dict_0006_0104.uasset" 9810
"../../../Engine/Content/EngineMaterials/Substrate/Glints2/dict_0006_0108.uasset" 9811
"../../../Engine/Content/EngineMaterials/Substrate/Glints2/dict_0006_0109.uasset" 9812
"../../../Engine/Content/EngineMaterials/Substrate/Glints2/dict_0006_0111.uasset" 9813
"../../../Engine/Content/EngineMaterials/Substrate/Glints2/dict_0006_0113.uasset" 9814
"../../../Engine/Content/EngineMaterials/Substrate/Glints2/dict_0006_0112.uasset" 9815
"../../../Engine/Content/EngineMaterials/Substrate/Glints2/dict_0006_0105.uasset" 9816
"../../../Engine/Content/EngineMaterials/Substrate/Glints2/dict_0006_0103.uasset" 9817
"/Engine/EngineMaterials/Substrate/Glints2/dict_0006_0112" 9818
"/Engine/EngineMaterials/Substrate/Glints2/dict_0006_0097" 9819
"/Engine/EngineMaterials/Substrate/Glints2/dict_0006_0111" 9820
"/Engine/EngineMaterials/Substrate/Glints2/dict_0006_0105" 9821
"/Engine/EngineMaterials/Substrate/Glints2/dict_0006_0104" 9822
"/Engine/EngineMaterials/Substrate/Glints2/dict_0006_0098" 9823
"/Engine/EngineMaterials/Substrate/Glints2/dict_0006_0102" 9824
"/Engine/EngineMaterials/Substrate/Glints2/dict_0006_0109" 9825
"/Engine/EngineMaterials/Substrate/Glints2/dict_0006_0100" 9826
"../../../Engine/Content/EngineMaterials/Substrate/Glints2/dict_0006_0115.uasset" 9827
"../../../Engine/Content/EngineMaterials/Substrate/Glints2/dict_0006_0116.uasset" 9828
"/Engine/EngineMaterials/Substrate/Glints2/dict_0006_0099" 9829
"/Engine/EngineMaterials/Substrate/Glints2/dict_0006_0108" 9830
"/Engine/EngineMaterials/Substrate/Glints2/dict_0006_0113" 9831
"/Engine/EngineMaterials/Substrate/Glints2/dict_0006_0060" 9832
"/Engine/EngineMaterials/Substrate/Glints2/dict_0006_0115" 9833
"/Engine/EngineMaterials/Substrate/Glints2/dict_0006_0103" 9834
"/Engine/EngineMaterials/Substrate/Glints2/dict_0006_0116" 9835
"../../../Engine/Content/EngineMaterials/Substrate/Glints2/dict_0006_0114.uasset" 9836
"../../../Engine/Content/EngineMaterials/Substrate/Glints2/dict_0006_0106.uasset" 9837
"../../../Engine/Content/EngineMaterials/Substrate/Glints2/dict_0006_0119.uasset" 9838
"/Engine/EngineMaterials/Substrate/Glints2/dict_0006_0114" 9839
"/Engine/EngineMaterials/Substrate/Glints2/dict_0006_0106" 9840
"/Engine/EngineMaterials/Substrate/Glints2/dict_0006_0119" 9841
"../../../Engine/Content/EngineMaterials/Substrate/Glints2/dict_0006_0094.uasset" 9842
"../../../Engine/Content/EngineMaterials/Substrate/Glints2/dict_0006_0096.uasset" 9843
"../../../Engine/Content/EngineMaterials/Substrate/Glints2/dict_0006_0117.uasset" 9844
"../../../Engine/Content/EngineMaterials/Substrate/Glints2/dict_0006_0110.uasset" 9845
"/Engine/EngineMaterials/Substrate/Glints2/dict_0006_0096" 9846
"/Engine/EngineMaterials/Substrate/Glints2/dict_0006_0117" 9847
"../../../Engine/Content/EngineMaterials/Substrate/Glints2/dict_0006_0124.uasset" 9848
"/Engine/EngineMaterials/Substrate/Glints2/dict_0006_0094" 9849
"/Engine/EngineMaterials/Substrate/Glints2/dict_0006_0110" 9850
"/Engine/EngineMaterials/Substrate/Glints2/dict_0006_0124" 9851
"../../../Engine/Content/EngineMaterials/Substrate/Glints2/dict_0006_0123.uasset" 9852
"../../../Engine/Content/EngineMaterials/Substrate/Glints2/dict_0006_0118.uasset" 9853
"../../../Engine/Content/EngineMaterials/Substrate/Glints2/dict_0006_0107.uasset" 9854
"../../../Engine/Content/EngineMaterials/Substrate/Glints2/dict_0006_0122.uasset" 9855
"../../../Engine/Content/EngineMaterials/Substrate/Glints2/dict_0006_0126.uasset" 9856
"../../../Engine/Content/EngineMaterials/Substrate/Glints2/dict_0006_0128.uasset" 9857
"/Engine/EngineMaterials/Substrate/Glints2/dict_0006_0107" 9858
"/Engine/EngineMaterials/Substrate/Glints2/dict_0006_0123" 9859
"/Engine/EngineMaterials/Substrate/Glints2/dict_0006_0122" 9860
"/Engine/EngineMaterials/Substrate/Glints2/dict_0006_0118" 9861
"../../../Engine/Content/EngineMaterials/Substrate/Glints2/dict_0006_0130.uasset" 9862
"/Engine/EngineMaterials/Substrate/Glints2/dict_0006_0126" 9863
"/Engine/EngineMaterials/Substrate/Glints2/dict_0006_0128" 9864
"../../../Engine/Content/EngineMaterials/Substrate/Glints2/dict_0006_0129.uasset" 9865
"/Engine/EngineMaterials/Substrate/Glints2/dict_0006_0130" 9866
"../../../Engine/Content/EngineMaterials/Substrate/Glints2/dict_0006_0132.uasset" 9867
"../../../Engine/Content/EngineMaterials/Substrate/Glints2/dict_0006_0133.uasset" 9868
"../../../Engine/Content/EngineMaterials/Substrate/Glints2/dict_0006_0127.uasset" 9869
"/Engine/EngineMaterials/Substrate/Glints2/dict_0006_0129" 9870
"/Engine/EngineMaterials/Substrate/Glints2/dict_0006_0133" 9871
"/Engine/EngineMaterials/Substrate/Glints2/dict_0006_0132" 9872
"/Engine/EngineMaterials/Substrate/Glints2/dict_0006_0127" 9873
"../../../Engine/Content/EngineMaterials/Substrate/Glints2/dict_0006_0136.uasset" 9874
"../../../Engine/Content/EngineMaterials/Substrate/Glints2/dict_0006_0135.uasset" 9875
"../../../Engine/Content/EngineMaterials/Substrate/Glints2/dict_0006_0137.uasset" 9876
"../../../Engine/Content/EngineMaterials/Substrate/Glints2/dict_0006_0138.uasset" 9877
"../../../Engine/Content/EngineMaterials/Substrate/Glints2/dict_0006_0143.uasset" 9878
"/Engine/EngineMaterials/Substrate/Glints2/dict_0006_0138" 9879
"/Engine/EngineMaterials/Substrate/Glints2/dict_0006_0137" 9880
"../../../Engine/Content/EngineMaterials/Substrate/Glints2/dict_0006_0140.uasset" 9881
"/Engine/EngineMaterials/Substrate/Glints2/dict_0006_0136" 9882
"../../../Engine/Content/EngineMaterials/Substrate/Glints2/dict_0006_0141.uasset" 9883
"/Engine/EngineMaterials/Substrate/Glints2/dict_0006_0135" 9884
"/Engine/EngineMaterials/Substrate/Glints2/dict_0006_0143" 9885
"/Engine/EngineMaterials/Substrate/Glints2/dict_0006_0141" 9886
"/Engine/EngineMaterials/Substrate/Glints2/dict_0006_0140" 9887
"../../../Engine/Content/EngineMaterials/Substrate/Glints2/dict_0006_0142.uasset" 9888
"../../../Engine/Content/EngineMaterials/Substrate/Glints2/dict_0006_0121.uasset" 9889
"../../../Engine/Content/EngineMaterials/Substrate/Glints2/dict_0006_0120.uasset" 9890
"../../../Engine/Content/EngineMaterials/Substrate/Glints2/dict_0006_0131.uasset" 9891
"../../../Engine/Content/EngineMaterials/Substrate/Glints2/dict_0006_0125.uasset" 9892
"/Engine/EngineMaterials/Substrate/Glints2/dict_0006_0142" 9893
"/Engine/EngineMaterials/Substrate/Glints2/dict_0006_0121" 9894
"/Engine/EngineMaterials/Substrate/Glints2/dict_0006_0131" 9895
"/Engine/EngineMaterials/Substrate/Glints2/dict_0006_0120" 9896
"/Engine/EngineMaterials/Substrate/Glints2/dict_0006_0125" 9897
"../../../Engine/Content/EngineMaterials/Substrate/Glints2/dict_0006_0146.uasset" 9898
"/Engine/EngineMaterials/Substrate/Glints2/dict_0006_0146" 9899
"../../../Engine/Content/EngineMaterials/Substrate/Glints2/dict_0006_0147.uasset" 9900
"../../../Engine/Content/EngineMaterials/Substrate/Glints2/dict_0006_0145.uasset" 9901
"../../../Engine/Content/EngineMaterials/Substrate/Glints2/dict_0006_0148.uasset" 9902
"../../../Engine/Content/EngineMaterials/Substrate/Glints2/dict_0006_0134.uasset" 9903
"/Engine/EngineMaterials/Substrate/Glints2/dict_0006_0148" 9904
"/Engine/EngineMaterials/Substrate/Glints2/dict_0006_0147" 9905
"/Engine/EngineMaterials/Substrate/Glints2/dict_0006_0134" 9906
"/Engine/EngineMaterials/Substrate/Glints2/dict_0006_0145" 9907
"../../../Engine/Content/EngineMaterials/Substrate/Glints2/dict_0006_0144.uasset" 9908
"../../../Engine/Content/EngineMaterials/Substrate/Glints2/dict_0006_0151.uasset" 9909
"../../../Engine/Content/EngineMaterials/Substrate/Glints2/dict_0006_0156.uasset" 9910
"/Engine/EngineMaterials/Substrate/Glints2/dict_0006_0156" 9911
"/Engine/EngineMaterials/Substrate/Glints2/dict_0006_0144" 9912
"/Engine/EngineMaterials/Substrate/Glints2/dict_0006_0151" 9913
"../../../Engine/Content/EngineMaterials/Substrate/Glints2/dict_0006_0153.uasset" 9914
"../../../Engine/Content/EngineMaterials/Substrate/Glints2/dict_0006_0159.uasset" 9915
"../../../Engine/Content/EngineMaterials/Substrate/Glints2/dict_0006_0150.uasset" 9916
"../../../Engine/Content/EngineMaterials/Substrate/Glints2/dict_0006_0149.uasset" 9917
"/Engine/EngineMaterials/Substrate/Glints2/dict_0006_0150" 9918
"/Engine/EngineMaterials/Substrate/Glints2/dict_0006_0153" 9919
"/Engine/EngineMaterials/Substrate/Glints2/dict_0006_0159" 9920
"/Engine/EngineMaterials/Substrate/Glints2/dict_0006_0149" 9921
"../../../Engine/Content/EngineMaterials/Substrate/Glints2/dict_0006_0161.uasset" 9922
"/Engine/EngineMaterials/Substrate/Glints2/dict_0006_0161" 9923
"../../../Engine/Content/EngineMaterials/Substrate/Glints2/dict_0006_0154.uasset" 9924
"/Engine/EngineMaterials/Substrate/Glints2/dict_0006_0154" 9925
"../../../Engine/Content/EngineMaterials/Substrate/Glints2/dict_0006_0155.uasset" 9926
"../../../Engine/Content/EngineMaterials/Substrate/Glints2/dict_0006_0139.uasset" 9927
"../../../Engine/Content/EngineMaterials/Substrate/Glints2/dict_0006_0152.uasset" 9928
"../../../Engine/Content/EngineMaterials/Substrate/Glints2/dict_0006_0165.uasset" 9929
"/Engine/EngineMaterials/Substrate/Glints2/dict_0006_0139" 9930
"/Engine/EngineMaterials/Substrate/Glints2/dict_0006_0165" 9931
"/Engine/EngineMaterials/Substrate/Glints2/dict_0006_0155" 9932
"/Engine/EngineMaterials/Substrate/Glints2/dict_0006_0152" 9933
"../../../Engine/Content/EngineMaterials/Substrate/Glints2/dict_0006_0158.uasset" 9934
"../../../Engine/Content/EngineMaterials/Substrate/Glints2/dict_0006_0157.uasset" 9935
"../../../Engine/Content/EngineMaterials/Substrate/Glints2/dict_0006_0162.uasset" 9936
"../../../Engine/Content/EngineMaterials/Substrate/Glints2/dict_0006_0164.uasset" 9937
"../../../Engine/Content/EngineMaterials/Substrate/Glints2/dict_0006_0163.uasset" 9938
"/Engine/EngineMaterials/Substrate/Glints2/dict_0006_0164" 9939
"/Engine/EngineMaterials/Substrate/Glints2/dict_0006_0163" 9940
"/Engine/EngineMaterials/Substrate/Glints2/dict_0006_0158" 9941
"/Engine/EngineMaterials/Substrate/Glints2/dict_0006_0157" 9942
"/Engine/EngineMaterials/Substrate/Glints2/dict_0006_0162" 9943
"../../../Engine/Content/EngineMaterials/Substrate/Glints2/dict_0006_0166.uasset" 9944
"../../../Engine/Content/EngineMaterials/Substrate/Glints2/dict_0006_0169.uasset" 9945
"../../../Engine/Content/EngineMaterials/Substrate/Glints2/dict_0006_0167.uasset" 9946
"../../../Engine/Content/EngineMaterials/Substrate/Glints2/dict_0006_0168.uasset" 9947
"../../../Engine/Content/EngineMaterials/Substrate/Glints2/dict_0006_0172.uasset" 9948
"/Engine/EngineMaterials/Substrate/Glints2/dict_0006_0172" 9949
"/Engine/EngineMaterials/Substrate/Glints2/dict_0006_0166" 9950
"/Engine/EngineMaterials/Substrate/Glints2/dict_0006_0168" 9951
"/Engine/EngineMaterials/Substrate/Glints2/dict_0006_0169" 9952
"/Engine/EngineMaterials/Substrate/Glints2/dict_0006_0167" 9953
"../../../Engine/Content/EngineMaterials/Substrate/Glints2/dict_0006_0173.uasset" 9954
"../../../Engine/Content/EngineMaterials/Substrate/Glints2/dict_0006_0160.uasset" 9955
"/Engine/EngineMaterials/Substrate/Glints2/dict_0006_0173" 9956
"/Engine/EngineMaterials/Substrate/Glints2/dict_0006_0160" 9957
"../../../Engine/Content/EngineMaterials/Substrate/Glints2/dict_0006_0175.uasset" 9958
"../../../Engine/Content/EngineMaterials/Substrate/Glints2/dict_0006_0170.uasset" 9959
"../../../Engine/Content/EngineMaterials/Substrate/Glints2/dict_0006_0177.uasset" 9960
"../../../Engine/Content/EngineMaterials/Substrate/Glints2/dict_0006_0179.uasset" 9961
"/Engine/EngineMaterials/Substrate/Glints2/dict_0006_0177" 9962
"/Engine/EngineMaterials/Substrate/Glints2/dict_0006_0170" 9963
"/Engine/EngineMaterials/Substrate/Glints2/dict_0006_0175" 9964
"/Engine/EngineMaterials/Substrate/Glints2/dict_0006_0179" 9965
"../../../Engine/Content/EngineMaterials/Substrate/Glints2/dict_0006_0171.uasset" 9966
"../../../Engine/Content/EngineMaterials/Substrate/Glints2/dict_0006_0182.uasset" 9967
"../../../Engine/Content/EngineMaterials/Substrate/Glints2/dict_0006_0176.uasset" 9968
"../../../Engine/Content/EngineMaterials/Substrate/Glints2/dict_0006_0183.uasset" 9969
"../../../Engine/Content/EngineMaterials/Substrate/Glints2/dict_0006_0178.uasset" 9970
"../../../Engine/Content/EngineMaterials/Substrate/Glints2/dict_0006_0188.uasset" 9971
"/Engine/EngineMaterials/Substrate/Glints2/dict_0006_0178" 9972
"/Engine/EngineMaterials/Substrate/Glints2/dict_0006_0176" 9973
"../../../Engine/Content/EngineMaterials/Substrate/Glints2/dict_0006_0187.uasset" 9974
"/Engine/EngineMaterials/Substrate/Glints2/dict_0006_0183" 9975
"../../../Engine/Content/EngineMaterials/Substrate/Glints2/dict_0006_0189.uasset" 9976
"/Engine/EngineMaterials/Substrate/Glints2/dict_0006_0188" 9977
"/Engine/EngineMaterials/Substrate/Glints2/dict_0006_0171" 9978
"/Engine/EngineMaterials/Substrate/Glints2/dict_0006_0182" 9979
"/Engine/EngineMaterials/Substrate/Glints2/dict_0006_0189" 9980
"../../../Engine/Content/EngineMaterials/Substrate/Glints2/dict_0006_0191.uasset" 9981
"/Engine/EngineMaterials/Substrate/Glints2/dict_0006_0187" 9982
"/Engine/EngineMaterials/Substrate/Glints2/dict_0006_0191" 9983
"../../../Engine/Content/EngineMaterials/Substrate/Glints2/dict_0006_0184.uasset" 9984
"../../../Engine/Content/EngineMaterials/Substrate/Glints2/dict_0006_0185.uasset" 9985
"../../../Engine/Content/EngineMaterials/Substrate/Glints2/dict_0006_0180.uasset" 9986
"../../../Engine/Content/EngineMaterials/Substrate/Glints2/dict_0006_0181.uasset" 9987
"../../../Engine/Content/EngineMaterials/Substrate/Glints2/dict_0006_0193.uasset" 9988
"/Engine/EngineMaterials/Substrate/Glints2/dict_0006_0185" 9989
"/Engine/EngineMaterials/Substrate/Glints2/dict_0006_0181" 9990
"/Engine/EngineMaterials/Substrate/Glints2/dict_0006_0184" 9991
"/Engine/EngineMaterials/Substrate/Glints2/dict_0006_0180" 9992
"/Engine/EngineMaterials/Substrate/Glints2/dict_0006_0193" 9993
"../../../Engine/Content/EngineMaterials/Substrate/Glints2/dict_0006_0186.uasset" 9994
"../../../Engine/Content/EngineMaterials/Substrate/Glints2/dict_0006_0192.uasset" 9995
"../../../Engine/Content/EngineMaterials/Substrate/Glints2/dict_0006_0196.uasset" 9996
"../../../Engine/Content/EngineMaterials/Substrate/Glints2/dict_0006_0190.uasset" 9997
"../../../Engine/Content/EngineMaterials/Substrate/Glints2/dict_0006_0200.uasset" 9998
"/Engine/EngineMaterials/Substrate/Glints2/dict_0006_0190" 9999
"../../../Engine/Content/EngineMaterials/Substrate/Glints2/dict_0006_0201.uasset" 10000
"/Engine/EngineMaterials/Substrate/Glints2/dict_0006_0196" 10001
"/Engine/EngineMaterials/Substrate/Glints2/dict_0006_0186" 10002
"/Engine/EngineMaterials/Substrate/Glints2/dict_0006_0192" 10003
"/Engine/EngineMaterials/Substrate/Glints2/dict_0006_0201" 10004
"/Engine/EngineMaterials/Substrate/Glints2/dict_0006_0200" 10005
"../../../Engine/Content/EngineMaterials/Substrate/Glints2/dict_0006_0205.uasset" 10006
"../../../Engine/Content/EngineMaterials/Substrate/Glints2/dict_0006_0204.uasset" 10007
"../../../Engine/Content/EngineMaterials/Substrate/Glints2/dict_0006_0199.uasset" 10008
"../../../Engine/Content/EngineMaterials/Substrate/Glints2/dict_0006_0195.uasset" 10009
"../../../Engine/Content/EngineMaterials/Substrate/Glints2/dict_0006_0174.uasset" 10010
"../../../Engine/Content/EngineMaterials/Substrate/Glints2/dict_0006_0203.uasset" 10011
"../../../Engine/Content/EngineMaterials/Substrate/Glints2/dict_0006_0194.uasset" 10012
"../../../Engine/Content/EngineMaterials/Substrate/Glints2/dict_0006_0197.uasset" 10013
"../../../Engine/Content/EngineMaterials/Substrate/Glints2/dict_0006_0206.uasset" 10014
"/Engine/EngineMaterials/Substrate/Glints2/dict_0006_0195" 10015
"/Engine/EngineMaterials/Substrate/Glints2/dict_0006_0199" 10016
"/Engine/EngineMaterials/Substrate/Glints2/dict_0006_0174" 10017
"/Engine/EngineMaterials/Substrate/Glints2/dict_0006_0203" 10018
"/Engine/EngineMaterials/Substrate/Glints2/dict_0006_0206" 10019
"/Engine/EngineMaterials/Substrate/Glints2/dict_0006_0205" 10020
"../../../Engine/Content/EngineMaterials/Substrate/Glints2/dict_0006_0198.uasset" 10021
"/Engine/EngineMaterials/Substrate/Glints2/dict_0006_0194" 10022
"../../../Engine/Content/EngineMaterials/Substrate/Glints2/dict_0006_0207.uasset" 10023
"/Engine/EngineMaterials/Substrate/Glints2/dict_0006_0204" 10024
"/Engine/EngineMaterials/Substrate/Glints2/dict_0006_0197" 10025
"/Engine/EngineMaterials/Substrate/Glints2/dict_0006_0207" 10026
"/Engine/EngineMaterials/Substrate/Glints2/dict_0006_0198" 10027
"../../../Engine/Content/EngineMaterials/Substrate/Glints2/dict_0006_0213.uasset" 10028
"../../../Engine/Content/EngineMaterials/Substrate/Glints2/dict_0006_0217.uasset" 10029
"../../../Engine/Content/EngineMaterials/Substrate/Glints2/dict_0006_0208.uasset" 10030
"../../../Engine/Content/EngineMaterials/Substrate/Glints2/dict_0006_0218.uasset" 10031
"/Engine/EngineMaterials/Substrate/Glints2/dict_0006_0213" 10032
"/Engine/EngineMaterials/Substrate/Glints2/dict_0006_0218" 10033
"/Engine/EngineMaterials/Substrate/Glints2/dict_0006_0217" 10034
"/Engine/EngineMaterials/Substrate/Glints2/dict_0006_0208" 10035
"../../../Engine/Content/EngineMaterials/Substrate/Glints2/dict_0006_0210.uasset" 10036
"../../../Engine/Content/EngineMaterials/Substrate/Glints2/dict_0006_0202.uasset" 10037
"../../../Engine/Content/EngineMaterials/Substrate/Glints2/dict_0006_0211.uasset" 10038
"../../../Engine/Content/EngineMaterials/Substrate/Glints2/dict_0006_0214.uasset" 10039
"../../../Engine/Content/EngineMaterials/Substrate/Glints2/dict_0006_0215.uasset" 10040
"/Engine/EngineMaterials/Substrate/Glints2/dict_0006_0202" 10041
"/Engine/EngineMaterials/Substrate/Glints2/dict_0006_0215" 10042
"/Engine/EngineMaterials/Substrate/Glints2/dict_0006_0214" 10043
"/Engine/EngineMaterials/Substrate/Glints2/dict_0006_0211" 10044
"/Engine/EngineMaterials/Substrate/Glints2/dict_0006_0210" 10045
"../../../Engine/Content/EngineMaterials/Substrate/Glints2/dict_0006_0225.uasset" 10046
"/Engine/EngineMaterials/Substrate/Glints2/dict_0006_0225" 10047
"../../../Engine/Content/EngineMaterials/Substrate/Glints2/dict_0006_0216.uasset" 10048
"../../../Engine/Content/EngineMaterials/Substrate/Glints2/dict_0006_0219.uasset" 10049
"/Engine/EngineMaterials/Substrate/Glints2/dict_0006_0216" 10050
"/Engine/EngineMaterials/Substrate/Glints2/dict_0006_0219" 10051
"../../../Engine/Content/EngineMaterials/Substrate/Glints2/dict_0006_0220.uasset" 10052
"../../../Engine/Content/EngineMaterials/Substrate/Glints2/dict_0006_0212.uasset" 10053
"../../../Engine/Content/EngineMaterials/Substrate/Glints2/dict_0006_0226.uasset" 10054
"../../../Engine/Content/EngineMaterials/Substrate/Glints2/dict_0006_0222.uasset" 10055
"../../../Engine/Content/EngineMaterials/Substrate/Glints2/dict_0006_0209.uasset" 10056
"../../../Engine/Content/EngineMaterials/Substrate/Glints2/dict_0006_0230.uasset" 10057
"/Engine/EngineMaterials/Substrate/Glints2/dict_0006_0226" 10058
"../../../Engine/Content/EngineMaterials/Substrate/Glints2/dict_0006_0231.uasset" 10059
"/Engine/EngineMaterials/Substrate/Glints2/dict_0006_0220" 10060
"/Engine/EngineMaterials/Substrate/Glints2/dict_0006_0212" 10061
"../../../Engine/Content/EngineMaterials/Substrate/Glints2/dict_0006_0228.uasset" 10062
"../../../Engine/Content/EngineMaterials/Substrate/Glints2/dict_0006_0221.uasset" 10063
"/Engine/EngineMaterials/Substrate/Glints2/dict_0006_0209" 10064
"/Engine/EngineMaterials/Substrate/Glints2/dict_0006_0222" 10065
"/Engine/EngineMaterials/Substrate/Glints2/dict_0006_0221" 10066
"/Engine/EngineMaterials/Substrate/Glints2/dict_0006_0231" 10067
"/Engine/EngineMaterials/Substrate/Glints2/dict_0006_0230" 10068
"/Engine/EngineMaterials/Substrate/Glints2/dict_0006_0228" 10069
"../../../Engine/Content/EngineMaterials/Substrate/Glints2/dict_0006_0227.uasset" 10070
"../../../Engine/Content/EngineMaterials/Substrate/Glints2/dict_0006_0235.uasset" 10071
"../../../Engine/Content/EngineMaterials/Substrate/Glints2/dict_0006_0234.uasset" 10072
"/Engine/EngineMaterials/Substrate/Glints2/dict_0006_0227" 10073
"/Engine/EngineMaterials/Substrate/Glints2/dict_0006_0235" 10074
"/Engine/EngineMaterials/Substrate/Glints2/dict_0006_0234" 10075
"../../../Engine/Content/EngineMaterials/Substrate/Glints2/dict_0006_0233.uasset" 10076
"../../../Engine/Content/EngineMaterials/Substrate/Glints2/dict_0006_0224.uasset" 10077
"../../../Engine/Content/EngineMaterials/Substrate/Glints2/dict_0006_0223.uasset" 10078
"/Engine/EngineMaterials/Substrate/Glints2/dict_0006_0224" 10079
"/Engine/EngineMaterials/Substrate/Glints2/dict_0006_0223" 10080
"/Engine/EngineMaterials/Substrate/Glints2/dict_0006_0233" 10081
"../../../Engine/Content/EngineMaterials/Substrate/Glints2/dict_0006_0229.uasset" 10082
"../../../Engine/Content/EngineMaterials/Substrate/Glints2/dict_0006_0238.uasset" 10083
"../../../Engine/Content/EngineMaterials/Substrate/Glints2/dict_0006_0239.uasset" 10084
"../../../Engine/Content/EngineMaterials/Substrate/Glints2/dict_0006_0240.uasset" 10085
"../../../Engine/Content/EngineMaterials/Substrate/Glints2/dict_0006_0237.uasset" 10086
"../../../Engine/Content/EngineMaterials/Substrate/Glints2/dict_0006_0236.uasset" 10087
"../../../Engine/Content/EngineMaterials/Substrate/Glints2/dict_0006_0232.uasset" 10088
"/Engine/EngineMaterials/Substrate/Glints2/dict_0006_0238" 10089
"/Engine/EngineMaterials/Substrate/Glints2/dict_0006_0236" 10090
"/Engine/EngineMaterials/Substrate/Glints2/dict_0006_0232" 10091
"/Engine/EngineMaterials/Substrate/Glints2/dict_0006_0237" 10092
"../../../Engine/Content/EngineMaterials/Substrate/Glints2/dict_0006_0245.uasset" 10093
"../../../Engine/Content/EngineMaterials/Substrate/Glints2/dict_0006_0246.uasset" 10094
"../../../Engine/Content/EngineMaterials/Substrate/Glints2/dict_0006_0248.uasset" 10095
"/Engine/EngineMaterials/Substrate/Glints2/dict_0006_0240" 10096
"/Engine/EngineMaterials/Substrate/Glints2/dict_0006_0229" 10097
"/Engine/EngineMaterials/Substrate/Glints2/dict_0006_0239" 10098
"/Engine/EngineMaterials/Substrate/Glints2/dict_0006_0248" 10099
"/Engine/EngineMaterials/Substrate/Glints2/dict_0006_0246" 10100
"/Engine/EngineMaterials/Substrate/Glints2/dict_0006_0245" 10101
"../../../Engine/Content/EngineMaterials/Substrate/Glints2/dict_0006_0253.uasset" 10102
"../../../Engine/Content/EngineMaterials/Substrate/Glints2/dict_0006_0252.uasset" 10103
"../../../Engine/Content/EngineMaterials/Substrate/Glints2/dict_0006_0251.uasset" 10104
"../../../Engine/Content/EngineMaterials/Substrate/Glints2/dict_0006_0244.uasset" 10105
"../../../Engine/Content/EngineMaterials/Substrate/Glints2/dict_0006_0242.uasset" 10106
"/Engine/EngineMaterials/Substrate/Glints2/dict_0006_0242" 10107
"/Engine/EngineMaterials/Substrate/Glints2/dict_0006_0253" 10108
"/Engine/EngineMaterials/Substrate/Glints2/dict_0006_0244" 10109
"../../../Engine/Content/EngineMaterials/Substrate/Glints2/dict_0006_0254.uasset" 10110
"../../../Engine/Content/EngineMaterials/Substrate/Glints2/dict_0007_0000.uasset" 10111
"/Engine/EngineMaterials/Substrate/Glints2/dict_0006_0252" 10112
"../../../Engine/Content/EngineMaterials/Substrate/Glints2/dict_0006_0241.uasset" 10113
"../../../Engine/Content/EngineMaterials/Substrate/Glints2/dict_0006_0249.uasset" 10114
"../../../Engine/Content/EngineMaterials/Substrate/Glints2/dict_0006_0243.uasset" 10115
"../../../Engine/Content/EngineMaterials/Substrate/Glints2/dict_0006_0250.uasset" 10116
"/Engine/EngineMaterials/Substrate/Glints2/dict_0006_0251" 10117
"../../../Engine/Content/EngineMaterials/Substrate/Glints2/dict_0006_0247.uasset" 10118
"/Engine/EngineMaterials/Substrate/Glints2/dict_0006_0250" 10119
"/Engine/EngineMaterials/Substrate/Glints2/dict_0006_0254" 10120
"/Engine/EngineMaterials/Substrate/Glints2/dict_0006_0247" 10121
"/Engine/EngineMaterials/Substrate/Glints2/dict_0006_0249" 10122
"/Engine/EngineMaterials/Substrate/Glints2/dict_0006_0243" 10123
"/Engine/EngineMaterials/Substrate/Glints2/dict_0006_0241" 10124
"/Engine/EngineMaterials/Substrate/Glints2/dict_0007_0000" 10125
"../../../Engine/Content/EngineMaterials/Substrate/Glints2/dict_0007_0005.uasset" 10126
"../../../Engine/Content/EngineMaterials/Substrate/Glints2/dict_0007_0006.uasset" 10127
"../../../Engine/Content/EngineMaterials/Substrate/Glints2/dict_0007_0001.uasset" 10128
"/Engine/EngineMaterials/Substrate/Glints2/dict_0007_0006" 10129
"/Engine/EngineMaterials/Substrate/Glints2/dict_0007_0005" 10130
"../../../Engine/Content/EngineMaterials/Substrate/Glints2/dict_0007_0011.uasset" 10131
"../../../Engine/Content/EngineMaterials/Substrate/Glints2/dict_0007_0010.uasset" 10132
"/Engine/EngineMaterials/Substrate/Glints2/dict_0007_0001" 10133
"/Engine/EngineMaterials/Substrate/Glints2/dict_0007_0011" 10134
"/Engine/EngineMaterials/Substrate/Glints2/dict_0007_0010" 10135
"../../../Engine/Content/EngineMaterials/Substrate/Glints2/dict_0006_0255.uasset" 10136
"/Engine/EngineMaterials/Substrate/Glints2/dict_0006_0255" 10137
"../../../Engine/Content/EngineMaterials/Substrate/Glints2/dict_0007_0002.uasset" 10138
"../../../Engine/Content/EngineMaterials/Substrate/Glints2/dict_0007_0008.uasset" 10139
"../../../Engine/Content/EngineMaterials/Substrate/Glints2/dict_0007_0009.uasset" 10140
"../../../Engine/Content/EngineMaterials/Substrate/Glints2/dict_0007_0014.uasset" 10141
"../../../Engine/Content/EngineMaterials/Substrate/Glints2/dict_0007_0013.uasset" 10142
"/Engine/EngineMaterials/Substrate/Glints2/dict_0007_0009" 10143
"/Engine/EngineMaterials/Substrate/Glints2/dict_0007_0008" 10144
"/Engine/EngineMaterials/Substrate/Glints2/dict_0007_0014" 10145
"/Engine/EngineMaterials/Substrate/Glints2/dict_0007_0013" 10146
"/Engine/EngineMaterials/Substrate/Glints2/dict_0007_0002" 10147
"../../../Engine/Content/EngineMaterials/Substrate/Glints2/dict_0007_0007.uasset" 10148
"../../../Engine/Content/EngineMaterials/Substrate/Glints2/dict_0007_0020.uasset" 10149
"../../../Engine/Content/EngineMaterials/Substrate/Glints2/dict_0007_0004.uasset" 10150
"/Engine/EngineMaterials/Substrate/Glints2/dict_0007_0004" 10151
"/Engine/EngineMaterials/Substrate/Glints2/dict_0007_0007" 10152
"/Engine/EngineMaterials/Substrate/Glints2/dict_0007_0020" 10153
"../../../Engine/Content/EngineMaterials/Substrate/Glints2/dict_0007_0012.uasset" 10154
"../../../Engine/Content/EngineMaterials/Substrate/Glints2/dict_0007_0017.uasset" 10155
"../../../Engine/Content/EngineMaterials/Substrate/Glints2/dict_0007_0022.uasset" 10156
"/Engine/EngineMaterials/Substrate/Glints2/dict_0007_0017" 10157
"/Engine/EngineMaterials/Substrate/Glints2/dict_0007_0012" 10158
"../../../Engine/Content/EngineMaterials/Substrate/Glints2/dict_0007_0003.uasset" 10159
"../../../Engine/Content/EngineMaterials/Substrate/Glints2/dict_0007_0018.uasset" 10160
"../../../Engine/Content/EngineMaterials/Substrate/Glints2/dict_0007_0016.uasset" 10161
"/Engine/EngineMaterials/Substrate/Glints2/dict_0007_0003" 10162
"../../../Engine/Content/EngineMaterials/Substrate/Glints2/dict_0007_0027.uasset" 10163
"/Engine/EngineMaterials/Substrate/Glints2/dict_0007_0016" 10164
"/Engine/EngineMaterials/Substrate/Glints2/dict_0007_0018" 10165
"/Engine/EngineMaterials/Substrate/Glints2/dict_0007_0022" 10166
"/Engine/EngineMaterials/Substrate/Glints2/dict_0007_0027" 10167
"../../../Engine/Content/EngineMaterials/Substrate/Glints2/dict_0007_0028.uasset" 10168
"../../../Engine/Content/EngineMaterials/Substrate/Glints2/dict_0007_0023.uasset" 10169
"../../../Engine/Content/EngineMaterials/Substrate/Glints2/dict_0007_0019.uasset" 10170
"../../../Engine/Content/EngineMaterials/Substrate/Glints2/dict_0007_0024.uasset" 10171
"../../../Engine/Content/EngineMaterials/Substrate/Glints2/dict_0007_0021.uasset" 10172
"../../../Engine/Content/EngineMaterials/Substrate/Glints2/dict_0007_0026.uasset" 10173
"../../../Engine/Content/EngineMaterials/Substrate/Glints2/dict_0007_0029.uasset" 10174
"../../../Engine/Content/EngineMaterials/Substrate/Glints2/dict_0007_0030.uasset" 10175
"/Engine/EngineMaterials/Substrate/Glints2/dict_0007_0024" 10176
"/Engine/EngineMaterials/Substrate/Glints2/dict_0007_0019" 10177
"/Engine/EngineMaterials/Substrate/Glints2/dict_0007_0029" 10178
"/Engine/EngineMaterials/Substrate/Glints2/dict_0007_0028" 10179
"/Engine/EngineMaterials/Substrate/Glints2/dict_0007_0023" 10180
"/Engine/EngineMaterials/Substrate/Glints2/dict_0007_0021" 10181
"../../../Engine/Content/EngineMaterials/Substrate/Glints2/dict_0007_0031.uasset" 10182
"/Engine/EngineMaterials/Substrate/Glints2/dict_0007_0026" 10183
"../../../Engine/Content/EngineMaterials/Substrate/Glints2/dict_0007_0036.uasset" 10184
"/Engine/EngineMaterials/Substrate/Glints2/dict_0007_0031" 10185
"/Engine/EngineMaterials/Substrate/Glints2/dict_0007_0030" 10186
"/Engine/EngineMaterials/Substrate/Glints2/dict_0007_0036" 10187
"../../../Engine/Content/EngineMaterials/Substrate/Glints2/dict_0007_0038.uasset" 10188
"../../../Engine/Content/EngineMaterials/Substrate/Glints2/dict_0007_0040.uasset" 10189
"../../../Engine/Content/EngineMaterials/Substrate/Glints2/dict_0007_0025.uasset" 10190
"../../../Engine/Content/EngineMaterials/Substrate/Glints2/dict_0007_0039.uasset" 10191
"/Engine/EngineMaterials/Substrate/Glints2/dict_0007_0040" 10192
"/Engine/EngineMaterials/Substrate/Glints2/dict_0007_0039" 10193
"/Engine/EngineMaterials/Substrate/Glints2/dict_0007_0038" 10194
"/Engine/EngineMaterials/Substrate/Glints2/dict_0007_0025" 10195
"../../../Engine/Content/EngineMaterials/Substrate/Glints2/dict_0007_0041.uasset" 10196
"../../../Engine/Content/EngineMaterials/Substrate/Glints2/dict_0007_0042.uasset" 10197
"../../../Engine/Content/EngineMaterials/Substrate/Glints2/dict_0007_0034.uasset" 10198
"../../../Engine/Content/EngineMaterials/Substrate/Glints2/dict_0007_0044.uasset" 10199
"../../../Engine/Content/EngineMaterials/Substrate/Glints2/dict_0007_0035.uasset" 10200
"../../../Engine/Content/EngineMaterials/Substrate/Glints2/dict_0007_0032.uasset" 10201
"/Engine/EngineMaterials/Substrate/Glints2/dict_0007_0034" 10202
"/Engine/EngineMaterials/Substrate/Glints2/dict_0007_0042" 10203
"/Engine/EngineMaterials/Substrate/Glints2/dict_0007_0041" 10204
"/Engine/EngineMaterials/Substrate/Glints2/dict_0007_0044" 10205
"/Engine/EngineMaterials/Substrate/Glints2/dict_0007_0032" 10206
"/Engine/EngineMaterials/Substrate/Glints2/dict_0007_0035" 10207
"../../../Engine/Content/EngineMaterials/Substrate/Glints2/dict_0007_0033.uasset" 10208
"/Engine/EngineMaterials/Substrate/Glints2/dict_0007_0033" 10209
"../../../Engine/Content/EngineMaterials/Substrate/Glints2/dict_0007_0037.uasset" 10210
"../../../Engine/Content/EngineMaterials/Substrate/Glints2/dict_0007_0043.uasset" 10211
"../../../Engine/Content/EngineMaterials/Substrate/Glints2/dict_0007_0051.uasset" 10212
"../../../Engine/Content/EngineMaterials/Substrate/Glints2/dict_0007_0048.uasset" 10213
"../../../Engine/Content/EngineMaterials/Substrate/Glints2/dict_0007_0050.uasset" 10214
"../../../Engine/Content/EngineMaterials/Substrate/Glints2/dict_0007_0015.uasset" 10215
"../../../Engine/Content/EngineMaterials/Substrate/Glints2/dict_0007_0046.uasset" 10216
"/Engine/EngineMaterials/Substrate/Glints2/dict_0007_0037" 10217
"/Engine/EngineMaterials/Substrate/Glints2/dict_0007_0051" 10218
"/Engine/EngineMaterials/Substrate/Glints2/dict_0007_0050" 10219
"/Engine/EngineMaterials/Substrate/Glints2/dict_0007_0015" 10220
"/Engine/EngineMaterials/Substrate/Glints2/dict_0007_0048" 10221
"/Engine/EngineMaterials/Substrate/Glints2/dict_0007_0043" 10222
"/Engine/EngineMaterials/Substrate/Glints2/dict_0007_0046" 10223
"../../../Engine/Content/EngineMaterials/Substrate/Glints2/dict_0007_0045.uasset" 10224
"../../../Engine/Content/EngineMaterials/Substrate/Glints2/dict_0007_0052.uasset" 10225
"/Engine/EngineMaterials/Substrate/Glints2/dict_0007_0045" 10226
"/Engine/EngineMaterials/Substrate/Glints2/dict_0007_0052" 10227
"../../../Engine/Content/EngineMaterials/Substrate/Glints2/dict_0007_0053.uasset" 10228
"../../../Engine/Content/EngineMaterials/Substrate/Glints2/dict_0007_0049.uasset" 10229
"../../../Engine/Content/EngineMaterials/Substrate/Glints2/dict_0007_0057.uasset" 10230
"../../../Engine/Content/EngineMaterials/Substrate/Glints2/dict_0007_0056.uasset" 10231
"../../../Engine/Content/EngineMaterials/Substrate/Glints2/dict_0007_0054.uasset" 10232
"../../../Engine/Content/EngineMaterials/Substrate/Glints2/dict_0007_0058.uasset" 10233
"../../../Engine/Content/EngineMaterials/Substrate/Glints2/dict_0007_0055.uasset" 10234
"/Engine/EngineMaterials/Substrate/Glints2/dict_0007_0058" 10235
"/Engine/EngineMaterials/Substrate/Glints2/dict_0007_0057" 10236
"/Engine/EngineMaterials/Substrate/Glints2/dict_0007_0056" 10237
"/Engine/EngineMaterials/Substrate/Glints2/dict_0007_0055" 10238
"/Engine/EngineMaterials/Substrate/Glints2/dict_0007_0049" 10239
"/Engine/EngineMaterials/Substrate/Glints2/dict_0007_0054" 10240
"/Engine/EngineMaterials/Substrate/Glints2/dict_0007_0053" 10241
"../../../Engine/Content/EngineMaterials/Substrate/Glints2/dict_0007_0065.uasset" 10242
"../../../Engine/Content/EngineMaterials/Substrate/Glints2/dict_0007_0060.uasset" 10243
"/Engine/EngineMaterials/Substrate/Glints2/dict_0007_0065" 10244
"/Engine/EngineMaterials/Substrate/Glints2/dict_0007_0060" 10245
"../../../Engine/Content/EngineMaterials/Substrate/Glints2/dict_0007_0047.uasset" 10246
"../../../Engine/Content/EngineMaterials/Substrate/Glints2/dict_0007_0066.uasset" 10247
"../../../Engine/Content/EngineMaterials/Substrate/Glints2/dict_0007_0068.uasset" 10248
"../../../Engine/Content/EngineMaterials/Substrate/Glints2/dict_0007_0063.uasset" 10249
"../../../Engine/Content/EngineMaterials/Substrate/Glints2/dict_0007_0059.uasset" 10250
"/Engine/EngineMaterials/Substrate/Glints2/dict_0007_0059" 10251
"/Engine/EngineMaterials/Substrate/Glints2/dict_0007_0047" 10252
"/Engine/EngineMaterials/Substrate/Glints2/dict_0007_0066" 10253
"/Engine/EngineMaterials/Substrate/Glints2/dict_0007_0068" 10254
"/Engine/EngineMaterials/Substrate/Glints2/dict_0007_0063" 10255
"../../../Engine/Content/EngineMaterials/Substrate/Glints2/dict_0007_0069.uasset" 10256
"../../../Engine/Content/EngineMaterials/Substrate/Glints2/dict_0007_0072.uasset" 10257
"../../../Engine/Content/EngineMaterials/Substrate/Glints2/dict_0007_0067.uasset" 10258
"../../../Engine/Content/EngineMaterials/Substrate/Glints2/dict_0007_0062.uasset" 10259
"/Engine/EngineMaterials/Substrate/Glints2/dict_0007_0062" 10260
"/Engine/EngineMaterials/Substrate/Glints2/dict_0007_0072" 10261
"/Engine/EngineMaterials/Substrate/Glints2/dict_0007_0069" 10262
"/Engine/EngineMaterials/Substrate/Glints2/dict_0007_0067" 10263
"../../../Engine/Content/EngineMaterials/Substrate/Glints2/dict_0007_0064.uasset" 10264
"/Engine/EngineMaterials/Substrate/Glints2/dict_0007_0064" 10265
"../../../Engine/Content/EngineMaterials/Substrate/Glints2/dict_0007_0074.uasset" 10266
"../../../Engine/Content/EngineMaterials/Substrate/Glints2/dict_0007_0076.uasset" 10267
"../../../Engine/Content/EngineMaterials/Substrate/Glints2/dict_0007_0071.uasset" 10268
"../../../Engine/Content/EngineMaterials/Substrate/Glints2/dict_0007_0061.uasset" 10269
"/Engine/EngineMaterials/Substrate/Glints2/dict_0007_0071" 10270
"../../../Engine/Content/EngineMaterials/Substrate/Glints2/dict_0007_0078.uasset" 10271
"/Engine/EngineMaterials/Substrate/Glints2/dict_0007_0076" 10272
"../../../Engine/Content/EngineMaterials/Substrate/Glints2/dict_0007_0075.uasset" 10273
"/Engine/EngineMaterials/Substrate/Glints2/dict_0007_0074" 10274
"/Engine/EngineMaterials/Substrate/Glints2/dict_0007_0078" 10275
"/Engine/EngineMaterials/Substrate/Glints2/dict_0007_0061" 10276
"/Engine/EngineMaterials/Substrate/Glints2/dict_0007_0075" 10277
"../../../Engine/Content/EngineMaterials/Substrate/Glints2/dict_0007_0073.uasset" 10278
"../../../Engine/Content/EngineMaterials/Substrate/Glints2/dict_0007_0077.uasset" 10279
"../../../Engine/Content/EngineMaterials/Substrate/Glints2/dict_0007_0079.uasset" 10280
"../../../Engine/Content/EngineMaterials/Substrate/Glints2/dict_0007_0086.uasset" 10281
"../../../Engine/Content/EngineMaterials/Substrate/Glints2/dict_0007_0080.uasset" 10282
"../../../Engine/Content/EngineMaterials/Substrate/Glints2/dict_0007_0081.uasset" 10283
"../../../Engine/Content/EngineMaterials/Substrate/Glints2/dict_0007_0087.uasset" 10284
"/Engine/EngineMaterials/Substrate/Glints2/dict_0007_0079" 10285
"../../../Engine/Content/EngineMaterials/Substrate/Glints2/dict_0007_0082.uasset" 10286
"/Engine/EngineMaterials/Substrate/Glints2/dict_0007_0077" 10287
"/Engine/EngineMaterials/Substrate/Glints2/dict_0007_0087" 10288
"/Engine/EngineMaterials/Substrate/Glints2/dict_0007_0086" 10289
"../../../Engine/Content/EngineMaterials/Substrate/Glints2/dict_0007_0090.uasset" 10290
"/Engine/EngineMaterials/Substrate/Glints2/dict_0007_0073" 10291
"/Engine/EngineMaterials/Substrate/Glints2/dict_0007_0081" 10292
"/Engine/EngineMaterials/Substrate/Glints2/dict_0007_0080" 10293
"/Engine/EngineMaterials/Substrate/Glints2/dict_0007_0082" 10294
"/Engine/EngineMaterials/Substrate/Glints2/dict_0007_0090" 10295
"../../../Engine/Content/EngineMaterials/Substrate/Glints2/dict_0007_0085.uasset" 10296
"/Engine/EngineMaterials/Substrate/Glints2/dict_0007_0085" 10297
"../../../Engine/Content/EngineMaterials/Substrate/Glints2/dict_0007_0092.uasset" 10298
"../../../Engine/Content/EngineMaterials/Substrate/Glints2/dict_0007_0089.uasset" 10299
"/Engine/EngineMaterials/Substrate/Glints2/dict_0007_0092" 10300
"/Engine/EngineMaterials/Substrate/Glints2/dict_0007_0089" 10301
"../../../Engine/Content/EngineMaterials/Substrate/Glints2/dict_0007_0083.uasset" 10302
"../../../Engine/Content/EngineMaterials/Substrate/Glints2/dict_0007_0096.uasset" 10303
"../../../Engine/Content/EngineMaterials/Substrate/Glints2/dict_0007_0094.uasset" 10304
"../../../Engine/Content/EngineMaterials/Substrate/Glints2/dict_0007_0088.uasset" 10305
"/Engine/EngineMaterials/Substrate/Glints2/dict_0007_0096" 10306
"/Engine/EngineMaterials/Substrate/Glints2/dict_0007_0088" 10307
"/Engine/EngineMaterials/Substrate/Glints2/dict_0007_0094" 10308
"/Engine/EngineMaterials/Substrate/Glints2/dict_0007_0083" 10309
"../../../Engine/Content/EngineMaterials/Substrate/Glints2/dict_0007_0097.uasset" 10310
"/Engine/EngineMaterials/Substrate/Glints2/dict_0007_0097" 10311
"../../../Engine/Content/EngineMaterials/Substrate/Glints2/dict_0007_0084.uasset" 10312
"../../../Engine/Content/EngineMaterials/Substrate/Glints2/dict_0007_0095.uasset" 10313
"../../../Engine/Content/EngineMaterials/Substrate/Glints2/dict_0007_0093.uasset" 10314
"../../../Engine/Content/EngineMaterials/Substrate/Glints2/dict_0007_0070.uasset" 10315
"../../../Engine/Content/EngineMaterials/Substrate/Glints2/dict_0007_0101.uasset" 10316
"../../../Engine/Content/EngineMaterials/Substrate/Glints2/dict_0007_0100.uasset" 10317
"../../../Engine/Content/EngineMaterials/Substrate/Glints2/dict_0007_0099.uasset" 10318
"../../../Engine/Content/EngineMaterials/Substrate/Glints2/dict_0007_0104.uasset" 10319
"/Engine/EngineMaterials/Substrate/Glints2/dict_0007_0100" 10320
"/Engine/EngineMaterials/Substrate/Glints2/dict_0007_0099" 10321
"/Engine/EngineMaterials/Substrate/Glints2/dict_0007_0104" 10322
"/Engine/EngineMaterials/Substrate/Glints2/dict_0007_0070" 10323
"/Engine/EngineMaterials/Substrate/Glints2/dict_0007_0095" 10324
"../../../Engine/Content/EngineMaterials/Substrate/Glints2/dict_0007_0108.uasset" 10325
"/Engine/EngineMaterials/Substrate/Glints2/dict_0007_0084" 10326
"/Engine/EngineMaterials/Substrate/Glints2/dict_0007_0101" 10327
"/Engine/EngineMaterials/Substrate/Glints2/dict_0007_0093" 10328
"/Engine/EngineMaterials/Substrate/Glints2/dict_0007_0108" 10329
"../../../Engine/Content/EngineMaterials/Substrate/Glints2/dict_0007_0110.uasset" 10330
"../../../Engine/Content/EngineMaterials/Substrate/Glints2/dict_0007_0111.uasset" 10331
"../../../Engine/Content/EngineMaterials/Substrate/Glints2/dict_0007_0098.uasset" 10332
"/Engine/EngineMaterials/Substrate/Glints2/dict_0007_0111" 10333
"/Engine/EngineMaterials/Substrate/Glints2/dict_0007_0098" 10334
"../../../Engine/Content/EngineMaterials/Substrate/Glints2/dict_0007_0091.uasset" 10335
"../../../Engine/Content/EngineMaterials/Substrate/Glints2/dict_0007_0105.uasset" 10336
"../../../Engine/Content/EngineMaterials/Substrate/Glints2/dict_0007_0102.uasset" 10337
"../../../Engine/Content/EngineMaterials/Substrate/Glints2/dict_0007_0106.uasset" 10338
"../../../Engine/Content/EngineMaterials/Substrate/Glints2/dict_0007_0103.uasset" 10339
"../../../Engine/Content/EngineMaterials/Substrate/Glints2/dict_0007_0109.uasset" 10340
"../../../Engine/Content/EngineMaterials/Substrate/Glints2/dict_0007_0114.uasset" 10341
"/Engine/EngineMaterials/Substrate/Glints2/dict_0007_0114" 10342
"/Engine/EngineMaterials/Substrate/Glints2/dict_0007_0106" 10343
"/Engine/EngineMaterials/Substrate/Glints2/dict_0007_0103" 10344
"/Engine/EngineMaterials/Substrate/Glints2/dict_0007_0110" 10345
"../../../Engine/Content/EngineMaterials/Substrate/Glints2/dict_0007_0121.uasset" 10346
"../../../Engine/Content/EngineMaterials/Substrate/Glints2/dict_0007_0116.uasset" 10347
"/Engine/EngineMaterials/Substrate/Glints2/dict_0007_0105" 10348
"/Engine/EngineMaterials/Substrate/Glints2/dict_0007_0109" 10349
"/Engine/EngineMaterials/Substrate/Glints2/dict_0007_0091" 10350
"/Engine/EngineMaterials/Substrate/Glints2/dict_0007_0102" 10351
"/Engine/EngineMaterials/Substrate/Glints2/dict_0007_0116" 10352
"/Engine/EngineMaterials/Substrate/Glints2/dict_0007_0121" 10353
"../../../Engine/Content/EngineMaterials/Substrate/Glints2/dict_0007_0112.uasset" 10354
"../../../Engine/Content/EngineMaterials/Substrate/Glints2/dict_0007_0107.uasset" 10355
"../../../Engine/Content/EngineMaterials/Substrate/Glints2/dict_0007_0123.uasset" 10356
"../../../Engine/Content/EngineMaterials/Substrate/Glints2/dict_0007_0122.uasset" 10357
"/Engine/EngineMaterials/Substrate/Glints2/dict_0007_0107" 10358
"../../../Engine/Content/EngineMaterials/Substrate/Glints2/dict_0007_0118.uasset" 10359
"/Engine/EngineMaterials/Substrate/Glints2/dict_0007_0123" 10360
"/Engine/EngineMaterials/Substrate/Glints2/dict_0007_0122" 10361
"/Engine/EngineMaterials/Substrate/Glints2/dict_0007_0112" 10362
"/Engine/EngineMaterials/Substrate/Glints2/dict_0007_0118" 10363
"../../../Engine/Content/EngineMaterials/Substrate/Glints2/dict_0007_0113.uasset" 10364
"../../../Engine/Content/EngineMaterials/Substrate/Glints2/dict_0007_0119.uasset" 10365
"../../../Engine/Content/EngineMaterials/Substrate/Glints2/dict_0007_0115.uasset" 10366
"../../../Engine/Content/EngineMaterials/Substrate/Glints2/dict_0007_0125.uasset" 10367
"../../../Engine/Content/EngineMaterials/Substrate/Glints2/dict_0007_0127.uasset" 10368
"../../../Engine/Content/EngineMaterials/Substrate/Glints2/dict_0007_0120.uasset" 10369
"/Engine/EngineMaterials/Substrate/Glints2/dict_0007_0119" 10370
"/Engine/EngineMaterials/Substrate/Glints2/dict_0007_0113" 10371
"/Engine/EngineMaterials/Substrate/Glints2/dict_0007_0127" 10372
"/Engine/EngineMaterials/Substrate/Glints2/dict_0007_0120" 10373
"/Engine/EngineMaterials/Substrate/Glints2/dict_0007_0125" 10374
"/Engine/EngineMaterials/Substrate/Glints2/dict_0007_0115" 10375
"../../../Engine/Content/EngineMaterials/Substrate/Glints2/dict_0007_0131.uasset" 10376
"../../../Engine/Content/EngineMaterials/Substrate/Glints2/dict_0007_0132.uasset" 10377
"/Engine/EngineMaterials/Substrate/Glints2/dict_0007_0132" 10378
"/Engine/EngineMaterials/Substrate/Glints2/dict_0007_0131" 10379
"../../../Engine/Content/EngineMaterials/Substrate/Glints2/dict_0007_0126.uasset" 10380
"../../../Engine/Content/EngineMaterials/Substrate/Glints2/dict_0007_0135.uasset" 10381
"../../../Engine/Content/EngineMaterials/Substrate/Glints2/dict_0007_0130.uasset" 10382
"../../../Engine/Content/EngineMaterials/Substrate/Glints2/dict_0007_0117.uasset" 10383
"../../../Engine/Content/EngineMaterials/Substrate/Glints2/dict_0007_0136.uasset" 10384
"../../../Engine/Content/EngineMaterials/Substrate/Glints2/dict_0007_0128.uasset" 10385
"../../../Engine/Content/EngineMaterials/Substrate/Glints2/dict_0007_0140.uasset" 10386
"../../../Engine/Content/EngineMaterials/Substrate/Glints2/dict_0007_0141.uasset" 10387
"/Engine/EngineMaterials/Substrate/Glints2/dict_0007_0130" 10388
"/Engine/EngineMaterials/Substrate/Glints2/dict_0007_0135" 10389
"/Engine/EngineMaterials/Substrate/Glints2/dict_0007_0117" 10390
"/Engine/EngineMaterials/Substrate/Glints2/dict_0007_0128" 10391
"/Engine/EngineMaterials/Substrate/Glints2/dict_0007_0126" 10392
"/Engine/EngineMaterials/Substrate/Glints2/dict_0007_0136" 10393
"/Engine/EngineMaterials/Substrate/Glints2/dict_0007_0141" 10394
"/Engine/EngineMaterials/Substrate/Glints2/dict_0007_0140" 10395
"../../../Engine/Content/EngineMaterials/Substrate/Glints2/dict_0007_0133.uasset" 10396
"../../../Engine/Content/EngineMaterials/Substrate/Glints2/dict_0007_0134.uasset" 10397
"../../../Engine/Content/EngineMaterials/Substrate/Glints2/dict_0007_0124.uasset" 10398
"/Engine/EngineMaterials/Substrate/Glints2/dict_0007_0134" 10399
"../../../Engine/Content/EngineMaterials/Substrate/Glints2/dict_0007_0142.uasset" 10400
"/Engine/EngineMaterials/Substrate/Glints2/dict_0007_0133" 10401
"/Engine/EngineMaterials/Substrate/Glints2/dict_0007_0124" 10402
"/Engine/EngineMaterials/Substrate/Glints2/dict_0007_0142" 10403
"../../../Engine/Content/EngineMaterials/Substrate/Glints2/dict_0007_0138.uasset" 10404
"/Engine/EngineMaterials/Substrate/Glints2/dict_0007_0138" 10405
"../../../Engine/Content/EngineMaterials/Substrate/Glints2/dict_0007_0144.uasset" 10406
"../../../Engine/Content/EngineMaterials/Substrate/Glints2/dict_0007_0145.uasset" 10407
"../../../Engine/Content/EngineMaterials/Substrate/Glints2/dict_0007_0137.uasset" 10408
"../../../Engine/Content/EngineMaterials/Substrate/Glints2/dict_0007_0129.uasset" 10409
"../../../Engine/Content/EngineMaterials/Substrate/Glints2/dict_0007_0139.uasset" 10410
"../../../Engine/Content/EngineMaterials/Substrate/Glints2/dict_0007_0147.uasset" 10411
"/Engine/EngineMaterials/Substrate/Glints2/dict_0007_0147" 10412
"/Engine/EngineMaterials/Substrate/Glints2/dict_0007_0129" 10413
"/Engine/EngineMaterials/Substrate/Glints2/dict_0007_0145" 10414
"/Engine/EngineMaterials/Substrate/Glints2/dict_0007_0139" 10415
"/Engine/EngineMaterials/Substrate/Glints2/dict_0007_0144" 10416
"/Engine/EngineMaterials/Substrate/Glints2/dict_0007_0137" 10417
"../../../Engine/Content/EngineMaterials/Substrate/Glints2/dict_0007_0149.uasset" 10418
"../../../Engine/Content/EngineMaterials/Substrate/Glints2/dict_0007_0146.uasset" 10419
"/Engine/EngineMaterials/Substrate/Glints2/dict_0007_0149" 10420
"/Engine/EngineMaterials/Substrate/Glints2/dict_0007_0146" 10421
"../../../Engine/Content/EngineMaterials/Substrate/Glints2/dict_0007_0150.uasset" 10422
"../../../Engine/Content/EngineMaterials/Substrate/Glints2/dict_0007_0151.uasset" 10423
"../../../Engine/Content/EngineMaterials/Substrate/Glints2/dict_0007_0153.uasset" 10424
"../../../Engine/Content/EngineMaterials/Substrate/Glints2/dict_0007_0155.uasset" 10425
"/Engine/EngineMaterials/Substrate/Glints2/dict_0007_0155" 10426
"../../../Engine/Content/EngineMaterials/Substrate/Glints2/dict_0007_0143.uasset" 10427
"/Engine/EngineMaterials/Substrate/Glints2/dict_0007_0153" 10428
"/Engine/EngineMaterials/Substrate/Glints2/dict_0007_0151" 10429
"/Engine/EngineMaterials/Substrate/Glints2/dict_0007_0150" 10430
"/Engine/EngineMaterials/Substrate/Glints2/dict_0007_0143" 10431
"../../../Engine/Content/EngineMaterials/Substrate/Glints2/dict_0007_0159.uasset" 10432
"../../../Engine/Content/EngineMaterials/Substrate/Glints2/dict_0007_0158.uasset" 10433
"../../../Engine/Content/EngineMaterials/Substrate/Glints2/dict_0007_0154.uasset" 10434
"../../../Engine/Content/EngineMaterials/Substrate/Glints2/dict_0007_0156.uasset" 10435
"/Engine/EngineMaterials/Substrate/Glints2/dict_0007_0158" 10436
"/Engine/EngineMaterials/Substrate/Glints2/dict_0007_0156" 10437
"/Engine/EngineMaterials/Substrate/Glints2/dict_0007_0154" 10438
"/Engine/EngineMaterials/Substrate/Glints2/dict_0007_0159" 10439
"../../../Engine/Content/EngineMaterials/Substrate/Glints2/dict_0007_0163.uasset" 10440
"../../../Engine/Content/EngineMaterials/Substrate/Glints2/dict_0007_0164.uasset" 10441
"../../../Engine/Content/EngineMaterials/Substrate/Glints2/dict_0007_0152.uasset" 10442
"/Engine/EngineMaterials/Substrate/Glints2/dict_0007_0164" 10443
"/Engine/EngineMaterials/Substrate/Glints2/dict_0007_0163" 10444
"/Engine/EngineMaterials/Substrate/Glints2/dict_0007_0152" 10445
"../../../Engine/Content/EngineMaterials/Substrate/Glints2/dict_0007_0166.uasset" 10446
"../../../Engine/Content/EngineMaterials/Substrate/Glints2/dict_0007_0157.uasset" 10447
"../../../Engine/Content/EngineMaterials/Substrate/Glints2/dict_0007_0167.uasset" 10448
"../../../Engine/Content/EngineMaterials/Substrate/Glints2/dict_0007_0168.uasset" 10449
"../../../Engine/Content/EngineMaterials/Substrate/Glints2/dict_0007_0160.uasset" 10450
"/Engine/EngineMaterials/Substrate/Glints2/dict_0007_0157" 10451
"/Engine/EngineMaterials/Substrate/Glints2/dict_0007_0166" 10452
"/Engine/EngineMaterials/Substrate/Glints2/dict_0007_0160" 10453
"/Engine/EngineMaterials/Substrate/Glints2/dict_0007_0168" 10454
"/Engine/EngineMaterials/Substrate/Glints2/dict_0007_0167" 10455
"../../../Engine/Content/EngineMaterials/Substrate/Glints2/dict_0007_0161.uasset" 10456
"../../../Engine/Content/EngineMaterials/Substrate/Glints2/dict_0007_0165.uasset" 10457
"../../../Engine/Content/EngineMaterials/Substrate/Glints2/dict_0007_0169.uasset" 10458
"../../../Engine/Content/EngineMaterials/Substrate/Glints2/dict_0007_0170.uasset" 10459
"/Engine/EngineMaterials/Substrate/Glints2/dict_0007_0170" 10460
"../../../Engine/Content/EngineMaterials/Substrate/Glints2/dict_0007_0171.uasset" 10461
"/Engine/EngineMaterials/Substrate/Glints2/dict_0007_0165" 10462
"/Engine/EngineMaterials/Substrate/Glints2/dict_0007_0161" 10463
"/Engine/EngineMaterials/Substrate/Glints2/dict_0007_0169" 10464
"/Engine/EngineMaterials/Substrate/Glints2/dict_0007_0171" 10465
"../../../Engine/Content/EngineMaterials/Substrate/Glints2/dict_0007_0174.uasset" 10466
"../../../Engine/Content/EngineMaterials/Substrate/Glints2/dict_0007_0173.uasset" 10467
"../../../Engine/Content/EngineMaterials/Substrate/Glints2/dict_0007_0175.uasset" 10468
"../../../Engine/Content/EngineMaterials/Substrate/Glints2/dict_0007_0148.uasset" 10469
"../../../Engine/Content/EngineMaterials/Substrate/Glints2/dict_0007_0180.uasset" 10470
"/Engine/EngineMaterials/Substrate/Glints2/dict_0007_0148" 10471
"/Engine/EngineMaterials/Substrate/Glints2/dict_0007_0175" 10472
"/Engine/EngineMaterials/Substrate/Glints2/dict_0007_0174" 10473
"../../../Engine/Content/EngineMaterials/Substrate/Glints2/dict_0007_0179.uasset" 10474
"../../../Engine/Content/EngineMaterials/Substrate/Glints2/dict_0007_0185.uasset" 10475
"/Engine/EngineMaterials/Substrate/Glints2/dict_0007_0173" 10476
"/Engine/EngineMaterials/Substrate/Glints2/dict_0007_0180" 10477
"/Engine/EngineMaterials/Substrate/Glints2/dict_0007_0179" 10478
"../../../Engine/Content/EngineMaterials/Substrate/Glints2/dict_0007_0162.uasset" 10479
"../../../Engine/Content/EngineMaterials/Substrate/Glints2/dict_0007_0186.uasset" 10480
"/Engine/EngineMaterials/Substrate/Glints2/dict_0007_0162" 10481
"../../../Engine/Content/EngineMaterials/Substrate/Glints2/dict_0007_0187.uasset" 10482
"../../../Engine/Content/EngineMaterials/Substrate/Glints2/dict_0007_0172.uasset" 10483
"../../../Engine/Content/EngineMaterials/Substrate/Glints2/dict_0007_0188.uasset" 10484
"../../../Engine/Content/EngineMaterials/Substrate/Glints2/dict_0007_0189.uasset" 10485
"../../../Engine/Content/EngineMaterials/Substrate/Glints2/dict_0007_0190.uasset" 10486
"../../../Engine/Content/EngineMaterials/Substrate/Glints2/dict_0007_0191.uasset" 10487
"../../../Engine/Content/EngineMaterials/Substrate/Glints2/dict_0007_0177.uasset" 10488
"../../../Engine/Content/EngineMaterials/Substrate/Glints2/dict_0007_0182.uasset" 10489
"../../../Engine/Content/EngineMaterials/Substrate/Glints2/dict_0007_0192.uasset" 10490
"../../../Engine/Content/EngineMaterials/Substrate/Glints2/dict_0007_0193.uasset" 10491
"../../../Engine/Content/EngineMaterials/Substrate/Glints2/dict_0007_0194.uasset" 10492
"../../../Engine/Content/EngineMaterials/Substrate/Glints2/dict_0007_0195.uasset" 10493
"../../../Engine/Content/EngineMaterials/Substrate/Glints2/dict_0007_0196.uasset" 10494
"../../../Engine/Content/EngineMaterials/Substrate/Glints2/dict_0007_0197.uasset" 10495
"../../../Engine/Content/EngineMaterials/Substrate/Glints2/dict_0007_0198.uasset" 10496
"../../../Engine/Content/EngineMaterials/Substrate/Glints2/dict_0007_0199.uasset" 10497
"../../../Engine/Content/EngineMaterials/Substrate/Glints2/dict_0007_0200.uasset" 10498
"../../../Engine/Content/EngineMaterials/Substrate/Glints2/dict_0007_0201.uasset" 10499
"../../../Engine/Content/EngineMaterials/Substrate/Glints2/dict_0007_0176.uasset" 10500
"../../../Engine/Content/EngineMaterials/Substrate/Glints2/dict_0007_0202.uasset" 10501
"../../../Engine/Content/EngineMaterials/Substrate/Glints2/dict_0007_0203.uasset" 10502
"../../../Engine/Content/EngineMaterials/Substrate/Glints2/dict_0007_0204.uasset" 10503
"../../../Engine/Content/EngineMaterials/Substrate/Glints2/dict_0007_0205.uasset" 10504
"../../../Engine/Content/EngineMaterials/Substrate/Glints2/dict_0007_0206.uasset" 10505
"../../../Engine/Content/EngineMaterials/Substrate/Glints2/dict_0007_0207.uasset" 10506
"../../../Engine/Content/EngineMaterials/Substrate/Glints2/dict_0007_0208.uasset" 10507
"../../../Engine/Content/EngineMaterials/Substrate/Glints2/dict_0007_0181.uasset" 10508
"../../../Engine/Content/EngineMaterials/Substrate/Glints2/dict_0007_0183.uasset" 10509
"../../../Engine/Content/EngineMaterials/Substrate/Glints2/dict_0007_0184.uasset" 10510
"/Engine/EngineMaterials/Substrate/Glints2/dict_0007_0188" 10511
"/Engine/EngineMaterials/Substrate/Glints2/dict_0007_0196" 10512
"/Engine/EngineMaterials/Substrate/Glints2/dict_0007_0207" 10513
"/Engine/EngineMaterials/Substrate/Glints2/dict_0007_0200" 10514
"/Engine/EngineMaterials/Substrate/Glints2/dict_0007_0206" 10515
"/Engine/EngineMaterials/Substrate/Glints2/dict_0007_0187" 10516
"/Engine/EngineMaterials/Substrate/Glints2/dict_0007_0177" 10517
"/Engine/EngineMaterials/Substrate/Glints2/dict_0007_0183" 10518
"/Engine/EngineMaterials/Substrate/Glints2/dict_0007_0191" 10519
"../../../Engine/Content/EngineMaterials/Substrate/Glints2/dict_0007_0178.uasset" 10520
"/Engine/EngineMaterials/Substrate/Glints2/dict_0007_0195" 10521
"/Engine/EngineMaterials/Substrate/Glints2/dict_0007_0190" 10522
"/Engine/EngineMaterials/Substrate/Glints2/dict_0007_0199" 10523
"/Engine/EngineMaterials/Substrate/Glints2/dict_0007_0176" 10524
"/Engine/EngineMaterials/Substrate/Glints2/dict_0007_0205" 10525
"/Engine/EngineMaterials/Substrate/Glints2/dict_0007_0208" 10526
"/Engine/EngineMaterials/Substrate/Glints2/dict_0007_0198" 10527
"/Engine/EngineMaterials/Substrate/Glints2/dict_0007_0204" 10528
"/Engine/EngineMaterials/Substrate/Glints2/dict_0007_0197" 10529
"/Engine/EngineMaterials/Substrate/Glints2/dict_0007_0201" 10530
"/Engine/EngineMaterials/Substrate/Glints2/dict_0007_0186" 10531
"/Engine/EngineMaterials/Substrate/Glints2/dict_0007_0203" 10532
"/Engine/EngineMaterials/Substrate/Glints2/dict_0007_0172" 10533
"/Engine/EngineMaterials/Substrate/Glints2/dict_0007_0194" 10534
"/Engine/EngineMaterials/Substrate/Glints2/dict_0007_0182" 10535
"/Engine/EngineMaterials/Substrate/Glints2/dict_0007_0189" 10536
"/Engine/EngineMaterials/Substrate/Glints2/dict_0007_0193" 10537
"/Engine/EngineMaterials/Substrate/Glints2/dict_0007_0181" 10538
"/Engine/EngineMaterials/Substrate/Glints2/dict_0007_0202" 10539
"/Engine/EngineMaterials/Substrate/Glints2/dict_0007_0185" 10540
"/Engine/EngineMaterials/Substrate/Glints2/dict_0007_0192" 10541
"/Engine/EngineMaterials/Substrate/Glints2/dict_0007_0184" 10542
"../../../Engine/Content/EngineMaterials/Substrate/Glints2/dict_0007_0209.uasset" 10543
"../../../Engine/Content/EngineMaterials/Substrate/Glints2/dict_0007_0210.uasset" 10544
"/Engine/EngineMaterials/Substrate/Glints2/dict_0007_0178" 10545
"../../../Engine/Content/EngineMaterials/Substrate/Glints2/dict_0007_0211.uasset" 10546
"../../../Engine/Content/EngineMaterials/Substrate/Glints2/dict_0007_0212.uasset" 10547
"/Engine/EngineMaterials/Substrate/Glints2/dict_0007_0211" 10548
"/Engine/EngineMaterials/Substrate/Glints2/dict_0007_0209" 10549
"../../../Engine/Content/EngineMaterials/Substrate/Glints2/dict_0007_0213.uasset" 10550
"../../../Engine/Content/EngineMaterials/Substrate/Glints2/dict_0007_0214.uasset" 10551
"../../../Engine/Content/EngineMaterials/Substrate/Glints2/dict_0007_0216.uasset" 10552
"../../../Engine/Content/EngineMaterials/Substrate/Glints2/dict_0007_0215.uasset" 10553
"../../../Engine/Content/EngineMaterials/Substrate/Glints2/dict_0007_0217.uasset" 10554
"../../../Engine/Content/EngineMaterials/Substrate/Glints2/dict_0007_0218.uasset" 10555
"../../../Engine/Content/EngineMaterials/Substrate/Glints2/dict_0007_0219.uasset" 10556
"../../../Engine/Content/EngineMaterials/Substrate/Glints2/dict_0007_0220.uasset" 10557
"../../../Engine/Content/EngineMaterials/Substrate/Glints2/dict_0007_0221.uasset" 10558
"../../../Engine/Content/EngineMaterials/Substrate/Glints2/dict_0007_0222.uasset" 10559
"../../../Engine/Content/EngineMaterials/Substrate/Glints2/dict_0007_0223.uasset" 10560
"../../../Engine/Content/EngineMaterials/Substrate/Glints2/dict_0007_0224.uasset" 10561
"../../../Engine/Content/EngineMaterials/Substrate/Glints2/dict_0007_0225.uasset" 10562
"../../../Engine/Content/EngineMaterials/Substrate/Glints2/dict_0007_0226.uasset" 10563
"../../../Engine/Content/EngineMaterials/Substrate/Glints2/dict_0007_0227.uasset" 10564
"../../../Engine/Content/EngineMaterials/Substrate/Glints2/dict_0007_0228.uasset" 10565
"../../../Engine/Content/EngineMaterials/Substrate/Glints2/dict_0007_0229.uasset" 10566
"../../../Engine/Content/EngineMaterials/Substrate/Glints2/dict_0007_0230.uasset" 10567
"../../../Engine/Content/EngineMaterials/Substrate/Glints2/dict_0007_0231.uasset" 10568
"../../../Engine/Content/EngineMaterials/Substrate/Glints2/dict_0007_0232.uasset" 10569
"../../../Engine/Content/EngineMaterials/Substrate/Glints2/dict_0007_0233.uasset" 10570
"../../../Engine/Content/EngineMaterials/Substrate/Glints2/dict_0007_0234.uasset" 10571
"../../../Engine/Content/EngineMaterials/Substrate/Glints2/dict_0007_0235.uasset" 10572
"../../../Engine/Content/EngineMaterials/Substrate/Glints2/dict_0007_0236.uasset" 10573
"../../../Engine/Content/EngineMaterials/Substrate/Glints2/dict_0007_0238.uasset" 10574
"../../../Engine/Content/EngineMaterials/Substrate/Glints2/dict_0007_0237.uasset" 10575
"../../../Engine/Content/EngineMaterials/Substrate/Glints2/dict_0007_0239.uasset" 10576
"../../../Engine/Content/EngineMaterials/Substrate/Glints2/dict_0007_0240.uasset" 10577
"../../../Engine/Content/EngineMaterials/Substrate/Glints2/dict_0007_0242.uasset" 10578
"../../../Engine/Content/EngineMaterials/Substrate/Glints2/dict_0007_0241.uasset" 10579
"/Engine/EngineMaterials/Substrate/Glints2/dict_0007_0238" 10580
"/Engine/EngineMaterials/Substrate/Glints2/dict_0007_0237" 10581
"/Engine/EngineMaterials/Substrate/Glints2/dict_0007_0240" 10582
"/Engine/EngineMaterials/Substrate/Glints2/dict_0007_0236" 10583
"/Engine/EngineMaterials/Substrate/Glints2/dict_0007_0235" 10584
"/Engine/EngineMaterials/Substrate/Glints2/dict_0007_0234" 10585
"/Engine/EngineMaterials/Substrate/Glints2/dict_0007_0233" 10586
"/Engine/EngineMaterials/Substrate/Glints2/dict_0007_0232" 10587
"/Engine/EngineMaterials/Substrate/Glints2/dict_0007_0231" 10588
"/Engine/EngineMaterials/Substrate/Glints2/dict_0007_0230" 10589
"/Engine/EngineMaterials/Substrate/Glints2/dict_0007_0239" 10590
"/Engine/EngineMaterials/Substrate/Glints2/dict_0007_0229" 10591
"/Engine/EngineMaterials/Substrate/Glints2/dict_0007_0228" 10592
"/Engine/EngineMaterials/Substrate/Glints2/dict_0007_0227" 10593
"/Engine/EngineMaterials/Substrate/Glints2/dict_0007_0226" 10594
"/Engine/EngineMaterials/Substrate/Glints2/dict_0007_0225" 10595
"/Engine/EngineMaterials/Substrate/Glints2/dict_0007_0224" 10596
"/Engine/EngineMaterials/Substrate/Glints2/dict_0007_0223" 10597
"/Engine/EngineMaterials/Substrate/Glints2/dict_0007_0222" 10598
"/Engine/EngineMaterials/Substrate/Glints2/dict_0007_0221" 10599
"/Engine/EngineMaterials/Substrate/Glints2/dict_0007_0220" 10600
"/Engine/EngineMaterials/Substrate/Glints2/dict_0007_0219" 10601
"/Engine/EngineMaterials/Substrate/Glints2/dict_0007_0218" 10602
"/Engine/EngineMaterials/Substrate/Glints2/dict_0007_0217" 10603
"/Engine/EngineMaterials/Substrate/Glints2/dict_0007_0216" 10604
"/Engine/EngineMaterials/Substrate/Glints2/dict_0007_0215" 10605
"/Engine/EngineMaterials/Substrate/Glints2/dict_0007_0214" 10606
"/Engine/EngineMaterials/Substrate/Glints2/dict_0007_0213" 10607
"/Engine/EngineMaterials/Substrate/Glints2/dict_0007_0212" 10608
"/Engine/EngineMaterials/Substrate/Glints2/dict_0007_0242" 10609
"/Engine/EngineMaterials/Substrate/Glints2/dict_0007_0210" 10610
"/Engine/EngineMaterials/Substrate/Glints2/dict_0007_0241" 10611
"../../../Engine/Content/EngineMaterials/Substrate/Glints2/dict_0007_0243.uasset" 10612
"../../../Engine/Content/EngineMaterials/Substrate/Glints2/dict_0007_0244.uasset" 10613
"../../../Engine/Content/EngineMaterials/Substrate/Glints2/dict_0007_0245.uasset" 10614
"../../../Engine/Content/EngineMaterials/Substrate/Glints2/dict_0007_0246.uasset" 10615
"../../../Engine/Content/EngineMaterials/Substrate/Glints2/dict_0007_0247.uasset" 10616
"../../../Engine/Content/EngineMaterials/Substrate/Glints2/dict_0007_0248.uasset" 10617
"../../../Engine/Content/EngineMaterials/Substrate/Glints2/dict_0007_0249.uasset" 10618
"../../../Engine/Content/EngineMaterials/Substrate/Glints2/dict_0007_0250.uasset" 10619
"../../../Engine/Content/EngineMaterials/Substrate/Glints2/dict_0007_0251.uasset" 10620
"../../../Engine/Content/EngineMaterials/Substrate/Glints2/dict_0007_0252.uasset" 10621
"../../../Engine/Content/EngineMaterials/Substrate/Glints2/dict_0007_0253.uasset" 10622
"../../../Engine/Content/EngineMaterials/Substrate/Glints2/dict_0007_0254.uasset" 10623
"../../../Engine/Content/EngineMaterials/Substrate/Glints2/dict_0007_0255.uasset" 10624
"../../../Engine/Content/EngineMaterials/Substrate/Volume/SubstrateSimpleVolumeLUT2D.uasset" 10625
"../../../Engine/Content/EngineMaterials/Substrate/Volume/SubstrateSimpleVolumeEnvLUT2D.uasset" 10626
"../../../Engine/Content/EngineMaterials/Substrate/Volume/SubstrateSimpleVolumeLUT3D.uasset" 10627
"../../../Engine/Content/EngineMaterials/Substrate/Volume/SubstrateSimpleVolumeEnvLUT3D.uasset" 10628
"/Engine/EngineMaterials/Substrate/Volume/SubstrateSimpleVolumeEnvLUT2D" 10629
"../../../Engine/Content/MobileResources/HUD/VirtualJoystick_Thumb.uasset" 10630
"../../../Engine/Content/MobileResources/HUD/VirtualJoystick_Background.uasset" 10631
"../../../Engine/Content/MobileResources/HUD/DefaultVirtualJoysticks.uasset" 10632
"/Engine/EngineMaterials/Substrate/Volume/SubstrateSimpleVolumeLUT3D" 10633
"../../../Engine/Content/EngineMaterials/DefaultCalibrationColor.uasset" 10634
"../../../Engine/Content/EngineMaterials/PPM_DefaultCalibrationColor.uasset" 10635
"../../../Engine/Content/EngineMaterials/DefaultCalibrationGrayscale.uasset" 10636
"/Engine/EngineMaterials/Substrate/Glints2/dict_0007_0255" 10637
"/Engine/EngineMaterials/Substrate/Glints2/dict_0007_0254" 10638
"/Engine/EngineMaterials/Substrate/Glints2/dict_0007_0253" 10639
"/Engine/EngineMaterials/Substrate/Glints2/dict_0007_0252" 10640
"/Engine/EngineMaterials/Substrate/Glints2/dict_0007_0251" 10641
"../../../Engine/Content/EngineMaterials/PPM_DefaultCalibrationGrayscale.uasset" 10642
"/Engine/EngineMaterials/Substrate/Glints2/dict_0007_0250" 10643
"C:/Users/Chris/Desktop/Sem 2 Github/Games-Prototyping/Games Prototyping2/Content/ExpressFarmin_Project/GS_MazeProject/Resources/UI/Images_General/HandTake2.uasset" 10644
"C:/Users/Chris/Desktop/Sem 2 Github/Games-Prototyping/Games Prototyping2/Content/ExpressFarmin_Project/GS_MazeProject/Resources/UI/WB_Cursor.uasset" 10645
"/Engine/EngineMaterials/Substrate/Glints2/dict_0007_0249" 10646
"/Engine/EngineMaterials/Substrate/Glints2/dict_0007_0248" 10647
"/Engine/EngineMaterials/Substrate/Glints2/dict_0007_0247" 10648
"/Engine/EngineMaterials/Substrate/Glints2/dict_0007_0246" 10649
"/Engine/EngineMaterials/Substrate/Glints2/dict_0007_0245" 10650
"/Engine/EngineMaterials/Substrate/Glints2/dict_0007_0244" 10651
"/Engine/EngineMaterials/Substrate/Glints2/dict_0007_0243" 10652
"/Game/ExpressFarmin_Project/GS_MazeProject/Resources/UI/WB_Cursor" 10653
"../../../Engine/Content/EngineMaterials/Substrate/Glints2/AGlintTex2dArray2.uasset" 10654
"../../../Engine/Plugins/Interchange/Assets/Content/Functions/MX_Surface.uasset" 10655
"/Engine/EngineMaterials/PPM_DefaultCalibrationGrayscale" 10656
"/Engine/EngineMaterials/PPM_DefaultCalibrationColor" 10657
"/Engine/MobileResources/HUD/DefaultVirtualJoysticks" 10658
"/Engine/EngineMaterials/Substrate/Volume/SubstrateSimpleVolumeEnvLUT3D" 10659
"/Engine/EngineMaterials/Substrate/Glints2/AGlintTex2dArray2" 10660
"../../../Engine/Content/Functions/MaterialLayerFunctions/MatLayerBlend_OverrideOpacity.uasset" 10661
"../../../Engine/Content/Functions/Engine_MaterialFunctions03/Procedurals/HeightToNormalSmooth.uasset" 10662
"../../../Engine/Content/Functions/Engine_MaterialFunctions02/Utility/BlendAngleCorrectedNormals.uasset" 10663
"../../../Engine/Plugins/NNE/NNEDenoiser/Content/NNEDIM_ColorAlbedoNormal_Default.uasset" 10664
"../../../Engine/Plugins/NNE/NNEDenoiser/Content/NNEDIM_ColorAlbedoNormal_Alpha.uasset" 10665
"../../../Engine/Plugins/NNE/NNEDenoiser/Content/NNEDIM_HighQuality_Alpha.uasset" 10666
"../../../Engine/Plugins/NNE/NNEDenoiser/Content/NNEDIM_HighQuality_Default.uasset" 10667
"../../../Engine/Plugins/NNE/NNEDenoiser/Content/NNEDOM_Output_Alpha.uasset" 10668
"../../../Engine/Plugins/NNE/NNEDenoiser/Content/NNEDOM_Output_Default.uasset" 10669
"../../../Engine/Plugins/NNE/NNEDenoiser/Content/NNEDTIM_ColorAlbedoNormal_Alpha.uasset" 10670
"../../../Engine/Plugins/NNE/NNEDenoiser/Content/NNEDTIM_ColorAlbedoNormal_Default.uasset" 10671
"../../../Engine/Plugins/NNE/NNEDenoiser/Content/NNEDTOM_Output_Alpha.uasset" 10672
"../../../Engine/Plugins/NNE/NNEDenoiser/Content/NNEDTOM_Output_Default.uasset" 10673
"../../../Engine/Plugins/Interchange/Assets/Content/Functions/MX_Displacement.uasset" 10674
"../../../Engine/Plugins/NNE/NNEDenoiser/Content/NNED_Oidn2-3_Balanced_Alpha.uasset" 10675
"/InterchangeAssets/Functions/MX_Displacement" 10676
"../../../Engine/Plugins/NNE/NNEDenoiser/Content/NNEDT_Oidn2-3_Balanced.uasset" 10677
"../../../Engine/Plugins/NNE/NNEDenoiser/Content/NNED_Oidn2-3_Balanced.uasset" 10678
"/InterchangeAssets/Functions/MX_Surface" 10679
"/NNEDenoiser/NNED_Oidn2-3_Balanced_Alpha" 10680
"/NNEDenoiser/NNEDTOM_Output_Default" 10681
"../../../Engine/Plugins/NNE/NNEDenoiser/Content/NNEDT_Oidn2-3_Balanced_Alpha.uasset" 10682
"../../../Engine/Plugins/NNE/NNEDenoiser/Content/NNED_Oidn2-3_Fast_Alpha.uasset" 10683
"../../../Engine/Plugins/NNE/NNEDenoiser/Content/NNED_Oidn2-3_Fast.uasset" 10684
"../../../Engine/Plugins/NNE/NNEDenoiser/Content/NNED_Oidn2-3_HighQuality.uasset" 10685
"/NNEDenoiser/NNEDTOM_Output_Alpha" 10686
"../../../Engine/Plugins/NNE/NNEDenoiser/Content/NNE_oidn2-3-0_rt_hdr_alb_nrm__dyn__fp16_opset11_ForwardAlpha.uasset" 10687
"/NNEDenoiser/NNEDTIM_ColorAlbedoNormal_Default" 10688
"/NNEDenoiser/NNEDTIM_ColorAlbedoNormal_Alpha" 10689
"/NNEDenoiser/NNEDOM_Output_Default" 10690
"/NNEDenoiser/NNEDOM_Output_Alpha" 10691
"../../../Engine/Plugins/NNE/NNEDenoiser/Content/NNED_Oidn2-3_HighQuality_Alpha.uasset" 10692
"/NNEDenoiser/NNEDIM_HighQuality_Default" 10693
"/NNEDenoiser/NNEDIM_HighQuality_Alpha" 10694
"../../../Engine/Plugins/NNE/NNEDenoiser/Content/NNE_oidn2-3-0_rt_hdr_alb_nrm_small__dyn__fp16_opset11_DenoiseAlpha.uasset" 10695
"/NNEDenoiser/NNEDIM_ColorAlbedoNormal_Default" 10696
"../../../Engine/Content/EditorResources/BSPVertex.uasset" 10697
"../../../Engine/Content/EngineMaterials/DefaultBloomKernel.uasset" 10698
"../../../Engine/Content/EngineResources/FilmGrains/Marcie_Grain_v3_128_M2_000.uasset" 10699
"/NNEDenoiser/NNEDIM_ColorAlbedoNormal_Alpha" 10700
"/Engine/EngineMaterials/DefaultBloomKernel" 10701
"../../../Engine/Plugins/NNE/NNEDenoiser/Content/NNE_oidn2-3-0_rt_hdr_alb_nrm_small__dyn__fp16_opset11_ForwardAlpha.uasset" 10702
"../../../Engine/Content/EngineResources/Development/ZenLogo_64.uasset" 10703
"/Engine/EditorResources/BSPVertex" 10704
"/NNEDenoiser/NNE_oidn2-3-0_rt_hdr_alb_nrm__dyn__fp16_opset11_ForwardAlpha" 10705
"../../../Engine/Content/EngineDebugMaterials/DebugEditorMaterial.uasset" 10706
"/NNEDenoiser/NNE_oidn2-3-0_rt_hdr_alb_nrm_small__dyn__fp16_opset11_DenoiseAlpha" 10707
"../../../Engine/Content/EngineMaterials/FastBlueNoise_scalar_128x128x64.uasset" 10708
"../../../Engine/Content/EngineMaterials/FastBlueNoise_scalar_128x128x8.uasset" 10709
"/NNEDenoiser/NNED_Oidn2-3_HighQuality_Alpha" 10710
"../../../Engine/Content/EngineMaterials/FastBlueNoise_vec2_128x128x64.uasset" 10711
"/NNEDenoiser/NNED_Oidn2-3_HighQuality" 10712
"../../../Engine/Plugins/NNE/NNEDenoiser/Content/NNE_oidn2-3-0_rt_hdr_calb_cnrm_large__dyn__fp16_opset11_DenoiseAlpha.uasset" 10713
"/NNEDenoiser/NNED_Oidn2-3_Fast_Alpha" 10714
"../../../Engine/Content/EngineMaterials/EnergyConservation/Sheen_Energy.uasset" 10715
"../../../Engine/Content/EngineMaterials/EnergyConservation/Diffuse_Energy.uasset" 10716
"../../../Engine/Content/EngineMaterials/LTC/Sheen_LTC.uasset" 10717
"../../../Engine/Content/EngineSounds/Master.uasset" 10718
"../../../Engine/Plugins/Interchange/Runtime/Content/Pipelines/DefaultAssetsPipeline.uasset" 10719
"../../../Engine/Plugins/Interchange/Runtime/Content/Pipelines/DefaultMaterialXPipeline.uasset" 10720
"../../../Engine/Plugins/Interchange/Runtime/Content/Pipelines/DefaultGLTFAssetsPipeline.uasset" 10721
"../../../Engine/Plugins/Interchange/Runtime/Content/Pipelines/DefaultGLTFPipeline.uasset" 10722
"../../../Engine/Plugins/Interchange/Runtime/Content/Pipelines/DefaultMaterialPipeline.uasset" 10723
"../../../Engine/Plugins/Interchange/Runtime/Content/Pipelines/DefaultTexturePipeline.uasset" 10724
"../../../Engine/Plugins/Interchange/Runtime/Content/Pipelines/DefaultSceneAssetsPipeline.uasset" 10725
"../../../Engine/Plugins/NNE/NNEDenoiser/Content/NNE_oidn2-3-0_rt_hdr_alb_nrm__dyn__fp16_opset11_DenoiseAlpha.uasset" 10726
"../../../Engine/Plugins/NNE/NNEDenoiser/Content/NNE_oidn2-3-0_rt_hdr_calb_cnrm_large__dyn__fp16_opset11_ForwardAlpha.uasset" 10727
"C:/Users/Chris/Desktop/Sem 2 Github/Games-Prototyping/Games Prototyping2/Intermediate/ORTOptimizerPass_OptimizedEF33C7484B94A5FF0AB34894EB8C475A.onnx" 10728
"C:/Users/Chris/Desktop/Sem 2 Github/Games-Prototyping/Games Prototyping2/Intermediate/ORTOptimizerPass_Optimized2027C0CC4C6A20CCAE520CACC5DEFFE2.onnx" 10729
"C:/Users/Chris/Desktop/Sem 2 Github/Games-Prototyping/Games Prototyping2/Intermediate/ORTOptimizerPass_Optimized515BD9EC4D74CD202A13FAB4D5B93B73.onnx" 10730
"C:/Users/Chris/Desktop/Sem 2 Github/Games-Prototyping/Games Prototyping2/Intermediate/ORTOptimizerPass_OptimizedC0DF52A2421E9C9D9278B7B7976AAA7D.onnx" 10731
"/NNEDenoiser/NNED_Oidn2-3_Fast" 10732
"/NNEDenoiser/NNED_Oidn2-3_Balanced" 10733
"/NNEDenoiser/NNEDT_Oidn2-3_Balanced_Alpha" 10734
"/NNEDenoiser/NNEDT_Oidn2-3_Balanced" 10735
"../../../Engine/Plugins/Interchange/Runtime/Content/Pipelines/DefaultSceneLevelPipeline.uasset" 10736
"/Interchange/Pipelines/DefaultSceneAssetsPipeline" 10737
"../../../Engine/Plugins/Interchange/Runtime/Content/Pipelines/DefaultGLTFSceneAssetsPipeline.uasset" 10738
"/Interchange/Pipelines/DefaultTexturePipeline" 10739
"/Interchange/Pipelines/DefaultMaterialPipeline" 10740
"/Interchange/Pipelines/DefaultGLTFPipeline" 10741
"/Interchange/Pipelines/DefaultGLTFAssetsPipeline" 10742
"/NNEDenoiser/NNE_oidn2-3-0_rt_hdr_calb_cnrm_large__dyn__fp16_opset11_ForwardAlpha" 10743
"../../../Engine/Plugins/Interchange/Assets/Content/Functions/MX_SurfaceUnlit.uasset" 10744
"../../../Engine/Plugins/Interchange/Assets/Content/Functions/MX_UsdPreviewSurface.uasset" 10745
"../../../Engine/Plugins/Interchange/Assets/Content/Functions/MX_OrenNayarBSDF.uasset" 10746
"../../../Engine/Plugins/Interchange/Assets/Content/Functions/MX_DielectricBSDF.uasset" 10747
"../../../Engine/Plugins/Interchange/Assets/Content/Functions/MX_TranslucentBSDF.uasset" 10748
"../../../Engine/Plugins/Interchange/Assets/Content/Functions/MX_BurleyDiffuseBSDF.uasset" 10749
"../../../Engine/Plugins/Interchange/Assets/Content/Functions/MX_SubsurfaceBSDF.uasset" 10750
"../../../Engine/Plugins/Interchange/Assets/Content/Functions/MX_ConductorBSDF.uasset" 10751
"../../../Engine/Plugins/Interchange/Assets/Content/Functions/MX_GeneralizedSchlickBSDF.uasset" 10752
"/NNEDenoiser/NNE_oidn2-3-0_rt_hdr_calb_cnrm_large__dyn__fp16_opset11_DenoiseAlpha" 10753
"/NNEDenoiser/NNE_oidn2-3-0_rt_hdr_alb_nrm__dyn__fp16_opset11_DenoiseAlpha" 10754
"/NNEDenoiser/NNE_oidn2-3-0_rt_hdr_alb_nrm_small__dyn__fp16_opset11_ForwardAlpha" 10755
"/Interchange/Pipelines/DefaultMaterialXPipeline" 10756
"/Engine/EngineResources/FilmGrains/Marcie_Grain_v3_128_M2_000" 10757
"/Interchange/Pipelines/DefaultAssetsPipeline" 10758
"C:/Users/Chris/Desktop/Sem 2 Github/Games-Prototyping/Games Prototyping2/Intermediate/ORTOptimizerPass_Optimized30D506CF4B0B6B8BD0C35E835D533850.onnx" 10759
"C:/Users/Chris/Desktop/Sem 2 Github/Games-Prototyping/Games Prototyping2/Intermediate/ORTOptimizerPass_Optimized16325D8C434CDC892899339F64DADB1C.onnx" 10760
"C:/Users/Chris/Desktop/Sem 2 Github/Games-Prototyping/Games Prototyping2/Intermediate/ORTOptimizerPass_Optimized14BE6C1D45B0A9A8CE03E1A1786C2147.onnx" 10761
"C:/Users/Chris/Desktop/Sem 2 Github/Games-Prototyping/Games Prototyping2/Intermediate/ORTOptimizerPass_Optimized313530DD4EEF80DA96D3F69545124CC6.onnx" 10762
"C:/Users/Chris/Desktop/Sem 2 Github/Games-Prototyping/Games Prototyping2/Intermediate/ORTOptimizerPass_OptimizedA83D3C0B49DFF884100709A79B1627D7.onnx" 10763
"C:/Users/Chris/Desktop/Sem 2 Github/Games-Prototyping/Games Prototyping2/Intermediate/ORTOptimizerPass_Optimized5DA161384F5D81CDCAB417A3855AE5D8.onnx" 10764
"C:/Users/Chris/Desktop/Sem 2 Github/Games-Prototyping/Games Prototyping2/Intermediate/ORTOptimizerPass_OptimizedB904339B43206D8156EA7C895AAD53C6.onnx" 10765
"C:/Users/Chris/Desktop/Sem 2 Github/Games-Prototyping/Games Prototyping2/Intermediate/ORTOptimizerPass_Optimized5118AA6849E650B79835FA948A31C12C.onnx" 10766
"/InterchangeAssets/Functions/MX_SubsurfaceBSDF" 10767
"/InterchangeAssets/Functions/MX_GeneralizedSchlickBSDF" 10768
"/InterchangeAssets/Functions/MX_ConductorBSDF" 10769
"/InterchangeAssets/Functions/MX_DielectricBSDF" 10770
"/InterchangeAssets/Functions/MX_TranslucentBSDF" 10771
"/InterchangeAssets/Functions/MX_BurleyDiffuseBSDF" 10772
"/InterchangeAssets/Functions/MX_OrenNayarBSDF" 10773
"/InterchangeAssets/Functions/MX_UsdPreviewSurface" 10774
"/InterchangeAssets/Functions/MX_SurfaceUnlit" 10775
"../../../Engine/Plugins/Interchange/Assets/Content/Functions/MX_ThinFilmBSDF.uasset" 10776
"/Interchange/Pipelines/DefaultGLTFSceneAssetsPipeline" 10777
"/Interchange/Pipelines/DefaultSceneLevelPipeline" 10778
"/Engine/EngineSounds/Master" 10779
"/Engine/EngineMaterials/EnergyConservation/Diffuse_Energy" 10780
"/Engine/EngineMaterials/EnergyConservation/Sheen_Energy" 10781
"/Engine/EngineMaterials/LTC/Sheen_LTC" 10782
"/Engine/EngineMaterials/FastBlueNoise_vec2_128x128x64" 10783
"../../../Engine/Plugins/Interchange/Assets/Content/Functions/MX_ConicalEDF.uasset" 10784
"../../../Engine/Plugins/Interchange/Assets/Content/Functions/MX_MeasuredEDF.uasset" 10785
"../../../Engine/Plugins/Interchange/Assets/Content/Functions/MX_AbsorptionVDF.uasset" 10786
"../../../Engine/Plugins/Interchange/Assets/Content/Functions/MX_AnisotropicVDF.uasset" 10787
"../../../Engine/Plugins/Animation/ControlRig/Content/Controls/ControlRigGizmoMaterial.uasset" 10788
"../../../Engine/Plugins/Interchange/Assets/Content/Functions/MX_SheenBSDF.uasset" 10789
"../../../Engine/Plugins/Interchange/Assets/Content/Functions/MX_UniformEDF.uasset" 10790
"/Engine/EngineMaterials/FastBlueNoise_scalar_128x128x8" 10791
"/Engine/EngineMaterials/FastBlueNoise_scalar_128x128x64" 10792
"/Engine/EngineDebugMaterials/DebugEditorMaterial" 10793
"/Engine/EngineResources/Development/ZenLogo_64" 10794
"/ControlRig/Controls/ControlRigGizmoMaterial" 10795
"/InterchangeAssets/Functions/MX_AnisotropicVDF" 10796
"/InterchangeAssets/Functions/MX_AbsorptionVDF" 10797
"/InterchangeAssets/Functions/MX_MeasuredEDF" 10798
"/InterchangeAssets/Functions/MX_ConicalEDF" 10799
"/InterchangeAssets/Functions/MX_UniformEDF" 10800
"/InterchangeAssets/Functions/MX_ThinFilmBSDF" 10801
"/InterchangeAssets/Functions/MX_SheenBSDF" 10802
"C:/Users/Chris/Desktop/Sem 2 Github/Games-Prototyping/Games Prototyping2/DerivedDataCache/VT/TEXTURE_7C16439390E24F1F9468894FB4D4BC55_VTCHUNK44B429B40BB45A070EB17C1259C28734996A2F49" 10803
"C:/Users/Chris/Desktop/Sem 2 Github/Games-Prototyping/Games Prototyping2/DerivedDataCache/VT/TEXTURE_7C16439390E24F1F9468894FB4D4BC55_VTCHUNK967C747FFC357A828288FA05D93CD5DCECDA891B" 10804
"C:/Users/Chris/Desktop/Sem 2 Github/Games-Prototyping/Games Prototyping2/DerivedDataCache/VT/TEXTURE_7C16439390E24F1F9468894FB4D4BC55_VTCHUNK2A5F9F60441DA258D18B46D59C64D5BAD50E8EE3" 10805
"C:/Users/Chris/Desktop/Sem 2 Github/Games-Prototyping/Games Prototyping2/DerivedDataCache/VT/TEXTURE_7C16439390E24F1F9468894FB4D4BC55_VTCHUNKC0393DE8C5B4673D99D1BECB92AA8C1F72FEB491" 10806
"C:/Users/Chris/Desktop/Sem 2 Github/Games-Prototyping/Games Prototyping2/DerivedDataCache/VT/TEXTURE_7C16439390E24F1F9468894FB4D4BC55_VTCHUNK02D4C3BCAD7DFA48AB32B8281FB06B8B83DB6275" 10807
"C:/Users/Chris/Desktop/Sem 2 Github/Games-Prototyping/Games Prototyping2/Saved/Cooked/Windows/ExpressFarminV1/Metadata/CookedSettings.txt" 10808
